"Source","Path","Relative","Surface","Operation","Extension","FileName","Exists","MatchReason","HasRawFetch","HasUiKitRef","HasAutoName"
"api-clients","C:\Users\b\Documents\GitHub\bthfinal\packages\api-clients\dist\dsh\dsh-captain-api.d.ts","packages\api-clients\dist\dsh\dsh-captain-api.d.ts","unknown","dsh-captain-api.d",".ts","dsh-captain-api.d.ts","True","path/name contains dsh","False","False","False"
"api-clients","C:\Users\b\Documents\GitHub\bthfinal\packages\api-clients\dist\dsh\dsh-captain-api.d.ts.map","packages\api-clients\dist\dsh\dsh-captain-api.d.ts.map","unknown","dsh-captain-api.d.ts",".map","dsh-captain-api.d.ts.map","True","path/name contains dsh","False","False","False"
"api-clients","C:\Users\b\Documents\GitHub\bthfinal\packages\api-clients\dist\dsh\dsh-captain-api.js","packages\api-clients\dist\dsh\dsh-captain-api.js","unknown","dsh-captain-api",".js","dsh-captain-api.js","True","path/name contains dsh","False","False","False"
"api-clients","C:\Users\b\Documents\GitHub\bthfinal\packages\api-clients\dist\dsh\dsh-captain-api.js.map","packages\api-clients\dist\dsh\dsh-captain-api.js.map","unknown","dsh-captain-api.js",".map","dsh-captain-api.js.map","True","path/name contains dsh","False","False","False"
"api-clients","C:\Users\b\Documents\GitHub\bthfinal\packages\api-clients\dist\dsh\dsh-cart-api.d.ts","packages\api-clients\dist\dsh\dsh-cart-api.d.ts","unknown","dsh-cart-api.d",".ts","dsh-cart-api.d.ts","True","path/name contains dsh","False","False","False"
"api-clients","C:\Users\b\Documents\GitHub\bthfinal\packages\api-clients\dist\dsh\dsh-cart-api.d.ts.map","packages\api-clients\dist\dsh\dsh-cart-api.d.ts.map","unknown","dsh-cart-api.d.ts",".map","dsh-cart-api.d.ts.map","True","path/name contains dsh","False","False","False"
"api-clients","C:\Users\b\Documents\GitHub\bthfinal\packages\api-clients\dist\dsh\dsh-cart-api.js","packages\api-clients\dist\dsh\dsh-cart-api.js","unknown","dsh-cart-api",".js","dsh-cart-api.js","True","path/name contains dsh","False","False","False"
"api-clients","C:\Users\b\Documents\GitHub\bthfinal\packages\api-clients\dist\dsh\dsh-cart-api.js.map","packages\api-clients\dist\dsh\dsh-cart-api.js.map","unknown","dsh-cart-api.js",".map","dsh-cart-api.js.map","True","path/name contains dsh","False","False","False"
"api-clients","C:\Users\b\Documents\GitHub\bthfinal\packages\api-clients\dist\dsh\dsh-field-partner-api.d.ts","packages\api-clients\dist\dsh\dsh-field-partner-api.d.ts","unknown","dsh-field-partner-api.d",".ts","dsh-field-partner-api.d.ts","True","path/name contains dsh","False","False","False"
"api-clients","C:\Users\b\Documents\GitHub\bthfinal\packages\api-clients\dist\dsh\dsh-field-partner-api.d.ts.map","packages\api-clients\dist\dsh\dsh-field-partner-api.d.ts.map","unknown","dsh-field-partner-api.d.ts",".map","dsh-field-partner-api.d.ts.map","True","path/name contains dsh","False","False","False"
"api-clients","C:\Users\b\Documents\GitHub\bthfinal\packages\api-clients\dist\dsh\dsh-field-partner-api.js","packages\api-clients\dist\dsh\dsh-field-partner-api.js","unknown","dsh-field-partner-api",".js","dsh-field-partner-api.js","True","path/name contains dsh","False","False","False"
"api-clients","C:\Users\b\Documents\GitHub\bthfinal\packages\api-clients\dist\dsh\dsh-field-partner-api.js.map","packages\api-clients\dist\dsh\dsh-field-partner-api.js.map","unknown","dsh-field-partner-api.js",".map","dsh-field-partner-api.js.map","True","path/name contains dsh","False","False","False"
"api-clients","C:\Users\b\Documents\GitHub\bthfinal\packages\api-clients\dist\dsh\dsh-gas-refill-api.d.ts","packages\api-clients\dist\dsh\dsh-gas-refill-api.d.ts","unknown","dsh-gas-refill-api.d",".ts","dsh-gas-refill-api.d.ts","True","path/name contains dsh","False","False","False"
"api-clients","C:\Users\b\Documents\GitHub\bthfinal\packages\api-clients\dist\dsh\dsh-gas-refill-api.d.ts.map","packages\api-clients\dist\dsh\dsh-gas-refill-api.d.ts.map","unknown","dsh-gas-refill-api.d.ts",".map","dsh-gas-refill-api.d.ts.map","True","path/name contains dsh","False","False","False"
"api-clients","C:\Users\b\Documents\GitHub\bthfinal\packages\api-clients\dist\dsh\dsh-gas-refill-api.js","packages\api-clients\dist\dsh\dsh-gas-refill-api.js","unknown","dsh-gas-refill-api",".js","dsh-gas-refill-api.js","True","path/name contains dsh","False","False","False"
"api-clients","C:\Users\b\Documents\GitHub\bthfinal\packages\api-clients\dist\dsh\dsh-gas-refill-api.js.map","packages\api-clients\dist\dsh\dsh-gas-refill-api.js.map","unknown","dsh-gas-refill-api.js",".map","dsh-gas-refill-api.js.map","True","path/name contains dsh","False","False","False"
"api-clients","C:\Users\b\Documents\GitHub\bthfinal\packages\api-clients\dist\dsh\dsh-operations-api.d.ts","packages\api-clients\dist\dsh\dsh-operations-api.d.ts","unknown","dsh-operations-api.d",".ts","dsh-operations-api.d.ts","True","path/name contains dsh","False","False","False"
"api-clients","C:\Users\b\Documents\GitHub\bthfinal\packages\api-clients\dist\dsh\dsh-operations-api.d.ts.map","packages\api-clients\dist\dsh\dsh-operations-api.d.ts.map","unknown","dsh-operations-api.d.ts",".map","dsh-operations-api.d.ts.map","True","path/name contains dsh","False","False","False"
"api-clients","C:\Users\b\Documents\GitHub\bthfinal\packages\api-clients\dist\dsh\dsh-operations-api.js","packages\api-clients\dist\dsh\dsh-operations-api.js","unknown","dsh-operations-api",".js","dsh-operations-api.js","True","path/name contains dsh","False","False","False"
"api-clients","C:\Users\b\Documents\GitHub\bthfinal\packages\api-clients\dist\dsh\dsh-operations-api.js.map","packages\api-clients\dist\dsh\dsh-operations-api.js.map","unknown","dsh-operations-api.js",".map","dsh-operations-api.js.map","True","path/name contains dsh","False","False","False"
"api-clients","C:\Users\b\Documents\GitHub\bthfinal\packages\api-clients\dist\dsh\dsh-orders-api.d.ts","packages\api-clients\dist\dsh\dsh-orders-api.d.ts","unknown","dsh-orders-api.d",".ts","dsh-orders-api.d.ts","True","path/name contains dsh","False","False","False"
"api-clients","C:\Users\b\Documents\GitHub\bthfinal\packages\api-clients\dist\dsh\dsh-orders-api.d.ts.map","packages\api-clients\dist\dsh\dsh-orders-api.d.ts.map","unknown","dsh-orders-api.d.ts",".map","dsh-orders-api.d.ts.map","True","path/name contains dsh","False","False","False"
"api-clients","C:\Users\b\Documents\GitHub\bthfinal\packages\api-clients\dist\dsh\dsh-orders-api.js","packages\api-clients\dist\dsh\dsh-orders-api.js","unknown","dsh-orders-api",".js","dsh-orders-api.js","True","path/name contains dsh","False","False","False"
"api-clients","C:\Users\b\Documents\GitHub\bthfinal\packages\api-clients\dist\dsh\dsh-orders-api.js.map","packages\api-clients\dist\dsh\dsh-orders-api.js.map","unknown","dsh-orders-api.js",".map","dsh-orders-api.js.map","True","path/name contains dsh","False","False","False"
"api-clients","C:\Users\b\Documents\GitHub\bthfinal\packages\api-clients\dist\generated\clients.d.ts","packages\api-clients\dist\generated\clients.d.ts","unknown","clients.d",".ts","clients.d.ts","True","content indicates dsh","False","False","False"
"api-clients","C:\Users\b\Documents\GitHub\bthfinal\packages\api-clients\dist\index.d.ts","packages\api-clients\dist\index.d.ts","unknown","index.d",".ts","index.d.ts","True","content indicates dsh","True","False","False"
"api-clients","C:\Users\b\Documents\GitHub\bthfinal\packages\api-clients\dist\index.js","packages\api-clients\dist\index.js","unknown","index",".js","index.js","True","content indicates dsh","True","False","False"
"api-clients","C:\Users\b\Documents\GitHub\bthfinal\packages\api-clients\dist\index.web.d.ts","packages\api-clients\dist\index.web.d.ts","unknown","index.web.d",".ts","index.web.d.ts","True","content indicates dsh","True","False","False"
"api-clients","C:\Users\b\Documents\GitHub\bthfinal\packages\api-clients\dist\index.web.js","packages\api-clients\dist\index.web.js","unknown","index.web",".js","index.web.js","True","content indicates dsh","True","False","False"
"api-clients","C:\Users\b\Documents\GitHub\bthfinal\packages\api-clients\dist\lib\api-client-factory.js","packages\api-clients\dist\lib\api-client-factory.js","unknown","api-client-factory",".js","api-client-factory.js","True","content indicates dsh","False","False","False"
"api-clients","C:\Users\b\Documents\GitHub\bthfinal\packages\api-clients\dist\lib\dsh\dsh-api.d.ts","packages\api-clients\dist\lib\dsh\dsh-api.d.ts","unknown","dsh-api.d",".ts","dsh-api.d.ts","True","path/name contains dsh","False","False","False"
"api-clients","C:\Users\b\Documents\GitHub\bthfinal\packages\api-clients\dist\lib\dsh\dsh-api.d.ts.map","packages\api-clients\dist\lib\dsh\dsh-api.d.ts.map","unknown","dsh-api.d.ts",".map","dsh-api.d.ts.map","True","path/name contains dsh","False","False","False"
"api-clients","C:\Users\b\Documents\GitHub\bthfinal\packages\api-clients\dist\lib\dsh\dsh-api.js","packages\api-clients\dist\lib\dsh\dsh-api.js","unknown","dsh-api",".js","dsh-api.js","True","path/name contains dsh","False","False","False"
"api-clients","C:\Users\b\Documents\GitHub\bthfinal\packages\api-clients\dist\lib\dsh\dsh-api.js.map","packages\api-clients\dist\lib\dsh\dsh-api.js.map","unknown","dsh-api.js",".map","dsh-api.js.map","True","path/name contains dsh","False","False","False"
"api-clients","C:\Users\b\Documents\GitHub\bthfinal\packages\api-clients\dist\lib\dsh\dsh-stores-api.d.ts","packages\api-clients\dist\lib\dsh\dsh-stores-api.d.ts","unknown","dsh-stores-api.d",".ts","dsh-stores-api.d.ts","True","path/name contains dsh","False","False","False"
"api-clients","C:\Users\b\Documents\GitHub\bthfinal\packages\api-clients\dist\lib\dsh\dsh-stores-api.d.ts.map","packages\api-clients\dist\lib\dsh\dsh-stores-api.d.ts.map","unknown","dsh-stores-api.d.ts",".map","dsh-stores-api.d.ts.map","True","path/name contains dsh","False","False","False"
"api-clients","C:\Users\b\Documents\GitHub\bthfinal\packages\api-clients\dist\lib\dsh\dsh-stores-api.js","packages\api-clients\dist\lib\dsh\dsh-stores-api.js","unknown","dsh-stores-api",".js","dsh-stores-api.js","True","path/name contains dsh","False","False","False"
"api-clients","C:\Users\b\Documents\GitHub\bthfinal\packages\api-clients\dist\lib\dsh\dsh-stores-api.js.map","packages\api-clients\dist\lib\dsh\dsh-stores-api.js.map","unknown","dsh-stores-api.js",".map","dsh-stores-api.js.map","True","path/name contains dsh","False","False","False"
"api-clients","C:\Users\b\Documents\GitHub\bthfinal\packages\api-clients\dist\typed-client.d.ts","packages\api-clients\dist\typed-client.d.ts","unknown","typed-client.d",".ts","typed-client.d.ts","True","content indicates dsh","False","False","False"
"api-clients","C:\Users\b\Documents\GitHub\bthfinal\packages\api-clients\dist\typed-client.js","packages\api-clients\dist\typed-client.js","unknown","typed-client",".js","typed-client.js","True","content indicates dsh","False","False","False"
"api-clients","C:\Users\b\Documents\GitHub\bthfinal\packages\api-clients\package.json","packages\api-clients\package.json","unknown","package",".json","package.json","True","content indicates dsh","False","False","False"
"api-clients","C:\Users\b\Documents\GitHub\bthfinal\packages\api-clients\src\dsh\dsh-captain-api.ts","packages\api-clients\src\dsh\dsh-captain-api.ts","unknown","dsh-captain-api",".ts","dsh-captain-api.ts","True","path/name contains dsh","False","False","False"
"api-clients","C:\Users\b\Documents\GitHub\bthfinal\packages\api-clients\src\dsh\dsh-cart-api.ts","packages\api-clients\src\dsh\dsh-cart-api.ts","unknown","dsh-cart-api",".ts","dsh-cart-api.ts","True","path/name contains dsh","False","False","False"
"api-clients","C:\Users\b\Documents\GitHub\bthfinal\packages\api-clients\src\dsh\dsh-field-partner-api.ts","packages\api-clients\src\dsh\dsh-field-partner-api.ts","unknown","dsh-field-partner-api",".ts","dsh-field-partner-api.ts","True","path/name contains dsh","False","False","False"
"api-clients","C:\Users\b\Documents\GitHub\bthfinal\packages\api-clients\src\dsh\dsh-gas-refill-api.ts","packages\api-clients\src\dsh\dsh-gas-refill-api.ts","unknown","dsh-gas-refill-api",".ts","dsh-gas-refill-api.ts","True","path/name contains dsh","False","False","False"
"api-clients","C:\Users\b\Documents\GitHub\bthfinal\packages\api-clients\src\dsh\dsh-operations-api.ts","packages\api-clients\src\dsh\dsh-operations-api.ts","unknown","dsh-operations-api",".ts","dsh-operations-api.ts","True","path/name contains dsh","False","False","False"
"api-clients","C:\Users\b\Documents\GitHub\bthfinal\packages\api-clients\src\dsh\dsh-orders-api.ts","packages\api-clients\src\dsh\dsh-orders-api.ts","unknown","dsh-orders-api",".ts","dsh-orders-api.ts","True","path/name contains dsh","False","False","False"
"api-clients","C:\Users\b\Documents\GitHub\bthfinal\packages\api-clients\src\generated\clients.ts","packages\api-clients\src\generated\clients.ts","unknown","clients",".ts","clients.ts","True","content indicates dsh","False","False","False"
"api-clients","C:\Users\b\Documents\GitHub\bthfinal\packages\api-clients\src\index.ts","packages\api-clients\src\index.ts","unknown","index",".ts","index.ts","True","content indicates dsh","True","False","False"
"api-clients","C:\Users\b\Documents\GitHub\bthfinal\packages\api-clients\src\index.web.ts","packages\api-clients\src\index.web.ts","unknown","index.web",".ts","index.web.ts","True","content indicates dsh","True","False","False"
"api-clients","C:\Users\b\Documents\GitHub\bthfinal\packages\api-clients\src\lib\api-client-factory.ts","packages\api-clients\src\lib\api-client-factory.ts","unknown","api-client-factory",".ts","api-client-factory.ts","True","content indicates dsh","False","False","False"
"api-clients","C:\Users\b\Documents\GitHub\bthfinal\packages\api-clients\src\lib\dsh\dsh-api.ts","packages\api-clients\src\lib\dsh\dsh-api.ts","unknown","dsh-api",".ts","dsh-api.ts","True","path/name contains dsh","False","False","False"
"api-clients","C:\Users\b\Documents\GitHub\bthfinal\packages\api-clients\src\lib\dsh\dsh-stores-api.ts","packages\api-clients\src\lib\dsh\dsh-stores-api.ts","unknown","dsh-stores-api",".ts","dsh-stores-api.ts","True","path/name contains dsh","False","False","False"
"api-clients","C:\Users\b\Documents\GitHub\bthfinal\packages\api-clients\src\lib\thunks\dsh-thunks.ts","packages\api-clients\src\lib\thunks\dsh-thunks.ts","unknown","dsh-thunks",".ts","dsh-thunks.ts","True","path/name contains dsh","False","False","False"
"api-clients","C:\Users\b\Documents\GitHub\bthfinal\packages\api-clients\src\typed-client.ts","packages\api-clients\src\typed-client.ts","unknown","typed-client",".ts","typed-client.ts","True","content indicates dsh","False","False","False"
"api-clients","C:\Users\b\Documents\GitHub\bthfinal\packages\api-clients\tsconfig.json","packages\api-clients\tsconfig.json","unknown","tsconfig",".json","tsconfig.json","True","content indicates dsh","False","False","False"
"master","C:\Users\b\Documents\GitHub\bthfinal\contracts\master\Master_OpenAPI.yaml","contracts\master\Master_OpenAPI.yaml","unknown","Master_OpenAPI",".yaml","Master_OpenAPI.yaml","True","canonical donor master","False","False","False"
"services","C:\Users\b\Documents\GitHub\bthfinal\services\dsh\governance\.dsh_92_ops.csv","services\dsh\governance\.dsh_92_ops.csv","unknown",".dsh_92_ops",".csv",".dsh_92_ops.csv","True","under services/dsh","False","False","False"
"services","C:\Users\b\Documents\GitHub\bthfinal\services\dsh\governance\DSH_APP_CLIENT_BACKLOG.csv","services\dsh\governance\DSH_APP_CLIENT_BACKLOG.csv","unknown","DSH_APP_CLIENT_BACKLOG",".csv","DSH_APP_CLIENT_BACKLOG.csv","True","under services/dsh","False","False","False"
"services","C:\Users\b\Documents\GitHub\bthfinal\services\dsh\governance\DSH_COVERAGE_MATRIX.csv","services\dsh\governance\DSH_COVERAGE_MATRIX.csv","unknown","DSH_COVERAGE_MATRIX",".csv","DSH_COVERAGE_MATRIX.csv","True","under services/dsh","False","False","False"
"services","C:\Users\b\Documents\GitHub\bthfinal\services\dsh\governance\DSH_MCPW_SECTION_MAP.csv","services\dsh\governance\DSH_MCPW_SECTION_MAP.csv","unknown","DSH_MCPW_SECTION_MAP",".csv","DSH_MCPW_SECTION_MAP.csv","True","under services/dsh","False","False","False"
"services","C:\Users\b\Documents\GitHub\bthfinal\services\dsh\governance\DSH_OPERATION_CATALOG.csv","services\dsh\governance\DSH_OPERATION_CATALOG.csv","unknown","DSH_OPERATION_CATALOG",".csv","DSH_OPERATION_CATALOG.csv","True","under services/dsh","False","False","False"
"services","C:\Users\b\Documents\GitHub\bthfinal\services\dsh\governance\DSH_RBAC_MATRIX.csv","services\dsh\governance\DSH_RBAC_MATRIX.csv","unknown","DSH_RBAC_MATRIX",".csv","DSH_RBAC_MATRIX.csv","True","under services/dsh","False","False","False"
"services","C:\Users\b\Documents\GitHub\bthfinal\services\dsh\governance\DSH_RUNTIME_VARS.csv","services\dsh\governance\DSH_RUNTIME_VARS.csv","unknown","DSH_RUNTIME_VARS",".csv","DSH_RUNTIME_VARS.csv","True","under services/dsh","False","False","False"
"services","C:\Users\b\Documents\GitHub\bthfinal\services\dsh\governance\DSH_SERVICE_SCOPE.md","services\dsh\governance\DSH_SERVICE_SCOPE.md","unknown","DSH_SERVICE_SCOPE",".md","DSH_SERVICE_SCOPE.md","True","under services/dsh","False","False","False"
"services","C:\Users\b\Documents\GitHub\bthfinal\services\dsh\governance\DSH_SERVICE_SEAL_STATUS.yaml","services\dsh\governance\DSH_SERVICE_SEAL_STATUS.yaml","unknown","DSH_SERVICE_SEAL_STATUS",".yaml","DSH_SERVICE_SEAL_STATUS.yaml","True","under services/dsh","False","False","False"
"services","C:\Users\b\Documents\GitHub\bthfinal\services\dsh\governance\DSH_SURFACES_PARITY_BACKLOG.md","services\dsh\governance\DSH_SURFACES_PARITY_BACKLOG.md","unknown","DSH_SURFACES_PARITY_BACKLOG",".md","DSH_SURFACES_PARITY_BACKLOG.md","True","under services/dsh","False","False","False"
"services","C:\Users\b\Documents\GitHub\bthfinal\services\dsh\governance\DSH_TRACEABILITY_MATRIX.csv","services\dsh\governance\DSH_TRACEABILITY_MATRIX.csv","unknown","DSH_TRACEABILITY_MATRIX",".csv","DSH_TRACEABILITY_MATRIX.csv","True","under services/dsh","False","False","False"
"services","C:\Users\b\Documents\GitHub\bthfinal\services\dsh\governance\DSH_TRACEABILITY.csv","services\dsh\governance\DSH_TRACEABILITY.csv","unknown","DSH_TRACEABILITY",".csv","DSH_TRACEABILITY.csv","True","under services/dsh","False","False","False"
"services","C:\Users\b\Documents\GitHub\bthfinal\services\dsh\governance\DSH_UNIFIED_OPERATIONS_REFERENCE.csv","services\dsh\governance\DSH_UNIFIED_OPERATIONS_REFERENCE.csv","unknown","DSH_UNIFIED_OPERATIONS_REFERENCE",".csv","DSH_UNIFIED_OPERATIONS_REFERENCE.csv","True","under services/dsh","False","False","False"
"services","C:\Users\b\Documents\GitHub\bthfinal\services\dsh\governance\DSH_UX_FLOW.md","services\dsh\governance\DSH_UX_FLOW.md","unknown","DSH_UX_FLOW",".md","DSH_UX_FLOW.md","True","under services/dsh","False","False","False"
"services","C:\Users\b\Documents\GitHub\bthfinal\services\dsh\governance\operations\arrival_bell\OP_ACCEPTANCE.md","services\dsh\governance\operations\arrival_bell\OP_ACCEPTANCE.md","unknown","arrival_bell",".md","OP_ACCEPTANCE.md","True","under services/dsh","False","False","False"
"services","C:\Users\b\Documents\GitHub\bthfinal\services\dsh\governance\operations\arrival_bell\OP_ACTIONS_CATALOG.csv","services\dsh\governance\operations\arrival_bell\OP_ACTIONS_CATALOG.csv","unknown","arrival_bell",".csv","OP_ACTIONS_CATALOG.csv","True","under services/dsh","False","False","False"
"services","C:\Users\b\Documents\GitHub\bthfinal\services\dsh\governance\operations\arrival_bell\OP_API_MAP.csv","services\dsh\governance\operations\arrival_bell\OP_API_MAP.csv","unknown","arrival_bell",".csv","OP_API_MAP.csv","True","under services/dsh","False","False","False"
"services","C:\Users\b\Documents\GitHub\bthfinal\services\dsh\governance\operations\arrival_bell\OP_EVIDENCE_INDEX.json","services\dsh\governance\operations\arrival_bell\OP_EVIDENCE_INDEX.json","unknown","arrival_bell",".json","OP_EVIDENCE_INDEX.json","True","under services/dsh","False","False","False"
"services","C:\Users\b\Documents\GitHub\bthfinal\services\dsh\governance\operations\arrival_bell\OP_GAPS.md","services\dsh\governance\operations\arrival_bell\OP_GAPS.md","unknown","arrival_bell",".md","OP_GAPS.md","True","under services/dsh","False","False","False"
"services","C:\Users\b\Documents\GitHub\bthfinal\services\dsh\governance\operations\arrival_bell\OP_MCPW_MAP.csv","services\dsh\governance\operations\arrival_bell\OP_MCPW_MAP.csv","unknown","arrival_bell",".csv","OP_MCPW_MAP.csv","True","under services/dsh","False","False","False"
"services","C:\Users\b\Documents\GitHub\bthfinal\services\dsh\governance\operations\arrival_bell\OP_RBAC_ABAC.csv","services\dsh\governance\operations\arrival_bell\OP_RBAC_ABAC.csv","unknown","arrival_bell",".csv","OP_RBAC_ABAC.csv","True","under services/dsh","False","False","False"
"services","C:\Users\b\Documents\GitHub\bthfinal\services\dsh\governance\operations\arrival_bell\OP_RUNTIME_VARS.csv","services\dsh\governance\operations\arrival_bell\OP_RUNTIME_VARS.csv","unknown","arrival_bell",".csv","OP_RUNTIME_VARS.csv","True","under services/dsh","False","False","False"
"services","C:\Users\b\Documents\GitHub\bthfinal\services\dsh\governance\operations\arrival_bell\OP_SCREENS_MAP.csv","services\dsh\governance\operations\arrival_bell\OP_SCREENS_MAP.csv","unknown","arrival_bell",".csv","OP_SCREENS_MAP.csv","True","under services/dsh","False","False","False"
"services","C:\Users\b\Documents\GitHub\bthfinal\services\dsh\governance\operations\arrival_bell\OP_SPEC.yaml","services\dsh\governance\operations\arrival_bell\OP_SPEC.yaml","unknown","arrival_bell",".yaml","OP_SPEC.yaml","True","under services/dsh","False","False","False"
"services","C:\Users\b\Documents\GitHub\bthfinal\services\dsh\governance\operations\dsh_auction_status_update\OP_ACCEPTANCE.md","services\dsh\governance\operations\dsh_auction_status_update\OP_ACCEPTANCE.md","unknown","dsh_auction_status_update",".md","OP_ACCEPTANCE.md","True","under services/dsh","False","False","False"
"services","C:\Users\b\Documents\GitHub\bthfinal\services\dsh\governance\operations\dsh_auction_status_update\OP_ACTIONS_CATALOG.csv","services\dsh\governance\operations\dsh_auction_status_update\OP_ACTIONS_CATALOG.csv","unknown","dsh_auction_status_update",".csv","OP_ACTIONS_CATALOG.csv","True","under services/dsh","False","False","False"
"services","C:\Users\b\Documents\GitHub\bthfinal\services\dsh\governance\operations\dsh_auction_status_update\OP_API_MAP.csv","services\dsh\governance\operations\dsh_auction_status_update\OP_API_MAP.csv","unknown","dsh_auction_status_update",".csv","OP_API_MAP.csv","True","under services/dsh","False","False","False"
"services","C:\Users\b\Documents\GitHub\bthfinal\services\dsh\governance\operations\dsh_auction_status_update\OP_EVIDENCE_INDEX.json","services\dsh\governance\operations\dsh_auction_status_update\OP_EVIDENCE_INDEX.json","unknown","dsh_auction_status_update",".json","OP_EVIDENCE_INDEX.json","True","under services/dsh","False","False","False"
"services","C:\Users\b\Documents\GitHub\bthfinal\services\dsh\governance\operations\dsh_auction_status_update\OP_GAPS.md","services\dsh\governance\operations\dsh_auction_status_update\OP_GAPS.md","unknown","dsh_auction_status_update",".md","OP_GAPS.md","True","under services/dsh","False","False","False"
"services","C:\Users\b\Documents\GitHub\bthfinal\services\dsh\governance\operations\dsh_auction_status_update\OP_MCPW_MAP.csv","services\dsh\governance\operations\dsh_auction_status_update\OP_MCPW_MAP.csv","unknown","dsh_auction_status_update",".csv","OP_MCPW_MAP.csv","True","under services/dsh","False","False","False"
"services","C:\Users\b\Documents\GitHub\bthfinal\services\dsh\governance\operations\dsh_auction_status_update\OP_RBAC_ABAC.csv","services\dsh\governance\operations\dsh_auction_status_update\OP_RBAC_ABAC.csv","unknown","dsh_auction_status_update",".csv","OP_RBAC_ABAC.csv","True","under services/dsh","False","False","False"
"services","C:\Users\b\Documents\GitHub\bthfinal\services\dsh\governance\operations\dsh_auction_status_update\OP_RUNTIME_VARS.csv","services\dsh\governance\operations\dsh_auction_status_update\OP_RUNTIME_VARS.csv","unknown","dsh_auction_status_update",".csv","OP_RUNTIME_VARS.csv","True","under services/dsh","False","False","False"
"services","C:\Users\b\Documents\GitHub\bthfinal\services\dsh\governance\operations\dsh_auction_status_update\OP_SCREENS_MAP.csv","services\dsh\governance\operations\dsh_auction_status_update\OP_SCREENS_MAP.csv","unknown","dsh_auction_status_update",".csv","OP_SCREENS_MAP.csv","True","under services/dsh","False","False","False"
"services","C:\Users\b\Documents\GitHub\bthfinal\services\dsh\governance\operations\dsh_auction_status_update\OP_SPEC.yaml","services\dsh\governance\operations\dsh_auction_status_update\OP_SPEC.yaml","unknown","dsh_auction_status_update",".yaml","OP_SPEC.yaml","True","under services/dsh","False","False","False"
"services","C:\Users\b\Documents\GitHub\bthfinal\services\dsh\governance\operations\dsh_booking_create\OP_ACCEPTANCE.md","services\dsh\governance\operations\dsh_booking_create\OP_ACCEPTANCE.md","unknown","dsh_booking_create",".md","OP_ACCEPTANCE.md","True","under services/dsh","False","False","False"
"services","C:\Users\b\Documents\GitHub\bthfinal\services\dsh\governance\operations\dsh_booking_create\OP_ACTIONS_CATALOG.csv","services\dsh\governance\operations\dsh_booking_create\OP_ACTIONS_CATALOG.csv","unknown","dsh_booking_create",".csv","OP_ACTIONS_CATALOG.csv","True","under services/dsh","False","False","False"
"services","C:\Users\b\Documents\GitHub\bthfinal\services\dsh\governance\operations\dsh_booking_create\OP_API_MAP.csv","services\dsh\governance\operations\dsh_booking_create\OP_API_MAP.csv","unknown","dsh_booking_create",".csv","OP_API_MAP.csv","True","under services/dsh","False","False","False"
"services","C:\Users\b\Documents\GitHub\bthfinal\services\dsh\governance\operations\dsh_booking_create\OP_EVIDENCE_INDEX.json","services\dsh\governance\operations\dsh_booking_create\OP_EVIDENCE_INDEX.json","unknown","dsh_booking_create",".json","OP_EVIDENCE_INDEX.json","True","under services/dsh","False","False","False"
"services","C:\Users\b\Documents\GitHub\bthfinal\services\dsh\governance\operations\dsh_booking_create\OP_GAPS.md","services\dsh\governance\operations\dsh_booking_create\OP_GAPS.md","unknown","dsh_booking_create",".md","OP_GAPS.md","True","under services/dsh","False","False","False"
"services","C:\Users\b\Documents\GitHub\bthfinal\services\dsh\governance\operations\dsh_booking_create\OP_MCPW_MAP.csv","services\dsh\governance\operations\dsh_booking_create\OP_MCPW_MAP.csv","unknown","dsh_booking_create",".csv","OP_MCPW_MAP.csv","True","under services/dsh","False","False","False"
"services","C:\Users\b\Documents\GitHub\bthfinal\services\dsh\governance\operations\dsh_booking_create\OP_RBAC_ABAC.csv","services\dsh\governance\operations\dsh_booking_create\OP_RBAC_ABAC.csv","unknown","dsh_booking_create",".csv","OP_RBAC_ABAC.csv","True","under services/dsh","False","False","False"
"services","C:\Users\b\Documents\GitHub\bthfinal\services\dsh\governance\operations\dsh_booking_create\OP_RUNTIME_VARS.csv","services\dsh\governance\operations\dsh_booking_create\OP_RUNTIME_VARS.csv","unknown","dsh_booking_create",".csv","OP_RUNTIME_VARS.csv","True","under services/dsh","False","False","False"
"services","C:\Users\b\Documents\GitHub\bthfinal\services\dsh\governance\operations\dsh_booking_create\OP_SCREENS_MAP.csv","services\dsh\governance\operations\dsh_booking_create\OP_SCREENS_MAP.csv","unknown","dsh_booking_create",".csv","OP_SCREENS_MAP.csv","True","under services/dsh","False","False","False"
"services","C:\Users\b\Documents\GitHub\bthfinal\services\dsh\governance\operations\dsh_booking_create\OP_SPEC.yaml","services\dsh\governance\operations\dsh_booking_create\OP_SPEC.yaml","unknown","dsh_booking_create",".yaml","OP_SPEC.yaml","True","under services/dsh","False","False","False"
"services","C:\Users\b\Documents\GitHub\bthfinal\services\dsh\governance\operations\dsh_captain_chat_read_ack\OP_ACCEPTANCE.md","services\dsh\governance\operations\dsh_captain_chat_read_ack\OP_ACCEPTANCE.md","unknown","dsh_captain_chat_read_ack",".md","OP_ACCEPTANCE.md","True","under services/dsh","False","False","False"
"services","C:\Users\b\Documents\GitHub\bthfinal\services\dsh\governance\operations\dsh_captain_chat_read_ack\OP_ACTIONS_CATALOG.csv","services\dsh\governance\operations\dsh_captain_chat_read_ack\OP_ACTIONS_CATALOG.csv","unknown","dsh_captain_chat_read_ack",".csv","OP_ACTIONS_CATALOG.csv","True","under services/dsh","False","False","False"
"services","C:\Users\b\Documents\GitHub\bthfinal\services\dsh\governance\operations\dsh_captain_chat_read_ack\OP_API_MAP.csv","services\dsh\governance\operations\dsh_captain_chat_read_ack\OP_API_MAP.csv","unknown","dsh_captain_chat_read_ack",".csv","OP_API_MAP.csv","True","under services/dsh","False","False","False"
"services","C:\Users\b\Documents\GitHub\bthfinal\services\dsh\governance\operations\dsh_captain_chat_read_ack\OP_EVIDENCE_INDEX.json","services\dsh\governance\operations\dsh_captain_chat_read_ack\OP_EVIDENCE_INDEX.json","unknown","dsh_captain_chat_read_ack",".json","OP_EVIDENCE_INDEX.json","True","under services/dsh","False","False","False"
"services","C:\Users\b\Documents\GitHub\bthfinal\services\dsh\governance\operations\dsh_captain_chat_read_ack\OP_GAPS.md","services\dsh\governance\operations\dsh_captain_chat_read_ack\OP_GAPS.md","unknown","dsh_captain_chat_read_ack",".md","OP_GAPS.md","True","under services/dsh","False","False","False"
"services","C:\Users\b\Documents\GitHub\bthfinal\services\dsh\governance\operations\dsh_captain_chat_read_ack\OP_MCPW_MAP.csv","services\dsh\governance\operations\dsh_captain_chat_read_ack\OP_MCPW_MAP.csv","unknown","dsh_captain_chat_read_ack",".csv","OP_MCPW_MAP.csv","True","under services/dsh","False","False","False"
"services","C:\Users\b\Documents\GitHub\bthfinal\services\dsh\governance\operations\dsh_captain_chat_read_ack\OP_RBAC_ABAC.csv","services\dsh\governance\operations\dsh_captain_chat_read_ack\OP_RBAC_ABAC.csv","unknown","dsh_captain_chat_read_ack",".csv","OP_RBAC_ABAC.csv","True","under services/dsh","False","False","False"
"services","C:\Users\b\Documents\GitHub\bthfinal\services\dsh\governance\operations\dsh_captain_chat_read_ack\OP_RUNTIME_VARS.csv","services\dsh\governance\operations\dsh_captain_chat_read_ack\OP_RUNTIME_VARS.csv","unknown","dsh_captain_chat_read_ack",".csv","OP_RUNTIME_VARS.csv","True","under services/dsh","False","False","False"
"services","C:\Users\b\Documents\GitHub\bthfinal\services\dsh\governance\operations\dsh_captain_chat_read_ack\OP_SCREENS_MAP.csv","services\dsh\governance\operations\dsh_captain_chat_read_ack\OP_SCREENS_MAP.csv","unknown","dsh_captain_chat_read_ack",".csv","OP_SCREENS_MAP.csv","True","under services/dsh","False","False","False"
"services","C:\Users\b\Documents\GitHub\bthfinal\services\dsh\governance\operations\dsh_captain_chat_read_ack\OP_SPEC.yaml","services\dsh\governance\operations\dsh_captain_chat_read_ack\OP_SPEC.yaml","unknown","dsh_captain_chat_read_ack",".yaml","OP_SPEC.yaml","True","under services/dsh","False","False","False"
"services","C:\Users\b\Documents\GitHub\bthfinal\services\dsh\governance\operations\dsh_captain_chat_send\OP_ACCEPTANCE.md","services\dsh\governance\operations\dsh_captain_chat_send\OP_ACCEPTANCE.md","unknown","dsh_captain_chat_send",".md","OP_ACCEPTANCE.md","True","under services/dsh","False","False","False"
"services","C:\Users\b\Documents\GitHub\bthfinal\services\dsh\governance\operations\dsh_captain_chat_send\OP_ACTIONS_CATALOG.csv","services\dsh\governance\operations\dsh_captain_chat_send\OP_ACTIONS_CATALOG.csv","unknown","dsh_captain_chat_send",".csv","OP_ACTIONS_CATALOG.csv","True","under services/dsh","False","False","False"
"services","C:\Users\b\Documents\GitHub\bthfinal\services\dsh\governance\operations\dsh_captain_chat_send\OP_API_MAP.csv","services\dsh\governance\operations\dsh_captain_chat_send\OP_API_MAP.csv","unknown","dsh_captain_chat_send",".csv","OP_API_MAP.csv","True","under services/dsh","False","False","False"
"services","C:\Users\b\Documents\GitHub\bthfinal\services\dsh\governance\operations\dsh_captain_chat_send\OP_EVIDENCE_INDEX.json","services\dsh\governance\operations\dsh_captain_chat_send\OP_EVIDENCE_INDEX.json","unknown","dsh_captain_chat_send",".json","OP_EVIDENCE_INDEX.json","True","under services/dsh","False","False","False"
"services","C:\Users\b\Documents\GitHub\bthfinal\services\dsh\governance\operations\dsh_captain_chat_send\OP_GAPS.md","services\dsh\governance\operations\dsh_captain_chat_send\OP_GAPS.md","unknown","dsh_captain_chat_send",".md","OP_GAPS.md","True","under services/dsh","False","False","False"
"services","C:\Users\b\Documents\GitHub\bthfinal\services\dsh\governance\operations\dsh_captain_chat_send\OP_MCPW_MAP.csv","services\dsh\governance\operations\dsh_captain_chat_send\OP_MCPW_MAP.csv","unknown","dsh_captain_chat_send",".csv","OP_MCPW_MAP.csv","True","under services/dsh","False","False","False"
"services","C:\Users\b\Documents\GitHub\bthfinal\services\dsh\governance\operations\dsh_captain_chat_send\OP_RBAC_ABAC.csv","services\dsh\governance\operations\dsh_captain_chat_send\OP_RBAC_ABAC.csv","unknown","dsh_captain_chat_send",".csv","OP_RBAC_ABAC.csv","True","under services/dsh","False","False","False"
"services","C:\Users\b\Documents\GitHub\bthfinal\services\dsh\governance\operations\dsh_captain_chat_send\OP_RUNTIME_VARS.csv","services\dsh\governance\operations\dsh_captain_chat_send\OP_RUNTIME_VARS.csv","unknown","dsh_captain_chat_send",".csv","OP_RUNTIME_VARS.csv","True","under services/dsh","False","False","False"
"services","C:\Users\b\Documents\GitHub\bthfinal\services\dsh\governance\operations\dsh_captain_chat_send\OP_SCREENS_MAP.csv","services\dsh\governance\operations\dsh_captain_chat_send\OP_SCREENS_MAP.csv","unknown","dsh_captain_chat_send",".csv","OP_SCREENS_MAP.csv","True","under services/dsh","False","False","False"
"services","C:\Users\b\Documents\GitHub\bthfinal\services\dsh\governance\operations\dsh_captain_chat_send\OP_SPEC.yaml","services\dsh\governance\operations\dsh_captain_chat_send\OP_SPEC.yaml","unknown","dsh_captain_chat_send",".yaml","OP_SPEC.yaml","True","under services/dsh","False","False","False"
"services","C:\Users\b\Documents\GitHub\bthfinal\services\dsh\governance\operations\dsh_captain_cod_balance\OP_ACCEPTANCE.md","services\dsh\governance\operations\dsh_captain_cod_balance\OP_ACCEPTANCE.md","unknown","dsh_captain_cod_balance",".md","OP_ACCEPTANCE.md","True","under services/dsh","False","False","False"
"services","C:\Users\b\Documents\GitHub\bthfinal\services\dsh\governance\operations\dsh_captain_cod_balance\OP_ACTIONS_CATALOG.csv","services\dsh\governance\operations\dsh_captain_cod_balance\OP_ACTIONS_CATALOG.csv","unknown","dsh_captain_cod_balance",".csv","OP_ACTIONS_CATALOG.csv","True","under services/dsh","False","False","False"
"services","C:\Users\b\Documents\GitHub\bthfinal\services\dsh\governance\operations\dsh_captain_cod_balance\OP_API_MAP.csv","services\dsh\governance\operations\dsh_captain_cod_balance\OP_API_MAP.csv","unknown","dsh_captain_cod_balance",".csv","OP_API_MAP.csv","True","under services/dsh","False","False","False"
"services","C:\Users\b\Documents\GitHub\bthfinal\services\dsh\governance\operations\dsh_captain_cod_balance\OP_EVIDENCE_INDEX.json","services\dsh\governance\operations\dsh_captain_cod_balance\OP_EVIDENCE_INDEX.json","unknown","dsh_captain_cod_balance",".json","OP_EVIDENCE_INDEX.json","True","under services/dsh","False","False","False"
"services","C:\Users\b\Documents\GitHub\bthfinal\services\dsh\governance\operations\dsh_captain_cod_balance\OP_GAPS.md","services\dsh\governance\operations\dsh_captain_cod_balance\OP_GAPS.md","unknown","dsh_captain_cod_balance",".md","OP_GAPS.md","True","under services/dsh","False","False","False"
"services","C:\Users\b\Documents\GitHub\bthfinal\services\dsh\governance\operations\dsh_captain_cod_balance\OP_MCPW_MAP.csv","services\dsh\governance\operations\dsh_captain_cod_balance\OP_MCPW_MAP.csv","unknown","dsh_captain_cod_balance",".csv","OP_MCPW_MAP.csv","True","under services/dsh","False","False","False"
"services","C:\Users\b\Documents\GitHub\bthfinal\services\dsh\governance\operations\dsh_captain_cod_balance\OP_RBAC_ABAC.csv","services\dsh\governance\operations\dsh_captain_cod_balance\OP_RBAC_ABAC.csv","unknown","dsh_captain_cod_balance",".csv","OP_RBAC_ABAC.csv","True","under services/dsh","False","False","False"
"services","C:\Users\b\Documents\GitHub\bthfinal\services\dsh\governance\operations\dsh_captain_cod_balance\OP_RUNTIME_VARS.csv","services\dsh\governance\operations\dsh_captain_cod_balance\OP_RUNTIME_VARS.csv","unknown","dsh_captain_cod_balance",".csv","OP_RUNTIME_VARS.csv","True","under services/dsh","False","False","False"
"services","C:\Users\b\Documents\GitHub\bthfinal\services\dsh\governance\operations\dsh_captain_cod_balance\OP_SCREENS_MAP.csv","services\dsh\governance\operations\dsh_captain_cod_balance\OP_SCREENS_MAP.csv","unknown","dsh_captain_cod_balance",".csv","OP_SCREENS_MAP.csv","True","under services/dsh","False","False","False"
"services","C:\Users\b\Documents\GitHub\bthfinal\services\dsh\governance\operations\dsh_captain_cod_balance\OP_SPEC.yaml","services\dsh\governance\operations\dsh_captain_cod_balance\OP_SPEC.yaml","unknown","dsh_captain_cod_balance",".yaml","OP_SPEC.yaml","True","under services/dsh","False","False","False"
"services","C:\Users\b\Documents\GitHub\bthfinal\services\dsh\governance\operations\dsh_captain_job_reject\OP_ACCEPTANCE.md","services\dsh\governance\operations\dsh_captain_job_reject\OP_ACCEPTANCE.md","unknown","dsh_captain_job_reject",".md","OP_ACCEPTANCE.md","True","under services/dsh","False","False","False"
"services","C:\Users\b\Documents\GitHub\bthfinal\services\dsh\governance\operations\dsh_captain_job_reject\OP_ACTIONS_CATALOG.csv","services\dsh\governance\operations\dsh_captain_job_reject\OP_ACTIONS_CATALOG.csv","unknown","dsh_captain_job_reject",".csv","OP_ACTIONS_CATALOG.csv","True","under services/dsh","False","False","False"
"services","C:\Users\b\Documents\GitHub\bthfinal\services\dsh\governance\operations\dsh_captain_job_reject\OP_API_MAP.csv","services\dsh\governance\operations\dsh_captain_job_reject\OP_API_MAP.csv","unknown","dsh_captain_job_reject",".csv","OP_API_MAP.csv","True","under services/dsh","False","False","False"
"services","C:\Users\b\Documents\GitHub\bthfinal\services\dsh\governance\operations\dsh_captain_job_reject\OP_EVIDENCE_INDEX.json","services\dsh\governance\operations\dsh_captain_job_reject\OP_EVIDENCE_INDEX.json","unknown","dsh_captain_job_reject",".json","OP_EVIDENCE_INDEX.json","True","under services/dsh","False","False","False"
"services","C:\Users\b\Documents\GitHub\bthfinal\services\dsh\governance\operations\dsh_captain_job_reject\OP_GAPS.md","services\dsh\governance\operations\dsh_captain_job_reject\OP_GAPS.md","unknown","dsh_captain_job_reject",".md","OP_GAPS.md","True","under services/dsh","False","False","False"
"services","C:\Users\b\Documents\GitHub\bthfinal\services\dsh\governance\operations\dsh_captain_job_reject\OP_MCPW_MAP.csv","services\dsh\governance\operations\dsh_captain_job_reject\OP_MCPW_MAP.csv","unknown","dsh_captain_job_reject",".csv","OP_MCPW_MAP.csv","True","under services/dsh","False","False","False"
"services","C:\Users\b\Documents\GitHub\bthfinal\services\dsh\governance\operations\dsh_captain_job_reject\OP_RBAC_ABAC.csv","services\dsh\governance\operations\dsh_captain_job_reject\OP_RBAC_ABAC.csv","unknown","dsh_captain_job_reject",".csv","OP_RBAC_ABAC.csv","True","under services/dsh","False","False","False"
"services","C:\Users\b\Documents\GitHub\bthfinal\services\dsh\governance\operations\dsh_captain_job_reject\OP_RUNTIME_VARS.csv","services\dsh\governance\operations\dsh_captain_job_reject\OP_RUNTIME_VARS.csv","unknown","dsh_captain_job_reject",".csv","OP_RUNTIME_VARS.csv","True","under services/dsh","False","False","False"
"services","C:\Users\b\Documents\GitHub\bthfinal\services\dsh\governance\operations\dsh_captain_job_reject\OP_SCREENS_MAP.csv","services\dsh\governance\operations\dsh_captain_job_reject\OP_SCREENS_MAP.csv","unknown","dsh_captain_job_reject",".csv","OP_SCREENS_MAP.csv","True","under services/dsh","False","False","False"
"services","C:\Users\b\Documents\GitHub\bthfinal\services\dsh\governance\operations\dsh_captain_job_reject\OP_SPEC.yaml","services\dsh\governance\operations\dsh_captain_job_reject\OP_SPEC.yaml","unknown","dsh_captain_job_reject",".yaml","OP_SPEC.yaml","True","under services/dsh","False","False","False"
"services","C:\Users\b\Documents\GitHub\bthfinal\services\dsh\governance\operations\dsh_captain_proof_upload\OP_ACCEPTANCE.md","services\dsh\governance\operations\dsh_captain_proof_upload\OP_ACCEPTANCE.md","unknown","dsh_captain_proof_upload",".md","OP_ACCEPTANCE.md","True","under services/dsh","False","False","False"
"services","C:\Users\b\Documents\GitHub\bthfinal\services\dsh\governance\operations\dsh_captain_proof_upload\OP_ACTIONS_CATALOG.csv","services\dsh\governance\operations\dsh_captain_proof_upload\OP_ACTIONS_CATALOG.csv","unknown","dsh_captain_proof_upload",".csv","OP_ACTIONS_CATALOG.csv","True","under services/dsh","False","False","False"
"services","C:\Users\b\Documents\GitHub\bthfinal\services\dsh\governance\operations\dsh_captain_proof_upload\OP_API_MAP.csv","services\dsh\governance\operations\dsh_captain_proof_upload\OP_API_MAP.csv","unknown","dsh_captain_proof_upload",".csv","OP_API_MAP.csv","True","under services/dsh","False","False","False"
"services","C:\Users\b\Documents\GitHub\bthfinal\services\dsh\governance\operations\dsh_captain_proof_upload\OP_EVIDENCE_INDEX.json","services\dsh\governance\operations\dsh_captain_proof_upload\OP_EVIDENCE_INDEX.json","unknown","dsh_captain_proof_upload",".json","OP_EVIDENCE_INDEX.json","True","under services/dsh","False","False","False"
"services","C:\Users\b\Documents\GitHub\bthfinal\services\dsh\governance\operations\dsh_captain_proof_upload\OP_GAPS.md","services\dsh\governance\operations\dsh_captain_proof_upload\OP_GAPS.md","unknown","dsh_captain_proof_upload",".md","OP_GAPS.md","True","under services/dsh","False","False","False"
"services","C:\Users\b\Documents\GitHub\bthfinal\services\dsh\governance\operations\dsh_captain_proof_upload\OP_MCPW_MAP.csv","services\dsh\governance\operations\dsh_captain_proof_upload\OP_MCPW_MAP.csv","unknown","dsh_captain_proof_upload",".csv","OP_MCPW_MAP.csv","True","under services/dsh","False","False","False"
"services","C:\Users\b\Documents\GitHub\bthfinal\services\dsh\governance\operations\dsh_captain_proof_upload\OP_RBAC_ABAC.csv","services\dsh\governance\operations\dsh_captain_proof_upload\OP_RBAC_ABAC.csv","unknown","dsh_captain_proof_upload",".csv","OP_RBAC_ABAC.csv","True","under services/dsh","False","False","False"
"services","C:\Users\b\Documents\GitHub\bthfinal\services\dsh\governance\operations\dsh_captain_proof_upload\OP_RUNTIME_VARS.csv","services\dsh\governance\operations\dsh_captain_proof_upload\OP_RUNTIME_VARS.csv","unknown","dsh_captain_proof_upload",".csv","OP_RUNTIME_VARS.csv","True","under services/dsh","False","False","False"
"services","C:\Users\b\Documents\GitHub\bthfinal\services\dsh\governance\operations\dsh_captain_proof_upload\OP_SCREENS_MAP.csv","services\dsh\governance\operations\dsh_captain_proof_upload\OP_SCREENS_MAP.csv","unknown","dsh_captain_proof_upload",".csv","OP_SCREENS_MAP.csv","True","under services/dsh","False","False","False"
"services","C:\Users\b\Documents\GitHub\bthfinal\services\dsh\governance\operations\dsh_captain_proof_upload\OP_SPEC.yaml","services\dsh\governance\operations\dsh_captain_proof_upload\OP_SPEC.yaml","unknown","dsh_captain_proof_upload",".yaml","OP_SPEC.yaml","True","under services/dsh","False","False","False"
"services","C:\Users\b\Documents\GitHub\bthfinal\services\dsh\governance\operations\dsh_captain_tier_evaluate\OP_ACCEPTANCE.md","services\dsh\governance\operations\dsh_captain_tier_evaluate\OP_ACCEPTANCE.md","unknown","dsh_captain_tier_evaluate",".md","OP_ACCEPTANCE.md","True","under services/dsh","False","False","False"
"services","C:\Users\b\Documents\GitHub\bthfinal\services\dsh\governance\operations\dsh_captain_tier_evaluate\OP_ACTIONS_CATALOG.csv","services\dsh\governance\operations\dsh_captain_tier_evaluate\OP_ACTIONS_CATALOG.csv","unknown","dsh_captain_tier_evaluate",".csv","OP_ACTIONS_CATALOG.csv","True","under services/dsh","False","False","False"
"services","C:\Users\b\Documents\GitHub\bthfinal\services\dsh\governance\operations\dsh_captain_tier_evaluate\OP_API_MAP.csv","services\dsh\governance\operations\dsh_captain_tier_evaluate\OP_API_MAP.csv","unknown","dsh_captain_tier_evaluate",".csv","OP_API_MAP.csv","True","under services/dsh","False","False","False"
"services","C:\Users\b\Documents\GitHub\bthfinal\services\dsh\governance\operations\dsh_captain_tier_evaluate\OP_EVIDENCE_INDEX.json","services\dsh\governance\operations\dsh_captain_tier_evaluate\OP_EVIDENCE_INDEX.json","unknown","dsh_captain_tier_evaluate",".json","OP_EVIDENCE_INDEX.json","True","under services/dsh","False","False","False"
"services","C:\Users\b\Documents\GitHub\bthfinal\services\dsh\governance\operations\dsh_captain_tier_evaluate\OP_GAPS.md","services\dsh\governance\operations\dsh_captain_tier_evaluate\OP_GAPS.md","unknown","dsh_captain_tier_evaluate",".md","OP_GAPS.md","True","under services/dsh","False","False","False"
"services","C:\Users\b\Documents\GitHub\bthfinal\services\dsh\governance\operations\dsh_captain_tier_evaluate\OP_MCPW_MAP.csv","services\dsh\governance\operations\dsh_captain_tier_evaluate\OP_MCPW_MAP.csv","unknown","dsh_captain_tier_evaluate",".csv","OP_MCPW_MAP.csv","True","under services/dsh","False","False","False"
"services","C:\Users\b\Documents\GitHub\bthfinal\services\dsh\governance\operations\dsh_captain_tier_evaluate\OP_RBAC_ABAC.csv","services\dsh\governance\operations\dsh_captain_tier_evaluate\OP_RBAC_ABAC.csv","unknown","dsh_captain_tier_evaluate",".csv","OP_RBAC_ABAC.csv","True","under services/dsh","False","False","False"
"services","C:\Users\b\Documents\GitHub\bthfinal\services\dsh\governance\operations\dsh_captain_tier_evaluate\OP_RUNTIME_VARS.csv","services\dsh\governance\operations\dsh_captain_tier_evaluate\OP_RUNTIME_VARS.csv","unknown","dsh_captain_tier_evaluate",".csv","OP_RUNTIME_VARS.csv","True","under services/dsh","False","False","False"
"services","C:\Users\b\Documents\GitHub\bthfinal\services\dsh\governance\operations\dsh_captain_tier_evaluate\OP_SCREENS_MAP.csv","services\dsh\governance\operations\dsh_captain_tier_evaluate\OP_SCREENS_MAP.csv","unknown","dsh_captain_tier_evaluate",".csv","OP_SCREENS_MAP.csv","True","under services/dsh","False","False","False"
"services","C:\Users\b\Documents\GitHub\bthfinal\services\dsh\governance\operations\dsh_captain_tier_evaluate\OP_SPEC.yaml","services\dsh\governance\operations\dsh_captain_tier_evaluate\OP_SPEC.yaml","unknown","dsh_captain_tier_evaluate",".yaml","OP_SPEC.yaml","True","under services/dsh","False","False","False"
"services","C:\Users\b\Documents\GitHub\bthfinal\services\dsh\governance\operations\dsh_captain_tier_info\OP_ACCEPTANCE.md","services\dsh\governance\operations\dsh_captain_tier_info\OP_ACCEPTANCE.md","unknown","dsh_captain_tier_info",".md","OP_ACCEPTANCE.md","True","under services/dsh","False","False","False"
"services","C:\Users\b\Documents\GitHub\bthfinal\services\dsh\governance\operations\dsh_captain_tier_info\OP_ACTIONS_CATALOG.csv","services\dsh\governance\operations\dsh_captain_tier_info\OP_ACTIONS_CATALOG.csv","unknown","dsh_captain_tier_info",".csv","OP_ACTIONS_CATALOG.csv","True","under services/dsh","False","False","False"
"services","C:\Users\b\Documents\GitHub\bthfinal\services\dsh\governance\operations\dsh_captain_tier_info\OP_API_MAP.csv","services\dsh\governance\operations\dsh_captain_tier_info\OP_API_MAP.csv","unknown","dsh_captain_tier_info",".csv","OP_API_MAP.csv","True","under services/dsh","False","False","False"
"services","C:\Users\b\Documents\GitHub\bthfinal\services\dsh\governance\operations\dsh_captain_tier_info\OP_EVIDENCE_INDEX.json","services\dsh\governance\operations\dsh_captain_tier_info\OP_EVIDENCE_INDEX.json","unknown","dsh_captain_tier_info",".json","OP_EVIDENCE_INDEX.json","True","under services/dsh","False","False","False"
"services","C:\Users\b\Documents\GitHub\bthfinal\services\dsh\governance\operations\dsh_captain_tier_info\OP_GAPS.md","services\dsh\governance\operations\dsh_captain_tier_info\OP_GAPS.md","unknown","dsh_captain_tier_info",".md","OP_GAPS.md","True","under services/dsh","False","False","False"
"services","C:\Users\b\Documents\GitHub\bthfinal\services\dsh\governance\operations\dsh_captain_tier_info\OP_MCPW_MAP.csv","services\dsh\governance\operations\dsh_captain_tier_info\OP_MCPW_MAP.csv","unknown","dsh_captain_tier_info",".csv","OP_MCPW_MAP.csv","True","under services/dsh","False","False","False"
"services","C:\Users\b\Documents\GitHub\bthfinal\services\dsh\governance\operations\dsh_captain_tier_info\OP_RBAC_ABAC.csv","services\dsh\governance\operations\dsh_captain_tier_info\OP_RBAC_ABAC.csv","unknown","dsh_captain_tier_info",".csv","OP_RBAC_ABAC.csv","True","under services/dsh","False","False","False"
"services","C:\Users\b\Documents\GitHub\bthfinal\services\dsh\governance\operations\dsh_captain_tier_info\OP_RUNTIME_VARS.csv","services\dsh\governance\operations\dsh_captain_tier_info\OP_RUNTIME_VARS.csv","unknown","dsh_captain_tier_info",".csv","OP_RUNTIME_VARS.csv","True","under services/dsh","False","False","False"
"services","C:\Users\b\Documents\GitHub\bthfinal\services\dsh\governance\operations\dsh_captain_tier_info\OP_SCREENS_MAP.csv","services\dsh\governance\operations\dsh_captain_tier_info\OP_SCREENS_MAP.csv","unknown","dsh_captain_tier_info",".csv","OP_SCREENS_MAP.csv","True","under services/dsh","False","False","False"
"services","C:\Users\b\Documents\GitHub\bthfinal\services\dsh\governance\operations\dsh_captain_tier_info\OP_SPEC.yaml","services\dsh\governance\operations\dsh_captain_tier_info\OP_SPEC.yaml","unknown","dsh_captain_tier_info",".yaml","OP_SPEC.yaml","True","under services/dsh","False","False","False"
"services","C:\Users\b\Documents\GitHub\bthfinal\services\dsh\governance\operations\dsh_cart_get\OP_ACCEPTANCE.md","services\dsh\governance\operations\dsh_cart_get\OP_ACCEPTANCE.md","unknown","dsh_cart_get",".md","OP_ACCEPTANCE.md","True","under services/dsh","False","False","False"
"services","C:\Users\b\Documents\GitHub\bthfinal\services\dsh\governance\operations\dsh_cart_get\OP_ACTIONS_CATALOG.csv","services\dsh\governance\operations\dsh_cart_get\OP_ACTIONS_CATALOG.csv","unknown","dsh_cart_get",".csv","OP_ACTIONS_CATALOG.csv","True","under services/dsh","False","False","False"
"services","C:\Users\b\Documents\GitHub\bthfinal\services\dsh\governance\operations\dsh_cart_get\OP_API_MAP.csv","services\dsh\governance\operations\dsh_cart_get\OP_API_MAP.csv","unknown","dsh_cart_get",".csv","OP_API_MAP.csv","True","under services/dsh","False","False","False"
"services","C:\Users\b\Documents\GitHub\bthfinal\services\dsh\governance\operations\dsh_cart_get\OP_EVIDENCE_INDEX.json","services\dsh\governance\operations\dsh_cart_get\OP_EVIDENCE_INDEX.json","unknown","dsh_cart_get",".json","OP_EVIDENCE_INDEX.json","True","under services/dsh","False","False","False"
"services","C:\Users\b\Documents\GitHub\bthfinal\services\dsh\governance\operations\dsh_cart_get\OP_GAPS.md","services\dsh\governance\operations\dsh_cart_get\OP_GAPS.md","unknown","dsh_cart_get",".md","OP_GAPS.md","True","under services/dsh","False","False","False"
"services","C:\Users\b\Documents\GitHub\bthfinal\services\dsh\governance\operations\dsh_cart_get\OP_MCPW_MAP.csv","services\dsh\governance\operations\dsh_cart_get\OP_MCPW_MAP.csv","unknown","dsh_cart_get",".csv","OP_MCPW_MAP.csv","True","under services/dsh","False","False","False"
"services","C:\Users\b\Documents\GitHub\bthfinal\services\dsh\governance\operations\dsh_cart_get\OP_RBAC_ABAC.csv","services\dsh\governance\operations\dsh_cart_get\OP_RBAC_ABAC.csv","unknown","dsh_cart_get",".csv","OP_RBAC_ABAC.csv","True","under services/dsh","False","False","False"
"services","C:\Users\b\Documents\GitHub\bthfinal\services\dsh\governance\operations\dsh_cart_get\OP_RUNTIME_VARS.csv","services\dsh\governance\operations\dsh_cart_get\OP_RUNTIME_VARS.csv","unknown","dsh_cart_get",".csv","OP_RUNTIME_VARS.csv","True","under services/dsh","False","False","False"
"services","C:\Users\b\Documents\GitHub\bthfinal\services\dsh\governance\operations\dsh_cart_get\OP_SCREENS_MAP.csv","services\dsh\governance\operations\dsh_cart_get\OP_SCREENS_MAP.csv","unknown","dsh_cart_get",".csv","OP_SCREENS_MAP.csv","True","under services/dsh","False","False","False"
"services","C:\Users\b\Documents\GitHub\bthfinal\services\dsh\governance\operations\dsh_cart_get\OP_SPEC.yaml","services\dsh\governance\operations\dsh_cart_get\OP_SPEC.yaml","unknown","dsh_cart_get",".yaml","OP_SPEC.yaml","True","under services/dsh","False","False","False"
"services","C:\Users\b\Documents\GitHub\bthfinal\services\dsh\governance\operations\dsh_cart_init\OP_ACCEPTANCE.md","services\dsh\governance\operations\dsh_cart_init\OP_ACCEPTANCE.md","unknown","dsh_cart_init",".md","OP_ACCEPTANCE.md","True","under services/dsh","False","False","False"
"services","C:\Users\b\Documents\GitHub\bthfinal\services\dsh\governance\operations\dsh_cart_init\OP_ACTIONS_CATALOG.csv","services\dsh\governance\operations\dsh_cart_init\OP_ACTIONS_CATALOG.csv","unknown","dsh_cart_init",".csv","OP_ACTIONS_CATALOG.csv","True","under services/dsh","False","False","False"
"services","C:\Users\b\Documents\GitHub\bthfinal\services\dsh\governance\operations\dsh_cart_init\OP_API_MAP.csv","services\dsh\governance\operations\dsh_cart_init\OP_API_MAP.csv","unknown","dsh_cart_init",".csv","OP_API_MAP.csv","True","under services/dsh","False","False","False"
"services","C:\Users\b\Documents\GitHub\bthfinal\services\dsh\governance\operations\dsh_cart_init\OP_EVIDENCE_INDEX.json","services\dsh\governance\operations\dsh_cart_init\OP_EVIDENCE_INDEX.json","unknown","dsh_cart_init",".json","OP_EVIDENCE_INDEX.json","True","under services/dsh","False","False","False"
"services","C:\Users\b\Documents\GitHub\bthfinal\services\dsh\governance\operations\dsh_cart_init\OP_GAPS.md","services\dsh\governance\operations\dsh_cart_init\OP_GAPS.md","unknown","dsh_cart_init",".md","OP_GAPS.md","True","under services/dsh","False","False","False"
"services","C:\Users\b\Documents\GitHub\bthfinal\services\dsh\governance\operations\dsh_cart_init\OP_MCPW_MAP.csv","services\dsh\governance\operations\dsh_cart_init\OP_MCPW_MAP.csv","unknown","dsh_cart_init",".csv","OP_MCPW_MAP.csv","True","under services/dsh","False","False","False"
"services","C:\Users\b\Documents\GitHub\bthfinal\services\dsh\governance\operations\dsh_cart_init\OP_RBAC_ABAC.csv","services\dsh\governance\operations\dsh_cart_init\OP_RBAC_ABAC.csv","unknown","dsh_cart_init",".csv","OP_RBAC_ABAC.csv","True","under services/dsh","False","False","False"
"services","C:\Users\b\Documents\GitHub\bthfinal\services\dsh\governance\operations\dsh_cart_init\OP_RUNTIME_VARS.csv","services\dsh\governance\operations\dsh_cart_init\OP_RUNTIME_VARS.csv","unknown","dsh_cart_init",".csv","OP_RUNTIME_VARS.csv","True","under services/dsh","False","False","False"
"services","C:\Users\b\Documents\GitHub\bthfinal\services\dsh\governance\operations\dsh_cart_init\OP_SCREENS_MAP.csv","services\dsh\governance\operations\dsh_cart_init\OP_SCREENS_MAP.csv","unknown","dsh_cart_init",".csv","OP_SCREENS_MAP.csv","True","under services/dsh","False","False","False"
"services","C:\Users\b\Documents\GitHub\bthfinal\services\dsh\governance\operations\dsh_cart_init\OP_SPEC.yaml","services\dsh\governance\operations\dsh_cart_init\OP_SPEC.yaml","unknown","dsh_cart_init",".yaml","OP_SPEC.yaml","True","under services/dsh","False","False","False"
"services","C:\Users\b\Documents\GitHub\bthfinal\services\dsh\governance\operations\dsh_cart_item_add\OP_ACCEPTANCE.md","services\dsh\governance\operations\dsh_cart_item_add\OP_ACCEPTANCE.md","unknown","dsh_cart_item_add",".md","OP_ACCEPTANCE.md","True","under services/dsh","False","False","False"
"services","C:\Users\b\Documents\GitHub\bthfinal\services\dsh\governance\operations\dsh_cart_item_add\OP_ACTIONS_CATALOG.csv","services\dsh\governance\operations\dsh_cart_item_add\OP_ACTIONS_CATALOG.csv","unknown","dsh_cart_item_add",".csv","OP_ACTIONS_CATALOG.csv","True","under services/dsh","False","False","False"
"services","C:\Users\b\Documents\GitHub\bthfinal\services\dsh\governance\operations\dsh_cart_item_add\OP_API_MAP.csv","services\dsh\governance\operations\dsh_cart_item_add\OP_API_MAP.csv","unknown","dsh_cart_item_add",".csv","OP_API_MAP.csv","True","under services/dsh","False","False","False"
"services","C:\Users\b\Documents\GitHub\bthfinal\services\dsh\governance\operations\dsh_cart_item_add\OP_EVIDENCE_INDEX.json","services\dsh\governance\operations\dsh_cart_item_add\OP_EVIDENCE_INDEX.json","unknown","dsh_cart_item_add",".json","OP_EVIDENCE_INDEX.json","True","under services/dsh","False","False","False"
"services","C:\Users\b\Documents\GitHub\bthfinal\services\dsh\governance\operations\dsh_cart_item_add\OP_GAPS.md","services\dsh\governance\operations\dsh_cart_item_add\OP_GAPS.md","unknown","dsh_cart_item_add",".md","OP_GAPS.md","True","under services/dsh","False","False","False"
"services","C:\Users\b\Documents\GitHub\bthfinal\services\dsh\governance\operations\dsh_cart_item_add\OP_MCPW_MAP.csv","services\dsh\governance\operations\dsh_cart_item_add\OP_MCPW_MAP.csv","unknown","dsh_cart_item_add",".csv","OP_MCPW_MAP.csv","True","under services/dsh","False","False","False"
"services","C:\Users\b\Documents\GitHub\bthfinal\services\dsh\governance\operations\dsh_cart_item_add\OP_RBAC_ABAC.csv","services\dsh\governance\operations\dsh_cart_item_add\OP_RBAC_ABAC.csv","unknown","dsh_cart_item_add",".csv","OP_RBAC_ABAC.csv","True","under services/dsh","False","False","False"
"services","C:\Users\b\Documents\GitHub\bthfinal\services\dsh\governance\operations\dsh_cart_item_add\OP_RUNTIME_VARS.csv","services\dsh\governance\operations\dsh_cart_item_add\OP_RUNTIME_VARS.csv","unknown","dsh_cart_item_add",".csv","OP_RUNTIME_VARS.csv","True","under services/dsh","False","False","False"
"services","C:\Users\b\Documents\GitHub\bthfinal\services\dsh\governance\operations\dsh_cart_item_add\OP_SCREENS_MAP.csv","services\dsh\governance\operations\dsh_cart_item_add\OP_SCREENS_MAP.csv","unknown","dsh_cart_item_add",".csv","OP_SCREENS_MAP.csv","True","under services/dsh","False","False","False"
"services","C:\Users\b\Documents\GitHub\bthfinal\services\dsh\governance\operations\dsh_cart_item_add\OP_SPEC.yaml","services\dsh\governance\operations\dsh_cart_item_add\OP_SPEC.yaml","unknown","dsh_cart_item_add",".yaml","OP_SPEC.yaml","True","under services/dsh","False","False","False"
"services","C:\Users\b\Documents\GitHub\bthfinal\services\dsh\governance\operations\dsh_cart_item_remove\OP_ACCEPTANCE.md","services\dsh\governance\operations\dsh_cart_item_remove\OP_ACCEPTANCE.md","unknown","dsh_cart_item_remove",".md","OP_ACCEPTANCE.md","True","under services/dsh","False","False","False"
"services","C:\Users\b\Documents\GitHub\bthfinal\services\dsh\governance\operations\dsh_cart_item_remove\OP_ACTIONS_CATALOG.csv","services\dsh\governance\operations\dsh_cart_item_remove\OP_ACTIONS_CATALOG.csv","unknown","dsh_cart_item_remove",".csv","OP_ACTIONS_CATALOG.csv","True","under services/dsh","False","False","False"
"services","C:\Users\b\Documents\GitHub\bthfinal\services\dsh\governance\operations\dsh_cart_item_remove\OP_API_MAP.csv","services\dsh\governance\operations\dsh_cart_item_remove\OP_API_MAP.csv","unknown","dsh_cart_item_remove",".csv","OP_API_MAP.csv","True","under services/dsh","False","False","False"
"services","C:\Users\b\Documents\GitHub\bthfinal\services\dsh\governance\operations\dsh_cart_item_remove\OP_EVIDENCE_INDEX.json","services\dsh\governance\operations\dsh_cart_item_remove\OP_EVIDENCE_INDEX.json","unknown","dsh_cart_item_remove",".json","OP_EVIDENCE_INDEX.json","True","under services/dsh","False","False","False"
"services","C:\Users\b\Documents\GitHub\bthfinal\services\dsh\governance\operations\dsh_cart_item_remove\OP_GAPS.md","services\dsh\governance\operations\dsh_cart_item_remove\OP_GAPS.md","unknown","dsh_cart_item_remove",".md","OP_GAPS.md","True","under services/dsh","False","False","False"
"services","C:\Users\b\Documents\GitHub\bthfinal\services\dsh\governance\operations\dsh_cart_item_remove\OP_MCPW_MAP.csv","services\dsh\governance\operations\dsh_cart_item_remove\OP_MCPW_MAP.csv","unknown","dsh_cart_item_remove",".csv","OP_MCPW_MAP.csv","True","under services/dsh","False","False","False"
"services","C:\Users\b\Documents\GitHub\bthfinal\services\dsh\governance\operations\dsh_cart_item_remove\OP_RBAC_ABAC.csv","services\dsh\governance\operations\dsh_cart_item_remove\OP_RBAC_ABAC.csv","unknown","dsh_cart_item_remove",".csv","OP_RBAC_ABAC.csv","True","under services/dsh","False","False","False"
"services","C:\Users\b\Documents\GitHub\bthfinal\services\dsh\governance\operations\dsh_cart_item_remove\OP_RUNTIME_VARS.csv","services\dsh\governance\operations\dsh_cart_item_remove\OP_RUNTIME_VARS.csv","unknown","dsh_cart_item_remove",".csv","OP_RUNTIME_VARS.csv","True","under services/dsh","False","False","False"
"services","C:\Users\b\Documents\GitHub\bthfinal\services\dsh\governance\operations\dsh_cart_item_remove\OP_SCREENS_MAP.csv","services\dsh\governance\operations\dsh_cart_item_remove\OP_SCREENS_MAP.csv","unknown","dsh_cart_item_remove",".csv","OP_SCREENS_MAP.csv","True","under services/dsh","False","False","False"
"services","C:\Users\b\Documents\GitHub\bthfinal\services\dsh\governance\operations\dsh_cart_item_remove\OP_SPEC.yaml","services\dsh\governance\operations\dsh_cart_item_remove\OP_SPEC.yaml","unknown","dsh_cart_item_remove",".yaml","OP_SPEC.yaml","True","under services/dsh","False","False","False"
"services","C:\Users\b\Documents\GitHub\bthfinal\services\dsh\governance\operations\dsh_cart_item_update\OP_ACCEPTANCE.md","services\dsh\governance\operations\dsh_cart_item_update\OP_ACCEPTANCE.md","unknown","dsh_cart_item_update",".md","OP_ACCEPTANCE.md","True","under services/dsh","False","False","False"
"services","C:\Users\b\Documents\GitHub\bthfinal\services\dsh\governance\operations\dsh_cart_item_update\OP_ACTIONS_CATALOG.csv","services\dsh\governance\operations\dsh_cart_item_update\OP_ACTIONS_CATALOG.csv","unknown","dsh_cart_item_update",".csv","OP_ACTIONS_CATALOG.csv","True","under services/dsh","False","False","False"
"services","C:\Users\b\Documents\GitHub\bthfinal\services\dsh\governance\operations\dsh_cart_item_update\OP_API_MAP.csv","services\dsh\governance\operations\dsh_cart_item_update\OP_API_MAP.csv","unknown","dsh_cart_item_update",".csv","OP_API_MAP.csv","True","under services/dsh","False","False","False"
"services","C:\Users\b\Documents\GitHub\bthfinal\services\dsh\governance\operations\dsh_cart_item_update\OP_EVIDENCE_INDEX.json","services\dsh\governance\operations\dsh_cart_item_update\OP_EVIDENCE_INDEX.json","unknown","dsh_cart_item_update",".json","OP_EVIDENCE_INDEX.json","True","under services/dsh","False","False","False"
"services","C:\Users\b\Documents\GitHub\bthfinal\services\dsh\governance\operations\dsh_cart_item_update\OP_GAPS.md","services\dsh\governance\operations\dsh_cart_item_update\OP_GAPS.md","unknown","dsh_cart_item_update",".md","OP_GAPS.md","True","under services/dsh","False","False","False"
"services","C:\Users\b\Documents\GitHub\bthfinal\services\dsh\governance\operations\dsh_cart_item_update\OP_MCPW_MAP.csv","services\dsh\governance\operations\dsh_cart_item_update\OP_MCPW_MAP.csv","unknown","dsh_cart_item_update",".csv","OP_MCPW_MAP.csv","True","under services/dsh","False","False","False"
"services","C:\Users\b\Documents\GitHub\bthfinal\services\dsh\governance\operations\dsh_cart_item_update\OP_RBAC_ABAC.csv","services\dsh\governance\operations\dsh_cart_item_update\OP_RBAC_ABAC.csv","unknown","dsh_cart_item_update",".csv","OP_RBAC_ABAC.csv","True","under services/dsh","False","False","False"
"services","C:\Users\b\Documents\GitHub\bthfinal\services\dsh\governance\operations\dsh_cart_item_update\OP_RUNTIME_VARS.csv","services\dsh\governance\operations\dsh_cart_item_update\OP_RUNTIME_VARS.csv","unknown","dsh_cart_item_update",".csv","OP_RUNTIME_VARS.csv","True","under services/dsh","False","False","False"
"services","C:\Users\b\Documents\GitHub\bthfinal\services\dsh\governance\operations\dsh_cart_item_update\OP_SCREENS_MAP.csv","services\dsh\governance\operations\dsh_cart_item_update\OP_SCREENS_MAP.csv","unknown","dsh_cart_item_update",".csv","OP_SCREENS_MAP.csv","True","under services/dsh","False","False","False"
"services","C:\Users\b\Documents\GitHub\bthfinal\services\dsh\governance\operations\dsh_cart_item_update\OP_SPEC.yaml","services\dsh\governance\operations\dsh_cart_item_update\OP_SPEC.yaml","unknown","dsh_cart_item_update",".yaml","OP_SPEC.yaml","True","under services/dsh","False","False","False"
"services","C:\Users\b\Documents\GitHub\bthfinal\services\dsh\governance\operations\dsh_chat_read_ack\OP_ACCEPTANCE.md","services\dsh\governance\operations\dsh_chat_read_ack\OP_ACCEPTANCE.md","unknown","dsh_chat_read_ack",".md","OP_ACCEPTANCE.md","True","under services/dsh","False","False","False"
"services","C:\Users\b\Documents\GitHub\bthfinal\services\dsh\governance\operations\dsh_chat_read_ack\OP_ACTIONS_CATALOG.csv","services\dsh\governance\operations\dsh_chat_read_ack\OP_ACTIONS_CATALOG.csv","unknown","dsh_chat_read_ack",".csv","OP_ACTIONS_CATALOG.csv","True","under services/dsh","False","False","False"
"services","C:\Users\b\Documents\GitHub\bthfinal\services\dsh\governance\operations\dsh_chat_read_ack\OP_API_MAP.csv","services\dsh\governance\operations\dsh_chat_read_ack\OP_API_MAP.csv","unknown","dsh_chat_read_ack",".csv","OP_API_MAP.csv","True","under services/dsh","False","False","False"
"services","C:\Users\b\Documents\GitHub\bthfinal\services\dsh\governance\operations\dsh_chat_read_ack\OP_EVIDENCE_INDEX.json","services\dsh\governance\operations\dsh_chat_read_ack\OP_EVIDENCE_INDEX.json","unknown","dsh_chat_read_ack",".json","OP_EVIDENCE_INDEX.json","True","under services/dsh","False","False","False"
"services","C:\Users\b\Documents\GitHub\bthfinal\services\dsh\governance\operations\dsh_chat_read_ack\OP_GAPS.md","services\dsh\governance\operations\dsh_chat_read_ack\OP_GAPS.md","unknown","dsh_chat_read_ack",".md","OP_GAPS.md","True","under services/dsh","False","False","False"
"services","C:\Users\b\Documents\GitHub\bthfinal\services\dsh\governance\operations\dsh_chat_read_ack\OP_MCPW_MAP.csv","services\dsh\governance\operations\dsh_chat_read_ack\OP_MCPW_MAP.csv","unknown","dsh_chat_read_ack",".csv","OP_MCPW_MAP.csv","True","under services/dsh","False","False","False"
"services","C:\Users\b\Documents\GitHub\bthfinal\services\dsh\governance\operations\dsh_chat_read_ack\OP_RBAC_ABAC.csv","services\dsh\governance\operations\dsh_chat_read_ack\OP_RBAC_ABAC.csv","unknown","dsh_chat_read_ack",".csv","OP_RBAC_ABAC.csv","True","under services/dsh","False","False","False"
"services","C:\Users\b\Documents\GitHub\bthfinal\services\dsh\governance\operations\dsh_chat_read_ack\OP_RUNTIME_VARS.csv","services\dsh\governance\operations\dsh_chat_read_ack\OP_RUNTIME_VARS.csv","unknown","dsh_chat_read_ack",".csv","OP_RUNTIME_VARS.csv","True","under services/dsh","False","False","False"
"services","C:\Users\b\Documents\GitHub\bthfinal\services\dsh\governance\operations\dsh_chat_read_ack\OP_SCREENS_MAP.csv","services\dsh\governance\operations\dsh_chat_read_ack\OP_SCREENS_MAP.csv","unknown","dsh_chat_read_ack",".csv","OP_SCREENS_MAP.csv","True","under services/dsh","False","False","False"
"services","C:\Users\b\Documents\GitHub\bthfinal\services\dsh\governance\operations\dsh_chat_read_ack\OP_SPEC.yaml","services\dsh\governance\operations\dsh_chat_read_ack\OP_SPEC.yaml","unknown","dsh_chat_read_ack",".yaml","OP_SPEC.yaml","True","under services/dsh","False","False","False"
"services","C:\Users\b\Documents\GitHub\bthfinal\services\dsh\governance\operations\dsh_chat_send\OP_ACCEPTANCE.md","services\dsh\governance\operations\dsh_chat_send\OP_ACCEPTANCE.md","unknown","dsh_chat_send",".md","OP_ACCEPTANCE.md","True","under services/dsh","False","False","False"
"services","C:\Users\b\Documents\GitHub\bthfinal\services\dsh\governance\operations\dsh_chat_send\OP_ACTIONS_CATALOG.csv","services\dsh\governance\operations\dsh_chat_send\OP_ACTIONS_CATALOG.csv","unknown","dsh_chat_send",".csv","OP_ACTIONS_CATALOG.csv","True","under services/dsh","False","False","False"
"services","C:\Users\b\Documents\GitHub\bthfinal\services\dsh\governance\operations\dsh_chat_send\OP_API_MAP.csv","services\dsh\governance\operations\dsh_chat_send\OP_API_MAP.csv","unknown","dsh_chat_send",".csv","OP_API_MAP.csv","True","under services/dsh","False","False","False"
"services","C:\Users\b\Documents\GitHub\bthfinal\services\dsh\governance\operations\dsh_chat_send\OP_EVIDENCE_INDEX.json","services\dsh\governance\operations\dsh_chat_send\OP_EVIDENCE_INDEX.json","unknown","dsh_chat_send",".json","OP_EVIDENCE_INDEX.json","True","under services/dsh","False","False","False"
"services","C:\Users\b\Documents\GitHub\bthfinal\services\dsh\governance\operations\dsh_chat_send\OP_GAPS.md","services\dsh\governance\operations\dsh_chat_send\OP_GAPS.md","unknown","dsh_chat_send",".md","OP_GAPS.md","True","under services/dsh","False","False","False"
"services","C:\Users\b\Documents\GitHub\bthfinal\services\dsh\governance\operations\dsh_chat_send\OP_MCPW_MAP.csv","services\dsh\governance\operations\dsh_chat_send\OP_MCPW_MAP.csv","unknown","dsh_chat_send",".csv","OP_MCPW_MAP.csv","True","under services/dsh","False","False","False"
"services","C:\Users\b\Documents\GitHub\bthfinal\services\dsh\governance\operations\dsh_chat_send\OP_RBAC_ABAC.csv","services\dsh\governance\operations\dsh_chat_send\OP_RBAC_ABAC.csv","unknown","dsh_chat_send",".csv","OP_RBAC_ABAC.csv","True","under services/dsh","False","False","False"
"services","C:\Users\b\Documents\GitHub\bthfinal\services\dsh\governance\operations\dsh_chat_send\OP_RUNTIME_VARS.csv","services\dsh\governance\operations\dsh_chat_send\OP_RUNTIME_VARS.csv","unknown","dsh_chat_send",".csv","OP_RUNTIME_VARS.csv","True","under services/dsh","False","False","False"
"services","C:\Users\b\Documents\GitHub\bthfinal\services\dsh\governance\operations\dsh_chat_send\OP_SCREENS_MAP.csv","services\dsh\governance\operations\dsh_chat_send\OP_SCREENS_MAP.csv","unknown","dsh_chat_send",".csv","OP_SCREENS_MAP.csv","True","under services/dsh","False","False","False"
"services","C:\Users\b\Documents\GitHub\bthfinal\services\dsh\governance\operations\dsh_chat_send\OP_SPEC.yaml","services\dsh\governance\operations\dsh_chat_send\OP_SPEC.yaml","unknown","dsh_chat_send",".yaml","OP_SPEC.yaml","True","under services/dsh","False","False","False"
"services","C:\Users\b\Documents\GitHub\bthfinal\services\dsh\governance\operations\dsh_checkout_gate\OP_ACCEPTANCE.md","services\dsh\governance\operations\dsh_checkout_gate\OP_ACCEPTANCE.md","unknown","dsh_checkout_gate",".md","OP_ACCEPTANCE.md","True","under services/dsh","False","False","False"
"services","C:\Users\b\Documents\GitHub\bthfinal\services\dsh\governance\operations\dsh_checkout_gate\OP_ACTIONS_CATALOG.csv","services\dsh\governance\operations\dsh_checkout_gate\OP_ACTIONS_CATALOG.csv","unknown","dsh_checkout_gate",".csv","OP_ACTIONS_CATALOG.csv","True","under services/dsh","False","False","False"
"services","C:\Users\b\Documents\GitHub\bthfinal\services\dsh\governance\operations\dsh_checkout_gate\OP_API_MAP.csv","services\dsh\governance\operations\dsh_checkout_gate\OP_API_MAP.csv","unknown","dsh_checkout_gate",".csv","OP_API_MAP.csv","True","under services/dsh","False","False","False"
"services","C:\Users\b\Documents\GitHub\bthfinal\services\dsh\governance\operations\dsh_checkout_gate\OP_EVIDENCE_INDEX.json","services\dsh\governance\operations\dsh_checkout_gate\OP_EVIDENCE_INDEX.json","unknown","dsh_checkout_gate",".json","OP_EVIDENCE_INDEX.json","True","under services/dsh","False","False","False"
"services","C:\Users\b\Documents\GitHub\bthfinal\services\dsh\governance\operations\dsh_checkout_gate\OP_GAPS.md","services\dsh\governance\operations\dsh_checkout_gate\OP_GAPS.md","unknown","dsh_checkout_gate",".md","OP_GAPS.md","True","under services/dsh","False","False","False"
"services","C:\Users\b\Documents\GitHub\bthfinal\services\dsh\governance\operations\dsh_checkout_gate\OP_MCPW_MAP.csv","services\dsh\governance\operations\dsh_checkout_gate\OP_MCPW_MAP.csv","unknown","dsh_checkout_gate",".csv","OP_MCPW_MAP.csv","True","under services/dsh","False","False","False"
"services","C:\Users\b\Documents\GitHub\bthfinal\services\dsh\governance\operations\dsh_checkout_gate\OP_RBAC_ABAC.csv","services\dsh\governance\operations\dsh_checkout_gate\OP_RBAC_ABAC.csv","unknown","dsh_checkout_gate",".csv","OP_RBAC_ABAC.csv","True","under services/dsh","False","False","False"
"services","C:\Users\b\Documents\GitHub\bthfinal\services\dsh\governance\operations\dsh_checkout_gate\OP_RUNTIME_VARS.csv","services\dsh\governance\operations\dsh_checkout_gate\OP_RUNTIME_VARS.csv","unknown","dsh_checkout_gate",".csv","OP_RUNTIME_VARS.csv","True","under services/dsh","False","False","False"
"services","C:\Users\b\Documents\GitHub\bthfinal\services\dsh\governance\operations\dsh_checkout_gate\OP_SCREENS_MAP.csv","services\dsh\governance\operations\dsh_checkout_gate\OP_SCREENS_MAP.csv","unknown","dsh_checkout_gate",".csv","OP_SCREENS_MAP.csv","True","under services/dsh","False","False","False"
"services","C:\Users\b\Documents\GitHub\bthfinal\services\dsh\governance\operations\dsh_checkout_gate\OP_SPEC.yaml","services\dsh\governance\operations\dsh_checkout_gate\OP_SPEC.yaml","unknown","dsh_checkout_gate",".yaml","OP_SPEC.yaml","True","under services/dsh","False","False","False"
"services","C:\Users\b\Documents\GitHub\bthfinal\services\dsh\governance\operations\dsh_delivery_attempt_create\OP_ACCEPTANCE.md","services\dsh\governance\operations\dsh_delivery_attempt_create\OP_ACCEPTANCE.md","unknown","dsh_delivery_attempt_create",".md","OP_ACCEPTANCE.md","True","under services/dsh","False","False","False"
"services","C:\Users\b\Documents\GitHub\bthfinal\services\dsh\governance\operations\dsh_delivery_attempt_create\OP_ACTIONS_CATALOG.csv","services\dsh\governance\operations\dsh_delivery_attempt_create\OP_ACTIONS_CATALOG.csv","unknown","dsh_delivery_attempt_create",".csv","OP_ACTIONS_CATALOG.csv","True","under services/dsh","False","False","False"
"services","C:\Users\b\Documents\GitHub\bthfinal\services\dsh\governance\operations\dsh_delivery_attempt_create\OP_API_MAP.csv","services\dsh\governance\operations\dsh_delivery_attempt_create\OP_API_MAP.csv","unknown","dsh_delivery_attempt_create",".csv","OP_API_MAP.csv","True","under services/dsh","False","False","False"
"services","C:\Users\b\Documents\GitHub\bthfinal\services\dsh\governance\operations\dsh_delivery_attempt_create\OP_EVIDENCE_INDEX.json","services\dsh\governance\operations\dsh_delivery_attempt_create\OP_EVIDENCE_INDEX.json","unknown","dsh_delivery_attempt_create",".json","OP_EVIDENCE_INDEX.json","True","under services/dsh","False","False","False"
"services","C:\Users\b\Documents\GitHub\bthfinal\services\dsh\governance\operations\dsh_delivery_attempt_create\OP_GAPS.md","services\dsh\governance\operations\dsh_delivery_attempt_create\OP_GAPS.md","unknown","dsh_delivery_attempt_create",".md","OP_GAPS.md","True","under services/dsh","False","False","False"
"services","C:\Users\b\Documents\GitHub\bthfinal\services\dsh\governance\operations\dsh_delivery_attempt_create\OP_MCPW_MAP.csv","services\dsh\governance\operations\dsh_delivery_attempt_create\OP_MCPW_MAP.csv","unknown","dsh_delivery_attempt_create",".csv","OP_MCPW_MAP.csv","True","under services/dsh","False","False","False"
"services","C:\Users\b\Documents\GitHub\bthfinal\services\dsh\governance\operations\dsh_delivery_attempt_create\OP_RBAC_ABAC.csv","services\dsh\governance\operations\dsh_delivery_attempt_create\OP_RBAC_ABAC.csv","unknown","dsh_delivery_attempt_create",".csv","OP_RBAC_ABAC.csv","True","under services/dsh","False","False","False"
"services","C:\Users\b\Documents\GitHub\bthfinal\services\dsh\governance\operations\dsh_delivery_attempt_create\OP_RUNTIME_VARS.csv","services\dsh\governance\operations\dsh_delivery_attempt_create\OP_RUNTIME_VARS.csv","unknown","dsh_delivery_attempt_create",".csv","OP_RUNTIME_VARS.csv","True","under services/dsh","False","False","False"
"services","C:\Users\b\Documents\GitHub\bthfinal\services\dsh\governance\operations\dsh_delivery_attempt_create\OP_SCREENS_MAP.csv","services\dsh\governance\operations\dsh_delivery_attempt_create\OP_SCREENS_MAP.csv","unknown","dsh_delivery_attempt_create",".csv","OP_SCREENS_MAP.csv","True","under services/dsh","False","False","False"
"services","C:\Users\b\Documents\GitHub\bthfinal\services\dsh\governance\operations\dsh_delivery_attempt_create\OP_SPEC.yaml","services\dsh\governance\operations\dsh_delivery_attempt_create\OP_SPEC.yaml","unknown","dsh_delivery_attempt_create",".yaml","OP_SPEC.yaml","True","under services/dsh","False","False","False"
"services","C:\Users\b\Documents\GitHub\bthfinal\services\dsh\governance\operations\dsh_delivery_eta_get\OP_ACCEPTANCE.md","services\dsh\governance\operations\dsh_delivery_eta_get\OP_ACCEPTANCE.md","unknown","dsh_delivery_eta_get",".md","OP_ACCEPTANCE.md","True","under services/dsh","False","False","False"
"services","C:\Users\b\Documents\GitHub\bthfinal\services\dsh\governance\operations\dsh_delivery_eta_get\OP_ACTIONS_CATALOG.csv","services\dsh\governance\operations\dsh_delivery_eta_get\OP_ACTIONS_CATALOG.csv","unknown","dsh_delivery_eta_get",".csv","OP_ACTIONS_CATALOG.csv","True","under services/dsh","False","False","False"
"services","C:\Users\b\Documents\GitHub\bthfinal\services\dsh\governance\operations\dsh_delivery_eta_get\OP_API_MAP.csv","services\dsh\governance\operations\dsh_delivery_eta_get\OP_API_MAP.csv","unknown","dsh_delivery_eta_get",".csv","OP_API_MAP.csv","True","under services/dsh","False","False","False"
"services","C:\Users\b\Documents\GitHub\bthfinal\services\dsh\governance\operations\dsh_delivery_eta_get\OP_EVIDENCE_INDEX.json","services\dsh\governance\operations\dsh_delivery_eta_get\OP_EVIDENCE_INDEX.json","unknown","dsh_delivery_eta_get",".json","OP_EVIDENCE_INDEX.json","True","under services/dsh","False","False","False"
"services","C:\Users\b\Documents\GitHub\bthfinal\services\dsh\governance\operations\dsh_delivery_eta_get\OP_GAPS.md","services\dsh\governance\operations\dsh_delivery_eta_get\OP_GAPS.md","unknown","dsh_delivery_eta_get",".md","OP_GAPS.md","True","under services/dsh","False","False","False"
"services","C:\Users\b\Documents\GitHub\bthfinal\services\dsh\governance\operations\dsh_delivery_eta_get\OP_MCPW_MAP.csv","services\dsh\governance\operations\dsh_delivery_eta_get\OP_MCPW_MAP.csv","unknown","dsh_delivery_eta_get",".csv","OP_MCPW_MAP.csv","True","under services/dsh","False","False","False"
"services","C:\Users\b\Documents\GitHub\bthfinal\services\dsh\governance\operations\dsh_delivery_eta_get\OP_RBAC_ABAC.csv","services\dsh\governance\operations\dsh_delivery_eta_get\OP_RBAC_ABAC.csv","unknown","dsh_delivery_eta_get",".csv","OP_RBAC_ABAC.csv","True","under services/dsh","False","False","False"
"services","C:\Users\b\Documents\GitHub\bthfinal\services\dsh\governance\operations\dsh_delivery_eta_get\OP_RUNTIME_VARS.csv","services\dsh\governance\operations\dsh_delivery_eta_get\OP_RUNTIME_VARS.csv","unknown","dsh_delivery_eta_get",".csv","OP_RUNTIME_VARS.csv","True","under services/dsh","False","False","False"
"services","C:\Users\b\Documents\GitHub\bthfinal\services\dsh\governance\operations\dsh_delivery_eta_get\OP_SCREENS_MAP.csv","services\dsh\governance\operations\dsh_delivery_eta_get\OP_SCREENS_MAP.csv","unknown","dsh_delivery_eta_get",".csv","OP_SCREENS_MAP.csv","True","under services/dsh","False","False","False"
"services","C:\Users\b\Documents\GitHub\bthfinal\services\dsh\governance\operations\dsh_delivery_eta_get\OP_SPEC.yaml","services\dsh\governance\operations\dsh_delivery_eta_get\OP_SPEC.yaml","unknown","dsh_delivery_eta_get",".yaml","OP_SPEC.yaml","True","under services/dsh","False","False","False"
"services","C:\Users\b\Documents\GitHub\bthfinal\services\dsh\governance\operations\dsh_delivery_position_update\OP_ACCEPTANCE.md","services\dsh\governance\operations\dsh_delivery_position_update\OP_ACCEPTANCE.md","unknown","dsh_delivery_position_update",".md","OP_ACCEPTANCE.md","True","under services/dsh","False","False","False"
"services","C:\Users\b\Documents\GitHub\bthfinal\services\dsh\governance\operations\dsh_delivery_position_update\OP_ACTIONS_CATALOG.csv","services\dsh\governance\operations\dsh_delivery_position_update\OP_ACTIONS_CATALOG.csv","unknown","dsh_delivery_position_update",".csv","OP_ACTIONS_CATALOG.csv","True","under services/dsh","False","False","False"
"services","C:\Users\b\Documents\GitHub\bthfinal\services\dsh\governance\operations\dsh_delivery_position_update\OP_API_MAP.csv","services\dsh\governance\operations\dsh_delivery_position_update\OP_API_MAP.csv","unknown","dsh_delivery_position_update",".csv","OP_API_MAP.csv","True","under services/dsh","False","False","False"
"services","C:\Users\b\Documents\GitHub\bthfinal\services\dsh\governance\operations\dsh_delivery_position_update\OP_EVIDENCE_INDEX.json","services\dsh\governance\operations\dsh_delivery_position_update\OP_EVIDENCE_INDEX.json","unknown","dsh_delivery_position_update",".json","OP_EVIDENCE_INDEX.json","True","under services/dsh","False","False","False"
"services","C:\Users\b\Documents\GitHub\bthfinal\services\dsh\governance\operations\dsh_delivery_position_update\OP_GAPS.md","services\dsh\governance\operations\dsh_delivery_position_update\OP_GAPS.md","unknown","dsh_delivery_position_update",".md","OP_GAPS.md","True","under services/dsh","False","False","False"
"services","C:\Users\b\Documents\GitHub\bthfinal\services\dsh\governance\operations\dsh_delivery_position_update\OP_MCPW_MAP.csv","services\dsh\governance\operations\dsh_delivery_position_update\OP_MCPW_MAP.csv","unknown","dsh_delivery_position_update",".csv","OP_MCPW_MAP.csv","True","under services/dsh","False","False","False"
"services","C:\Users\b\Documents\GitHub\bthfinal\services\dsh\governance\operations\dsh_delivery_position_update\OP_RBAC_ABAC.csv","services\dsh\governance\operations\dsh_delivery_position_update\OP_RBAC_ABAC.csv","unknown","dsh_delivery_position_update",".csv","OP_RBAC_ABAC.csv","True","under services/dsh","False","False","False"
"services","C:\Users\b\Documents\GitHub\bthfinal\services\dsh\governance\operations\dsh_delivery_position_update\OP_RUNTIME_VARS.csv","services\dsh\governance\operations\dsh_delivery_position_update\OP_RUNTIME_VARS.csv","unknown","dsh_delivery_position_update",".csv","OP_RUNTIME_VARS.csv","True","under services/dsh","False","False","False"
"services","C:\Users\b\Documents\GitHub\bthfinal\services\dsh\governance\operations\dsh_delivery_position_update\OP_SCREENS_MAP.csv","services\dsh\governance\operations\dsh_delivery_position_update\OP_SCREENS_MAP.csv","unknown","dsh_delivery_position_update",".csv","OP_SCREENS_MAP.csv","True","under services/dsh","False","False","False"
"services","C:\Users\b\Documents\GitHub\bthfinal\services\dsh\governance\operations\dsh_delivery_position_update\OP_SPEC.yaml","services\dsh\governance\operations\dsh_delivery_position_update\OP_SPEC.yaml","unknown","dsh_delivery_position_update",".yaml","OP_SPEC.yaml","True","under services/dsh","False","False","False"
"services","C:\Users\b\Documents\GitHub\bthfinal\services\dsh\governance\operations\dsh_delivery_reassign_request\OP_ACCEPTANCE.md","services\dsh\governance\operations\dsh_delivery_reassign_request\OP_ACCEPTANCE.md","unknown","dsh_delivery_reassign_request",".md","OP_ACCEPTANCE.md","True","under services/dsh","False","False","False"
"services","C:\Users\b\Documents\GitHub\bthfinal\services\dsh\governance\operations\dsh_delivery_reassign_request\OP_ACTIONS_CATALOG.csv","services\dsh\governance\operations\dsh_delivery_reassign_request\OP_ACTIONS_CATALOG.csv","unknown","dsh_delivery_reassign_request",".csv","OP_ACTIONS_CATALOG.csv","True","under services/dsh","False","False","False"
"services","C:\Users\b\Documents\GitHub\bthfinal\services\dsh\governance\operations\dsh_delivery_reassign_request\OP_API_MAP.csv","services\dsh\governance\operations\dsh_delivery_reassign_request\OP_API_MAP.csv","unknown","dsh_delivery_reassign_request",".csv","OP_API_MAP.csv","True","under services/dsh","False","False","False"
"services","C:\Users\b\Documents\GitHub\bthfinal\services\dsh\governance\operations\dsh_delivery_reassign_request\OP_EVIDENCE_INDEX.json","services\dsh\governance\operations\dsh_delivery_reassign_request\OP_EVIDENCE_INDEX.json","unknown","dsh_delivery_reassign_request",".json","OP_EVIDENCE_INDEX.json","True","under services/dsh","False","False","False"
"services","C:\Users\b\Documents\GitHub\bthfinal\services\dsh\governance\operations\dsh_delivery_reassign_request\OP_GAPS.md","services\dsh\governance\operations\dsh_delivery_reassign_request\OP_GAPS.md","unknown","dsh_delivery_reassign_request",".md","OP_GAPS.md","True","under services/dsh","False","False","False"
"services","C:\Users\b\Documents\GitHub\bthfinal\services\dsh\governance\operations\dsh_delivery_reassign_request\OP_MCPW_MAP.csv","services\dsh\governance\operations\dsh_delivery_reassign_request\OP_MCPW_MAP.csv","unknown","dsh_delivery_reassign_request",".csv","OP_MCPW_MAP.csv","True","under services/dsh","False","False","False"
"services","C:\Users\b\Documents\GitHub\bthfinal\services\dsh\governance\operations\dsh_delivery_reassign_request\OP_RBAC_ABAC.csv","services\dsh\governance\operations\dsh_delivery_reassign_request\OP_RBAC_ABAC.csv","unknown","dsh_delivery_reassign_request",".csv","OP_RBAC_ABAC.csv","True","under services/dsh","False","False","False"
"services","C:\Users\b\Documents\GitHub\bthfinal\services\dsh\governance\operations\dsh_delivery_reassign_request\OP_RUNTIME_VARS.csv","services\dsh\governance\operations\dsh_delivery_reassign_request\OP_RUNTIME_VARS.csv","unknown","dsh_delivery_reassign_request",".csv","OP_RUNTIME_VARS.csv","True","under services/dsh","False","False","False"
"services","C:\Users\b\Documents\GitHub\bthfinal\services\dsh\governance\operations\dsh_delivery_reassign_request\OP_SCREENS_MAP.csv","services\dsh\governance\operations\dsh_delivery_reassign_request\OP_SCREENS_MAP.csv","unknown","dsh_delivery_reassign_request",".csv","OP_SCREENS_MAP.csv","True","under services/dsh","False","False","False"
"services","C:\Users\b\Documents\GitHub\bthfinal\services\dsh\governance\operations\dsh_delivery_reassign_request\OP_SPEC.yaml","services\dsh\governance\operations\dsh_delivery_reassign_request\OP_SPEC.yaml","unknown","dsh_delivery_reassign_request",".yaml","OP_SPEC.yaml","True","under services/dsh","False","False","False"
"services","C:\Users\b\Documents\GitHub\bthfinal\services\dsh\governance\operations\dsh_delivery_track_get\OP_ACCEPTANCE.md","services\dsh\governance\operations\dsh_delivery_track_get\OP_ACCEPTANCE.md","unknown","dsh_delivery_track_get",".md","OP_ACCEPTANCE.md","True","under services/dsh","False","False","False"
"services","C:\Users\b\Documents\GitHub\bthfinal\services\dsh\governance\operations\dsh_delivery_track_get\OP_ACTIONS_CATALOG.csv","services\dsh\governance\operations\dsh_delivery_track_get\OP_ACTIONS_CATALOG.csv","unknown","dsh_delivery_track_get",".csv","OP_ACTIONS_CATALOG.csv","True","under services/dsh","False","False","False"
"services","C:\Users\b\Documents\GitHub\bthfinal\services\dsh\governance\operations\dsh_delivery_track_get\OP_API_MAP.csv","services\dsh\governance\operations\dsh_delivery_track_get\OP_API_MAP.csv","unknown","dsh_delivery_track_get",".csv","OP_API_MAP.csv","True","under services/dsh","False","False","False"
"services","C:\Users\b\Documents\GitHub\bthfinal\services\dsh\governance\operations\dsh_delivery_track_get\OP_EVIDENCE_INDEX.json","services\dsh\governance\operations\dsh_delivery_track_get\OP_EVIDENCE_INDEX.json","unknown","dsh_delivery_track_get",".json","OP_EVIDENCE_INDEX.json","True","under services/dsh","False","False","False"
"services","C:\Users\b\Documents\GitHub\bthfinal\services\dsh\governance\operations\dsh_delivery_track_get\OP_GAPS.md","services\dsh\governance\operations\dsh_delivery_track_get\OP_GAPS.md","unknown","dsh_delivery_track_get",".md","OP_GAPS.md","True","under services/dsh","False","False","False"
"services","C:\Users\b\Documents\GitHub\bthfinal\services\dsh\governance\operations\dsh_delivery_track_get\OP_MCPW_MAP.csv","services\dsh\governance\operations\dsh_delivery_track_get\OP_MCPW_MAP.csv","unknown","dsh_delivery_track_get",".csv","OP_MCPW_MAP.csv","True","under services/dsh","False","False","False"
"services","C:\Users\b\Documents\GitHub\bthfinal\services\dsh\governance\operations\dsh_delivery_track_get\OP_RBAC_ABAC.csv","services\dsh\governance\operations\dsh_delivery_track_get\OP_RBAC_ABAC.csv","unknown","dsh_delivery_track_get",".csv","OP_RBAC_ABAC.csv","True","under services/dsh","False","False","False"
"services","C:\Users\b\Documents\GitHub\bthfinal\services\dsh\governance\operations\dsh_delivery_track_get\OP_RUNTIME_VARS.csv","services\dsh\governance\operations\dsh_delivery_track_get\OP_RUNTIME_VARS.csv","unknown","dsh_delivery_track_get",".csv","OP_RUNTIME_VARS.csv","True","under services/dsh","False","False","False"
"services","C:\Users\b\Documents\GitHub\bthfinal\services\dsh\governance\operations\dsh_delivery_track_get\OP_SCREENS_MAP.csv","services\dsh\governance\operations\dsh_delivery_track_get\OP_SCREENS_MAP.csv","unknown","dsh_delivery_track_get",".csv","OP_SCREENS_MAP.csv","True","under services/dsh","False","False","False"
"services","C:\Users\b\Documents\GitHub\bthfinal\services\dsh\governance\operations\dsh_delivery_track_get\OP_SPEC.yaml","services\dsh\governance\operations\dsh_delivery_track_get\OP_SPEC.yaml","unknown","dsh_delivery_track_get",".yaml","OP_SPEC.yaml","True","under services/dsh","False","False","False"
"services","C:\Users\b\Documents\GitHub\bthfinal\services\dsh\governance\operations\dsh_entitlements_get\OP_ACCEPTANCE.md","services\dsh\governance\operations\dsh_entitlements_get\OP_ACCEPTANCE.md","unknown","dsh_entitlements_get",".md","OP_ACCEPTANCE.md","True","under services/dsh","False","False","False"
"services","C:\Users\b\Documents\GitHub\bthfinal\services\dsh\governance\operations\dsh_entitlements_get\OP_ACTIONS_CATALOG.csv","services\dsh\governance\operations\dsh_entitlements_get\OP_ACTIONS_CATALOG.csv","unknown","dsh_entitlements_get",".csv","OP_ACTIONS_CATALOG.csv","True","under services/dsh","False","False","False"
"services","C:\Users\b\Documents\GitHub\bthfinal\services\dsh\governance\operations\dsh_entitlements_get\OP_API_MAP.csv","services\dsh\governance\operations\dsh_entitlements_get\OP_API_MAP.csv","unknown","dsh_entitlements_get",".csv","OP_API_MAP.csv","True","under services/dsh","False","False","False"
"services","C:\Users\b\Documents\GitHub\bthfinal\services\dsh\governance\operations\dsh_entitlements_get\OP_EVIDENCE_INDEX.json","services\dsh\governance\operations\dsh_entitlements_get\OP_EVIDENCE_INDEX.json","unknown","dsh_entitlements_get",".json","OP_EVIDENCE_INDEX.json","True","under services/dsh","False","False","False"
"services","C:\Users\b\Documents\GitHub\bthfinal\services\dsh\governance\operations\dsh_entitlements_get\OP_GAPS.md","services\dsh\governance\operations\dsh_entitlements_get\OP_GAPS.md","unknown","dsh_entitlements_get",".md","OP_GAPS.md","True","under services/dsh","False","False","False"
"services","C:\Users\b\Documents\GitHub\bthfinal\services\dsh\governance\operations\dsh_entitlements_get\OP_MCPW_MAP.csv","services\dsh\governance\operations\dsh_entitlements_get\OP_MCPW_MAP.csv","unknown","dsh_entitlements_get",".csv","OP_MCPW_MAP.csv","True","under services/dsh","False","False","False"
"services","C:\Users\b\Documents\GitHub\bthfinal\services\dsh\governance\operations\dsh_entitlements_get\OP_RBAC_ABAC.csv","services\dsh\governance\operations\dsh_entitlements_get\OP_RBAC_ABAC.csv","unknown","dsh_entitlements_get",".csv","OP_RBAC_ABAC.csv","True","under services/dsh","False","False","False"
"services","C:\Users\b\Documents\GitHub\bthfinal\services\dsh\governance\operations\dsh_entitlements_get\OP_RUNTIME_VARS.csv","services\dsh\governance\operations\dsh_entitlements_get\OP_RUNTIME_VARS.csv","unknown","dsh_entitlements_get",".csv","OP_RUNTIME_VARS.csv","True","under services/dsh","False","False","False"
"services","C:\Users\b\Documents\GitHub\bthfinal\services\dsh\governance\operations\dsh_entitlements_get\OP_SCREENS_MAP.csv","services\dsh\governance\operations\dsh_entitlements_get\OP_SCREENS_MAP.csv","unknown","dsh_entitlements_get",".csv","OP_SCREENS_MAP.csv","True","under services/dsh","False","False","False"
"services","C:\Users\b\Documents\GitHub\bthfinal\services\dsh\governance\operations\dsh_entitlements_get\OP_SPEC.yaml","services\dsh\governance\operations\dsh_entitlements_get\OP_SPEC.yaml","unknown","dsh_entitlements_get",".yaml","OP_SPEC.yaml","True","under services/dsh","False","False","False"
"services","C:\Users\b\Documents\GitHub\bthfinal\services\dsh\governance\operations\dsh_estimate_create\OP_ACCEPTANCE.md","services\dsh\governance\operations\dsh_estimate_create\OP_ACCEPTANCE.md","unknown","dsh_estimate_create",".md","OP_ACCEPTANCE.md","True","under services/dsh","False","False","False"
"services","C:\Users\b\Documents\GitHub\bthfinal\services\dsh\governance\operations\dsh_estimate_create\OP_ACTIONS_CATALOG.csv","services\dsh\governance\operations\dsh_estimate_create\OP_ACTIONS_CATALOG.csv","unknown","dsh_estimate_create",".csv","OP_ACTIONS_CATALOG.csv","True","under services/dsh","False","False","False"
"services","C:\Users\b\Documents\GitHub\bthfinal\services\dsh\governance\operations\dsh_estimate_create\OP_API_MAP.csv","services\dsh\governance\operations\dsh_estimate_create\OP_API_MAP.csv","unknown","dsh_estimate_create",".csv","OP_API_MAP.csv","True","under services/dsh","False","False","False"
"services","C:\Users\b\Documents\GitHub\bthfinal\services\dsh\governance\operations\dsh_estimate_create\OP_EVIDENCE_INDEX.json","services\dsh\governance\operations\dsh_estimate_create\OP_EVIDENCE_INDEX.json","unknown","dsh_estimate_create",".json","OP_EVIDENCE_INDEX.json","True","under services/dsh","False","False","False"
"services","C:\Users\b\Documents\GitHub\bthfinal\services\dsh\governance\operations\dsh_estimate_create\OP_GAPS.md","services\dsh\governance\operations\dsh_estimate_create\OP_GAPS.md","unknown","dsh_estimate_create",".md","OP_GAPS.md","True","under services/dsh","False","False","False"
"services","C:\Users\b\Documents\GitHub\bthfinal\services\dsh\governance\operations\dsh_estimate_create\OP_MCPW_MAP.csv","services\dsh\governance\operations\dsh_estimate_create\OP_MCPW_MAP.csv","unknown","dsh_estimate_create",".csv","OP_MCPW_MAP.csv","True","under services/dsh","False","False","False"
"services","C:\Users\b\Documents\GitHub\bthfinal\services\dsh\governance\operations\dsh_estimate_create\OP_RBAC_ABAC.csv","services\dsh\governance\operations\dsh_estimate_create\OP_RBAC_ABAC.csv","unknown","dsh_estimate_create",".csv","OP_RBAC_ABAC.csv","True","under services/dsh","False","False","False"
"services","C:\Users\b\Documents\GitHub\bthfinal\services\dsh\governance\operations\dsh_estimate_create\OP_RUNTIME_VARS.csv","services\dsh\governance\operations\dsh_estimate_create\OP_RUNTIME_VARS.csv","unknown","dsh_estimate_create",".csv","OP_RUNTIME_VARS.csv","True","under services/dsh","False","False","False"
"services","C:\Users\b\Documents\GitHub\bthfinal\services\dsh\governance\operations\dsh_estimate_create\OP_SCREENS_MAP.csv","services\dsh\governance\operations\dsh_estimate_create\OP_SCREENS_MAP.csv","unknown","dsh_estimate_create",".csv","OP_SCREENS_MAP.csv","True","under services/dsh","False","False","False"
"services","C:\Users\b\Documents\GitHub\bthfinal\services\dsh\governance\operations\dsh_estimate_create\OP_SPEC.yaml","services\dsh\governance\operations\dsh_estimate_create\OP_SPEC.yaml","unknown","dsh_estimate_create",".yaml","OP_SPEC.yaml","True","under services/dsh","False","False","False"
"services","C:\Users\b\Documents\GitHub\bthfinal\services\dsh\governance\operations\dsh_estimate_get\OP_ACCEPTANCE.md","services\dsh\governance\operations\dsh_estimate_get\OP_ACCEPTANCE.md","unknown","dsh_estimate_get",".md","OP_ACCEPTANCE.md","True","under services/dsh","False","False","False"
"services","C:\Users\b\Documents\GitHub\bthfinal\services\dsh\governance\operations\dsh_estimate_get\OP_ACTIONS_CATALOG.csv","services\dsh\governance\operations\dsh_estimate_get\OP_ACTIONS_CATALOG.csv","unknown","dsh_estimate_get",".csv","OP_ACTIONS_CATALOG.csv","True","under services/dsh","False","False","False"
"services","C:\Users\b\Documents\GitHub\bthfinal\services\dsh\governance\operations\dsh_estimate_get\OP_API_MAP.csv","services\dsh\governance\operations\dsh_estimate_get\OP_API_MAP.csv","unknown","dsh_estimate_get",".csv","OP_API_MAP.csv","True","under services/dsh","False","False","False"
"services","C:\Users\b\Documents\GitHub\bthfinal\services\dsh\governance\operations\dsh_estimate_get\OP_EVIDENCE_INDEX.json","services\dsh\governance\operations\dsh_estimate_get\OP_EVIDENCE_INDEX.json","unknown","dsh_estimate_get",".json","OP_EVIDENCE_INDEX.json","True","under services/dsh","False","False","False"
"services","C:\Users\b\Documents\GitHub\bthfinal\services\dsh\governance\operations\dsh_estimate_get\OP_GAPS.md","services\dsh\governance\operations\dsh_estimate_get\OP_GAPS.md","unknown","dsh_estimate_get",".md","OP_GAPS.md","True","under services/dsh","False","False","False"
"services","C:\Users\b\Documents\GitHub\bthfinal\services\dsh\governance\operations\dsh_estimate_get\OP_MCPW_MAP.csv","services\dsh\governance\operations\dsh_estimate_get\OP_MCPW_MAP.csv","unknown","dsh_estimate_get",".csv","OP_MCPW_MAP.csv","True","under services/dsh","False","False","False"
"services","C:\Users\b\Documents\GitHub\bthfinal\services\dsh\governance\operations\dsh_estimate_get\OP_RBAC_ABAC.csv","services\dsh\governance\operations\dsh_estimate_get\OP_RBAC_ABAC.csv","unknown","dsh_estimate_get",".csv","OP_RBAC_ABAC.csv","True","under services/dsh","False","False","False"
"services","C:\Users\b\Documents\GitHub\bthfinal\services\dsh\governance\operations\dsh_estimate_get\OP_RUNTIME_VARS.csv","services\dsh\governance\operations\dsh_estimate_get\OP_RUNTIME_VARS.csv","unknown","dsh_estimate_get",".csv","OP_RUNTIME_VARS.csv","True","under services/dsh","False","False","False"
"services","C:\Users\b\Documents\GitHub\bthfinal\services\dsh\governance\operations\dsh_estimate_get\OP_SCREENS_MAP.csv","services\dsh\governance\operations\dsh_estimate_get\OP_SCREENS_MAP.csv","unknown","dsh_estimate_get",".csv","OP_SCREENS_MAP.csv","True","under services/dsh","False","False","False"
"services","C:\Users\b\Documents\GitHub\bthfinal\services\dsh\governance\operations\dsh_estimate_get\OP_SPEC.yaml","services\dsh\governance\operations\dsh_estimate_get\OP_SPEC.yaml","unknown","dsh_estimate_get",".yaml","OP_SPEC.yaml","True","under services/dsh","False","False","False"
"services","C:\Users\b\Documents\GitHub\bthfinal\services\dsh\governance\operations\dsh_external_order_create\OP_ACCEPTANCE.md","services\dsh\governance\operations\dsh_external_order_create\OP_ACCEPTANCE.md","unknown","dsh_external_order_create",".md","OP_ACCEPTANCE.md","True","under services/dsh","False","False","False"
"services","C:\Users\b\Documents\GitHub\bthfinal\services\dsh\governance\operations\dsh_external_order_create\OP_ACTIONS_CATALOG.csv","services\dsh\governance\operations\dsh_external_order_create\OP_ACTIONS_CATALOG.csv","unknown","dsh_external_order_create",".csv","OP_ACTIONS_CATALOG.csv","True","under services/dsh","False","False","False"
"services","C:\Users\b\Documents\GitHub\bthfinal\services\dsh\governance\operations\dsh_external_order_create\OP_API_MAP.csv","services\dsh\governance\operations\dsh_external_order_create\OP_API_MAP.csv","unknown","dsh_external_order_create",".csv","OP_API_MAP.csv","True","under services/dsh","False","False","False"
"services","C:\Users\b\Documents\GitHub\bthfinal\services\dsh\governance\operations\dsh_external_order_create\OP_EVIDENCE_INDEX.json","services\dsh\governance\operations\dsh_external_order_create\OP_EVIDENCE_INDEX.json","unknown","dsh_external_order_create",".json","OP_EVIDENCE_INDEX.json","True","under services/dsh","False","False","False"
"services","C:\Users\b\Documents\GitHub\bthfinal\services\dsh\governance\operations\dsh_external_order_create\OP_GAPS.md","services\dsh\governance\operations\dsh_external_order_create\OP_GAPS.md","unknown","dsh_external_order_create",".md","OP_GAPS.md","True","under services/dsh","False","False","False"
"services","C:\Users\b\Documents\GitHub\bthfinal\services\dsh\governance\operations\dsh_external_order_create\OP_MCPW_MAP.csv","services\dsh\governance\operations\dsh_external_order_create\OP_MCPW_MAP.csv","unknown","dsh_external_order_create",".csv","OP_MCPW_MAP.csv","True","under services/dsh","False","False","False"
"services","C:\Users\b\Documents\GitHub\bthfinal\services\dsh\governance\operations\dsh_external_order_create\OP_RBAC_ABAC.csv","services\dsh\governance\operations\dsh_external_order_create\OP_RBAC_ABAC.csv","unknown","dsh_external_order_create",".csv","OP_RBAC_ABAC.csv","True","under services/dsh","False","False","False"
"services","C:\Users\b\Documents\GitHub\bthfinal\services\dsh\governance\operations\dsh_external_order_create\OP_RUNTIME_VARS.csv","services\dsh\governance\operations\dsh_external_order_create\OP_RUNTIME_VARS.csv","unknown","dsh_external_order_create",".csv","OP_RUNTIME_VARS.csv","True","under services/dsh","False","False","False"
"services","C:\Users\b\Documents\GitHub\bthfinal\services\dsh\governance\operations\dsh_external_order_create\OP_SCREENS_MAP.csv","services\dsh\governance\operations\dsh_external_order_create\OP_SCREENS_MAP.csv","unknown","dsh_external_order_create",".csv","OP_SCREENS_MAP.csv","True","under services/dsh","False","False","False"
"services","C:\Users\b\Documents\GitHub\bthfinal\services\dsh\governance\operations\dsh_external_order_create\OP_SPEC.yaml","services\dsh\governance\operations\dsh_external_order_create\OP_SPEC.yaml","unknown","dsh_external_order_create",".yaml","OP_SPEC.yaml","True","under services/dsh","False","False","False"
"services","C:\Users\b\Documents\GitHub\bthfinal\services\dsh\governance\operations\dsh_field_store_activation_request\OP_ACCEPTANCE.md","services\dsh\governance\operations\dsh_field_store_activation_request\OP_ACCEPTANCE.md","unknown","dsh_field_store_activation_request",".md","OP_ACCEPTANCE.md","True","under services/dsh","False","False","False"
"services","C:\Users\b\Documents\GitHub\bthfinal\services\dsh\governance\operations\dsh_field_store_activation_request\OP_ACTIONS_CATALOG.csv","services\dsh\governance\operations\dsh_field_store_activation_request\OP_ACTIONS_CATALOG.csv","unknown","dsh_field_store_activation_request",".csv","OP_ACTIONS_CATALOG.csv","True","under services/dsh","False","False","False"
"services","C:\Users\b\Documents\GitHub\bthfinal\services\dsh\governance\operations\dsh_field_store_activation_request\OP_API_MAP.csv","services\dsh\governance\operations\dsh_field_store_activation_request\OP_API_MAP.csv","unknown","dsh_field_store_activation_request",".csv","OP_API_MAP.csv","True","under services/dsh","False","False","False"
"services","C:\Users\b\Documents\GitHub\bthfinal\services\dsh\governance\operations\dsh_field_store_activation_request\OP_EVIDENCE_INDEX.json","services\dsh\governance\operations\dsh_field_store_activation_request\OP_EVIDENCE_INDEX.json","unknown","dsh_field_store_activation_request",".json","OP_EVIDENCE_INDEX.json","True","under services/dsh","False","False","False"
"services","C:\Users\b\Documents\GitHub\bthfinal\services\dsh\governance\operations\dsh_field_store_activation_request\OP_GAPS.md","services\dsh\governance\operations\dsh_field_store_activation_request\OP_GAPS.md","unknown","dsh_field_store_activation_request",".md","OP_GAPS.md","True","under services/dsh","False","False","False"
"services","C:\Users\b\Documents\GitHub\bthfinal\services\dsh\governance\operations\dsh_field_store_activation_request\OP_MCPW_MAP.csv","services\dsh\governance\operations\dsh_field_store_activation_request\OP_MCPW_MAP.csv","unknown","dsh_field_store_activation_request",".csv","OP_MCPW_MAP.csv","True","under services/dsh","False","False","False"
"services","C:\Users\b\Documents\GitHub\bthfinal\services\dsh\governance\operations\dsh_field_store_activation_request\OP_RBAC_ABAC.csv","services\dsh\governance\operations\dsh_field_store_activation_request\OP_RBAC_ABAC.csv","unknown","dsh_field_store_activation_request",".csv","OP_RBAC_ABAC.csv","True","under services/dsh","False","False","False"
"services","C:\Users\b\Documents\GitHub\bthfinal\services\dsh\governance\operations\dsh_field_store_activation_request\OP_RUNTIME_VARS.csv","services\dsh\governance\operations\dsh_field_store_activation_request\OP_RUNTIME_VARS.csv","unknown","dsh_field_store_activation_request",".csv","OP_RUNTIME_VARS.csv","True","under services/dsh","False","False","False"
"services","C:\Users\b\Documents\GitHub\bthfinal\services\dsh\governance\operations\dsh_field_store_activation_request\OP_SCREENS_MAP.csv","services\dsh\governance\operations\dsh_field_store_activation_request\OP_SCREENS_MAP.csv","unknown","dsh_field_store_activation_request",".csv","OP_SCREENS_MAP.csv","True","under services/dsh","False","False","False"
"services","C:\Users\b\Documents\GitHub\bthfinal\services\dsh\governance\operations\dsh_field_store_activation_request\OP_SPEC.yaml","services\dsh\governance\operations\dsh_field_store_activation_request\OP_SPEC.yaml","unknown","dsh_field_store_activation_request",".yaml","OP_SPEC.yaml","True","under services/dsh","False","False","False"
"services","C:\Users\b\Documents\GitHub\bthfinal\services\dsh\governance\operations\dsh_field_store_geo_pin\OP_ACCEPTANCE.md","services\dsh\governance\operations\dsh_field_store_geo_pin\OP_ACCEPTANCE.md","unknown","dsh_field_store_geo_pin",".md","OP_ACCEPTANCE.md","True","under services/dsh","False","False","False"
"services","C:\Users\b\Documents\GitHub\bthfinal\services\dsh\governance\operations\dsh_field_store_geo_pin\OP_ACTIONS_CATALOG.csv","services\dsh\governance\operations\dsh_field_store_geo_pin\OP_ACTIONS_CATALOG.csv","unknown","dsh_field_store_geo_pin",".csv","OP_ACTIONS_CATALOG.csv","True","under services/dsh","False","False","False"
"services","C:\Users\b\Documents\GitHub\bthfinal\services\dsh\governance\operations\dsh_field_store_geo_pin\OP_API_MAP.csv","services\dsh\governance\operations\dsh_field_store_geo_pin\OP_API_MAP.csv","unknown","dsh_field_store_geo_pin",".csv","OP_API_MAP.csv","True","under services/dsh","False","False","False"
"services","C:\Users\b\Documents\GitHub\bthfinal\services\dsh\governance\operations\dsh_field_store_geo_pin\OP_EVIDENCE_INDEX.json","services\dsh\governance\operations\dsh_field_store_geo_pin\OP_EVIDENCE_INDEX.json","unknown","dsh_field_store_geo_pin",".json","OP_EVIDENCE_INDEX.json","True","under services/dsh","False","False","False"
"services","C:\Users\b\Documents\GitHub\bthfinal\services\dsh\governance\operations\dsh_field_store_geo_pin\OP_GAPS.md","services\dsh\governance\operations\dsh_field_store_geo_pin\OP_GAPS.md","unknown","dsh_field_store_geo_pin",".md","OP_GAPS.md","True","under services/dsh","False","False","False"
"services","C:\Users\b\Documents\GitHub\bthfinal\services\dsh\governance\operations\dsh_field_store_geo_pin\OP_MCPW_MAP.csv","services\dsh\governance\operations\dsh_field_store_geo_pin\OP_MCPW_MAP.csv","unknown","dsh_field_store_geo_pin",".csv","OP_MCPW_MAP.csv","True","under services/dsh","False","False","False"
"services","C:\Users\b\Documents\GitHub\bthfinal\services\dsh\governance\operations\dsh_field_store_geo_pin\OP_RBAC_ABAC.csv","services\dsh\governance\operations\dsh_field_store_geo_pin\OP_RBAC_ABAC.csv","unknown","dsh_field_store_geo_pin",".csv","OP_RBAC_ABAC.csv","True","under services/dsh","False","False","False"
"services","C:\Users\b\Documents\GitHub\bthfinal\services\dsh\governance\operations\dsh_field_store_geo_pin\OP_RUNTIME_VARS.csv","services\dsh\governance\operations\dsh_field_store_geo_pin\OP_RUNTIME_VARS.csv","unknown","dsh_field_store_geo_pin",".csv","OP_RUNTIME_VARS.csv","True","under services/dsh","False","False","False"
"services","C:\Users\b\Documents\GitHub\bthfinal\services\dsh\governance\operations\dsh_field_store_geo_pin\OP_SCREENS_MAP.csv","services\dsh\governance\operations\dsh_field_store_geo_pin\OP_SCREENS_MAP.csv","unknown","dsh_field_store_geo_pin",".csv","OP_SCREENS_MAP.csv","True","under services/dsh","False","False","False"
"services","C:\Users\b\Documents\GitHub\bthfinal\services\dsh\governance\operations\dsh_field_store_geo_pin\OP_SPEC.yaml","services\dsh\governance\operations\dsh_field_store_geo_pin\OP_SPEC.yaml","unknown","dsh_field_store_geo_pin",".yaml","OP_SPEC.yaml","True","under services/dsh","False","False","False"
"services","C:\Users\b\Documents\GitHub\bthfinal\services\dsh\governance\operations\dsh_field_store_visit_log\OP_ACCEPTANCE.md","services\dsh\governance\operations\dsh_field_store_visit_log\OP_ACCEPTANCE.md","unknown","dsh_field_store_visit_log",".md","OP_ACCEPTANCE.md","True","under services/dsh","False","False","False"
"services","C:\Users\b\Documents\GitHub\bthfinal\services\dsh\governance\operations\dsh_field_store_visit_log\OP_ACTIONS_CATALOG.csv","services\dsh\governance\operations\dsh_field_store_visit_log\OP_ACTIONS_CATALOG.csv","unknown","dsh_field_store_visit_log",".csv","OP_ACTIONS_CATALOG.csv","True","under services/dsh","False","False","False"
"services","C:\Users\b\Documents\GitHub\bthfinal\services\dsh\governance\operations\dsh_field_store_visit_log\OP_API_MAP.csv","services\dsh\governance\operations\dsh_field_store_visit_log\OP_API_MAP.csv","unknown","dsh_field_store_visit_log",".csv","OP_API_MAP.csv","True","under services/dsh","False","False","False"
"services","C:\Users\b\Documents\GitHub\bthfinal\services\dsh\governance\operations\dsh_field_store_visit_log\OP_EVIDENCE_INDEX.json","services\dsh\governance\operations\dsh_field_store_visit_log\OP_EVIDENCE_INDEX.json","unknown","dsh_field_store_visit_log",".json","OP_EVIDENCE_INDEX.json","True","under services/dsh","False","False","False"
"services","C:\Users\b\Documents\GitHub\bthfinal\services\dsh\governance\operations\dsh_field_store_visit_log\OP_GAPS.md","services\dsh\governance\operations\dsh_field_store_visit_log\OP_GAPS.md","unknown","dsh_field_store_visit_log",".md","OP_GAPS.md","True","under services/dsh","False","False","False"
"services","C:\Users\b\Documents\GitHub\bthfinal\services\dsh\governance\operations\dsh_field_store_visit_log\OP_MCPW_MAP.csv","services\dsh\governance\operations\dsh_field_store_visit_log\OP_MCPW_MAP.csv","unknown","dsh_field_store_visit_log",".csv","OP_MCPW_MAP.csv","True","under services/dsh","False","False","False"
"services","C:\Users\b\Documents\GitHub\bthfinal\services\dsh\governance\operations\dsh_field_store_visit_log\OP_RBAC_ABAC.csv","services\dsh\governance\operations\dsh_field_store_visit_log\OP_RBAC_ABAC.csv","unknown","dsh_field_store_visit_log",".csv","OP_RBAC_ABAC.csv","True","under services/dsh","False","False","False"
"services","C:\Users\b\Documents\GitHub\bthfinal\services\dsh\governance\operations\dsh_field_store_visit_log\OP_RUNTIME_VARS.csv","services\dsh\governance\operations\dsh_field_store_visit_log\OP_RUNTIME_VARS.csv","unknown","dsh_field_store_visit_log",".csv","OP_RUNTIME_VARS.csv","True","under services/dsh","False","False","False"
"services","C:\Users\b\Documents\GitHub\bthfinal\services\dsh\governance\operations\dsh_field_store_visit_log\OP_SCREENS_MAP.csv","services\dsh\governance\operations\dsh_field_store_visit_log\OP_SCREENS_MAP.csv","unknown","dsh_field_store_visit_log",".csv","OP_SCREENS_MAP.csv","True","under services/dsh","False","False","False"
"services","C:\Users\b\Documents\GitHub\bthfinal\services\dsh\governance\operations\dsh_field_store_visit_log\OP_SPEC.yaml","services\dsh\governance\operations\dsh_field_store_visit_log\OP_SPEC.yaml","unknown","dsh_field_store_visit_log",".yaml","OP_SPEC.yaml","True","under services/dsh","False","False","False"
"services","C:\Users\b\Documents\GitHub\bthfinal\services\dsh\governance\operations\dsh_listing_status_update\OP_ACCEPTANCE.md","services\dsh\governance\operations\dsh_listing_status_update\OP_ACCEPTANCE.md","unknown","dsh_listing_status_update",".md","OP_ACCEPTANCE.md","True","under services/dsh","False","False","False"
"services","C:\Users\b\Documents\GitHub\bthfinal\services\dsh\governance\operations\dsh_listing_status_update\OP_ACTIONS_CATALOG.csv","services\dsh\governance\operations\dsh_listing_status_update\OP_ACTIONS_CATALOG.csv","unknown","dsh_listing_status_update",".csv","OP_ACTIONS_CATALOG.csv","True","under services/dsh","False","False","False"
"services","C:\Users\b\Documents\GitHub\bthfinal\services\dsh\governance\operations\dsh_listing_status_update\OP_API_MAP.csv","services\dsh\governance\operations\dsh_listing_status_update\OP_API_MAP.csv","unknown","dsh_listing_status_update",".csv","OP_API_MAP.csv","True","under services/dsh","False","False","False"
"services","C:\Users\b\Documents\GitHub\bthfinal\services\dsh\governance\operations\dsh_listing_status_update\OP_EVIDENCE_INDEX.json","services\dsh\governance\operations\dsh_listing_status_update\OP_EVIDENCE_INDEX.json","unknown","dsh_listing_status_update",".json","OP_EVIDENCE_INDEX.json","True","under services/dsh","False","False","False"
"services","C:\Users\b\Documents\GitHub\bthfinal\services\dsh\governance\operations\dsh_listing_status_update\OP_GAPS.md","services\dsh\governance\operations\dsh_listing_status_update\OP_GAPS.md","unknown","dsh_listing_status_update",".md","OP_GAPS.md","True","under services/dsh","False","False","False"
"services","C:\Users\b\Documents\GitHub\bthfinal\services\dsh\governance\operations\dsh_listing_status_update\OP_MCPW_MAP.csv","services\dsh\governance\operations\dsh_listing_status_update\OP_MCPW_MAP.csv","unknown","dsh_listing_status_update",".csv","OP_MCPW_MAP.csv","True","under services/dsh","False","False","False"
"services","C:\Users\b\Documents\GitHub\bthfinal\services\dsh\governance\operations\dsh_listing_status_update\OP_RBAC_ABAC.csv","services\dsh\governance\operations\dsh_listing_status_update\OP_RBAC_ABAC.csv","unknown","dsh_listing_status_update",".csv","OP_RBAC_ABAC.csv","True","under services/dsh","False","False","False"
"services","C:\Users\b\Documents\GitHub\bthfinal\services\dsh\governance\operations\dsh_listing_status_update\OP_RUNTIME_VARS.csv","services\dsh\governance\operations\dsh_listing_status_update\OP_RUNTIME_VARS.csv","unknown","dsh_listing_status_update",".csv","OP_RUNTIME_VARS.csv","True","under services/dsh","False","False","False"
"services","C:\Users\b\Documents\GitHub\bthfinal\services\dsh\governance\operations\dsh_listing_status_update\OP_SCREENS_MAP.csv","services\dsh\governance\operations\dsh_listing_status_update\OP_SCREENS_MAP.csv","unknown","dsh_listing_status_update",".csv","OP_SCREENS_MAP.csv","True","under services/dsh","False","False","False"
"services","C:\Users\b\Documents\GitHub\bthfinal\services\dsh\governance\operations\dsh_listing_status_update\OP_SPEC.yaml","services\dsh\governance\operations\dsh_listing_status_update\OP_SPEC.yaml","unknown","dsh_listing_status_update",".yaml","OP_SPEC.yaml","True","under services/dsh","False","False","False"
"services","C:\Users\b\Documents\GitHub\bthfinal\services\dsh\governance\operations\dsh_loyalty_points_redeem\OP_ACCEPTANCE.md","services\dsh\governance\operations\dsh_loyalty_points_redeem\OP_ACCEPTANCE.md","unknown","dsh_loyalty_points_redeem",".md","OP_ACCEPTANCE.md","True","under services/dsh","False","False","False"
"services","C:\Users\b\Documents\GitHub\bthfinal\services\dsh\governance\operations\dsh_loyalty_points_redeem\OP_ACTIONS_CATALOG.csv","services\dsh\governance\operations\dsh_loyalty_points_redeem\OP_ACTIONS_CATALOG.csv","unknown","dsh_loyalty_points_redeem",".csv","OP_ACTIONS_CATALOG.csv","True","under services/dsh","False","False","False"
"services","C:\Users\b\Documents\GitHub\bthfinal\services\dsh\governance\operations\dsh_loyalty_points_redeem\OP_API_MAP.csv","services\dsh\governance\operations\dsh_loyalty_points_redeem\OP_API_MAP.csv","unknown","dsh_loyalty_points_redeem",".csv","OP_API_MAP.csv","True","under services/dsh","False","False","False"
"services","C:\Users\b\Documents\GitHub\bthfinal\services\dsh\governance\operations\dsh_loyalty_points_redeem\OP_EVIDENCE_INDEX.json","services\dsh\governance\operations\dsh_loyalty_points_redeem\OP_EVIDENCE_INDEX.json","unknown","dsh_loyalty_points_redeem",".json","OP_EVIDENCE_INDEX.json","True","under services/dsh","False","False","False"
"services","C:\Users\b\Documents\GitHub\bthfinal\services\dsh\governance\operations\dsh_loyalty_points_redeem\OP_GAPS.md","services\dsh\governance\operations\dsh_loyalty_points_redeem\OP_GAPS.md","unknown","dsh_loyalty_points_redeem",".md","OP_GAPS.md","True","under services/dsh","False","False","False"
"services","C:\Users\b\Documents\GitHub\bthfinal\services\dsh\governance\operations\dsh_loyalty_points_redeem\OP_MCPW_MAP.csv","services\dsh\governance\operations\dsh_loyalty_points_redeem\OP_MCPW_MAP.csv","unknown","dsh_loyalty_points_redeem",".csv","OP_MCPW_MAP.csv","True","under services/dsh","False","False","False"
"services","C:\Users\b\Documents\GitHub\bthfinal\services\dsh\governance\operations\dsh_loyalty_points_redeem\OP_RBAC_ABAC.csv","services\dsh\governance\operations\dsh_loyalty_points_redeem\OP_RBAC_ABAC.csv","unknown","dsh_loyalty_points_redeem",".csv","OP_RBAC_ABAC.csv","True","under services/dsh","False","False","False"
"services","C:\Users\b\Documents\GitHub\bthfinal\services\dsh\governance\operations\dsh_loyalty_points_redeem\OP_RUNTIME_VARS.csv","services\dsh\governance\operations\dsh_loyalty_points_redeem\OP_RUNTIME_VARS.csv","unknown","dsh_loyalty_points_redeem",".csv","OP_RUNTIME_VARS.csv","True","under services/dsh","False","False","False"
"services","C:\Users\b\Documents\GitHub\bthfinal\services\dsh\governance\operations\dsh_loyalty_points_redeem\OP_SCREENS_MAP.csv","services\dsh\governance\operations\dsh_loyalty_points_redeem\OP_SCREENS_MAP.csv","unknown","dsh_loyalty_points_redeem",".csv","OP_SCREENS_MAP.csv","True","under services/dsh","False","False","False"
"services","C:\Users\b\Documents\GitHub\bthfinal\services\dsh\governance\operations\dsh_loyalty_points_redeem\OP_SPEC.yaml","services\dsh\governance\operations\dsh_loyalty_points_redeem\OP_SPEC.yaml","unknown","dsh_loyalty_points_redeem",".yaml","OP_SPEC.yaml","True","under services/dsh","False","False","False"
"services","C:\Users\b\Documents\GitHub\bthfinal\services\dsh\governance\operations\dsh_loyalty_points_user_balance\OP_ACCEPTANCE.md","services\dsh\governance\operations\dsh_loyalty_points_user_balance\OP_ACCEPTANCE.md","unknown","dsh_loyalty_points_user_balance",".md","OP_ACCEPTANCE.md","True","under services/dsh","False","False","False"
"services","C:\Users\b\Documents\GitHub\bthfinal\services\dsh\governance\operations\dsh_loyalty_points_user_balance\OP_ACTIONS_CATALOG.csv","services\dsh\governance\operations\dsh_loyalty_points_user_balance\OP_ACTIONS_CATALOG.csv","unknown","dsh_loyalty_points_user_balance",".csv","OP_ACTIONS_CATALOG.csv","True","under services/dsh","False","False","False"
"services","C:\Users\b\Documents\GitHub\bthfinal\services\dsh\governance\operations\dsh_loyalty_points_user_balance\OP_API_MAP.csv","services\dsh\governance\operations\dsh_loyalty_points_user_balance\OP_API_MAP.csv","unknown","dsh_loyalty_points_user_balance",".csv","OP_API_MAP.csv","True","under services/dsh","False","False","False"
"services","C:\Users\b\Documents\GitHub\bthfinal\services\dsh\governance\operations\dsh_loyalty_points_user_balance\OP_EVIDENCE_INDEX.json","services\dsh\governance\operations\dsh_loyalty_points_user_balance\OP_EVIDENCE_INDEX.json","unknown","dsh_loyalty_points_user_balance",".json","OP_EVIDENCE_INDEX.json","True","under services/dsh","False","False","False"
"services","C:\Users\b\Documents\GitHub\bthfinal\services\dsh\governance\operations\dsh_loyalty_points_user_balance\OP_GAPS.md","services\dsh\governance\operations\dsh_loyalty_points_user_balance\OP_GAPS.md","unknown","dsh_loyalty_points_user_balance",".md","OP_GAPS.md","True","under services/dsh","False","False","False"
"services","C:\Users\b\Documents\GitHub\bthfinal\services\dsh\governance\operations\dsh_loyalty_points_user_balance\OP_MCPW_MAP.csv","services\dsh\governance\operations\dsh_loyalty_points_user_balance\OP_MCPW_MAP.csv","unknown","dsh_loyalty_points_user_balance",".csv","OP_MCPW_MAP.csv","True","under services/dsh","False","False","False"
"services","C:\Users\b\Documents\GitHub\bthfinal\services\dsh\governance\operations\dsh_loyalty_points_user_balance\OP_RBAC_ABAC.csv","services\dsh\governance\operations\dsh_loyalty_points_user_balance\OP_RBAC_ABAC.csv","unknown","dsh_loyalty_points_user_balance",".csv","OP_RBAC_ABAC.csv","True","under services/dsh","False","False","False"
"services","C:\Users\b\Documents\GitHub\bthfinal\services\dsh\governance\operations\dsh_loyalty_points_user_balance\OP_RUNTIME_VARS.csv","services\dsh\governance\operations\dsh_loyalty_points_user_balance\OP_RUNTIME_VARS.csv","unknown","dsh_loyalty_points_user_balance",".csv","OP_RUNTIME_VARS.csv","True","under services/dsh","False","False","False"
"services","C:\Users\b\Documents\GitHub\bthfinal\services\dsh\governance\operations\dsh_loyalty_points_user_balance\OP_SCREENS_MAP.csv","services\dsh\governance\operations\dsh_loyalty_points_user_balance\OP_SCREENS_MAP.csv","unknown","dsh_loyalty_points_user_balance",".csv","OP_SCREENS_MAP.csv","True","under services/dsh","False","False","False"
"services","C:\Users\b\Documents\GitHub\bthfinal\services\dsh\governance\operations\dsh_loyalty_points_user_balance\OP_SPEC.yaml","services\dsh\governance\operations\dsh_loyalty_points_user_balance\OP_SPEC.yaml","unknown","dsh_loyalty_points_user_balance",".yaml","OP_SPEC.yaml","True","under services/dsh","False","False","False"
"services","C:\Users\b\Documents\GitHub\bthfinal\services\dsh\governance\operations\dsh_loyalty_points_user_history\OP_ACCEPTANCE.md","services\dsh\governance\operations\dsh_loyalty_points_user_history\OP_ACCEPTANCE.md","unknown","dsh_loyalty_points_user_history",".md","OP_ACCEPTANCE.md","True","under services/dsh","False","False","False"
"services","C:\Users\b\Documents\GitHub\bthfinal\services\dsh\governance\operations\dsh_loyalty_points_user_history\OP_ACTIONS_CATALOG.csv","services\dsh\governance\operations\dsh_loyalty_points_user_history\OP_ACTIONS_CATALOG.csv","unknown","dsh_loyalty_points_user_history",".csv","OP_ACTIONS_CATALOG.csv","True","under services/dsh","False","False","False"
"services","C:\Users\b\Documents\GitHub\bthfinal\services\dsh\governance\operations\dsh_loyalty_points_user_history\OP_API_MAP.csv","services\dsh\governance\operations\dsh_loyalty_points_user_history\OP_API_MAP.csv","unknown","dsh_loyalty_points_user_history",".csv","OP_API_MAP.csv","True","under services/dsh","False","False","False"
"services","C:\Users\b\Documents\GitHub\bthfinal\services\dsh\governance\operations\dsh_loyalty_points_user_history\OP_EVIDENCE_INDEX.json","services\dsh\governance\operations\dsh_loyalty_points_user_history\OP_EVIDENCE_INDEX.json","unknown","dsh_loyalty_points_user_history",".json","OP_EVIDENCE_INDEX.json","True","under services/dsh","False","False","False"
"services","C:\Users\b\Documents\GitHub\bthfinal\services\dsh\governance\operations\dsh_loyalty_points_user_history\OP_GAPS.md","services\dsh\governance\operations\dsh_loyalty_points_user_history\OP_GAPS.md","unknown","dsh_loyalty_points_user_history",".md","OP_GAPS.md","True","under services/dsh","False","False","False"
"services","C:\Users\b\Documents\GitHub\bthfinal\services\dsh\governance\operations\dsh_loyalty_points_user_history\OP_MCPW_MAP.csv","services\dsh\governance\operations\dsh_loyalty_points_user_history\OP_MCPW_MAP.csv","unknown","dsh_loyalty_points_user_history",".csv","OP_MCPW_MAP.csv","True","under services/dsh","False","False","False"
"services","C:\Users\b\Documents\GitHub\bthfinal\services\dsh\governance\operations\dsh_loyalty_points_user_history\OP_RBAC_ABAC.csv","services\dsh\governance\operations\dsh_loyalty_points_user_history\OP_RBAC_ABAC.csv","unknown","dsh_loyalty_points_user_history",".csv","OP_RBAC_ABAC.csv","True","under services/dsh","False","False","False"
"services","C:\Users\b\Documents\GitHub\bthfinal\services\dsh\governance\operations\dsh_loyalty_points_user_history\OP_RUNTIME_VARS.csv","services\dsh\governance\operations\dsh_loyalty_points_user_history\OP_RUNTIME_VARS.csv","unknown","dsh_loyalty_points_user_history",".csv","OP_RUNTIME_VARS.csv","True","under services/dsh","False","False","False"
"services","C:\Users\b\Documents\GitHub\bthfinal\services\dsh\governance\operations\dsh_loyalty_points_user_history\OP_SCREENS_MAP.csv","services\dsh\governance\operations\dsh_loyalty_points_user_history\OP_SCREENS_MAP.csv","unknown","dsh_loyalty_points_user_history",".csv","OP_SCREENS_MAP.csv","True","under services/dsh","False","False","False"
"services","C:\Users\b\Documents\GitHub\bthfinal\services\dsh\governance\operations\dsh_loyalty_points_user_history\OP_SPEC.yaml","services\dsh\governance\operations\dsh_loyalty_points_user_history\OP_SPEC.yaml","unknown","dsh_loyalty_points_user_history",".yaml","OP_SPEC.yaml","True","under services/dsh","False","False","False"
"services","C:\Users\b\Documents\GitHub\bthfinal\services\dsh\governance\operations\dsh_order_accept\OP_ACCEPTANCE.md","services\dsh\governance\operations\dsh_order_accept\OP_ACCEPTANCE.md","unknown","dsh_order_accept",".md","OP_ACCEPTANCE.md","True","under services/dsh","False","False","False"
"services","C:\Users\b\Documents\GitHub\bthfinal\services\dsh\governance\operations\dsh_order_accept\OP_ACTIONS_CATALOG.csv","services\dsh\governance\operations\dsh_order_accept\OP_ACTIONS_CATALOG.csv","unknown","dsh_order_accept",".csv","OP_ACTIONS_CATALOG.csv","True","under services/dsh","False","False","False"
"services","C:\Users\b\Documents\GitHub\bthfinal\services\dsh\governance\operations\dsh_order_accept\OP_API_MAP.csv","services\dsh\governance\operations\dsh_order_accept\OP_API_MAP.csv","unknown","dsh_order_accept",".csv","OP_API_MAP.csv","True","under services/dsh","False","False","False"
"services","C:\Users\b\Documents\GitHub\bthfinal\services\dsh\governance\operations\dsh_order_accept\OP_EVIDENCE_INDEX.json","services\dsh\governance\operations\dsh_order_accept\OP_EVIDENCE_INDEX.json","unknown","dsh_order_accept",".json","OP_EVIDENCE_INDEX.json","True","under services/dsh","False","False","False"
"services","C:\Users\b\Documents\GitHub\bthfinal\services\dsh\governance\operations\dsh_order_accept\OP_GAPS.md","services\dsh\governance\operations\dsh_order_accept\OP_GAPS.md","unknown","dsh_order_accept",".md","OP_GAPS.md","True","under services/dsh","False","False","False"
"services","C:\Users\b\Documents\GitHub\bthfinal\services\dsh\governance\operations\dsh_order_accept\OP_MCPW_MAP.csv","services\dsh\governance\operations\dsh_order_accept\OP_MCPW_MAP.csv","unknown","dsh_order_accept",".csv","OP_MCPW_MAP.csv","True","under services/dsh","False","False","False"
"services","C:\Users\b\Documents\GitHub\bthfinal\services\dsh\governance\operations\dsh_order_accept\OP_RBAC_ABAC.csv","services\dsh\governance\operations\dsh_order_accept\OP_RBAC_ABAC.csv","unknown","dsh_order_accept",".csv","OP_RBAC_ABAC.csv","True","under services/dsh","False","False","False"
"services","C:\Users\b\Documents\GitHub\bthfinal\services\dsh\governance\operations\dsh_order_accept\OP_RUNTIME_VARS.csv","services\dsh\governance\operations\dsh_order_accept\OP_RUNTIME_VARS.csv","unknown","dsh_order_accept",".csv","OP_RUNTIME_VARS.csv","True","under services/dsh","False","False","False"
"services","C:\Users\b\Documents\GitHub\bthfinal\services\dsh\governance\operations\dsh_order_accept\OP_SCREENS_MAP.csv","services\dsh\governance\operations\dsh_order_accept\OP_SCREENS_MAP.csv","unknown","dsh_order_accept",".csv","OP_SCREENS_MAP.csv","True","under services/dsh","False","False","False"
"services","C:\Users\b\Documents\GitHub\bthfinal\services\dsh\governance\operations\dsh_order_accept\OP_SPEC.yaml","services\dsh\governance\operations\dsh_order_accept\OP_SPEC.yaml","unknown","dsh_order_accept",".yaml","OP_SPEC.yaml","True","under services/dsh","False","False","False"
"services","C:\Users\b\Documents\GitHub\bthfinal\services\dsh\governance\operations\dsh_order_complete\OP_ACCEPTANCE.md","services\dsh\governance\operations\dsh_order_complete\OP_ACCEPTANCE.md","unknown","dsh_order_complete",".md","OP_ACCEPTANCE.md","True","under services/dsh","False","False","False"
"services","C:\Users\b\Documents\GitHub\bthfinal\services\dsh\governance\operations\dsh_order_complete\OP_ACTIONS_CATALOG.csv","services\dsh\governance\operations\dsh_order_complete\OP_ACTIONS_CATALOG.csv","unknown","dsh_order_complete",".csv","OP_ACTIONS_CATALOG.csv","True","under services/dsh","False","False","False"
"services","C:\Users\b\Documents\GitHub\bthfinal\services\dsh\governance\operations\dsh_order_complete\OP_API_MAP.csv","services\dsh\governance\operations\dsh_order_complete\OP_API_MAP.csv","unknown","dsh_order_complete",".csv","OP_API_MAP.csv","True","under services/dsh","False","False","False"
"services","C:\Users\b\Documents\GitHub\bthfinal\services\dsh\governance\operations\dsh_order_complete\OP_EVIDENCE_INDEX.json","services\dsh\governance\operations\dsh_order_complete\OP_EVIDENCE_INDEX.json","unknown","dsh_order_complete",".json","OP_EVIDENCE_INDEX.json","True","under services/dsh","False","False","False"
"services","C:\Users\b\Documents\GitHub\bthfinal\services\dsh\governance\operations\dsh_order_complete\OP_GAPS.md","services\dsh\governance\operations\dsh_order_complete\OP_GAPS.md","unknown","dsh_order_complete",".md","OP_GAPS.md","True","under services/dsh","False","False","False"
"services","C:\Users\b\Documents\GitHub\bthfinal\services\dsh\governance\operations\dsh_order_complete\OP_MCPW_MAP.csv","services\dsh\governance\operations\dsh_order_complete\OP_MCPW_MAP.csv","unknown","dsh_order_complete",".csv","OP_MCPW_MAP.csv","True","under services/dsh","False","False","False"
"services","C:\Users\b\Documents\GitHub\bthfinal\services\dsh\governance\operations\dsh_order_complete\OP_RBAC_ABAC.csv","services\dsh\governance\operations\dsh_order_complete\OP_RBAC_ABAC.csv","unknown","dsh_order_complete",".csv","OP_RBAC_ABAC.csv","True","under services/dsh","False","False","False"
"services","C:\Users\b\Documents\GitHub\bthfinal\services\dsh\governance\operations\dsh_order_complete\OP_RUNTIME_VARS.csv","services\dsh\governance\operations\dsh_order_complete\OP_RUNTIME_VARS.csv","unknown","dsh_order_complete",".csv","OP_RUNTIME_VARS.csv","True","under services/dsh","False","False","False"
"services","C:\Users\b\Documents\GitHub\bthfinal\services\dsh\governance\operations\dsh_order_complete\OP_SCREENS_MAP.csv","services\dsh\governance\operations\dsh_order_complete\OP_SCREENS_MAP.csv","unknown","dsh_order_complete",".csv","OP_SCREENS_MAP.csv","True","under services/dsh","False","False","False"
"services","C:\Users\b\Documents\GitHub\bthfinal\services\dsh\governance\operations\dsh_order_complete\OP_SPEC.yaml","services\dsh\governance\operations\dsh_order_complete\OP_SPEC.yaml","unknown","dsh_order_complete",".yaml","OP_SPEC.yaml","True","under services/dsh","False","False","False"
"services","C:\Users\b\Documents\GitHub\bthfinal\services\dsh\governance\operations\dsh_order_create\OP_ACCEPTANCE.md","services\dsh\governance\operations\dsh_order_create\OP_ACCEPTANCE.md","unknown","dsh_order_create",".md","OP_ACCEPTANCE.md","True","under services/dsh","False","False","False"
"services","C:\Users\b\Documents\GitHub\bthfinal\services\dsh\governance\operations\dsh_order_create\OP_ACTIONS_CATALOG.csv","services\dsh\governance\operations\dsh_order_create\OP_ACTIONS_CATALOG.csv","unknown","dsh_order_create",".csv","OP_ACTIONS_CATALOG.csv","True","under services/dsh","False","False","False"
"services","C:\Users\b\Documents\GitHub\bthfinal\services\dsh\governance\operations\dsh_order_create\OP_API_MAP.csv","services\dsh\governance\operations\dsh_order_create\OP_API_MAP.csv","unknown","dsh_order_create",".csv","OP_API_MAP.csv","True","under services/dsh","False","False","False"
"services","C:\Users\b\Documents\GitHub\bthfinal\services\dsh\governance\operations\dsh_order_create\OP_EVIDENCE_INDEX.json","services\dsh\governance\operations\dsh_order_create\OP_EVIDENCE_INDEX.json","unknown","dsh_order_create",".json","OP_EVIDENCE_INDEX.json","True","under services/dsh","False","False","False"
"services","C:\Users\b\Documents\GitHub\bthfinal\services\dsh\governance\operations\dsh_order_create\OP_GAPS.md","services\dsh\governance\operations\dsh_order_create\OP_GAPS.md","unknown","dsh_order_create",".md","OP_GAPS.md","True","under services/dsh","False","False","False"
"services","C:\Users\b\Documents\GitHub\bthfinal\services\dsh\governance\operations\dsh_order_create\OP_MCPW_MAP.csv","services\dsh\governance\operations\dsh_order_create\OP_MCPW_MAP.csv","unknown","dsh_order_create",".csv","OP_MCPW_MAP.csv","True","under services/dsh","False","False","False"
"services","C:\Users\b\Documents\GitHub\bthfinal\services\dsh\governance\operations\dsh_order_create\OP_RBAC_ABAC.csv","services\dsh\governance\operations\dsh_order_create\OP_RBAC_ABAC.csv","unknown","dsh_order_create",".csv","OP_RBAC_ABAC.csv","True","under services/dsh","False","False","False"
"services","C:\Users\b\Documents\GitHub\bthfinal\services\dsh\governance\operations\dsh_order_create\OP_RUNTIME_VARS.csv","services\dsh\governance\operations\dsh_order_create\OP_RUNTIME_VARS.csv","unknown","dsh_order_create",".csv","OP_RUNTIME_VARS.csv","True","under services/dsh","False","False","False"
"services","C:\Users\b\Documents\GitHub\bthfinal\services\dsh\governance\operations\dsh_order_create\OP_SCREENS_MAP.csv","services\dsh\governance\operations\dsh_order_create\OP_SCREENS_MAP.csv","unknown","dsh_order_create",".csv","OP_SCREENS_MAP.csv","True","under services/dsh","False","False","False"
"services","C:\Users\b\Documents\GitHub\bthfinal\services\dsh\governance\operations\dsh_order_create\OP_SPEC.yaml","services\dsh\governance\operations\dsh_order_create\OP_SPEC.yaml","unknown","dsh_order_create",".yaml","OP_SPEC.yaml","True","under services/dsh","False","False","False"
"services","C:\Users\b\Documents\GitHub\bthfinal\services\dsh\governance\operations\dsh_order_escrow_hold\OP_ACCEPTANCE.md","services\dsh\governance\operations\dsh_order_escrow_hold\OP_ACCEPTANCE.md","unknown","dsh_order_escrow_hold",".md","OP_ACCEPTANCE.md","True","under services/dsh","False","False","False"
"services","C:\Users\b\Documents\GitHub\bthfinal\services\dsh\governance\operations\dsh_order_escrow_hold\OP_ACTIONS_CATALOG.csv","services\dsh\governance\operations\dsh_order_escrow_hold\OP_ACTIONS_CATALOG.csv","unknown","dsh_order_escrow_hold",".csv","OP_ACTIONS_CATALOG.csv","True","under services/dsh","False","False","False"
"services","C:\Users\b\Documents\GitHub\bthfinal\services\dsh\governance\operations\dsh_order_escrow_hold\OP_API_MAP.csv","services\dsh\governance\operations\dsh_order_escrow_hold\OP_API_MAP.csv","unknown","dsh_order_escrow_hold",".csv","OP_API_MAP.csv","True","under services/dsh","False","False","False"
"services","C:\Users\b\Documents\GitHub\bthfinal\services\dsh\governance\operations\dsh_order_escrow_hold\OP_EVIDENCE_INDEX.json","services\dsh\governance\operations\dsh_order_escrow_hold\OP_EVIDENCE_INDEX.json","unknown","dsh_order_escrow_hold",".json","OP_EVIDENCE_INDEX.json","True","under services/dsh","False","False","False"
"services","C:\Users\b\Documents\GitHub\bthfinal\services\dsh\governance\operations\dsh_order_escrow_hold\OP_GAPS.md","services\dsh\governance\operations\dsh_order_escrow_hold\OP_GAPS.md","unknown","dsh_order_escrow_hold",".md","OP_GAPS.md","True","under services/dsh","False","False","False"
"services","C:\Users\b\Documents\GitHub\bthfinal\services\dsh\governance\operations\dsh_order_escrow_hold\OP_MCPW_MAP.csv","services\dsh\governance\operations\dsh_order_escrow_hold\OP_MCPW_MAP.csv","unknown","dsh_order_escrow_hold",".csv","OP_MCPW_MAP.csv","True","under services/dsh","False","False","False"
"services","C:\Users\b\Documents\GitHub\bthfinal\services\dsh\governance\operations\dsh_order_escrow_hold\OP_RBAC_ABAC.csv","services\dsh\governance\operations\dsh_order_escrow_hold\OP_RBAC_ABAC.csv","unknown","dsh_order_escrow_hold",".csv","OP_RBAC_ABAC.csv","True","under services/dsh","False","False","False"
"services","C:\Users\b\Documents\GitHub\bthfinal\services\dsh\governance\operations\dsh_order_escrow_hold\OP_RUNTIME_VARS.csv","services\dsh\governance\operations\dsh_order_escrow_hold\OP_RUNTIME_VARS.csv","unknown","dsh_order_escrow_hold",".csv","OP_RUNTIME_VARS.csv","True","under services/dsh","False","False","False"
"services","C:\Users\b\Documents\GitHub\bthfinal\services\dsh\governance\operations\dsh_order_escrow_hold\OP_SCREENS_MAP.csv","services\dsh\governance\operations\dsh_order_escrow_hold\OP_SCREENS_MAP.csv","unknown","dsh_order_escrow_hold",".csv","OP_SCREENS_MAP.csv","True","under services/dsh","False","False","False"
"services","C:\Users\b\Documents\GitHub\bthfinal\services\dsh\governance\operations\dsh_order_escrow_hold\OP_SPEC.yaml","services\dsh\governance\operations\dsh_order_escrow_hold\OP_SPEC.yaml","unknown","dsh_order_escrow_hold",".yaml","OP_SPEC.yaml","True","under services/dsh","False","False","False"
"services","C:\Users\b\Documents\GitHub\bthfinal\services\dsh\governance\operations\dsh_order_escrow_release\OP_ACCEPTANCE.md","services\dsh\governance\operations\dsh_order_escrow_release\OP_ACCEPTANCE.md","unknown","dsh_order_escrow_release",".md","OP_ACCEPTANCE.md","True","under services/dsh","False","False","False"
"services","C:\Users\b\Documents\GitHub\bthfinal\services\dsh\governance\operations\dsh_order_escrow_release\OP_ACTIONS_CATALOG.csv","services\dsh\governance\operations\dsh_order_escrow_release\OP_ACTIONS_CATALOG.csv","unknown","dsh_order_escrow_release",".csv","OP_ACTIONS_CATALOG.csv","True","under services/dsh","False","False","False"
"services","C:\Users\b\Documents\GitHub\bthfinal\services\dsh\governance\operations\dsh_order_escrow_release\OP_API_MAP.csv","services\dsh\governance\operations\dsh_order_escrow_release\OP_API_MAP.csv","unknown","dsh_order_escrow_release",".csv","OP_API_MAP.csv","True","under services/dsh","False","False","False"
"services","C:\Users\b\Documents\GitHub\bthfinal\services\dsh\governance\operations\dsh_order_escrow_release\OP_EVIDENCE_INDEX.json","services\dsh\governance\operations\dsh_order_escrow_release\OP_EVIDENCE_INDEX.json","unknown","dsh_order_escrow_release",".json","OP_EVIDENCE_INDEX.json","True","under services/dsh","False","False","False"
"services","C:\Users\b\Documents\GitHub\bthfinal\services\dsh\governance\operations\dsh_order_escrow_release\OP_GAPS.md","services\dsh\governance\operations\dsh_order_escrow_release\OP_GAPS.md","unknown","dsh_order_escrow_release",".md","OP_GAPS.md","True","under services/dsh","False","False","False"
"services","C:\Users\b\Documents\GitHub\bthfinal\services\dsh\governance\operations\dsh_order_escrow_release\OP_MCPW_MAP.csv","services\dsh\governance\operations\dsh_order_escrow_release\OP_MCPW_MAP.csv","unknown","dsh_order_escrow_release",".csv","OP_MCPW_MAP.csv","True","under services/dsh","False","False","False"
"services","C:\Users\b\Documents\GitHub\bthfinal\services\dsh\governance\operations\dsh_order_escrow_release\OP_RBAC_ABAC.csv","services\dsh\governance\operations\dsh_order_escrow_release\OP_RBAC_ABAC.csv","unknown","dsh_order_escrow_release",".csv","OP_RBAC_ABAC.csv","True","under services/dsh","False","False","False"
"services","C:\Users\b\Documents\GitHub\bthfinal\services\dsh\governance\operations\dsh_order_escrow_release\OP_RUNTIME_VARS.csv","services\dsh\governance\operations\dsh_order_escrow_release\OP_RUNTIME_VARS.csv","unknown","dsh_order_escrow_release",".csv","OP_RUNTIME_VARS.csv","True","under services/dsh","False","False","False"
"services","C:\Users\b\Documents\GitHub\bthfinal\services\dsh\governance\operations\dsh_order_escrow_release\OP_SCREENS_MAP.csv","services\dsh\governance\operations\dsh_order_escrow_release\OP_SCREENS_MAP.csv","unknown","dsh_order_escrow_release",".csv","OP_SCREENS_MAP.csv","True","under services/dsh","False","False","False"
"services","C:\Users\b\Documents\GitHub\bthfinal\services\dsh\governance\operations\dsh_order_escrow_release\OP_SPEC.yaml","services\dsh\governance\operations\dsh_order_escrow_release\OP_SPEC.yaml","unknown","dsh_order_escrow_release",".yaml","OP_SPEC.yaml","True","under services/dsh","False","False","False"
"services","C:\Users\b\Documents\GitHub\bthfinal\services\dsh\governance\operations\dsh_order_issue_flag\OP_ACCEPTANCE.md","services\dsh\governance\operations\dsh_order_issue_flag\OP_ACCEPTANCE.md","unknown","dsh_order_issue_flag",".md","OP_ACCEPTANCE.md","True","under services/dsh","False","False","False"
"services","C:\Users\b\Documents\GitHub\bthfinal\services\dsh\governance\operations\dsh_order_issue_flag\OP_ACTIONS_CATALOG.csv","services\dsh\governance\operations\dsh_order_issue_flag\OP_ACTIONS_CATALOG.csv","unknown","dsh_order_issue_flag",".csv","OP_ACTIONS_CATALOG.csv","True","under services/dsh","False","False","False"
"services","C:\Users\b\Documents\GitHub\bthfinal\services\dsh\governance\operations\dsh_order_issue_flag\OP_API_MAP.csv","services\dsh\governance\operations\dsh_order_issue_flag\OP_API_MAP.csv","unknown","dsh_order_issue_flag",".csv","OP_API_MAP.csv","True","under services/dsh","False","False","False"
"services","C:\Users\b\Documents\GitHub\bthfinal\services\dsh\governance\operations\dsh_order_issue_flag\OP_EVIDENCE_INDEX.json","services\dsh\governance\operations\dsh_order_issue_flag\OP_EVIDENCE_INDEX.json","unknown","dsh_order_issue_flag",".json","OP_EVIDENCE_INDEX.json","True","under services/dsh","False","False","False"
"services","C:\Users\b\Documents\GitHub\bthfinal\services\dsh\governance\operations\dsh_order_issue_flag\OP_GAPS.md","services\dsh\governance\operations\dsh_order_issue_flag\OP_GAPS.md","unknown","dsh_order_issue_flag",".md","OP_GAPS.md","True","under services/dsh","False","False","False"
"services","C:\Users\b\Documents\GitHub\bthfinal\services\dsh\governance\operations\dsh_order_issue_flag\OP_MCPW_MAP.csv","services\dsh\governance\operations\dsh_order_issue_flag\OP_MCPW_MAP.csv","unknown","dsh_order_issue_flag",".csv","OP_MCPW_MAP.csv","True","under services/dsh","False","False","False"
"services","C:\Users\b\Documents\GitHub\bthfinal\services\dsh\governance\operations\dsh_order_issue_flag\OP_RBAC_ABAC.csv","services\dsh\governance\operations\dsh_order_issue_flag\OP_RBAC_ABAC.csv","unknown","dsh_order_issue_flag",".csv","OP_RBAC_ABAC.csv","True","under services/dsh","False","False","False"
"services","C:\Users\b\Documents\GitHub\bthfinal\services\dsh\governance\operations\dsh_order_issue_flag\OP_RUNTIME_VARS.csv","services\dsh\governance\operations\dsh_order_issue_flag\OP_RUNTIME_VARS.csv","unknown","dsh_order_issue_flag",".csv","OP_RUNTIME_VARS.csv","True","under services/dsh","False","False","False"
"services","C:\Users\b\Documents\GitHub\bthfinal\services\dsh\governance\operations\dsh_order_issue_flag\OP_SCREENS_MAP.csv","services\dsh\governance\operations\dsh_order_issue_flag\OP_SCREENS_MAP.csv","unknown","dsh_order_issue_flag",".csv","OP_SCREENS_MAP.csv","True","under services/dsh","False","False","False"
"services","C:\Users\b\Documents\GitHub\bthfinal\services\dsh\governance\operations\dsh_order_issue_flag\OP_SPEC.yaml","services\dsh\governance\operations\dsh_order_issue_flag\OP_SPEC.yaml","unknown","dsh_order_issue_flag",".yaml","OP_SPEC.yaml","True","under services/dsh","False","False","False"
"services","C:\Users\b\Documents\GitHub\bthfinal\services\dsh\governance\operations\dsh_order_proof_code_generate\OP_ACCEPTANCE.md","services\dsh\governance\operations\dsh_order_proof_code_generate\OP_ACCEPTANCE.md","unknown","dsh_order_proof_code_generate",".md","OP_ACCEPTANCE.md","True","under services/dsh","False","False","False"
"services","C:\Users\b\Documents\GitHub\bthfinal\services\dsh\governance\operations\dsh_order_proof_code_generate\OP_ACTIONS_CATALOG.csv","services\dsh\governance\operations\dsh_order_proof_code_generate\OP_ACTIONS_CATALOG.csv","unknown","dsh_order_proof_code_generate",".csv","OP_ACTIONS_CATALOG.csv","True","under services/dsh","False","False","False"
"services","C:\Users\b\Documents\GitHub\bthfinal\services\dsh\governance\operations\dsh_order_proof_code_generate\OP_API_MAP.csv","services\dsh\governance\operations\dsh_order_proof_code_generate\OP_API_MAP.csv","unknown","dsh_order_proof_code_generate",".csv","OP_API_MAP.csv","True","under services/dsh","False","False","False"
"services","C:\Users\b\Documents\GitHub\bthfinal\services\dsh\governance\operations\dsh_order_proof_code_generate\OP_EVIDENCE_INDEX.json","services\dsh\governance\operations\dsh_order_proof_code_generate\OP_EVIDENCE_INDEX.json","unknown","dsh_order_proof_code_generate",".json","OP_EVIDENCE_INDEX.json","True","under services/dsh","False","False","False"
"services","C:\Users\b\Documents\GitHub\bthfinal\services\dsh\governance\operations\dsh_order_proof_code_generate\OP_GAPS.md","services\dsh\governance\operations\dsh_order_proof_code_generate\OP_GAPS.md","unknown","dsh_order_proof_code_generate",".md","OP_GAPS.md","True","under services/dsh","False","False","False"
"services","C:\Users\b\Documents\GitHub\bthfinal\services\dsh\governance\operations\dsh_order_proof_code_generate\OP_MCPW_MAP.csv","services\dsh\governance\operations\dsh_order_proof_code_generate\OP_MCPW_MAP.csv","unknown","dsh_order_proof_code_generate",".csv","OP_MCPW_MAP.csv","True","under services/dsh","False","False","False"
"services","C:\Users\b\Documents\GitHub\bthfinal\services\dsh\governance\operations\dsh_order_proof_code_generate\OP_RBAC_ABAC.csv","services\dsh\governance\operations\dsh_order_proof_code_generate\OP_RBAC_ABAC.csv","unknown","dsh_order_proof_code_generate",".csv","OP_RBAC_ABAC.csv","True","under services/dsh","False","False","False"
"services","C:\Users\b\Documents\GitHub\bthfinal\services\dsh\governance\operations\dsh_order_proof_code_generate\OP_RUNTIME_VARS.csv","services\dsh\governance\operations\dsh_order_proof_code_generate\OP_RUNTIME_VARS.csv","unknown","dsh_order_proof_code_generate",".csv","OP_RUNTIME_VARS.csv","True","under services/dsh","False","False","False"
"services","C:\Users\b\Documents\GitHub\bthfinal\services\dsh\governance\operations\dsh_order_proof_code_generate\OP_SCREENS_MAP.csv","services\dsh\governance\operations\dsh_order_proof_code_generate\OP_SCREENS_MAP.csv","unknown","dsh_order_proof_code_generate",".csv","OP_SCREENS_MAP.csv","True","under services/dsh","False","False","False"
"services","C:\Users\b\Documents\GitHub\bthfinal\services\dsh\governance\operations\dsh_order_proof_code_generate\OP_SPEC.yaml","services\dsh\governance\operations\dsh_order_proof_code_generate\OP_SPEC.yaml","unknown","dsh_order_proof_code_generate",".yaml","OP_SPEC.yaml","True","under services/dsh","False","False","False"
"services","C:\Users\b\Documents\GitHub\bthfinal\services\dsh\governance\operations\dsh_order_proof_verify\OP_ACCEPTANCE.md","services\dsh\governance\operations\dsh_order_proof_verify\OP_ACCEPTANCE.md","unknown","dsh_order_proof_verify",".md","OP_ACCEPTANCE.md","True","under services/dsh","False","False","False"
"services","C:\Users\b\Documents\GitHub\bthfinal\services\dsh\governance\operations\dsh_order_proof_verify\OP_ACTIONS_CATALOG.csv","services\dsh\governance\operations\dsh_order_proof_verify\OP_ACTIONS_CATALOG.csv","unknown","dsh_order_proof_verify",".csv","OP_ACTIONS_CATALOG.csv","True","under services/dsh","False","False","False"
"services","C:\Users\b\Documents\GitHub\bthfinal\services\dsh\governance\operations\dsh_order_proof_verify\OP_API_MAP.csv","services\dsh\governance\operations\dsh_order_proof_verify\OP_API_MAP.csv","unknown","dsh_order_proof_verify",".csv","OP_API_MAP.csv","True","under services/dsh","False","False","False"
"services","C:\Users\b\Documents\GitHub\bthfinal\services\dsh\governance\operations\dsh_order_proof_verify\OP_EVIDENCE_INDEX.json","services\dsh\governance\operations\dsh_order_proof_verify\OP_EVIDENCE_INDEX.json","unknown","dsh_order_proof_verify",".json","OP_EVIDENCE_INDEX.json","True","under services/dsh","False","False","False"
"services","C:\Users\b\Documents\GitHub\bthfinal\services\dsh\governance\operations\dsh_order_proof_verify\OP_GAPS.md","services\dsh\governance\operations\dsh_order_proof_verify\OP_GAPS.md","unknown","dsh_order_proof_verify",".md","OP_GAPS.md","True","under services/dsh","False","False","False"
"services","C:\Users\b\Documents\GitHub\bthfinal\services\dsh\governance\operations\dsh_order_proof_verify\OP_MCPW_MAP.csv","services\dsh\governance\operations\dsh_order_proof_verify\OP_MCPW_MAP.csv","unknown","dsh_order_proof_verify",".csv","OP_MCPW_MAP.csv","True","under services/dsh","False","False","False"
"services","C:\Users\b\Documents\GitHub\bthfinal\services\dsh\governance\operations\dsh_order_proof_verify\OP_RBAC_ABAC.csv","services\dsh\governance\operations\dsh_order_proof_verify\OP_RBAC_ABAC.csv","unknown","dsh_order_proof_verify",".csv","OP_RBAC_ABAC.csv","True","under services/dsh","False","False","False"
"services","C:\Users\b\Documents\GitHub\bthfinal\services\dsh\governance\operations\dsh_order_proof_verify\OP_RUNTIME_VARS.csv","services\dsh\governance\operations\dsh_order_proof_verify\OP_RUNTIME_VARS.csv","unknown","dsh_order_proof_verify",".csv","OP_RUNTIME_VARS.csv","True","under services/dsh","False","False","False"
"services","C:\Users\b\Documents\GitHub\bthfinal\services\dsh\governance\operations\dsh_order_proof_verify\OP_SCREENS_MAP.csv","services\dsh\governance\operations\dsh_order_proof_verify\OP_SCREENS_MAP.csv","unknown","dsh_order_proof_verify",".csv","OP_SCREENS_MAP.csv","True","under services/dsh","False","False","False"
"services","C:\Users\b\Documents\GitHub\bthfinal\services\dsh\governance\operations\dsh_order_proof_verify\OP_SPEC.yaml","services\dsh\governance\operations\dsh_order_proof_verify\OP_SPEC.yaml","unknown","dsh_order_proof_verify",".yaml","OP_SPEC.yaml","True","under services/dsh","False","False","False"
"services","C:\Users\b\Documents\GitHub\bthfinal\services\dsh\governance\operations\dsh_order_rate\OP_ACCEPTANCE.md","services\dsh\governance\operations\dsh_order_rate\OP_ACCEPTANCE.md","unknown","dsh_order_rate",".md","OP_ACCEPTANCE.md","True","under services/dsh","False","False","False"
"services","C:\Users\b\Documents\GitHub\bthfinal\services\dsh\governance\operations\dsh_order_rate\OP_ACTIONS_CATALOG.csv","services\dsh\governance\operations\dsh_order_rate\OP_ACTIONS_CATALOG.csv","unknown","dsh_order_rate",".csv","OP_ACTIONS_CATALOG.csv","True","under services/dsh","False","False","False"
"services","C:\Users\b\Documents\GitHub\bthfinal\services\dsh\governance\operations\dsh_order_rate\OP_API_MAP.csv","services\dsh\governance\operations\dsh_order_rate\OP_API_MAP.csv","unknown","dsh_order_rate",".csv","OP_API_MAP.csv","True","under services/dsh","False","False","False"
"services","C:\Users\b\Documents\GitHub\bthfinal\services\dsh\governance\operations\dsh_order_rate\OP_EVIDENCE_INDEX.json","services\dsh\governance\operations\dsh_order_rate\OP_EVIDENCE_INDEX.json","unknown","dsh_order_rate",".json","OP_EVIDENCE_INDEX.json","True","under services/dsh","False","False","False"
"services","C:\Users\b\Documents\GitHub\bthfinal\services\dsh\governance\operations\dsh_order_rate\OP_GAPS.md","services\dsh\governance\operations\dsh_order_rate\OP_GAPS.md","unknown","dsh_order_rate",".md","OP_GAPS.md","True","under services/dsh","False","False","False"
"services","C:\Users\b\Documents\GitHub\bthfinal\services\dsh\governance\operations\dsh_order_rate\OP_MCPW_MAP.csv","services\dsh\governance\operations\dsh_order_rate\OP_MCPW_MAP.csv","unknown","dsh_order_rate",".csv","OP_MCPW_MAP.csv","True","under services/dsh","False","False","False"
"services","C:\Users\b\Documents\GitHub\bthfinal\services\dsh\governance\operations\dsh_order_rate\OP_RBAC_ABAC.csv","services\dsh\governance\operations\dsh_order_rate\OP_RBAC_ABAC.csv","unknown","dsh_order_rate",".csv","OP_RBAC_ABAC.csv","True","under services/dsh","False","False","False"
"services","C:\Users\b\Documents\GitHub\bthfinal\services\dsh\governance\operations\dsh_order_rate\OP_RUNTIME_VARS.csv","services\dsh\governance\operations\dsh_order_rate\OP_RUNTIME_VARS.csv","unknown","dsh_order_rate",".csv","OP_RUNTIME_VARS.csv","True","under services/dsh","False","False","False"
"services","C:\Users\b\Documents\GitHub\bthfinal\services\dsh\governance\operations\dsh_order_rate\OP_SCREENS_MAP.csv","services\dsh\governance\operations\dsh_order_rate\OP_SCREENS_MAP.csv","unknown","dsh_order_rate",".csv","OP_SCREENS_MAP.csv","True","under services/dsh","False","False","False"
"services","C:\Users\b\Documents\GitHub\bthfinal\services\dsh\governance\operations\dsh_order_rate\OP_SPEC.yaml","services\dsh\governance\operations\dsh_order_rate\OP_SPEC.yaml","unknown","dsh_order_rate",".yaml","OP_SPEC.yaml","True","under services/dsh","False","False","False"
"services","C:\Users\b\Documents\GitHub\bthfinal\services\dsh\governance\operations\dsh_order_receipt_get\OP_ACCEPTANCE.md","services\dsh\governance\operations\dsh_order_receipt_get\OP_ACCEPTANCE.md","unknown","dsh_order_receipt_get",".md","OP_ACCEPTANCE.md","True","under services/dsh","False","False","False"
"services","C:\Users\b\Documents\GitHub\bthfinal\services\dsh\governance\operations\dsh_order_receipt_get\OP_ACTIONS_CATALOG.csv","services\dsh\governance\operations\dsh_order_receipt_get\OP_ACTIONS_CATALOG.csv","unknown","dsh_order_receipt_get",".csv","OP_ACTIONS_CATALOG.csv","True","under services/dsh","False","False","False"
"services","C:\Users\b\Documents\GitHub\bthfinal\services\dsh\governance\operations\dsh_order_receipt_get\OP_API_MAP.csv","services\dsh\governance\operations\dsh_order_receipt_get\OP_API_MAP.csv","unknown","dsh_order_receipt_get",".csv","OP_API_MAP.csv","True","under services/dsh","False","False","False"
"services","C:\Users\b\Documents\GitHub\bthfinal\services\dsh\governance\operations\dsh_order_receipt_get\OP_EVIDENCE_INDEX.json","services\dsh\governance\operations\dsh_order_receipt_get\OP_EVIDENCE_INDEX.json","unknown","dsh_order_receipt_get",".json","OP_EVIDENCE_INDEX.json","True","under services/dsh","False","False","False"
"services","C:\Users\b\Documents\GitHub\bthfinal\services\dsh\governance\operations\dsh_order_receipt_get\OP_GAPS.md","services\dsh\governance\operations\dsh_order_receipt_get\OP_GAPS.md","unknown","dsh_order_receipt_get",".md","OP_GAPS.md","True","under services/dsh","False","False","False"
"services","C:\Users\b\Documents\GitHub\bthfinal\services\dsh\governance\operations\dsh_order_receipt_get\OP_MCPW_MAP.csv","services\dsh\governance\operations\dsh_order_receipt_get\OP_MCPW_MAP.csv","unknown","dsh_order_receipt_get",".csv","OP_MCPW_MAP.csv","True","under services/dsh","False","False","False"
"services","C:\Users\b\Documents\GitHub\bthfinal\services\dsh\governance\operations\dsh_order_receipt_get\OP_RBAC_ABAC.csv","services\dsh\governance\operations\dsh_order_receipt_get\OP_RBAC_ABAC.csv","unknown","dsh_order_receipt_get",".csv","OP_RBAC_ABAC.csv","True","under services/dsh","False","False","False"
"services","C:\Users\b\Documents\GitHub\bthfinal\services\dsh\governance\operations\dsh_order_receipt_get\OP_RUNTIME_VARS.csv","services\dsh\governance\operations\dsh_order_receipt_get\OP_RUNTIME_VARS.csv","unknown","dsh_order_receipt_get",".csv","OP_RUNTIME_VARS.csv","True","under services/dsh","False","False","False"
"services","C:\Users\b\Documents\GitHub\bthfinal\services\dsh\governance\operations\dsh_order_receipt_get\OP_SCREENS_MAP.csv","services\dsh\governance\operations\dsh_order_receipt_get\OP_SCREENS_MAP.csv","unknown","dsh_order_receipt_get",".csv","OP_SCREENS_MAP.csv","True","under services/dsh","False","False","False"
"services","C:\Users\b\Documents\GitHub\bthfinal\services\dsh\governance\operations\dsh_order_receipt_get\OP_SPEC.yaml","services\dsh\governance\operations\dsh_order_receipt_get\OP_SPEC.yaml","unknown","dsh_order_receipt_get",".yaml","OP_SPEC.yaml","True","under services/dsh","False","False","False"
"services","C:\Users\b\Documents\GitHub\bthfinal\services\dsh\governance\operations\dsh_order_status_update\OP_ACCEPTANCE.md","services\dsh\governance\operations\dsh_order_status_update\OP_ACCEPTANCE.md","unknown","dsh_order_status_update",".md","OP_ACCEPTANCE.md","True","under services/dsh","False","False","False"
"services","C:\Users\b\Documents\GitHub\bthfinal\services\dsh\governance\operations\dsh_order_status_update\OP_ACTIONS_CATALOG.csv","services\dsh\governance\operations\dsh_order_status_update\OP_ACTIONS_CATALOG.csv","unknown","dsh_order_status_update",".csv","OP_ACTIONS_CATALOG.csv","True","under services/dsh","False","False","False"
"services","C:\Users\b\Documents\GitHub\bthfinal\services\dsh\governance\operations\dsh_order_status_update\OP_API_MAP.csv","services\dsh\governance\operations\dsh_order_status_update\OP_API_MAP.csv","unknown","dsh_order_status_update",".csv","OP_API_MAP.csv","True","under services/dsh","False","False","False"
"services","C:\Users\b\Documents\GitHub\bthfinal\services\dsh\governance\operations\dsh_order_status_update\OP_EVIDENCE_INDEX.json","services\dsh\governance\operations\dsh_order_status_update\OP_EVIDENCE_INDEX.json","unknown","dsh_order_status_update",".json","OP_EVIDENCE_INDEX.json","True","under services/dsh","False","False","False"
"services","C:\Users\b\Documents\GitHub\bthfinal\services\dsh\governance\operations\dsh_order_status_update\OP_GAPS.md","services\dsh\governance\operations\dsh_order_status_update\OP_GAPS.md","unknown","dsh_order_status_update",".md","OP_GAPS.md","True","under services/dsh","False","False","False"
"services","C:\Users\b\Documents\GitHub\bthfinal\services\dsh\governance\operations\dsh_order_status_update\OP_MCPW_MAP.csv","services\dsh\governance\operations\dsh_order_status_update\OP_MCPW_MAP.csv","unknown","dsh_order_status_update",".csv","OP_MCPW_MAP.csv","True","under services/dsh","False","False","False"
"services","C:\Users\b\Documents\GitHub\bthfinal\services\dsh\governance\operations\dsh_order_status_update\OP_RBAC_ABAC.csv","services\dsh\governance\operations\dsh_order_status_update\OP_RBAC_ABAC.csv","unknown","dsh_order_status_update",".csv","OP_RBAC_ABAC.csv","True","under services/dsh","False","False","False"
"services","C:\Users\b\Documents\GitHub\bthfinal\services\dsh\governance\operations\dsh_order_status_update\OP_RUNTIME_VARS.csv","services\dsh\governance\operations\dsh_order_status_update\OP_RUNTIME_VARS.csv","unknown","dsh_order_status_update",".csv","OP_RUNTIME_VARS.csv","True","under services/dsh","False","False","False"
"services","C:\Users\b\Documents\GitHub\bthfinal\services\dsh\governance\operations\dsh_order_status_update\OP_SCREENS_MAP.csv","services\dsh\governance\operations\dsh_order_status_update\OP_SCREENS_MAP.csv","unknown","dsh_order_status_update",".csv","OP_SCREENS_MAP.csv","True","under services/dsh","False","False","False"
"services","C:\Users\b\Documents\GitHub\bthfinal\services\dsh\governance\operations\dsh_order_status_update\OP_SPEC.yaml","services\dsh\governance\operations\dsh_order_status_update\OP_SPEC.yaml","unknown","dsh_order_status_update",".yaml","OP_SPEC.yaml","True","under services/dsh","False","False","False"
"services","C:\Users\b\Documents\GitHub\bthfinal\services\dsh\governance\operations\dsh_orders_list\OP_ACCEPTANCE.md","services\dsh\governance\operations\dsh_orders_list\OP_ACCEPTANCE.md","unknown","dsh_orders_list",".md","OP_ACCEPTANCE.md","True","under services/dsh","False","False","False"
"services","C:\Users\b\Documents\GitHub\bthfinal\services\dsh\governance\operations\dsh_orders_list\OP_ACTIONS_CATALOG.csv","services\dsh\governance\operations\dsh_orders_list\OP_ACTIONS_CATALOG.csv","unknown","dsh_orders_list",".csv","OP_ACTIONS_CATALOG.csv","True","under services/dsh","False","False","False"
"services","C:\Users\b\Documents\GitHub\bthfinal\services\dsh\governance\operations\dsh_orders_list\OP_API_MAP.csv","services\dsh\governance\operations\dsh_orders_list\OP_API_MAP.csv","unknown","dsh_orders_list",".csv","OP_API_MAP.csv","True","under services/dsh","False","False","False"
"services","C:\Users\b\Documents\GitHub\bthfinal\services\dsh\governance\operations\dsh_orders_list\OP_EVIDENCE_INDEX.json","services\dsh\governance\operations\dsh_orders_list\OP_EVIDENCE_INDEX.json","unknown","dsh_orders_list",".json","OP_EVIDENCE_INDEX.json","True","under services/dsh","False","False","False"
"services","C:\Users\b\Documents\GitHub\bthfinal\services\dsh\governance\operations\dsh_orders_list\OP_GAPS.md","services\dsh\governance\operations\dsh_orders_list\OP_GAPS.md","unknown","dsh_orders_list",".md","OP_GAPS.md","True","under services/dsh","False","False","False"
"services","C:\Users\b\Documents\GitHub\bthfinal\services\dsh\governance\operations\dsh_orders_list\OP_MCPW_MAP.csv","services\dsh\governance\operations\dsh_orders_list\OP_MCPW_MAP.csv","unknown","dsh_orders_list",".csv","OP_MCPW_MAP.csv","True","under services/dsh","False","False","False"
"services","C:\Users\b\Documents\GitHub\bthfinal\services\dsh\governance\operations\dsh_orders_list\OP_RBAC_ABAC.csv","services\dsh\governance\operations\dsh_orders_list\OP_RBAC_ABAC.csv","unknown","dsh_orders_list",".csv","OP_RBAC_ABAC.csv","True","under services/dsh","False","False","False"
"services","C:\Users\b\Documents\GitHub\bthfinal\services\dsh\governance\operations\dsh_orders_list\OP_RUNTIME_VARS.csv","services\dsh\governance\operations\dsh_orders_list\OP_RUNTIME_VARS.csv","unknown","dsh_orders_list",".csv","OP_RUNTIME_VARS.csv","True","under services/dsh","False","False","False"
"services","C:\Users\b\Documents\GitHub\bthfinal\services\dsh\governance\operations\dsh_orders_list\OP_SCREENS_MAP.csv","services\dsh\governance\operations\dsh_orders_list\OP_SCREENS_MAP.csv","unknown","dsh_orders_list",".csv","OP_SCREENS_MAP.csv","True","under services/dsh","False","False","False"
"services","C:\Users\b\Documents\GitHub\bthfinal\services\dsh\governance\operations\dsh_orders_list\OP_SPEC.yaml","services\dsh\governance\operations\dsh_orders_list\OP_SPEC.yaml","unknown","dsh_orders_list",".yaml","OP_SPEC.yaml","True","under services/dsh","False","False","False"
"services","C:\Users\b\Documents\GitHub\bthfinal\services\dsh\governance\operations\dsh_partner_chat_read_ack\OP_ACCEPTANCE.md","services\dsh\governance\operations\dsh_partner_chat_read_ack\OP_ACCEPTANCE.md","unknown","dsh_partner_chat_read_ack",".md","OP_ACCEPTANCE.md","True","under services/dsh","False","False","False"
"services","C:\Users\b\Documents\GitHub\bthfinal\services\dsh\governance\operations\dsh_partner_chat_read_ack\OP_ACTIONS_CATALOG.csv","services\dsh\governance\operations\dsh_partner_chat_read_ack\OP_ACTIONS_CATALOG.csv","unknown","dsh_partner_chat_read_ack",".csv","OP_ACTIONS_CATALOG.csv","True","under services/dsh","False","False","False"
"services","C:\Users\b\Documents\GitHub\bthfinal\services\dsh\governance\operations\dsh_partner_chat_read_ack\OP_API_MAP.csv","services\dsh\governance\operations\dsh_partner_chat_read_ack\OP_API_MAP.csv","unknown","dsh_partner_chat_read_ack",".csv","OP_API_MAP.csv","True","under services/dsh","False","False","False"
"services","C:\Users\b\Documents\GitHub\bthfinal\services\dsh\governance\operations\dsh_partner_chat_read_ack\OP_EVIDENCE_INDEX.json","services\dsh\governance\operations\dsh_partner_chat_read_ack\OP_EVIDENCE_INDEX.json","unknown","dsh_partner_chat_read_ack",".json","OP_EVIDENCE_INDEX.json","True","under services/dsh","False","False","False"
"services","C:\Users\b\Documents\GitHub\bthfinal\services\dsh\governance\operations\dsh_partner_chat_read_ack\OP_GAPS.md","services\dsh\governance\operations\dsh_partner_chat_read_ack\OP_GAPS.md","unknown","dsh_partner_chat_read_ack",".md","OP_GAPS.md","True","under services/dsh","False","False","False"
"services","C:\Users\b\Documents\GitHub\bthfinal\services\dsh\governance\operations\dsh_partner_chat_read_ack\OP_MCPW_MAP.csv","services\dsh\governance\operations\dsh_partner_chat_read_ack\OP_MCPW_MAP.csv","unknown","dsh_partner_chat_read_ack",".csv","OP_MCPW_MAP.csv","True","under services/dsh","False","False","False"
"services","C:\Users\b\Documents\GitHub\bthfinal\services\dsh\governance\operations\dsh_partner_chat_read_ack\OP_RBAC_ABAC.csv","services\dsh\governance\operations\dsh_partner_chat_read_ack\OP_RBAC_ABAC.csv","unknown","dsh_partner_chat_read_ack",".csv","OP_RBAC_ABAC.csv","True","under services/dsh","False","False","False"
"services","C:\Users\b\Documents\GitHub\bthfinal\services\dsh\governance\operations\dsh_partner_chat_read_ack\OP_RUNTIME_VARS.csv","services\dsh\governance\operations\dsh_partner_chat_read_ack\OP_RUNTIME_VARS.csv","unknown","dsh_partner_chat_read_ack",".csv","OP_RUNTIME_VARS.csv","True","under services/dsh","False","False","False"
"services","C:\Users\b\Documents\GitHub\bthfinal\services\dsh\governance\operations\dsh_partner_chat_read_ack\OP_SCREENS_MAP.csv","services\dsh\governance\operations\dsh_partner_chat_read_ack\OP_SCREENS_MAP.csv","unknown","dsh_partner_chat_read_ack",".csv","OP_SCREENS_MAP.csv","True","under services/dsh","False","False","False"
"services","C:\Users\b\Documents\GitHub\bthfinal\services\dsh\governance\operations\dsh_partner_chat_read_ack\OP_SPEC.yaml","services\dsh\governance\operations\dsh_partner_chat_read_ack\OP_SPEC.yaml","unknown","dsh_partner_chat_read_ack",".yaml","OP_SPEC.yaml","True","under services/dsh","False","False","False"
"services","C:\Users\b\Documents\GitHub\bthfinal\services\dsh\governance\operations\dsh_partner_chat_send\OP_ACCEPTANCE.md","services\dsh\governance\operations\dsh_partner_chat_send\OP_ACCEPTANCE.md","unknown","dsh_partner_chat_send",".md","OP_ACCEPTANCE.md","True","under services/dsh","False","False","False"
"services","C:\Users\b\Documents\GitHub\bthfinal\services\dsh\governance\operations\dsh_partner_chat_send\OP_ACTIONS_CATALOG.csv","services\dsh\governance\operations\dsh_partner_chat_send\OP_ACTIONS_CATALOG.csv","unknown","dsh_partner_chat_send",".csv","OP_ACTIONS_CATALOG.csv","True","under services/dsh","False","False","False"
"services","C:\Users\b\Documents\GitHub\bthfinal\services\dsh\governance\operations\dsh_partner_chat_send\OP_API_MAP.csv","services\dsh\governance\operations\dsh_partner_chat_send\OP_API_MAP.csv","unknown","dsh_partner_chat_send",".csv","OP_API_MAP.csv","True","under services/dsh","False","False","False"
"services","C:\Users\b\Documents\GitHub\bthfinal\services\dsh\governance\operations\dsh_partner_chat_send\OP_EVIDENCE_INDEX.json","services\dsh\governance\operations\dsh_partner_chat_send\OP_EVIDENCE_INDEX.json","unknown","dsh_partner_chat_send",".json","OP_EVIDENCE_INDEX.json","True","under services/dsh","False","False","False"
"services","C:\Users\b\Documents\GitHub\bthfinal\services\dsh\governance\operations\dsh_partner_chat_send\OP_GAPS.md","services\dsh\governance\operations\dsh_partner_chat_send\OP_GAPS.md","unknown","dsh_partner_chat_send",".md","OP_GAPS.md","True","under services/dsh","False","False","False"
"services","C:\Users\b\Documents\GitHub\bthfinal\services\dsh\governance\operations\dsh_partner_chat_send\OP_MCPW_MAP.csv","services\dsh\governance\operations\dsh_partner_chat_send\OP_MCPW_MAP.csv","unknown","dsh_partner_chat_send",".csv","OP_MCPW_MAP.csv","True","under services/dsh","False","False","False"
"services","C:\Users\b\Documents\GitHub\bthfinal\services\dsh\governance\operations\dsh_partner_chat_send\OP_RBAC_ABAC.csv","services\dsh\governance\operations\dsh_partner_chat_send\OP_RBAC_ABAC.csv","unknown","dsh_partner_chat_send",".csv","OP_RBAC_ABAC.csv","True","under services/dsh","False","False","False"
"services","C:\Users\b\Documents\GitHub\bthfinal\services\dsh\governance\operations\dsh_partner_chat_send\OP_RUNTIME_VARS.csv","services\dsh\governance\operations\dsh_partner_chat_send\OP_RUNTIME_VARS.csv","unknown","dsh_partner_chat_send",".csv","OP_RUNTIME_VARS.csv","True","under services/dsh","False","False","False"
"services","C:\Users\b\Documents\GitHub\bthfinal\services\dsh\governance\operations\dsh_partner_chat_send\OP_SCREENS_MAP.csv","services\dsh\governance\operations\dsh_partner_chat_send\OP_SCREENS_MAP.csv","unknown","dsh_partner_chat_send",".csv","OP_SCREENS_MAP.csv","True","under services/dsh","False","False","False"
"services","C:\Users\b\Documents\GitHub\bthfinal\services\dsh\governance\operations\dsh_partner_chat_send\OP_SPEC.yaml","services\dsh\governance\operations\dsh_partner_chat_send\OP_SPEC.yaml","unknown","dsh_partner_chat_send",".yaml","OP_SPEC.yaml","True","under services/dsh","False","False","False"
"services","C:\Users\b\Documents\GitHub\bthfinal\services\dsh\governance\operations\dsh_partner_delivery_zones_update\OP_ACCEPTANCE.md","services\dsh\governance\operations\dsh_partner_delivery_zones_update\OP_ACCEPTANCE.md","unknown","dsh_partner_delivery_zones_update",".md","OP_ACCEPTANCE.md","True","under services/dsh","False","False","False"
"services","C:\Users\b\Documents\GitHub\bthfinal\services\dsh\governance\operations\dsh_partner_delivery_zones_update\OP_ACTIONS_CATALOG.csv","services\dsh\governance\operations\dsh_partner_delivery_zones_update\OP_ACTIONS_CATALOG.csv","unknown","dsh_partner_delivery_zones_update",".csv","OP_ACTIONS_CATALOG.csv","True","under services/dsh","False","False","False"
"services","C:\Users\b\Documents\GitHub\bthfinal\services\dsh\governance\operations\dsh_partner_delivery_zones_update\OP_API_MAP.csv","services\dsh\governance\operations\dsh_partner_delivery_zones_update\OP_API_MAP.csv","unknown","dsh_partner_delivery_zones_update",".csv","OP_API_MAP.csv","True","under services/dsh","False","False","False"
"services","C:\Users\b\Documents\GitHub\bthfinal\services\dsh\governance\operations\dsh_partner_delivery_zones_update\OP_EVIDENCE_INDEX.json","services\dsh\governance\operations\dsh_partner_delivery_zones_update\OP_EVIDENCE_INDEX.json","unknown","dsh_partner_delivery_zones_update",".json","OP_EVIDENCE_INDEX.json","True","under services/dsh","False","False","False"
"services","C:\Users\b\Documents\GitHub\bthfinal\services\dsh\governance\operations\dsh_partner_delivery_zones_update\OP_GAPS.md","services\dsh\governance\operations\dsh_partner_delivery_zones_update\OP_GAPS.md","unknown","dsh_partner_delivery_zones_update",".md","OP_GAPS.md","True","under services/dsh","False","False","False"
"services","C:\Users\b\Documents\GitHub\bthfinal\services\dsh\governance\operations\dsh_partner_delivery_zones_update\OP_MCPW_MAP.csv","services\dsh\governance\operations\dsh_partner_delivery_zones_update\OP_MCPW_MAP.csv","unknown","dsh_partner_delivery_zones_update",".csv","OP_MCPW_MAP.csv","True","under services/dsh","False","False","False"
"services","C:\Users\b\Documents\GitHub\bthfinal\services\dsh\governance\operations\dsh_partner_delivery_zones_update\OP_RBAC_ABAC.csv","services\dsh\governance\operations\dsh_partner_delivery_zones_update\OP_RBAC_ABAC.csv","unknown","dsh_partner_delivery_zones_update",".csv","OP_RBAC_ABAC.csv","True","under services/dsh","False","False","False"
"services","C:\Users\b\Documents\GitHub\bthfinal\services\dsh\governance\operations\dsh_partner_delivery_zones_update\OP_RUNTIME_VARS.csv","services\dsh\governance\operations\dsh_partner_delivery_zones_update\OP_RUNTIME_VARS.csv","unknown","dsh_partner_delivery_zones_update",".csv","OP_RUNTIME_VARS.csv","True","under services/dsh","False","False","False"
"services","C:\Users\b\Documents\GitHub\bthfinal\services\dsh\governance\operations\dsh_partner_delivery_zones_update\OP_SCREENS_MAP.csv","services\dsh\governance\operations\dsh_partner_delivery_zones_update\OP_SCREENS_MAP.csv","unknown","dsh_partner_delivery_zones_update",".csv","OP_SCREENS_MAP.csv","True","under services/dsh","False","False","False"
"services","C:\Users\b\Documents\GitHub\bthfinal\services\dsh\governance\operations\dsh_partner_delivery_zones_update\OP_SPEC.yaml","services\dsh\governance\operations\dsh_partner_delivery_zones_update\OP_SPEC.yaml","unknown","dsh_partner_delivery_zones_update",".yaml","OP_SPEC.yaml","True","under services/dsh","False","False","False"
"services","C:\Users\b\Documents\GitHub\bthfinal\services\dsh\governance\operations\dsh_partner_doc_upload\OP_ACCEPTANCE.md","services\dsh\governance\operations\dsh_partner_doc_upload\OP_ACCEPTANCE.md","unknown","dsh_partner_doc_upload",".md","OP_ACCEPTANCE.md","True","under services/dsh","False","False","False"
"services","C:\Users\b\Documents\GitHub\bthfinal\services\dsh\governance\operations\dsh_partner_doc_upload\OP_ACTIONS_CATALOG.csv","services\dsh\governance\operations\dsh_partner_doc_upload\OP_ACTIONS_CATALOG.csv","unknown","dsh_partner_doc_upload",".csv","OP_ACTIONS_CATALOG.csv","True","under services/dsh","False","False","False"
"services","C:\Users\b\Documents\GitHub\bthfinal\services\dsh\governance\operations\dsh_partner_doc_upload\OP_API_MAP.csv","services\dsh\governance\operations\dsh_partner_doc_upload\OP_API_MAP.csv","unknown","dsh_partner_doc_upload",".csv","OP_API_MAP.csv","True","under services/dsh","False","False","False"
"services","C:\Users\b\Documents\GitHub\bthfinal\services\dsh\governance\operations\dsh_partner_doc_upload\OP_EVIDENCE_INDEX.json","services\dsh\governance\operations\dsh_partner_doc_upload\OP_EVIDENCE_INDEX.json","unknown","dsh_partner_doc_upload",".json","OP_EVIDENCE_INDEX.json","True","under services/dsh","False","False","False"
"services","C:\Users\b\Documents\GitHub\bthfinal\services\dsh\governance\operations\dsh_partner_doc_upload\OP_GAPS.md","services\dsh\governance\operations\dsh_partner_doc_upload\OP_GAPS.md","unknown","dsh_partner_doc_upload",".md","OP_GAPS.md","True","under services/dsh","False","False","False"
"services","C:\Users\b\Documents\GitHub\bthfinal\services\dsh\governance\operations\dsh_partner_doc_upload\OP_MCPW_MAP.csv","services\dsh\governance\operations\dsh_partner_doc_upload\OP_MCPW_MAP.csv","unknown","dsh_partner_doc_upload",".csv","OP_MCPW_MAP.csv","True","under services/dsh","False","False","False"
"services","C:\Users\b\Documents\GitHub\bthfinal\services\dsh\governance\operations\dsh_partner_doc_upload\OP_RBAC_ABAC.csv","services\dsh\governance\operations\dsh_partner_doc_upload\OP_RBAC_ABAC.csv","unknown","dsh_partner_doc_upload",".csv","OP_RBAC_ABAC.csv","True","under services/dsh","False","False","False"
"services","C:\Users\b\Documents\GitHub\bthfinal\services\dsh\governance\operations\dsh_partner_doc_upload\OP_RUNTIME_VARS.csv","services\dsh\governance\operations\dsh_partner_doc_upload\OP_RUNTIME_VARS.csv","unknown","dsh_partner_doc_upload",".csv","OP_RUNTIME_VARS.csv","True","under services/dsh","False","False","False"
"services","C:\Users\b\Documents\GitHub\bthfinal\services\dsh\governance\operations\dsh_partner_doc_upload\OP_SCREENS_MAP.csv","services\dsh\governance\operations\dsh_partner_doc_upload\OP_SCREENS_MAP.csv","unknown","dsh_partner_doc_upload",".csv","OP_SCREENS_MAP.csv","True","under services/dsh","False","False","False"
"services","C:\Users\b\Documents\GitHub\bthfinal\services\dsh\governance\operations\dsh_partner_doc_upload\OP_SPEC.yaml","services\dsh\governance\operations\dsh_partner_doc_upload\OP_SPEC.yaml","unknown","dsh_partner_doc_upload",".yaml","OP_SPEC.yaml","True","under services/dsh","False","False","False"
"services","C:\Users\b\Documents\GitHub\bthfinal\services\dsh\governance\operations\dsh_partner_hours_update\OP_ACCEPTANCE.md","services\dsh\governance\operations\dsh_partner_hours_update\OP_ACCEPTANCE.md","unknown","dsh_partner_hours_update",".md","OP_ACCEPTANCE.md","True","under services/dsh","False","False","False"
"services","C:\Users\b\Documents\GitHub\bthfinal\services\dsh\governance\operations\dsh_partner_hours_update\OP_ACTIONS_CATALOG.csv","services\dsh\governance\operations\dsh_partner_hours_update\OP_ACTIONS_CATALOG.csv","unknown","dsh_partner_hours_update",".csv","OP_ACTIONS_CATALOG.csv","True","under services/dsh","False","False","False"
"services","C:\Users\b\Documents\GitHub\bthfinal\services\dsh\governance\operations\dsh_partner_hours_update\OP_API_MAP.csv","services\dsh\governance\operations\dsh_partner_hours_update\OP_API_MAP.csv","unknown","dsh_partner_hours_update",".csv","OP_API_MAP.csv","True","under services/dsh","False","False","False"
"services","C:\Users\b\Documents\GitHub\bthfinal\services\dsh\governance\operations\dsh_partner_hours_update\OP_EVIDENCE_INDEX.json","services\dsh\governance\operations\dsh_partner_hours_update\OP_EVIDENCE_INDEX.json","unknown","dsh_partner_hours_update",".json","OP_EVIDENCE_INDEX.json","True","under services/dsh","False","False","False"
"services","C:\Users\b\Documents\GitHub\bthfinal\services\dsh\governance\operations\dsh_partner_hours_update\OP_GAPS.md","services\dsh\governance\operations\dsh_partner_hours_update\OP_GAPS.md","unknown","dsh_partner_hours_update",".md","OP_GAPS.md","True","under services/dsh","False","False","False"
"services","C:\Users\b\Documents\GitHub\bthfinal\services\dsh\governance\operations\dsh_partner_hours_update\OP_MCPW_MAP.csv","services\dsh\governance\operations\dsh_partner_hours_update\OP_MCPW_MAP.csv","unknown","dsh_partner_hours_update",".csv","OP_MCPW_MAP.csv","True","under services/dsh","False","False","False"
"services","C:\Users\b\Documents\GitHub\bthfinal\services\dsh\governance\operations\dsh_partner_hours_update\OP_RBAC_ABAC.csv","services\dsh\governance\operations\dsh_partner_hours_update\OP_RBAC_ABAC.csv","unknown","dsh_partner_hours_update",".csv","OP_RBAC_ABAC.csv","True","under services/dsh","False","False","False"
"services","C:\Users\b\Documents\GitHub\bthfinal\services\dsh\governance\operations\dsh_partner_hours_update\OP_RUNTIME_VARS.csv","services\dsh\governance\operations\dsh_partner_hours_update\OP_RUNTIME_VARS.csv","unknown","dsh_partner_hours_update",".csv","OP_RUNTIME_VARS.csv","True","under services/dsh","False","False","False"
"services","C:\Users\b\Documents\GitHub\bthfinal\services\dsh\governance\operations\dsh_partner_hours_update\OP_SCREENS_MAP.csv","services\dsh\governance\operations\dsh_partner_hours_update\OP_SCREENS_MAP.csv","unknown","dsh_partner_hours_update",".csv","OP_SCREENS_MAP.csv","True","under services/dsh","False","False","False"
"services","C:\Users\b\Documents\GitHub\bthfinal\services\dsh\governance\operations\dsh_partner_hours_update\OP_SPEC.yaml","services\dsh\governance\operations\dsh_partner_hours_update\OP_SPEC.yaml","unknown","dsh_partner_hours_update",".yaml","OP_SPEC.yaml","True","under services/dsh","False","False","False"
"services","C:\Users\b\Documents\GitHub\bthfinal\services\dsh\governance\operations\dsh_partner_identity_submit\OP_ACCEPTANCE.md","services\dsh\governance\operations\dsh_partner_identity_submit\OP_ACCEPTANCE.md","unknown","dsh_partner_identity_submit",".md","OP_ACCEPTANCE.md","True","under services/dsh","False","False","False"
"services","C:\Users\b\Documents\GitHub\bthfinal\services\dsh\governance\operations\dsh_partner_identity_submit\OP_ACTIONS_CATALOG.csv","services\dsh\governance\operations\dsh_partner_identity_submit\OP_ACTIONS_CATALOG.csv","unknown","dsh_partner_identity_submit",".csv","OP_ACTIONS_CATALOG.csv","True","under services/dsh","False","False","False"
"services","C:\Users\b\Documents\GitHub\bthfinal\services\dsh\governance\operations\dsh_partner_identity_submit\OP_API_MAP.csv","services\dsh\governance\operations\dsh_partner_identity_submit\OP_API_MAP.csv","unknown","dsh_partner_identity_submit",".csv","OP_API_MAP.csv","True","under services/dsh","False","False","False"
"services","C:\Users\b\Documents\GitHub\bthfinal\services\dsh\governance\operations\dsh_partner_identity_submit\OP_EVIDENCE_INDEX.json","services\dsh\governance\operations\dsh_partner_identity_submit\OP_EVIDENCE_INDEX.json","unknown","dsh_partner_identity_submit",".json","OP_EVIDENCE_INDEX.json","True","under services/dsh","False","False","False"
"services","C:\Users\b\Documents\GitHub\bthfinal\services\dsh\governance\operations\dsh_partner_identity_submit\OP_GAPS.md","services\dsh\governance\operations\dsh_partner_identity_submit\OP_GAPS.md","unknown","dsh_partner_identity_submit",".md","OP_GAPS.md","True","under services/dsh","False","False","False"
"services","C:\Users\b\Documents\GitHub\bthfinal\services\dsh\governance\operations\dsh_partner_identity_submit\OP_MCPW_MAP.csv","services\dsh\governance\operations\dsh_partner_identity_submit\OP_MCPW_MAP.csv","unknown","dsh_partner_identity_submit",".csv","OP_MCPW_MAP.csv","True","under services/dsh","False","False","False"
"services","C:\Users\b\Documents\GitHub\bthfinal\services\dsh\governance\operations\dsh_partner_identity_submit\OP_RBAC_ABAC.csv","services\dsh\governance\operations\dsh_partner_identity_submit\OP_RBAC_ABAC.csv","unknown","dsh_partner_identity_submit",".csv","OP_RBAC_ABAC.csv","True","under services/dsh","False","False","False"
"services","C:\Users\b\Documents\GitHub\bthfinal\services\dsh\governance\operations\dsh_partner_identity_submit\OP_RUNTIME_VARS.csv","services\dsh\governance\operations\dsh_partner_identity_submit\OP_RUNTIME_VARS.csv","unknown","dsh_partner_identity_submit",".csv","OP_RUNTIME_VARS.csv","True","under services/dsh","False","False","False"
"services","C:\Users\b\Documents\GitHub\bthfinal\services\dsh\governance\operations\dsh_partner_identity_submit\OP_SCREENS_MAP.csv","services\dsh\governance\operations\dsh_partner_identity_submit\OP_SCREENS_MAP.csv","unknown","dsh_partner_identity_submit",".csv","OP_SCREENS_MAP.csv","True","under services/dsh","False","False","False"
"services","C:\Users\b\Documents\GitHub\bthfinal\services\dsh\governance\operations\dsh_partner_identity_submit\OP_SPEC.yaml","services\dsh\governance\operations\dsh_partner_identity_submit\OP_SPEC.yaml","unknown","dsh_partner_identity_submit",".yaml","OP_SPEC.yaml","True","under services/dsh","False","False","False"
"services","C:\Users\b\Documents\GitHub\bthfinal\services\dsh\governance\operations\dsh_partner_intake_start\OP_ACCEPTANCE.md","services\dsh\governance\operations\dsh_partner_intake_start\OP_ACCEPTANCE.md","unknown","dsh_partner_intake_start",".md","OP_ACCEPTANCE.md","True","under services/dsh","False","False","False"
"services","C:\Users\b\Documents\GitHub\bthfinal\services\dsh\governance\operations\dsh_partner_intake_start\OP_ACTIONS_CATALOG.csv","services\dsh\governance\operations\dsh_partner_intake_start\OP_ACTIONS_CATALOG.csv","unknown","dsh_partner_intake_start",".csv","OP_ACTIONS_CATALOG.csv","True","under services/dsh","False","False","False"
"services","C:\Users\b\Documents\GitHub\bthfinal\services\dsh\governance\operations\dsh_partner_intake_start\OP_API_MAP.csv","services\dsh\governance\operations\dsh_partner_intake_start\OP_API_MAP.csv","unknown","dsh_partner_intake_start",".csv","OP_API_MAP.csv","True","under services/dsh","False","False","False"
"services","C:\Users\b\Documents\GitHub\bthfinal\services\dsh\governance\operations\dsh_partner_intake_start\OP_EVIDENCE_INDEX.json","services\dsh\governance\operations\dsh_partner_intake_start\OP_EVIDENCE_INDEX.json","unknown","dsh_partner_intake_start",".json","OP_EVIDENCE_INDEX.json","True","under services/dsh","False","False","False"
"services","C:\Users\b\Documents\GitHub\bthfinal\services\dsh\governance\operations\dsh_partner_intake_start\OP_GAPS.md","services\dsh\governance\operations\dsh_partner_intake_start\OP_GAPS.md","unknown","dsh_partner_intake_start",".md","OP_GAPS.md","True","under services/dsh","False","False","False"
"services","C:\Users\b\Documents\GitHub\bthfinal\services\dsh\governance\operations\dsh_partner_intake_start\OP_MCPW_MAP.csv","services\dsh\governance\operations\dsh_partner_intake_start\OP_MCPW_MAP.csv","unknown","dsh_partner_intake_start",".csv","OP_MCPW_MAP.csv","True","under services/dsh","False","False","False"
"services","C:\Users\b\Documents\GitHub\bthfinal\services\dsh\governance\operations\dsh_partner_intake_start\OP_RBAC_ABAC.csv","services\dsh\governance\operations\dsh_partner_intake_start\OP_RBAC_ABAC.csv","unknown","dsh_partner_intake_start",".csv","OP_RBAC_ABAC.csv","True","under services/dsh","False","False","False"
"services","C:\Users\b\Documents\GitHub\bthfinal\services\dsh\governance\operations\dsh_partner_intake_start\OP_RUNTIME_VARS.csv","services\dsh\governance\operations\dsh_partner_intake_start\OP_RUNTIME_VARS.csv","unknown","dsh_partner_intake_start",".csv","OP_RUNTIME_VARS.csv","True","under services/dsh","False","False","False"
"services","C:\Users\b\Documents\GitHub\bthfinal\services\dsh\governance\operations\dsh_partner_intake_start\OP_SCREENS_MAP.csv","services\dsh\governance\operations\dsh_partner_intake_start\OP_SCREENS_MAP.csv","unknown","dsh_partner_intake_start",".csv","OP_SCREENS_MAP.csv","True","under services/dsh","False","False","False"
"services","C:\Users\b\Documents\GitHub\bthfinal\services\dsh\governance\operations\dsh_partner_intake_start\OP_SPEC.yaml","services\dsh\governance\operations\dsh_partner_intake_start\OP_SPEC.yaml","unknown","dsh_partner_intake_start",".yaml","OP_SPEC.yaml","True","under services/dsh","False","False","False"
"services","C:\Users\b\Documents\GitHub\bthfinal\services\dsh\governance\operations\dsh_partner_inventory_adjust\OP_ACCEPTANCE.md","services\dsh\governance\operations\dsh_partner_inventory_adjust\OP_ACCEPTANCE.md","unknown","dsh_partner_inventory_adjust",".md","OP_ACCEPTANCE.md","True","under services/dsh","False","False","False"
"services","C:\Users\b\Documents\GitHub\bthfinal\services\dsh\governance\operations\dsh_partner_inventory_adjust\OP_ACTIONS_CATALOG.csv","services\dsh\governance\operations\dsh_partner_inventory_adjust\OP_ACTIONS_CATALOG.csv","unknown","dsh_partner_inventory_adjust",".csv","OP_ACTIONS_CATALOG.csv","True","under services/dsh","False","False","False"
"services","C:\Users\b\Documents\GitHub\bthfinal\services\dsh\governance\operations\dsh_partner_inventory_adjust\OP_API_MAP.csv","services\dsh\governance\operations\dsh_partner_inventory_adjust\OP_API_MAP.csv","unknown","dsh_partner_inventory_adjust",".csv","OP_API_MAP.csv","True","under services/dsh","False","False","False"
"services","C:\Users\b\Documents\GitHub\bthfinal\services\dsh\governance\operations\dsh_partner_inventory_adjust\OP_EVIDENCE_INDEX.json","services\dsh\governance\operations\dsh_partner_inventory_adjust\OP_EVIDENCE_INDEX.json","unknown","dsh_partner_inventory_adjust",".json","OP_EVIDENCE_INDEX.json","True","under services/dsh","False","False","False"
"services","C:\Users\b\Documents\GitHub\bthfinal\services\dsh\governance\operations\dsh_partner_inventory_adjust\OP_GAPS.md","services\dsh\governance\operations\dsh_partner_inventory_adjust\OP_GAPS.md","unknown","dsh_partner_inventory_adjust",".md","OP_GAPS.md","True","under services/dsh","False","False","False"
"services","C:\Users\b\Documents\GitHub\bthfinal\services\dsh\governance\operations\dsh_partner_inventory_adjust\OP_MCPW_MAP.csv","services\dsh\governance\operations\dsh_partner_inventory_adjust\OP_MCPW_MAP.csv","unknown","dsh_partner_inventory_adjust",".csv","OP_MCPW_MAP.csv","True","under services/dsh","False","False","False"
"services","C:\Users\b\Documents\GitHub\bthfinal\services\dsh\governance\operations\dsh_partner_inventory_adjust\OP_RBAC_ABAC.csv","services\dsh\governance\operations\dsh_partner_inventory_adjust\OP_RBAC_ABAC.csv","unknown","dsh_partner_inventory_adjust",".csv","OP_RBAC_ABAC.csv","True","under services/dsh","False","False","False"
"services","C:\Users\b\Documents\GitHub\bthfinal\services\dsh\governance\operations\dsh_partner_inventory_adjust\OP_RUNTIME_VARS.csv","services\dsh\governance\operations\dsh_partner_inventory_adjust\OP_RUNTIME_VARS.csv","unknown","dsh_partner_inventory_adjust",".csv","OP_RUNTIME_VARS.csv","True","under services/dsh","False","False","False"
"services","C:\Users\b\Documents\GitHub\bthfinal\services\dsh\governance\operations\dsh_partner_inventory_adjust\OP_SCREENS_MAP.csv","services\dsh\governance\operations\dsh_partner_inventory_adjust\OP_SCREENS_MAP.csv","unknown","dsh_partner_inventory_adjust",".csv","OP_SCREENS_MAP.csv","True","under services/dsh","False","False","False"
"services","C:\Users\b\Documents\GitHub\bthfinal\services\dsh\governance\operations\dsh_partner_inventory_adjust\OP_SPEC.yaml","services\dsh\governance\operations\dsh_partner_inventory_adjust\OP_SPEC.yaml","unknown","dsh_partner_inventory_adjust",".yaml","OP_SPEC.yaml","True","under services/dsh","False","False","False"
"services","C:\Users\b\Documents\GitHub\bthfinal\services\dsh\governance\operations\dsh_partner_inventory_update\OP_ACCEPTANCE.md","services\dsh\governance\operations\dsh_partner_inventory_update\OP_ACCEPTANCE.md","unknown","dsh_partner_inventory_update",".md","OP_ACCEPTANCE.md","True","under services/dsh","False","False","False"
"services","C:\Users\b\Documents\GitHub\bthfinal\services\dsh\governance\operations\dsh_partner_inventory_update\OP_ACTIONS_CATALOG.csv","services\dsh\governance\operations\dsh_partner_inventory_update\OP_ACTIONS_CATALOG.csv","unknown","dsh_partner_inventory_update",".csv","OP_ACTIONS_CATALOG.csv","True","under services/dsh","False","False","False"
"services","C:\Users\b\Documents\GitHub\bthfinal\services\dsh\governance\operations\dsh_partner_inventory_update\OP_API_MAP.csv","services\dsh\governance\operations\dsh_partner_inventory_update\OP_API_MAP.csv","unknown","dsh_partner_inventory_update",".csv","OP_API_MAP.csv","True","under services/dsh","False","False","False"
"services","C:\Users\b\Documents\GitHub\bthfinal\services\dsh\governance\operations\dsh_partner_inventory_update\OP_EVIDENCE_INDEX.json","services\dsh\governance\operations\dsh_partner_inventory_update\OP_EVIDENCE_INDEX.json","unknown","dsh_partner_inventory_update",".json","OP_EVIDENCE_INDEX.json","True","under services/dsh","False","False","False"
"services","C:\Users\b\Documents\GitHub\bthfinal\services\dsh\governance\operations\dsh_partner_inventory_update\OP_GAPS.md","services\dsh\governance\operations\dsh_partner_inventory_update\OP_GAPS.md","unknown","dsh_partner_inventory_update",".md","OP_GAPS.md","True","under services/dsh","False","False","False"
"services","C:\Users\b\Documents\GitHub\bthfinal\services\dsh\governance\operations\dsh_partner_inventory_update\OP_MCPW_MAP.csv","services\dsh\governance\operations\dsh_partner_inventory_update\OP_MCPW_MAP.csv","unknown","dsh_partner_inventory_update",".csv","OP_MCPW_MAP.csv","True","under services/dsh","False","False","False"
"services","C:\Users\b\Documents\GitHub\bthfinal\services\dsh\governance\operations\dsh_partner_inventory_update\OP_RBAC_ABAC.csv","services\dsh\governance\operations\dsh_partner_inventory_update\OP_RBAC_ABAC.csv","unknown","dsh_partner_inventory_update",".csv","OP_RBAC_ABAC.csv","True","under services/dsh","False","False","False"
"services","C:\Users\b\Documents\GitHub\bthfinal\services\dsh\governance\operations\dsh_partner_inventory_update\OP_RUNTIME_VARS.csv","services\dsh\governance\operations\dsh_partner_inventory_update\OP_RUNTIME_VARS.csv","unknown","dsh_partner_inventory_update",".csv","OP_RUNTIME_VARS.csv","True","under services/dsh","False","False","False"
"services","C:\Users\b\Documents\GitHub\bthfinal\services\dsh\governance\operations\dsh_partner_inventory_update\OP_SCREENS_MAP.csv","services\dsh\governance\operations\dsh_partner_inventory_update\OP_SCREENS_MAP.csv","unknown","dsh_partner_inventory_update",".csv","OP_SCREENS_MAP.csv","True","under services/dsh","False","False","False"
"services","C:\Users\b\Documents\GitHub\bthfinal\services\dsh\governance\operations\dsh_partner_inventory_update\OP_SPEC.yaml","services\dsh\governance\operations\dsh_partner_inventory_update\OP_SPEC.yaml","unknown","dsh_partner_inventory_update",".yaml","OP_SPEC.yaml","True","under services/dsh","False","False","False"
"services","C:\Users\b\Documents\GitHub\bthfinal\services\dsh\governance\operations\dsh_partner_items_upsert\OP_ACCEPTANCE.md","services\dsh\governance\operations\dsh_partner_items_upsert\OP_ACCEPTANCE.md","unknown","dsh_partner_items_upsert",".md","OP_ACCEPTANCE.md","True","under services/dsh","False","False","False"
"services","C:\Users\b\Documents\GitHub\bthfinal\services\dsh\governance\operations\dsh_partner_items_upsert\OP_ACTIONS_CATALOG.csv","services\dsh\governance\operations\dsh_partner_items_upsert\OP_ACTIONS_CATALOG.csv","unknown","dsh_partner_items_upsert",".csv","OP_ACTIONS_CATALOG.csv","True","under services/dsh","False","False","False"
"services","C:\Users\b\Documents\GitHub\bthfinal\services\dsh\governance\operations\dsh_partner_items_upsert\OP_API_MAP.csv","services\dsh\governance\operations\dsh_partner_items_upsert\OP_API_MAP.csv","unknown","dsh_partner_items_upsert",".csv","OP_API_MAP.csv","True","under services/dsh","False","False","False"
"services","C:\Users\b\Documents\GitHub\bthfinal\services\dsh\governance\operations\dsh_partner_items_upsert\OP_EVIDENCE_INDEX.json","services\dsh\governance\operations\dsh_partner_items_upsert\OP_EVIDENCE_INDEX.json","unknown","dsh_partner_items_upsert",".json","OP_EVIDENCE_INDEX.json","True","under services/dsh","False","False","False"
"services","C:\Users\b\Documents\GitHub\bthfinal\services\dsh\governance\operations\dsh_partner_items_upsert\OP_GAPS.md","services\dsh\governance\operations\dsh_partner_items_upsert\OP_GAPS.md","unknown","dsh_partner_items_upsert",".md","OP_GAPS.md","True","under services/dsh","False","False","False"
"services","C:\Users\b\Documents\GitHub\bthfinal\services\dsh\governance\operations\dsh_partner_items_upsert\OP_MCPW_MAP.csv","services\dsh\governance\operations\dsh_partner_items_upsert\OP_MCPW_MAP.csv","unknown","dsh_partner_items_upsert",".csv","OP_MCPW_MAP.csv","True","under services/dsh","False","False","False"
"services","C:\Users\b\Documents\GitHub\bthfinal\services\dsh\governance\operations\dsh_partner_items_upsert\OP_RBAC_ABAC.csv","services\dsh\governance\operations\dsh_partner_items_upsert\OP_RBAC_ABAC.csv","unknown","dsh_partner_items_upsert",".csv","OP_RBAC_ABAC.csv","True","under services/dsh","False","False","False"
"services","C:\Users\b\Documents\GitHub\bthfinal\services\dsh\governance\operations\dsh_partner_items_upsert\OP_RUNTIME_VARS.csv","services\dsh\governance\operations\dsh_partner_items_upsert\OP_RUNTIME_VARS.csv","unknown","dsh_partner_items_upsert",".csv","OP_RUNTIME_VARS.csv","True","under services/dsh","False","False","False"
"services","C:\Users\b\Documents\GitHub\bthfinal\services\dsh\governance\operations\dsh_partner_items_upsert\OP_SCREENS_MAP.csv","services\dsh\governance\operations\dsh_partner_items_upsert\OP_SCREENS_MAP.csv","unknown","dsh_partner_items_upsert",".csv","OP_SCREENS_MAP.csv","True","under services/dsh","False","False","False"
"services","C:\Users\b\Documents\GitHub\bthfinal\services\dsh\governance\operations\dsh_partner_items_upsert\OP_SPEC.yaml","services\dsh\governance\operations\dsh_partner_items_upsert\OP_SPEC.yaml","unknown","dsh_partner_items_upsert",".yaml","OP_SPEC.yaml","True","under services/dsh","False","False","False"
"services","C:\Users\b\Documents\GitHub\bthfinal\services\dsh\governance\operations\dsh_partner_manager_invite\OP_ACCEPTANCE.md","services\dsh\governance\operations\dsh_partner_manager_invite\OP_ACCEPTANCE.md","unknown","dsh_partner_manager_invite",".md","OP_ACCEPTANCE.md","True","under services/dsh","False","False","False"
"services","C:\Users\b\Documents\GitHub\bthfinal\services\dsh\governance\operations\dsh_partner_manager_invite\OP_ACTIONS_CATALOG.csv","services\dsh\governance\operations\dsh_partner_manager_invite\OP_ACTIONS_CATALOG.csv","unknown","dsh_partner_manager_invite",".csv","OP_ACTIONS_CATALOG.csv","True","under services/dsh","False","False","False"
"services","C:\Users\b\Documents\GitHub\bthfinal\services\dsh\governance\operations\dsh_partner_manager_invite\OP_API_MAP.csv","services\dsh\governance\operations\dsh_partner_manager_invite\OP_API_MAP.csv","unknown","dsh_partner_manager_invite",".csv","OP_API_MAP.csv","True","under services/dsh","False","False","False"
"services","C:\Users\b\Documents\GitHub\bthfinal\services\dsh\governance\operations\dsh_partner_manager_invite\OP_EVIDENCE_INDEX.json","services\dsh\governance\operations\dsh_partner_manager_invite\OP_EVIDENCE_INDEX.json","unknown","dsh_partner_manager_invite",".json","OP_EVIDENCE_INDEX.json","True","under services/dsh","False","False","False"
"services","C:\Users\b\Documents\GitHub\bthfinal\services\dsh\governance\operations\dsh_partner_manager_invite\OP_GAPS.md","services\dsh\governance\operations\dsh_partner_manager_invite\OP_GAPS.md","unknown","dsh_partner_manager_invite",".md","OP_GAPS.md","True","under services/dsh","False","False","False"
"services","C:\Users\b\Documents\GitHub\bthfinal\services\dsh\governance\operations\dsh_partner_manager_invite\OP_MCPW_MAP.csv","services\dsh\governance\operations\dsh_partner_manager_invite\OP_MCPW_MAP.csv","unknown","dsh_partner_manager_invite",".csv","OP_MCPW_MAP.csv","True","under services/dsh","False","False","False"
"services","C:\Users\b\Documents\GitHub\bthfinal\services\dsh\governance\operations\dsh_partner_manager_invite\OP_RBAC_ABAC.csv","services\dsh\governance\operations\dsh_partner_manager_invite\OP_RBAC_ABAC.csv","unknown","dsh_partner_manager_invite",".csv","OP_RBAC_ABAC.csv","True","under services/dsh","False","False","False"
"services","C:\Users\b\Documents\GitHub\bthfinal\services\dsh\governance\operations\dsh_partner_manager_invite\OP_RUNTIME_VARS.csv","services\dsh\governance\operations\dsh_partner_manager_invite\OP_RUNTIME_VARS.csv","unknown","dsh_partner_manager_invite",".csv","OP_RUNTIME_VARS.csv","True","under services/dsh","False","False","False"
"services","C:\Users\b\Documents\GitHub\bthfinal\services\dsh\governance\operations\dsh_partner_manager_invite\OP_SCREENS_MAP.csv","services\dsh\governance\operations\dsh_partner_manager_invite\OP_SCREENS_MAP.csv","unknown","dsh_partner_manager_invite",".csv","OP_SCREENS_MAP.csv","True","under services/dsh","False","False","False"
"services","C:\Users\b\Documents\GitHub\bthfinal\services\dsh\governance\operations\dsh_partner_manager_invite\OP_SPEC.yaml","services\dsh\governance\operations\dsh_partner_manager_invite\OP_SPEC.yaml","unknown","dsh_partner_manager_invite",".yaml","OP_SPEC.yaml","True","under services/dsh","False","False","False"
"services","C:\Users\b\Documents\GitHub\bthfinal\services\dsh\governance\operations\dsh_partner_order_handoff\OP_ACCEPTANCE.md","services\dsh\governance\operations\dsh_partner_order_handoff\OP_ACCEPTANCE.md","unknown","dsh_partner_order_handoff",".md","OP_ACCEPTANCE.md","True","under services/dsh","False","False","False"
"services","C:\Users\b\Documents\GitHub\bthfinal\services\dsh\governance\operations\dsh_partner_order_handoff\OP_ACTIONS_CATALOG.csv","services\dsh\governance\operations\dsh_partner_order_handoff\OP_ACTIONS_CATALOG.csv","unknown","dsh_partner_order_handoff",".csv","OP_ACTIONS_CATALOG.csv","True","under services/dsh","False","False","False"
"services","C:\Users\b\Documents\GitHub\bthfinal\services\dsh\governance\operations\dsh_partner_order_handoff\OP_API_MAP.csv","services\dsh\governance\operations\dsh_partner_order_handoff\OP_API_MAP.csv","unknown","dsh_partner_order_handoff",".csv","OP_API_MAP.csv","True","under services/dsh","False","False","False"
"services","C:\Users\b\Documents\GitHub\bthfinal\services\dsh\governance\operations\dsh_partner_order_handoff\OP_EVIDENCE_INDEX.json","services\dsh\governance\operations\dsh_partner_order_handoff\OP_EVIDENCE_INDEX.json","unknown","dsh_partner_order_handoff",".json","OP_EVIDENCE_INDEX.json","True","under services/dsh","False","False","False"
"services","C:\Users\b\Documents\GitHub\bthfinal\services\dsh\governance\operations\dsh_partner_order_handoff\OP_GAPS.md","services\dsh\governance\operations\dsh_partner_order_handoff\OP_GAPS.md","unknown","dsh_partner_order_handoff",".md","OP_GAPS.md","True","under services/dsh","False","False","False"
"services","C:\Users\b\Documents\GitHub\bthfinal\services\dsh\governance\operations\dsh_partner_order_handoff\OP_MCPW_MAP.csv","services\dsh\governance\operations\dsh_partner_order_handoff\OP_MCPW_MAP.csv","unknown","dsh_partner_order_handoff",".csv","OP_MCPW_MAP.csv","True","under services/dsh","False","False","False"
"services","C:\Users\b\Documents\GitHub\bthfinal\services\dsh\governance\operations\dsh_partner_order_handoff\OP_RBAC_ABAC.csv","services\dsh\governance\operations\dsh_partner_order_handoff\OP_RBAC_ABAC.csv","unknown","dsh_partner_order_handoff",".csv","OP_RBAC_ABAC.csv","True","under services/dsh","False","False","False"
"services","C:\Users\b\Documents\GitHub\bthfinal\services\dsh\governance\operations\dsh_partner_order_handoff\OP_RUNTIME_VARS.csv","services\dsh\governance\operations\dsh_partner_order_handoff\OP_RUNTIME_VARS.csv","unknown","dsh_partner_order_handoff",".csv","OP_RUNTIME_VARS.csv","True","under services/dsh","False","False","False"
"services","C:\Users\b\Documents\GitHub\bthfinal\services\dsh\governance\operations\dsh_partner_order_handoff\OP_SCREENS_MAP.csv","services\dsh\governance\operations\dsh_partner_order_handoff\OP_SCREENS_MAP.csv","unknown","dsh_partner_order_handoff",".csv","OP_SCREENS_MAP.csv","True","under services/dsh","False","False","False"
"services","C:\Users\b\Documents\GitHub\bthfinal\services\dsh\governance\operations\dsh_partner_order_handoff\OP_SPEC.yaml","services\dsh\governance\operations\dsh_partner_order_handoff\OP_SPEC.yaml","unknown","dsh_partner_order_handoff",".yaml","OP_SPEC.yaml","True","under services/dsh","False","False","False"
"services","C:\Users\b\Documents\GitHub\bthfinal\services\dsh\governance\operations\dsh_partner_quick_reply_config_get\OP_ACCEPTANCE.md","services\dsh\governance\operations\dsh_partner_quick_reply_config_get\OP_ACCEPTANCE.md","unknown","dsh_partner_quick_reply_config_get",".md","OP_ACCEPTANCE.md","True","under services/dsh","False","False","False"
"services","C:\Users\b\Documents\GitHub\bthfinal\services\dsh\governance\operations\dsh_partner_quick_reply_config_get\OP_ACTIONS_CATALOG.csv","services\dsh\governance\operations\dsh_partner_quick_reply_config_get\OP_ACTIONS_CATALOG.csv","unknown","dsh_partner_quick_reply_config_get",".csv","OP_ACTIONS_CATALOG.csv","True","under services/dsh","False","False","False"
"services","C:\Users\b\Documents\GitHub\bthfinal\services\dsh\governance\operations\dsh_partner_quick_reply_config_get\OP_API_MAP.csv","services\dsh\governance\operations\dsh_partner_quick_reply_config_get\OP_API_MAP.csv","unknown","dsh_partner_quick_reply_config_get",".csv","OP_API_MAP.csv","True","under services/dsh","False","False","False"
"services","C:\Users\b\Documents\GitHub\bthfinal\services\dsh\governance\operations\dsh_partner_quick_reply_config_get\OP_EVIDENCE_INDEX.json","services\dsh\governance\operations\dsh_partner_quick_reply_config_get\OP_EVIDENCE_INDEX.json","unknown","dsh_partner_quick_reply_config_get",".json","OP_EVIDENCE_INDEX.json","True","under services/dsh","False","False","False"
"services","C:\Users\b\Documents\GitHub\bthfinal\services\dsh\governance\operations\dsh_partner_quick_reply_config_get\OP_GAPS.md","services\dsh\governance\operations\dsh_partner_quick_reply_config_get\OP_GAPS.md","unknown","dsh_partner_quick_reply_config_get",".md","OP_GAPS.md","True","under services/dsh","False","False","False"
"services","C:\Users\b\Documents\GitHub\bthfinal\services\dsh\governance\operations\dsh_partner_quick_reply_config_get\OP_MCPW_MAP.csv","services\dsh\governance\operations\dsh_partner_quick_reply_config_get\OP_MCPW_MAP.csv","unknown","dsh_partner_quick_reply_config_get",".csv","OP_MCPW_MAP.csv","True","under services/dsh","False","False","False"
"services","C:\Users\b\Documents\GitHub\bthfinal\services\dsh\governance\operations\dsh_partner_quick_reply_config_get\OP_RBAC_ABAC.csv","services\dsh\governance\operations\dsh_partner_quick_reply_config_get\OP_RBAC_ABAC.csv","unknown","dsh_partner_quick_reply_config_get",".csv","OP_RBAC_ABAC.csv","True","under services/dsh","False","False","False"
"services","C:\Users\b\Documents\GitHub\bthfinal\services\dsh\governance\operations\dsh_partner_quick_reply_config_get\OP_RUNTIME_VARS.csv","services\dsh\governance\operations\dsh_partner_quick_reply_config_get\OP_RUNTIME_VARS.csv","unknown","dsh_partner_quick_reply_config_get",".csv","OP_RUNTIME_VARS.csv","True","under services/dsh","False","False","False"
"services","C:\Users\b\Documents\GitHub\bthfinal\services\dsh\governance\operations\dsh_partner_quick_reply_config_get\OP_SCREENS_MAP.csv","services\dsh\governance\operations\dsh_partner_quick_reply_config_get\OP_SCREENS_MAP.csv","unknown","dsh_partner_quick_reply_config_get",".csv","OP_SCREENS_MAP.csv","True","under services/dsh","False","False","False"
"services","C:\Users\b\Documents\GitHub\bthfinal\services\dsh\governance\operations\dsh_partner_quick_reply_config_get\OP_SPEC.yaml","services\dsh\governance\operations\dsh_partner_quick_reply_config_get\OP_SPEC.yaml","unknown","dsh_partner_quick_reply_config_get",".yaml","OP_SPEC.yaml","True","under services/dsh","False","False","False"
"services","C:\Users\b\Documents\GitHub\bthfinal\services\dsh\governance\operations\dsh_partner_quick_reply_post\OP_ACCEPTANCE.md","services\dsh\governance\operations\dsh_partner_quick_reply_post\OP_ACCEPTANCE.md","unknown","dsh_partner_quick_reply_post",".md","OP_ACCEPTANCE.md","True","under services/dsh","False","False","False"
"services","C:\Users\b\Documents\GitHub\bthfinal\services\dsh\governance\operations\dsh_partner_quick_reply_post\OP_ACTIONS_CATALOG.csv","services\dsh\governance\operations\dsh_partner_quick_reply_post\OP_ACTIONS_CATALOG.csv","unknown","dsh_partner_quick_reply_post",".csv","OP_ACTIONS_CATALOG.csv","True","under services/dsh","False","False","False"
"services","C:\Users\b\Documents\GitHub\bthfinal\services\dsh\governance\operations\dsh_partner_quick_reply_post\OP_API_MAP.csv","services\dsh\governance\operations\dsh_partner_quick_reply_post\OP_API_MAP.csv","unknown","dsh_partner_quick_reply_post",".csv","OP_API_MAP.csv","True","under services/dsh","False","False","False"
"services","C:\Users\b\Documents\GitHub\bthfinal\services\dsh\governance\operations\dsh_partner_quick_reply_post\OP_EVIDENCE_INDEX.json","services\dsh\governance\operations\dsh_partner_quick_reply_post\OP_EVIDENCE_INDEX.json","unknown","dsh_partner_quick_reply_post",".json","OP_EVIDENCE_INDEX.json","True","under services/dsh","False","False","False"
"services","C:\Users\b\Documents\GitHub\bthfinal\services\dsh\governance\operations\dsh_partner_quick_reply_post\OP_GAPS.md","services\dsh\governance\operations\dsh_partner_quick_reply_post\OP_GAPS.md","unknown","dsh_partner_quick_reply_post",".md","OP_GAPS.md","True","under services/dsh","False","False","False"
"services","C:\Users\b\Documents\GitHub\bthfinal\services\dsh\governance\operations\dsh_partner_quick_reply_post\OP_MCPW_MAP.csv","services\dsh\governance\operations\dsh_partner_quick_reply_post\OP_MCPW_MAP.csv","unknown","dsh_partner_quick_reply_post",".csv","OP_MCPW_MAP.csv","True","under services/dsh","False","False","False"
"services","C:\Users\b\Documents\GitHub\bthfinal\services\dsh\governance\operations\dsh_partner_quick_reply_post\OP_RBAC_ABAC.csv","services\dsh\governance\operations\dsh_partner_quick_reply_post\OP_RBAC_ABAC.csv","unknown","dsh_partner_quick_reply_post",".csv","OP_RBAC_ABAC.csv","True","under services/dsh","False","False","False"
"services","C:\Users\b\Documents\GitHub\bthfinal\services\dsh\governance\operations\dsh_partner_quick_reply_post\OP_RUNTIME_VARS.csv","services\dsh\governance\operations\dsh_partner_quick_reply_post\OP_RUNTIME_VARS.csv","unknown","dsh_partner_quick_reply_post",".csv","OP_RUNTIME_VARS.csv","True","under services/dsh","False","False","False"
"services","C:\Users\b\Documents\GitHub\bthfinal\services\dsh\governance\operations\dsh_partner_quick_reply_post\OP_SCREENS_MAP.csv","services\dsh\governance\operations\dsh_partner_quick_reply_post\OP_SCREENS_MAP.csv","unknown","dsh_partner_quick_reply_post",".csv","OP_SCREENS_MAP.csv","True","under services/dsh","False","False","False"
"services","C:\Users\b\Documents\GitHub\bthfinal\services\dsh\governance\operations\dsh_partner_quick_reply_post\OP_SPEC.yaml","services\dsh\governance\operations\dsh_partner_quick_reply_post\OP_SPEC.yaml","unknown","dsh_partner_quick_reply_post",".yaml","OP_SPEC.yaml","True","under services/dsh","False","False","False"
"services","C:\Users\b\Documents\GitHub\bthfinal\services\dsh\governance\operations\dsh_partner_quick_reply_setup\OP_ACCEPTANCE.md","services\dsh\governance\operations\dsh_partner_quick_reply_setup\OP_ACCEPTANCE.md","unknown","dsh_partner_quick_reply_setup",".md","OP_ACCEPTANCE.md","True","under services/dsh","False","False","False"
"services","C:\Users\b\Documents\GitHub\bthfinal\services\dsh\governance\operations\dsh_partner_quick_reply_setup\OP_ACTIONS_CATALOG.csv","services\dsh\governance\operations\dsh_partner_quick_reply_setup\OP_ACTIONS_CATALOG.csv","unknown","dsh_partner_quick_reply_setup",".csv","OP_ACTIONS_CATALOG.csv","True","under services/dsh","False","False","False"
"services","C:\Users\b\Documents\GitHub\bthfinal\services\dsh\governance\operations\dsh_partner_quick_reply_setup\OP_API_MAP.csv","services\dsh\governance\operations\dsh_partner_quick_reply_setup\OP_API_MAP.csv","unknown","dsh_partner_quick_reply_setup",".csv","OP_API_MAP.csv","True","under services/dsh","False","False","False"
"services","C:\Users\b\Documents\GitHub\bthfinal\services\dsh\governance\operations\dsh_partner_quick_reply_setup\OP_EVIDENCE_INDEX.json","services\dsh\governance\operations\dsh_partner_quick_reply_setup\OP_EVIDENCE_INDEX.json","unknown","dsh_partner_quick_reply_setup",".json","OP_EVIDENCE_INDEX.json","True","under services/dsh","False","False","False"
"services","C:\Users\b\Documents\GitHub\bthfinal\services\dsh\governance\operations\dsh_partner_quick_reply_setup\OP_GAPS.md","services\dsh\governance\operations\dsh_partner_quick_reply_setup\OP_GAPS.md","unknown","dsh_partner_quick_reply_setup",".md","OP_GAPS.md","True","under services/dsh","False","False","False"
"services","C:\Users\b\Documents\GitHub\bthfinal\services\dsh\governance\operations\dsh_partner_quick_reply_setup\OP_MCPW_MAP.csv","services\dsh\governance\operations\dsh_partner_quick_reply_setup\OP_MCPW_MAP.csv","unknown","dsh_partner_quick_reply_setup",".csv","OP_MCPW_MAP.csv","True","under services/dsh","False","False","False"
"services","C:\Users\b\Documents\GitHub\bthfinal\services\dsh\governance\operations\dsh_partner_quick_reply_setup\OP_RBAC_ABAC.csv","services\dsh\governance\operations\dsh_partner_quick_reply_setup\OP_RBAC_ABAC.csv","unknown","dsh_partner_quick_reply_setup",".csv","OP_RBAC_ABAC.csv","True","under services/dsh","False","False","False"
"services","C:\Users\b\Documents\GitHub\bthfinal\services\dsh\governance\operations\dsh_partner_quick_reply_setup\OP_RUNTIME_VARS.csv","services\dsh\governance\operations\dsh_partner_quick_reply_setup\OP_RUNTIME_VARS.csv","unknown","dsh_partner_quick_reply_setup",".csv","OP_RUNTIME_VARS.csv","True","under services/dsh","False","False","False"
"services","C:\Users\b\Documents\GitHub\bthfinal\services\dsh\governance\operations\dsh_partner_quick_reply_setup\OP_SCREENS_MAP.csv","services\dsh\governance\operations\dsh_partner_quick_reply_setup\OP_SCREENS_MAP.csv","unknown","dsh_partner_quick_reply_setup",".csv","OP_SCREENS_MAP.csv","True","under services/dsh","False","False","False"
"services","C:\Users\b\Documents\GitHub\bthfinal\services\dsh\governance\operations\dsh_partner_quick_reply_setup\OP_SPEC.yaml","services\dsh\governance\operations\dsh_partner_quick_reply_setup\OP_SPEC.yaml","unknown","dsh_partner_quick_reply_setup",".yaml","OP_SPEC.yaml","True","under services/dsh","False","False","False"
"services","C:\Users\b\Documents\GitHub\bthfinal\services\dsh\governance\operations\dsh_partner_quick_reply_webhook_post\OP_ACCEPTANCE.md","services\dsh\governance\operations\dsh_partner_quick_reply_webhook_post\OP_ACCEPTANCE.md","unknown","dsh_partner_quick_reply_webhook_post",".md","OP_ACCEPTANCE.md","True","under services/dsh","False","False","False"
"services","C:\Users\b\Documents\GitHub\bthfinal\services\dsh\governance\operations\dsh_partner_quick_reply_webhook_post\OP_ACTIONS_CATALOG.csv","services\dsh\governance\operations\dsh_partner_quick_reply_webhook_post\OP_ACTIONS_CATALOG.csv","unknown","dsh_partner_quick_reply_webhook_post",".csv","OP_ACTIONS_CATALOG.csv","True","under services/dsh","False","False","False"
"services","C:\Users\b\Documents\GitHub\bthfinal\services\dsh\governance\operations\dsh_partner_quick_reply_webhook_post\OP_API_MAP.csv","services\dsh\governance\operations\dsh_partner_quick_reply_webhook_post\OP_API_MAP.csv","unknown","dsh_partner_quick_reply_webhook_post",".csv","OP_API_MAP.csv","True","under services/dsh","False","False","False"
"services","C:\Users\b\Documents\GitHub\bthfinal\services\dsh\governance\operations\dsh_partner_quick_reply_webhook_post\OP_EVIDENCE_INDEX.json","services\dsh\governance\operations\dsh_partner_quick_reply_webhook_post\OP_EVIDENCE_INDEX.json","unknown","dsh_partner_quick_reply_webhook_post",".json","OP_EVIDENCE_INDEX.json","True","under services/dsh","False","False","False"
"services","C:\Users\b\Documents\GitHub\bthfinal\services\dsh\governance\operations\dsh_partner_quick_reply_webhook_post\OP_GAPS.md","services\dsh\governance\operations\dsh_partner_quick_reply_webhook_post\OP_GAPS.md","unknown","dsh_partner_quick_reply_webhook_post",".md","OP_GAPS.md","True","under services/dsh","False","False","False"
"services","C:\Users\b\Documents\GitHub\bthfinal\services\dsh\governance\operations\dsh_partner_quick_reply_webhook_post\OP_MCPW_MAP.csv","services\dsh\governance\operations\dsh_partner_quick_reply_webhook_post\OP_MCPW_MAP.csv","unknown","dsh_partner_quick_reply_webhook_post",".csv","OP_MCPW_MAP.csv","True","under services/dsh","False","False","False"
"services","C:\Users\b\Documents\GitHub\bthfinal\services\dsh\governance\operations\dsh_partner_quick_reply_webhook_post\OP_RBAC_ABAC.csv","services\dsh\governance\operations\dsh_partner_quick_reply_webhook_post\OP_RBAC_ABAC.csv","unknown","dsh_partner_quick_reply_webhook_post",".csv","OP_RBAC_ABAC.csv","True","under services/dsh","False","False","False"
"services","C:\Users\b\Documents\GitHub\bthfinal\services\dsh\governance\operations\dsh_partner_quick_reply_webhook_post\OP_RUNTIME_VARS.csv","services\dsh\governance\operations\dsh_partner_quick_reply_webhook_post\OP_RUNTIME_VARS.csv","unknown","dsh_partner_quick_reply_webhook_post",".csv","OP_RUNTIME_VARS.csv","True","under services/dsh","False","False","False"
"services","C:\Users\b\Documents\GitHub\bthfinal\services\dsh\governance\operations\dsh_partner_quick_reply_webhook_post\OP_SCREENS_MAP.csv","services\dsh\governance\operations\dsh_partner_quick_reply_webhook_post\OP_SCREENS_MAP.csv","unknown","dsh_partner_quick_reply_webhook_post",".csv","OP_SCREENS_MAP.csv","True","under services/dsh","False","False","False"
"services","C:\Users\b\Documents\GitHub\bthfinal\services\dsh\governance\operations\dsh_partner_quick_reply_webhook_post\OP_SPEC.yaml","services\dsh\governance\operations\dsh_partner_quick_reply_webhook_post\OP_SPEC.yaml","unknown","dsh_partner_quick_reply_webhook_post",".yaml","OP_SPEC.yaml","True","under services/dsh","False","False","False"
"services","C:\Users\b\Documents\GitHub\bthfinal\services\dsh\governance\operations\dsh_partner_store_create\OP_ACCEPTANCE.md","services\dsh\governance\operations\dsh_partner_store_create\OP_ACCEPTANCE.md","unknown","dsh_partner_store_create",".md","OP_ACCEPTANCE.md","True","under services/dsh","False","False","False"
"services","C:\Users\b\Documents\GitHub\bthfinal\services\dsh\governance\operations\dsh_partner_store_create\OP_ACTIONS_CATALOG.csv","services\dsh\governance\operations\dsh_partner_store_create\OP_ACTIONS_CATALOG.csv","unknown","dsh_partner_store_create",".csv","OP_ACTIONS_CATALOG.csv","True","under services/dsh","False","False","False"
"services","C:\Users\b\Documents\GitHub\bthfinal\services\dsh\governance\operations\dsh_partner_store_create\OP_API_MAP.csv","services\dsh\governance\operations\dsh_partner_store_create\OP_API_MAP.csv","unknown","dsh_partner_store_create",".csv","OP_API_MAP.csv","True","under services/dsh","False","False","False"
"services","C:\Users\b\Documents\GitHub\bthfinal\services\dsh\governance\operations\dsh_partner_store_create\OP_EVIDENCE_INDEX.json","services\dsh\governance\operations\dsh_partner_store_create\OP_EVIDENCE_INDEX.json","unknown","dsh_partner_store_create",".json","OP_EVIDENCE_INDEX.json","True","under services/dsh","False","False","False"
"services","C:\Users\b\Documents\GitHub\bthfinal\services\dsh\governance\operations\dsh_partner_store_create\OP_GAPS.md","services\dsh\governance\operations\dsh_partner_store_create\OP_GAPS.md","unknown","dsh_partner_store_create",".md","OP_GAPS.md","True","under services/dsh","False","False","False"
"services","C:\Users\b\Documents\GitHub\bthfinal\services\dsh\governance\operations\dsh_partner_store_create\OP_MCPW_MAP.csv","services\dsh\governance\operations\dsh_partner_store_create\OP_MCPW_MAP.csv","unknown","dsh_partner_store_create",".csv","OP_MCPW_MAP.csv","True","under services/dsh","False","False","False"
"services","C:\Users\b\Documents\GitHub\bthfinal\services\dsh\governance\operations\dsh_partner_store_create\OP_RBAC_ABAC.csv","services\dsh\governance\operations\dsh_partner_store_create\OP_RBAC_ABAC.csv","unknown","dsh_partner_store_create",".csv","OP_RBAC_ABAC.csv","True","under services/dsh","False","False","False"
"services","C:\Users\b\Documents\GitHub\bthfinal\services\dsh\governance\operations\dsh_partner_store_create\OP_RUNTIME_VARS.csv","services\dsh\governance\operations\dsh_partner_store_create\OP_RUNTIME_VARS.csv","unknown","dsh_partner_store_create",".csv","OP_RUNTIME_VARS.csv","True","under services/dsh","False","False","False"
"services","C:\Users\b\Documents\GitHub\bthfinal\services\dsh\governance\operations\dsh_partner_store_create\OP_SCREENS_MAP.csv","services\dsh\governance\operations\dsh_partner_store_create\OP_SCREENS_MAP.csv","unknown","dsh_partner_store_create",".csv","OP_SCREENS_MAP.csv","True","under services/dsh","False","False","False"
"services","C:\Users\b\Documents\GitHub\bthfinal\services\dsh\governance\operations\dsh_partner_store_create\OP_SPEC.yaml","services\dsh\governance\operations\dsh_partner_store_create\OP_SPEC.yaml","unknown","dsh_partner_store_create",".yaml","OP_SPEC.yaml","True","under services/dsh","False","False","False"
"services","C:\Users\b\Documents\GitHub\bthfinal\services\dsh\governance\operations\dsh_partner_store_get\OP_ACCEPTANCE.md","services\dsh\governance\operations\dsh_partner_store_get\OP_ACCEPTANCE.md","unknown","dsh_partner_store_get",".md","OP_ACCEPTANCE.md","True","under services/dsh","False","False","False"
"services","C:\Users\b\Documents\GitHub\bthfinal\services\dsh\governance\operations\dsh_partner_store_get\OP_ACTIONS_CATALOG.csv","services\dsh\governance\operations\dsh_partner_store_get\OP_ACTIONS_CATALOG.csv","unknown","dsh_partner_store_get",".csv","OP_ACTIONS_CATALOG.csv","True","under services/dsh","False","False","False"
"services","C:\Users\b\Documents\GitHub\bthfinal\services\dsh\governance\operations\dsh_partner_store_get\OP_API_MAP.csv","services\dsh\governance\operations\dsh_partner_store_get\OP_API_MAP.csv","unknown","dsh_partner_store_get",".csv","OP_API_MAP.csv","True","under services/dsh","False","False","False"
"services","C:\Users\b\Documents\GitHub\bthfinal\services\dsh\governance\operations\dsh_partner_store_get\OP_EVIDENCE_INDEX.json","services\dsh\governance\operations\dsh_partner_store_get\OP_EVIDENCE_INDEX.json","unknown","dsh_partner_store_get",".json","OP_EVIDENCE_INDEX.json","True","under services/dsh","False","False","False"
"services","C:\Users\b\Documents\GitHub\bthfinal\services\dsh\governance\operations\dsh_partner_store_get\OP_GAPS.md","services\dsh\governance\operations\dsh_partner_store_get\OP_GAPS.md","unknown","dsh_partner_store_get",".md","OP_GAPS.md","True","under services/dsh","False","False","False"
"services","C:\Users\b\Documents\GitHub\bthfinal\services\dsh\governance\operations\dsh_partner_store_get\OP_MCPW_MAP.csv","services\dsh\governance\operations\dsh_partner_store_get\OP_MCPW_MAP.csv","unknown","dsh_partner_store_get",".csv","OP_MCPW_MAP.csv","True","under services/dsh","False","False","False"
"services","C:\Users\b\Documents\GitHub\bthfinal\services\dsh\governance\operations\dsh_partner_store_get\OP_RBAC_ABAC.csv","services\dsh\governance\operations\dsh_partner_store_get\OP_RBAC_ABAC.csv","unknown","dsh_partner_store_get",".csv","OP_RBAC_ABAC.csv","True","under services/dsh","False","False","False"
"services","C:\Users\b\Documents\GitHub\bthfinal\services\dsh\governance\operations\dsh_partner_store_get\OP_RUNTIME_VARS.csv","services\dsh\governance\operations\dsh_partner_store_get\OP_RUNTIME_VARS.csv","unknown","dsh_partner_store_get",".csv","OP_RUNTIME_VARS.csv","True","under services/dsh","False","False","False"
"services","C:\Users\b\Documents\GitHub\bthfinal\services\dsh\governance\operations\dsh_partner_store_get\OP_SCREENS_MAP.csv","services\dsh\governance\operations\dsh_partner_store_get\OP_SCREENS_MAP.csv","unknown","dsh_partner_store_get",".csv","OP_SCREENS_MAP.csv","True","under services/dsh","False","False","False"
"services","C:\Users\b\Documents\GitHub\bthfinal\services\dsh\governance\operations\dsh_partner_store_get\OP_SPEC.yaml","services\dsh\governance\operations\dsh_partner_store_get\OP_SPEC.yaml","unknown","dsh_partner_store_get",".yaml","OP_SPEC.yaml","True","under services/dsh","False","False","False"
"services","C:\Users\b\Documents\GitHub\bthfinal\services\dsh\governance\operations\dsh_partner_store_service_modes_update\OP_ACCEPTANCE.md","services\dsh\governance\operations\dsh_partner_store_service_modes_update\OP_ACCEPTANCE.md","unknown","dsh_partner_store_service_modes_update",".md","OP_ACCEPTANCE.md","True","under services/dsh","False","False","False"
"services","C:\Users\b\Documents\GitHub\bthfinal\services\dsh\governance\operations\dsh_partner_store_service_modes_update\OP_ACTIONS_CATALOG.csv","services\dsh\governance\operations\dsh_partner_store_service_modes_update\OP_ACTIONS_CATALOG.csv","unknown","dsh_partner_store_service_modes_update",".csv","OP_ACTIONS_CATALOG.csv","True","under services/dsh","False","False","False"
"services","C:\Users\b\Documents\GitHub\bthfinal\services\dsh\governance\operations\dsh_partner_store_service_modes_update\OP_API_MAP.csv","services\dsh\governance\operations\dsh_partner_store_service_modes_update\OP_API_MAP.csv","unknown","dsh_partner_store_service_modes_update",".csv","OP_API_MAP.csv","True","under services/dsh","False","False","False"
"services","C:\Users\b\Documents\GitHub\bthfinal\services\dsh\governance\operations\dsh_partner_store_service_modes_update\OP_EVIDENCE_INDEX.json","services\dsh\governance\operations\dsh_partner_store_service_modes_update\OP_EVIDENCE_INDEX.json","unknown","dsh_partner_store_service_modes_update",".json","OP_EVIDENCE_INDEX.json","True","under services/dsh","False","False","False"
"services","C:\Users\b\Documents\GitHub\bthfinal\services\dsh\governance\operations\dsh_partner_store_service_modes_update\OP_GAPS.md","services\dsh\governance\operations\dsh_partner_store_service_modes_update\OP_GAPS.md","unknown","dsh_partner_store_service_modes_update",".md","OP_GAPS.md","True","under services/dsh","False","False","False"
"services","C:\Users\b\Documents\GitHub\bthfinal\services\dsh\governance\operations\dsh_partner_store_service_modes_update\OP_MCPW_MAP.csv","services\dsh\governance\operations\dsh_partner_store_service_modes_update\OP_MCPW_MAP.csv","unknown","dsh_partner_store_service_modes_update",".csv","OP_MCPW_MAP.csv","True","under services/dsh","False","False","False"
"services","C:\Users\b\Documents\GitHub\bthfinal\services\dsh\governance\operations\dsh_partner_store_service_modes_update\OP_RBAC_ABAC.csv","services\dsh\governance\operations\dsh_partner_store_service_modes_update\OP_RBAC_ABAC.csv","unknown","dsh_partner_store_service_modes_update",".csv","OP_RBAC_ABAC.csv","True","under services/dsh","False","False","False"
"services","C:\Users\b\Documents\GitHub\bthfinal\services\dsh\governance\operations\dsh_partner_store_service_modes_update\OP_RUNTIME_VARS.csv","services\dsh\governance\operations\dsh_partner_store_service_modes_update\OP_RUNTIME_VARS.csv","unknown","dsh_partner_store_service_modes_update",".csv","OP_RUNTIME_VARS.csv","True","under services/dsh","False","False","False"
"services","C:\Users\b\Documents\GitHub\bthfinal\services\dsh\governance\operations\dsh_partner_store_service_modes_update\OP_SCREENS_MAP.csv","services\dsh\governance\operations\dsh_partner_store_service_modes_update\OP_SCREENS_MAP.csv","unknown","dsh_partner_store_service_modes_update",".csv","OP_SCREENS_MAP.csv","True","under services/dsh","False","False","False"
"services","C:\Users\b\Documents\GitHub\bthfinal\services\dsh\governance\operations\dsh_partner_store_service_modes_update\OP_SPEC.yaml","services\dsh\governance\operations\dsh_partner_store_service_modes_update\OP_SPEC.yaml","unknown","dsh_partner_store_service_modes_update",".yaml","OP_SPEC.yaml","True","under services/dsh","False","False","False"
"services","C:\Users\b\Documents\GitHub\bthfinal\services\dsh\governance\operations\dsh_partner_store_status_update\OP_ACCEPTANCE.md","services\dsh\governance\operations\dsh_partner_store_status_update\OP_ACCEPTANCE.md","unknown","dsh_partner_store_status_update",".md","OP_ACCEPTANCE.md","True","under services/dsh","False","False","False"
"services","C:\Users\b\Documents\GitHub\bthfinal\services\dsh\governance\operations\dsh_partner_store_status_update\OP_ACTIONS_CATALOG.csv","services\dsh\governance\operations\dsh_partner_store_status_update\OP_ACTIONS_CATALOG.csv","unknown","dsh_partner_store_status_update",".csv","OP_ACTIONS_CATALOG.csv","True","under services/dsh","False","False","False"
"services","C:\Users\b\Documents\GitHub\bthfinal\services\dsh\governance\operations\dsh_partner_store_status_update\OP_API_MAP.csv","services\dsh\governance\operations\dsh_partner_store_status_update\OP_API_MAP.csv","unknown","dsh_partner_store_status_update",".csv","OP_API_MAP.csv","True","under services/dsh","False","False","False"
"services","C:\Users\b\Documents\GitHub\bthfinal\services\dsh\governance\operations\dsh_partner_store_status_update\OP_EVIDENCE_INDEX.json","services\dsh\governance\operations\dsh_partner_store_status_update\OP_EVIDENCE_INDEX.json","unknown","dsh_partner_store_status_update",".json","OP_EVIDENCE_INDEX.json","True","under services/dsh","False","False","False"
"services","C:\Users\b\Documents\GitHub\bthfinal\services\dsh\governance\operations\dsh_partner_store_status_update\OP_GAPS.md","services\dsh\governance\operations\dsh_partner_store_status_update\OP_GAPS.md","unknown","dsh_partner_store_status_update",".md","OP_GAPS.md","True","under services/dsh","False","False","False"
"services","C:\Users\b\Documents\GitHub\bthfinal\services\dsh\governance\operations\dsh_partner_store_status_update\OP_MCPW_MAP.csv","services\dsh\governance\operations\dsh_partner_store_status_update\OP_MCPW_MAP.csv","unknown","dsh_partner_store_status_update",".csv","OP_MCPW_MAP.csv","True","under services/dsh","False","False","False"
"services","C:\Users\b\Documents\GitHub\bthfinal\services\dsh\governance\operations\dsh_partner_store_status_update\OP_RBAC_ABAC.csv","services\dsh\governance\operations\dsh_partner_store_status_update\OP_RBAC_ABAC.csv","unknown","dsh_partner_store_status_update",".csv","OP_RBAC_ABAC.csv","True","under services/dsh","False","False","False"
"services","C:\Users\b\Documents\GitHub\bthfinal\services\dsh\governance\operations\dsh_partner_store_status_update\OP_RUNTIME_VARS.csv","services\dsh\governance\operations\dsh_partner_store_status_update\OP_RUNTIME_VARS.csv","unknown","dsh_partner_store_status_update",".csv","OP_RUNTIME_VARS.csv","True","under services/dsh","False","False","False"
"services","C:\Users\b\Documents\GitHub\bthfinal\services\dsh\governance\operations\dsh_partner_store_status_update\OP_SCREENS_MAP.csv","services\dsh\governance\operations\dsh_partner_store_status_update\OP_SCREENS_MAP.csv","unknown","dsh_partner_store_status_update",".csv","OP_SCREENS_MAP.csv","True","under services/dsh","False","False","False"
"services","C:\Users\b\Documents\GitHub\bthfinal\services\dsh\governance\operations\dsh_partner_store_status_update\OP_SPEC.yaml","services\dsh\governance\operations\dsh_partner_store_status_update\OP_SPEC.yaml","unknown","dsh_partner_store_status_update",".yaml","OP_SPEC.yaml","True","under services/dsh","False","False","False"
"services","C:\Users\b\Documents\GitHub\bthfinal\services\dsh\governance\operations\dsh_partner_store_update\OP_ACCEPTANCE.md","services\dsh\governance\operations\dsh_partner_store_update\OP_ACCEPTANCE.md","unknown","dsh_partner_store_update",".md","OP_ACCEPTANCE.md","True","under services/dsh","False","False","False"
"services","C:\Users\b\Documents\GitHub\bthfinal\services\dsh\governance\operations\dsh_partner_store_update\OP_ACTIONS_CATALOG.csv","services\dsh\governance\operations\dsh_partner_store_update\OP_ACTIONS_CATALOG.csv","unknown","dsh_partner_store_update",".csv","OP_ACTIONS_CATALOG.csv","True","under services/dsh","False","False","False"
"services","C:\Users\b\Documents\GitHub\bthfinal\services\dsh\governance\operations\dsh_partner_store_update\OP_API_MAP.csv","services\dsh\governance\operations\dsh_partner_store_update\OP_API_MAP.csv","unknown","dsh_partner_store_update",".csv","OP_API_MAP.csv","True","under services/dsh","False","False","False"
"services","C:\Users\b\Documents\GitHub\bthfinal\services\dsh\governance\operations\dsh_partner_store_update\OP_EVIDENCE_INDEX.json","services\dsh\governance\operations\dsh_partner_store_update\OP_EVIDENCE_INDEX.json","unknown","dsh_partner_store_update",".json","OP_EVIDENCE_INDEX.json","True","under services/dsh","False","False","False"
"services","C:\Users\b\Documents\GitHub\bthfinal\services\dsh\governance\operations\dsh_partner_store_update\OP_GAPS.md","services\dsh\governance\operations\dsh_partner_store_update\OP_GAPS.md","unknown","dsh_partner_store_update",".md","OP_GAPS.md","True","under services/dsh","False","False","False"
"services","C:\Users\b\Documents\GitHub\bthfinal\services\dsh\governance\operations\dsh_partner_store_update\OP_MCPW_MAP.csv","services\dsh\governance\operations\dsh_partner_store_update\OP_MCPW_MAP.csv","unknown","dsh_partner_store_update",".csv","OP_MCPW_MAP.csv","True","under services/dsh","False","False","False"
"services","C:\Users\b\Documents\GitHub\bthfinal\services\dsh\governance\operations\dsh_partner_store_update\OP_RBAC_ABAC.csv","services\dsh\governance\operations\dsh_partner_store_update\OP_RBAC_ABAC.csv","unknown","dsh_partner_store_update",".csv","OP_RBAC_ABAC.csv","True","under services/dsh","False","False","False"
"services","C:\Users\b\Documents\GitHub\bthfinal\services\dsh\governance\operations\dsh_partner_store_update\OP_RUNTIME_VARS.csv","services\dsh\governance\operations\dsh_partner_store_update\OP_RUNTIME_VARS.csv","unknown","dsh_partner_store_update",".csv","OP_RUNTIME_VARS.csv","True","under services/dsh","False","False","False"
"services","C:\Users\b\Documents\GitHub\bthfinal\services\dsh\governance\operations\dsh_partner_store_update\OP_SCREENS_MAP.csv","services\dsh\governance\operations\dsh_partner_store_update\OP_SCREENS_MAP.csv","unknown","dsh_partner_store_update",".csv","OP_SCREENS_MAP.csv","True","under services/dsh","False","False","False"
"services","C:\Users\b\Documents\GitHub\bthfinal\services\dsh\governance\operations\dsh_partner_store_update\OP_SPEC.yaml","services\dsh\governance\operations\dsh_partner_store_update\OP_SPEC.yaml","unknown","dsh_partner_store_update",".yaml","OP_SPEC.yaml","True","under services/dsh","False","False","False"
"services","C:\Users\b\Documents\GitHub\bthfinal\services\dsh\governance\operations\dsh_partner_subscription_analytics_get\OP_ACCEPTANCE.md","services\dsh\governance\operations\dsh_partner_subscription_analytics_get\OP_ACCEPTANCE.md","unknown","dsh_partner_subscription_analytics_get",".md","OP_ACCEPTANCE.md","True","under services/dsh","False","False","False"
"services","C:\Users\b\Documents\GitHub\bthfinal\services\dsh\governance\operations\dsh_partner_subscription_analytics_get\OP_ACTIONS_CATALOG.csv","services\dsh\governance\operations\dsh_partner_subscription_analytics_get\OP_ACTIONS_CATALOG.csv","unknown","dsh_partner_subscription_analytics_get",".csv","OP_ACTIONS_CATALOG.csv","True","under services/dsh","False","False","False"
"services","C:\Users\b\Documents\GitHub\bthfinal\services\dsh\governance\operations\dsh_partner_subscription_analytics_get\OP_API_MAP.csv","services\dsh\governance\operations\dsh_partner_subscription_analytics_get\OP_API_MAP.csv","unknown","dsh_partner_subscription_analytics_get",".csv","OP_API_MAP.csv","True","under services/dsh","False","False","False"
"services","C:\Users\b\Documents\GitHub\bthfinal\services\dsh\governance\operations\dsh_partner_subscription_analytics_get\OP_EVIDENCE_INDEX.json","services\dsh\governance\operations\dsh_partner_subscription_analytics_get\OP_EVIDENCE_INDEX.json","unknown","dsh_partner_subscription_analytics_get",".json","OP_EVIDENCE_INDEX.json","True","under services/dsh","False","False","False"
"services","C:\Users\b\Documents\GitHub\bthfinal\services\dsh\governance\operations\dsh_partner_subscription_analytics_get\OP_GAPS.md","services\dsh\governance\operations\dsh_partner_subscription_analytics_get\OP_GAPS.md","unknown","dsh_partner_subscription_analytics_get",".md","OP_GAPS.md","True","under services/dsh","False","False","False"
"services","C:\Users\b\Documents\GitHub\bthfinal\services\dsh\governance\operations\dsh_partner_subscription_analytics_get\OP_MCPW_MAP.csv","services\dsh\governance\operations\dsh_partner_subscription_analytics_get\OP_MCPW_MAP.csv","unknown","dsh_partner_subscription_analytics_get",".csv","OP_MCPW_MAP.csv","True","under services/dsh","False","False","False"
"services","C:\Users\b\Documents\GitHub\bthfinal\services\dsh\governance\operations\dsh_partner_subscription_analytics_get\OP_RBAC_ABAC.csv","services\dsh\governance\operations\dsh_partner_subscription_analytics_get\OP_RBAC_ABAC.csv","unknown","dsh_partner_subscription_analytics_get",".csv","OP_RBAC_ABAC.csv","True","under services/dsh","False","False","False"
"services","C:\Users\b\Documents\GitHub\bthfinal\services\dsh\governance\operations\dsh_partner_subscription_analytics_get\OP_RUNTIME_VARS.csv","services\dsh\governance\operations\dsh_partner_subscription_analytics_get\OP_RUNTIME_VARS.csv","unknown","dsh_partner_subscription_analytics_get",".csv","OP_RUNTIME_VARS.csv","True","under services/dsh","False","False","False"
"services","C:\Users\b\Documents\GitHub\bthfinal\services\dsh\governance\operations\dsh_partner_subscription_analytics_get\OP_SCREENS_MAP.csv","services\dsh\governance\operations\dsh_partner_subscription_analytics_get\OP_SCREENS_MAP.csv","unknown","dsh_partner_subscription_analytics_get",".csv","OP_SCREENS_MAP.csv","True","under services/dsh","False","False","False"
"services","C:\Users\b\Documents\GitHub\bthfinal\services\dsh\governance\operations\dsh_partner_subscription_analytics_get\OP_SPEC.yaml","services\dsh\governance\operations\dsh_partner_subscription_analytics_get\OP_SPEC.yaml","unknown","dsh_partner_subscription_analytics_get",".yaml","OP_SPEC.yaml","True","under services/dsh","False","False","False"
"services","C:\Users\b\Documents\GitHub\bthfinal\services\dsh\governance\operations\dsh_partner_subscription_get\OP_ACCEPTANCE.md","services\dsh\governance\operations\dsh_partner_subscription_get\OP_ACCEPTANCE.md","unknown","dsh_partner_subscription_get",".md","OP_ACCEPTANCE.md","True","under services/dsh","False","False","False"
"services","C:\Users\b\Documents\GitHub\bthfinal\services\dsh\governance\operations\dsh_partner_subscription_get\OP_ACTIONS_CATALOG.csv","services\dsh\governance\operations\dsh_partner_subscription_get\OP_ACTIONS_CATALOG.csv","unknown","dsh_partner_subscription_get",".csv","OP_ACTIONS_CATALOG.csv","True","under services/dsh","False","False","False"
"services","C:\Users\b\Documents\GitHub\bthfinal\services\dsh\governance\operations\dsh_partner_subscription_get\OP_API_MAP.csv","services\dsh\governance\operations\dsh_partner_subscription_get\OP_API_MAP.csv","unknown","dsh_partner_subscription_get",".csv","OP_API_MAP.csv","True","under services/dsh","False","False","False"
"services","C:\Users\b\Documents\GitHub\bthfinal\services\dsh\governance\operations\dsh_partner_subscription_get\OP_EVIDENCE_INDEX.json","services\dsh\governance\operations\dsh_partner_subscription_get\OP_EVIDENCE_INDEX.json","unknown","dsh_partner_subscription_get",".json","OP_EVIDENCE_INDEX.json","True","under services/dsh","False","False","False"
"services","C:\Users\b\Documents\GitHub\bthfinal\services\dsh\governance\operations\dsh_partner_subscription_get\OP_GAPS.md","services\dsh\governance\operations\dsh_partner_subscription_get\OP_GAPS.md","unknown","dsh_partner_subscription_get",".md","OP_GAPS.md","True","under services/dsh","False","False","False"
"services","C:\Users\b\Documents\GitHub\bthfinal\services\dsh\governance\operations\dsh_partner_subscription_get\OP_MCPW_MAP.csv","services\dsh\governance\operations\dsh_partner_subscription_get\OP_MCPW_MAP.csv","unknown","dsh_partner_subscription_get",".csv","OP_MCPW_MAP.csv","True","under services/dsh","False","False","False"
"services","C:\Users\b\Documents\GitHub\bthfinal\services\dsh\governance\operations\dsh_partner_subscription_get\OP_RBAC_ABAC.csv","services\dsh\governance\operations\dsh_partner_subscription_get\OP_RBAC_ABAC.csv","unknown","dsh_partner_subscription_get",".csv","OP_RBAC_ABAC.csv","True","under services/dsh","False","False","False"
"services","C:\Users\b\Documents\GitHub\bthfinal\services\dsh\governance\operations\dsh_partner_subscription_get\OP_RUNTIME_VARS.csv","services\dsh\governance\operations\dsh_partner_subscription_get\OP_RUNTIME_VARS.csv","unknown","dsh_partner_subscription_get",".csv","OP_RUNTIME_VARS.csv","True","under services/dsh","False","False","False"
"services","C:\Users\b\Documents\GitHub\bthfinal\services\dsh\governance\operations\dsh_partner_subscription_get\OP_SCREENS_MAP.csv","services\dsh\governance\operations\dsh_partner_subscription_get\OP_SCREENS_MAP.csv","unknown","dsh_partner_subscription_get",".csv","OP_SCREENS_MAP.csv","True","under services/dsh","False","False","False"
"services","C:\Users\b\Documents\GitHub\bthfinal\services\dsh\governance\operations\dsh_partner_subscription_get\OP_SPEC.yaml","services\dsh\governance\operations\dsh_partner_subscription_get\OP_SPEC.yaml","unknown","dsh_partner_subscription_get",".yaml","OP_SPEC.yaml","True","under services/dsh","False","False","False"
"services","C:\Users\b\Documents\GitHub\bthfinal\services\dsh\governance\operations\dsh_partner_subscription_upgrade_post\OP_ACCEPTANCE.md","services\dsh\governance\operations\dsh_partner_subscription_upgrade_post\OP_ACCEPTANCE.md","unknown","dsh_partner_subscription_upgrade_post",".md","OP_ACCEPTANCE.md","True","under services/dsh","False","False","False"
"services","C:\Users\b\Documents\GitHub\bthfinal\services\dsh\governance\operations\dsh_partner_subscription_upgrade_post\OP_ACTIONS_CATALOG.csv","services\dsh\governance\operations\dsh_partner_subscription_upgrade_post\OP_ACTIONS_CATALOG.csv","unknown","dsh_partner_subscription_upgrade_post",".csv","OP_ACTIONS_CATALOG.csv","True","under services/dsh","False","False","False"
"services","C:\Users\b\Documents\GitHub\bthfinal\services\dsh\governance\operations\dsh_partner_subscription_upgrade_post\OP_API_MAP.csv","services\dsh\governance\operations\dsh_partner_subscription_upgrade_post\OP_API_MAP.csv","unknown","dsh_partner_subscription_upgrade_post",".csv","OP_API_MAP.csv","True","under services/dsh","False","False","False"
"services","C:\Users\b\Documents\GitHub\bthfinal\services\dsh\governance\operations\dsh_partner_subscription_upgrade_post\OP_EVIDENCE_INDEX.json","services\dsh\governance\operations\dsh_partner_subscription_upgrade_post\OP_EVIDENCE_INDEX.json","unknown","dsh_partner_subscription_upgrade_post",".json","OP_EVIDENCE_INDEX.json","True","under services/dsh","False","False","False"
"services","C:\Users\b\Documents\GitHub\bthfinal\services\dsh\governance\operations\dsh_partner_subscription_upgrade_post\OP_GAPS.md","services\dsh\governance\operations\dsh_partner_subscription_upgrade_post\OP_GAPS.md","unknown","dsh_partner_subscription_upgrade_post",".md","OP_GAPS.md","True","under services/dsh","False","False","False"
"services","C:\Users\b\Documents\GitHub\bthfinal\services\dsh\governance\operations\dsh_partner_subscription_upgrade_post\OP_MCPW_MAP.csv","services\dsh\governance\operations\dsh_partner_subscription_upgrade_post\OP_MCPW_MAP.csv","unknown","dsh_partner_subscription_upgrade_post",".csv","OP_MCPW_MAP.csv","True","under services/dsh","False","False","False"
"services","C:\Users\b\Documents\GitHub\bthfinal\services\dsh\governance\operations\dsh_partner_subscription_upgrade_post\OP_RBAC_ABAC.csv","services\dsh\governance\operations\dsh_partner_subscription_upgrade_post\OP_RBAC_ABAC.csv","unknown","dsh_partner_subscription_upgrade_post",".csv","OP_RBAC_ABAC.csv","True","under services/dsh","False","False","False"
"services","C:\Users\b\Documents\GitHub\bthfinal\services\dsh\governance\operations\dsh_partner_subscription_upgrade_post\OP_RUNTIME_VARS.csv","services\dsh\governance\operations\dsh_partner_subscription_upgrade_post\OP_RUNTIME_VARS.csv","unknown","dsh_partner_subscription_upgrade_post",".csv","OP_RUNTIME_VARS.csv","True","under services/dsh","False","False","False"
"services","C:\Users\b\Documents\GitHub\bthfinal\services\dsh\governance\operations\dsh_partner_subscription_upgrade_post\OP_SCREENS_MAP.csv","services\dsh\governance\operations\dsh_partner_subscription_upgrade_post\OP_SCREENS_MAP.csv","unknown","dsh_partner_subscription_upgrade_post",".csv","OP_SCREENS_MAP.csv","True","under services/dsh","False","False","False"
"services","C:\Users\b\Documents\GitHub\bthfinal\services\dsh\governance\operations\dsh_partner_subscription_upgrade_post\OP_SPEC.yaml","services\dsh\governance\operations\dsh_partner_subscription_upgrade_post\OP_SPEC.yaml","unknown","dsh_partner_subscription_upgrade_post",".yaml","OP_SPEC.yaml","True","under services/dsh","False","False","False"
"services","C:\Users\b\Documents\GitHub\bthfinal\services\dsh\governance\operations\dsh_pricing_preview\OP_ACCEPTANCE.md","services\dsh\governance\operations\dsh_pricing_preview\OP_ACCEPTANCE.md","unknown","dsh_pricing_preview",".md","OP_ACCEPTANCE.md","True","under services/dsh","False","False","False"
"services","C:\Users\b\Documents\GitHub\bthfinal\services\dsh\governance\operations\dsh_pricing_preview\OP_ACTIONS_CATALOG.csv","services\dsh\governance\operations\dsh_pricing_preview\OP_ACTIONS_CATALOG.csv","unknown","dsh_pricing_preview",".csv","OP_ACTIONS_CATALOG.csv","True","under services/dsh","False","False","False"
"services","C:\Users\b\Documents\GitHub\bthfinal\services\dsh\governance\operations\dsh_pricing_preview\OP_API_MAP.csv","services\dsh\governance\operations\dsh_pricing_preview\OP_API_MAP.csv","unknown","dsh_pricing_preview",".csv","OP_API_MAP.csv","True","under services/dsh","False","False","False"
"services","C:\Users\b\Documents\GitHub\bthfinal\services\dsh\governance\operations\dsh_pricing_preview\OP_EVIDENCE_INDEX.json","services\dsh\governance\operations\dsh_pricing_preview\OP_EVIDENCE_INDEX.json","unknown","dsh_pricing_preview",".json","OP_EVIDENCE_INDEX.json","True","under services/dsh","False","False","False"
"services","C:\Users\b\Documents\GitHub\bthfinal\services\dsh\governance\operations\dsh_pricing_preview\OP_GAPS.md","services\dsh\governance\operations\dsh_pricing_preview\OP_GAPS.md","unknown","dsh_pricing_preview",".md","OP_GAPS.md","True","under services/dsh","False","False","False"
"services","C:\Users\b\Documents\GitHub\bthfinal\services\dsh\governance\operations\dsh_pricing_preview\OP_MCPW_MAP.csv","services\dsh\governance\operations\dsh_pricing_preview\OP_MCPW_MAP.csv","unknown","dsh_pricing_preview",".csv","OP_MCPW_MAP.csv","True","under services/dsh","False","False","False"
"services","C:\Users\b\Documents\GitHub\bthfinal\services\dsh\governance\operations\dsh_pricing_preview\OP_RBAC_ABAC.csv","services\dsh\governance\operations\dsh_pricing_preview\OP_RBAC_ABAC.csv","unknown","dsh_pricing_preview",".csv","OP_RBAC_ABAC.csv","True","under services/dsh","False","False","False"
"services","C:\Users\b\Documents\GitHub\bthfinal\services\dsh\governance\operations\dsh_pricing_preview\OP_RUNTIME_VARS.csv","services\dsh\governance\operations\dsh_pricing_preview\OP_RUNTIME_VARS.csv","unknown","dsh_pricing_preview",".csv","OP_RUNTIME_VARS.csv","True","under services/dsh","False","False","False"
"services","C:\Users\b\Documents\GitHub\bthfinal\services\dsh\governance\operations\dsh_pricing_preview\OP_SCREENS_MAP.csv","services\dsh\governance\operations\dsh_pricing_preview\OP_SCREENS_MAP.csv","unknown","dsh_pricing_preview",".csv","OP_SCREENS_MAP.csv","True","under services/dsh","False","False","False"
"services","C:\Users\b\Documents\GitHub\bthfinal\services\dsh\governance\operations\dsh_pricing_preview\OP_SPEC.yaml","services\dsh\governance\operations\dsh_pricing_preview\OP_SPEC.yaml","unknown","dsh_pricing_preview",".yaml","OP_SPEC.yaml","True","under services/dsh","False","False","False"
"services","C:\Users\b\Documents\GitHub\bthfinal\services\dsh\governance\operations\dsh_pricing_snapshot_get\OP_ACCEPTANCE.md","services\dsh\governance\operations\dsh_pricing_snapshot_get\OP_ACCEPTANCE.md","unknown","dsh_pricing_snapshot_get",".md","OP_ACCEPTANCE.md","True","under services/dsh","False","False","False"
"services","C:\Users\b\Documents\GitHub\bthfinal\services\dsh\governance\operations\dsh_pricing_snapshot_get\OP_ACTIONS_CATALOG.csv","services\dsh\governance\operations\dsh_pricing_snapshot_get\OP_ACTIONS_CATALOG.csv","unknown","dsh_pricing_snapshot_get",".csv","OP_ACTIONS_CATALOG.csv","True","under services/dsh","False","False","False"
"services","C:\Users\b\Documents\GitHub\bthfinal\services\dsh\governance\operations\dsh_pricing_snapshot_get\OP_API_MAP.csv","services\dsh\governance\operations\dsh_pricing_snapshot_get\OP_API_MAP.csv","unknown","dsh_pricing_snapshot_get",".csv","OP_API_MAP.csv","True","under services/dsh","False","False","False"
"services","C:\Users\b\Documents\GitHub\bthfinal\services\dsh\governance\operations\dsh_pricing_snapshot_get\OP_EVIDENCE_INDEX.json","services\dsh\governance\operations\dsh_pricing_snapshot_get\OP_EVIDENCE_INDEX.json","unknown","dsh_pricing_snapshot_get",".json","OP_EVIDENCE_INDEX.json","True","under services/dsh","False","False","False"
"services","C:\Users\b\Documents\GitHub\bthfinal\services\dsh\governance\operations\dsh_pricing_snapshot_get\OP_GAPS.md","services\dsh\governance\operations\dsh_pricing_snapshot_get\OP_GAPS.md","unknown","dsh_pricing_snapshot_get",".md","OP_GAPS.md","True","under services/dsh","False","False","False"
"services","C:\Users\b\Documents\GitHub\bthfinal\services\dsh\governance\operations\dsh_pricing_snapshot_get\OP_MCPW_MAP.csv","services\dsh\governance\operations\dsh_pricing_snapshot_get\OP_MCPW_MAP.csv","unknown","dsh_pricing_snapshot_get",".csv","OP_MCPW_MAP.csv","True","under services/dsh","False","False","False"
"services","C:\Users\b\Documents\GitHub\bthfinal\services\dsh\governance\operations\dsh_pricing_snapshot_get\OP_RBAC_ABAC.csv","services\dsh\governance\operations\dsh_pricing_snapshot_get\OP_RBAC_ABAC.csv","unknown","dsh_pricing_snapshot_get",".csv","OP_RBAC_ABAC.csv","True","under services/dsh","False","False","False"
"services","C:\Users\b\Documents\GitHub\bthfinal\services\dsh\governance\operations\dsh_pricing_snapshot_get\OP_RUNTIME_VARS.csv","services\dsh\governance\operations\dsh_pricing_snapshot_get\OP_RUNTIME_VARS.csv","unknown","dsh_pricing_snapshot_get",".csv","OP_RUNTIME_VARS.csv","True","under services/dsh","False","False","False"
"services","C:\Users\b\Documents\GitHub\bthfinal\services\dsh\governance\operations\dsh_pricing_snapshot_get\OP_SCREENS_MAP.csv","services\dsh\governance\operations\dsh_pricing_snapshot_get\OP_SCREENS_MAP.csv","unknown","dsh_pricing_snapshot_get",".csv","OP_SCREENS_MAP.csv","True","under services/dsh","False","False","False"
"services","C:\Users\b\Documents\GitHub\bthfinal\services\dsh\governance\operations\dsh_pricing_snapshot_get\OP_SPEC.yaml","services\dsh\governance\operations\dsh_pricing_snapshot_get\OP_SPEC.yaml","unknown","dsh_pricing_snapshot_get",".yaml","OP_SPEC.yaml","True","under services/dsh","False","False","False"
"services","C:\Users\b\Documents\GitHub\bthfinal\services\dsh\governance\operations\dsh_promo_apply\OP_ACCEPTANCE.md","services\dsh\governance\operations\dsh_promo_apply\OP_ACCEPTANCE.md","unknown","dsh_promo_apply",".md","OP_ACCEPTANCE.md","True","under services/dsh","False","False","False"
"services","C:\Users\b\Documents\GitHub\bthfinal\services\dsh\governance\operations\dsh_promo_apply\OP_ACTIONS_CATALOG.csv","services\dsh\governance\operations\dsh_promo_apply\OP_ACTIONS_CATALOG.csv","unknown","dsh_promo_apply",".csv","OP_ACTIONS_CATALOG.csv","True","under services/dsh","False","False","False"
"services","C:\Users\b\Documents\GitHub\bthfinal\services\dsh\governance\operations\dsh_promo_apply\OP_API_MAP.csv","services\dsh\governance\operations\dsh_promo_apply\OP_API_MAP.csv","unknown","dsh_promo_apply",".csv","OP_API_MAP.csv","True","under services/dsh","False","False","False"
"services","C:\Users\b\Documents\GitHub\bthfinal\services\dsh\governance\operations\dsh_promo_apply\OP_EVIDENCE_INDEX.json","services\dsh\governance\operations\dsh_promo_apply\OP_EVIDENCE_INDEX.json","unknown","dsh_promo_apply",".json","OP_EVIDENCE_INDEX.json","True","under services/dsh","False","False","False"
"services","C:\Users\b\Documents\GitHub\bthfinal\services\dsh\governance\operations\dsh_promo_apply\OP_GAPS.md","services\dsh\governance\operations\dsh_promo_apply\OP_GAPS.md","unknown","dsh_promo_apply",".md","OP_GAPS.md","True","under services/dsh","False","False","False"
"services","C:\Users\b\Documents\GitHub\bthfinal\services\dsh\governance\operations\dsh_promo_apply\OP_MCPW_MAP.csv","services\dsh\governance\operations\dsh_promo_apply\OP_MCPW_MAP.csv","unknown","dsh_promo_apply",".csv","OP_MCPW_MAP.csv","True","under services/dsh","False","False","False"
"services","C:\Users\b\Documents\GitHub\bthfinal\services\dsh\governance\operations\dsh_promo_apply\OP_RBAC_ABAC.csv","services\dsh\governance\operations\dsh_promo_apply\OP_RBAC_ABAC.csv","unknown","dsh_promo_apply",".csv","OP_RBAC_ABAC.csv","True","under services/dsh","False","False","False"
"services","C:\Users\b\Documents\GitHub\bthfinal\services\dsh\governance\operations\dsh_promo_apply\OP_RUNTIME_VARS.csv","services\dsh\governance\operations\dsh_promo_apply\OP_RUNTIME_VARS.csv","unknown","dsh_promo_apply",".csv","OP_RUNTIME_VARS.csv","True","under services/dsh","False","False","False"
"services","C:\Users\b\Documents\GitHub\bthfinal\services\dsh\governance\operations\dsh_promo_apply\OP_SCREENS_MAP.csv","services\dsh\governance\operations\dsh_promo_apply\OP_SCREENS_MAP.csv","unknown","dsh_promo_apply",".csv","OP_SCREENS_MAP.csv","True","under services/dsh","False","False","False"
"services","C:\Users\b\Documents\GitHub\bthfinal\services\dsh\governance\operations\dsh_promo_apply\OP_SPEC.yaml","services\dsh\governance\operations\dsh_promo_apply\OP_SPEC.yaml","unknown","dsh_promo_apply",".yaml","OP_SPEC.yaml","True","under services/dsh","False","False","False"
"services","C:\Users\b\Documents\GitHub\bthfinal\services\dsh\governance\operations\dsh_proxy_request_approve\OP_ACCEPTANCE.md","services\dsh\governance\operations\dsh_proxy_request_approve\OP_ACCEPTANCE.md","unknown","dsh_proxy_request_approve",".md","OP_ACCEPTANCE.md","True","under services/dsh","False","False","False"
"services","C:\Users\b\Documents\GitHub\bthfinal\services\dsh\governance\operations\dsh_proxy_request_approve\OP_ACTIONS_CATALOG.csv","services\dsh\governance\operations\dsh_proxy_request_approve\OP_ACTIONS_CATALOG.csv","unknown","dsh_proxy_request_approve",".csv","OP_ACTIONS_CATALOG.csv","True","under services/dsh","False","False","False"
"services","C:\Users\b\Documents\GitHub\bthfinal\services\dsh\governance\operations\dsh_proxy_request_approve\OP_API_MAP.csv","services\dsh\governance\operations\dsh_proxy_request_approve\OP_API_MAP.csv","unknown","dsh_proxy_request_approve",".csv","OP_API_MAP.csv","True","under services/dsh","False","False","False"
"services","C:\Users\b\Documents\GitHub\bthfinal\services\dsh\governance\operations\dsh_proxy_request_approve\OP_EVIDENCE_INDEX.json","services\dsh\governance\operations\dsh_proxy_request_approve\OP_EVIDENCE_INDEX.json","unknown","dsh_proxy_request_approve",".json","OP_EVIDENCE_INDEX.json","True","under services/dsh","False","False","False"
"services","C:\Users\b\Documents\GitHub\bthfinal\services\dsh\governance\operations\dsh_proxy_request_approve\OP_GAPS.md","services\dsh\governance\operations\dsh_proxy_request_approve\OP_GAPS.md","unknown","dsh_proxy_request_approve",".md","OP_GAPS.md","True","under services/dsh","False","False","False"
"services","C:\Users\b\Documents\GitHub\bthfinal\services\dsh\governance\operations\dsh_proxy_request_approve\OP_MCPW_MAP.csv","services\dsh\governance\operations\dsh_proxy_request_approve\OP_MCPW_MAP.csv","unknown","dsh_proxy_request_approve",".csv","OP_MCPW_MAP.csv","True","under services/dsh","False","False","False"
"services","C:\Users\b\Documents\GitHub\bthfinal\services\dsh\governance\operations\dsh_proxy_request_approve\OP_RBAC_ABAC.csv","services\dsh\governance\operations\dsh_proxy_request_approve\OP_RBAC_ABAC.csv","unknown","dsh_proxy_request_approve",".csv","OP_RBAC_ABAC.csv","True","under services/dsh","False","False","False"
"services","C:\Users\b\Documents\GitHub\bthfinal\services\dsh\governance\operations\dsh_proxy_request_approve\OP_RUNTIME_VARS.csv","services\dsh\governance\operations\dsh_proxy_request_approve\OP_RUNTIME_VARS.csv","unknown","dsh_proxy_request_approve",".csv","OP_RUNTIME_VARS.csv","True","under services/dsh","False","False","False"
"services","C:\Users\b\Documents\GitHub\bthfinal\services\dsh\governance\operations\dsh_proxy_request_approve\OP_SCREENS_MAP.csv","services\dsh\governance\operations\dsh_proxy_request_approve\OP_SCREENS_MAP.csv","unknown","dsh_proxy_request_approve",".csv","OP_SCREENS_MAP.csv","True","under services/dsh","False","False","False"
"services","C:\Users\b\Documents\GitHub\bthfinal\services\dsh\governance\operations\dsh_proxy_request_approve\OP_SPEC.yaml","services\dsh\governance\operations\dsh_proxy_request_approve\OP_SPEC.yaml","unknown","dsh_proxy_request_approve",".yaml","OP_SPEC.yaml","True","under services/dsh","False","False","False"
"services","C:\Users\b\Documents\GitHub\bthfinal\services\dsh\governance\operations\dsh_proxy_request_create\OP_ACCEPTANCE.md","services\dsh\governance\operations\dsh_proxy_request_create\OP_ACCEPTANCE.md","unknown","dsh_proxy_request_create",".md","OP_ACCEPTANCE.md","True","under services/dsh","False","False","False"
"services","C:\Users\b\Documents\GitHub\bthfinal\services\dsh\governance\operations\dsh_proxy_request_create\OP_ACTIONS_CATALOG.csv","services\dsh\governance\operations\dsh_proxy_request_create\OP_ACTIONS_CATALOG.csv","unknown","dsh_proxy_request_create",".csv","OP_ACTIONS_CATALOG.csv","True","under services/dsh","False","False","False"
"services","C:\Users\b\Documents\GitHub\bthfinal\services\dsh\governance\operations\dsh_proxy_request_create\OP_API_MAP.csv","services\dsh\governance\operations\dsh_proxy_request_create\OP_API_MAP.csv","unknown","dsh_proxy_request_create",".csv","OP_API_MAP.csv","True","under services/dsh","False","False","False"
"services","C:\Users\b\Documents\GitHub\bthfinal\services\dsh\governance\operations\dsh_proxy_request_create\OP_EVIDENCE_INDEX.json","services\dsh\governance\operations\dsh_proxy_request_create\OP_EVIDENCE_INDEX.json","unknown","dsh_proxy_request_create",".json","OP_EVIDENCE_INDEX.json","True","under services/dsh","False","False","False"
"services","C:\Users\b\Documents\GitHub\bthfinal\services\dsh\governance\operations\dsh_proxy_request_create\OP_GAPS.md","services\dsh\governance\operations\dsh_proxy_request_create\OP_GAPS.md","unknown","dsh_proxy_request_create",".md","OP_GAPS.md","True","under services/dsh","False","False","False"
"services","C:\Users\b\Documents\GitHub\bthfinal\services\dsh\governance\operations\dsh_proxy_request_create\OP_MCPW_MAP.csv","services\dsh\governance\operations\dsh_proxy_request_create\OP_MCPW_MAP.csv","unknown","dsh_proxy_request_create",".csv","OP_MCPW_MAP.csv","True","under services/dsh","False","False","False"
"services","C:\Users\b\Documents\GitHub\bthfinal\services\dsh\governance\operations\dsh_proxy_request_create\OP_RBAC_ABAC.csv","services\dsh\governance\operations\dsh_proxy_request_create\OP_RBAC_ABAC.csv","unknown","dsh_proxy_request_create",".csv","OP_RBAC_ABAC.csv","True","under services/dsh","False","False","False"
"services","C:\Users\b\Documents\GitHub\bthfinal\services\dsh\governance\operations\dsh_proxy_request_create\OP_RUNTIME_VARS.csv","services\dsh\governance\operations\dsh_proxy_request_create\OP_RUNTIME_VARS.csv","unknown","dsh_proxy_request_create",".csv","OP_RUNTIME_VARS.csv","True","under services/dsh","False","False","False"
"services","C:\Users\b\Documents\GitHub\bthfinal\services\dsh\governance\operations\dsh_proxy_request_create\OP_SCREENS_MAP.csv","services\dsh\governance\operations\dsh_proxy_request_create\OP_SCREENS_MAP.csv","unknown","dsh_proxy_request_create",".csv","OP_SCREENS_MAP.csv","True","under services/dsh","False","False","False"
"services","C:\Users\b\Documents\GitHub\bthfinal\services\dsh\governance\operations\dsh_proxy_request_create\OP_SPEC.yaml","services\dsh\governance\operations\dsh_proxy_request_create\OP_SPEC.yaml","unknown","dsh_proxy_request_create",".yaml","OP_SPEC.yaml","True","under services/dsh","False","False","False"
"services","C:\Users\b\Documents\GitHub\bthfinal\services\dsh\governance\operations\dsh_proxy_request_estimate\OP_ACCEPTANCE.md","services\dsh\governance\operations\dsh_proxy_request_estimate\OP_ACCEPTANCE.md","unknown","dsh_proxy_request_estimate",".md","OP_ACCEPTANCE.md","True","under services/dsh","False","False","False"
"services","C:\Users\b\Documents\GitHub\bthfinal\services\dsh\governance\operations\dsh_proxy_request_estimate\OP_ACTIONS_CATALOG.csv","services\dsh\governance\operations\dsh_proxy_request_estimate\OP_ACTIONS_CATALOG.csv","unknown","dsh_proxy_request_estimate",".csv","OP_ACTIONS_CATALOG.csv","True","under services/dsh","False","False","False"
"services","C:\Users\b\Documents\GitHub\bthfinal\services\dsh\governance\operations\dsh_proxy_request_estimate\OP_API_MAP.csv","services\dsh\governance\operations\dsh_proxy_request_estimate\OP_API_MAP.csv","unknown","dsh_proxy_request_estimate",".csv","OP_API_MAP.csv","True","under services/dsh","False","False","False"
"services","C:\Users\b\Documents\GitHub\bthfinal\services\dsh\governance\operations\dsh_proxy_request_estimate\OP_EVIDENCE_INDEX.json","services\dsh\governance\operations\dsh_proxy_request_estimate\OP_EVIDENCE_INDEX.json","unknown","dsh_proxy_request_estimate",".json","OP_EVIDENCE_INDEX.json","True","under services/dsh","False","False","False"
"services","C:\Users\b\Documents\GitHub\bthfinal\services\dsh\governance\operations\dsh_proxy_request_estimate\OP_GAPS.md","services\dsh\governance\operations\dsh_proxy_request_estimate\OP_GAPS.md","unknown","dsh_proxy_request_estimate",".md","OP_GAPS.md","True","under services/dsh","False","False","False"
"services","C:\Users\b\Documents\GitHub\bthfinal\services\dsh\governance\operations\dsh_proxy_request_estimate\OP_MCPW_MAP.csv","services\dsh\governance\operations\dsh_proxy_request_estimate\OP_MCPW_MAP.csv","unknown","dsh_proxy_request_estimate",".csv","OP_MCPW_MAP.csv","True","under services/dsh","False","False","False"
"services","C:\Users\b\Documents\GitHub\bthfinal\services\dsh\governance\operations\dsh_proxy_request_estimate\OP_RBAC_ABAC.csv","services\dsh\governance\operations\dsh_proxy_request_estimate\OP_RBAC_ABAC.csv","unknown","dsh_proxy_request_estimate",".csv","OP_RBAC_ABAC.csv","True","under services/dsh","False","False","False"
"services","C:\Users\b\Documents\GitHub\bthfinal\services\dsh\governance\operations\dsh_proxy_request_estimate\OP_RUNTIME_VARS.csv","services\dsh\governance\operations\dsh_proxy_request_estimate\OP_RUNTIME_VARS.csv","unknown","dsh_proxy_request_estimate",".csv","OP_RUNTIME_VARS.csv","True","under services/dsh","False","False","False"
"services","C:\Users\b\Documents\GitHub\bthfinal\services\dsh\governance\operations\dsh_proxy_request_estimate\OP_SCREENS_MAP.csv","services\dsh\governance\operations\dsh_proxy_request_estimate\OP_SCREENS_MAP.csv","unknown","dsh_proxy_request_estimate",".csv","OP_SCREENS_MAP.csv","True","under services/dsh","False","False","False"
"services","C:\Users\b\Documents\GitHub\bthfinal\services\dsh\governance\operations\dsh_proxy_request_estimate\OP_SPEC.yaml","services\dsh\governance\operations\dsh_proxy_request_estimate\OP_SPEC.yaml","unknown","dsh_proxy_request_estimate",".yaml","OP_SPEC.yaml","True","under services/dsh","False","False","False"
"services","C:\Users\b\Documents\GitHub\bthfinal\services\dsh\governance\operations\dsh_proxy_request_offer\OP_ACCEPTANCE.md","services\dsh\governance\operations\dsh_proxy_request_offer\OP_ACCEPTANCE.md","unknown","dsh_proxy_request_offer",".md","OP_ACCEPTANCE.md","True","under services/dsh","False","False","False"
"services","C:\Users\b\Documents\GitHub\bthfinal\services\dsh\governance\operations\dsh_proxy_request_offer\OP_ACTIONS_CATALOG.csv","services\dsh\governance\operations\dsh_proxy_request_offer\OP_ACTIONS_CATALOG.csv","unknown","dsh_proxy_request_offer",".csv","OP_ACTIONS_CATALOG.csv","True","under services/dsh","False","False","False"
"services","C:\Users\b\Documents\GitHub\bthfinal\services\dsh\governance\operations\dsh_proxy_request_offer\OP_API_MAP.csv","services\dsh\governance\operations\dsh_proxy_request_offer\OP_API_MAP.csv","unknown","dsh_proxy_request_offer",".csv","OP_API_MAP.csv","True","under services/dsh","False","False","False"
"services","C:\Users\b\Documents\GitHub\bthfinal\services\dsh\governance\operations\dsh_proxy_request_offer\OP_EVIDENCE_INDEX.json","services\dsh\governance\operations\dsh_proxy_request_offer\OP_EVIDENCE_INDEX.json","unknown","dsh_proxy_request_offer",".json","OP_EVIDENCE_INDEX.json","True","under services/dsh","False","False","False"
"services","C:\Users\b\Documents\GitHub\bthfinal\services\dsh\governance\operations\dsh_proxy_request_offer\OP_GAPS.md","services\dsh\governance\operations\dsh_proxy_request_offer\OP_GAPS.md","unknown","dsh_proxy_request_offer",".md","OP_GAPS.md","True","under services/dsh","False","False","False"
"services","C:\Users\b\Documents\GitHub\bthfinal\services\dsh\governance\operations\dsh_proxy_request_offer\OP_MCPW_MAP.csv","services\dsh\governance\operations\dsh_proxy_request_offer\OP_MCPW_MAP.csv","unknown","dsh_proxy_request_offer",".csv","OP_MCPW_MAP.csv","True","under services/dsh","False","False","False"
"services","C:\Users\b\Documents\GitHub\bthfinal\services\dsh\governance\operations\dsh_proxy_request_offer\OP_RBAC_ABAC.csv","services\dsh\governance\operations\dsh_proxy_request_offer\OP_RBAC_ABAC.csv","unknown","dsh_proxy_request_offer",".csv","OP_RBAC_ABAC.csv","True","under services/dsh","False","False","False"
"services","C:\Users\b\Documents\GitHub\bthfinal\services\dsh\governance\operations\dsh_proxy_request_offer\OP_RUNTIME_VARS.csv","services\dsh\governance\operations\dsh_proxy_request_offer\OP_RUNTIME_VARS.csv","unknown","dsh_proxy_request_offer",".csv","OP_RUNTIME_VARS.csv","True","under services/dsh","False","False","False"
"services","C:\Users\b\Documents\GitHub\bthfinal\services\dsh\governance\operations\dsh_proxy_request_offer\OP_SCREENS_MAP.csv","services\dsh\governance\operations\dsh_proxy_request_offer\OP_SCREENS_MAP.csv","unknown","dsh_proxy_request_offer",".csv","OP_SCREENS_MAP.csv","True","under services/dsh","False","False","False"
"services","C:\Users\b\Documents\GitHub\bthfinal\services\dsh\governance\operations\dsh_proxy_request_offer\OP_SPEC.yaml","services\dsh\governance\operations\dsh_proxy_request_offer\OP_SPEC.yaml","unknown","dsh_proxy_request_offer",".yaml","OP_SPEC.yaml","True","under services/dsh","False","False","False"
"services","C:\Users\b\Documents\GitHub\bthfinal\services\dsh\governance\operations\dsh_proxy_request_reject\OP_ACCEPTANCE.md","services\dsh\governance\operations\dsh_proxy_request_reject\OP_ACCEPTANCE.md","unknown","dsh_proxy_request_reject",".md","OP_ACCEPTANCE.md","True","under services/dsh","False","False","False"
"services","C:\Users\b\Documents\GitHub\bthfinal\services\dsh\governance\operations\dsh_proxy_request_reject\OP_ACTIONS_CATALOG.csv","services\dsh\governance\operations\dsh_proxy_request_reject\OP_ACTIONS_CATALOG.csv","unknown","dsh_proxy_request_reject",".csv","OP_ACTIONS_CATALOG.csv","True","under services/dsh","False","False","False"
"services","C:\Users\b\Documents\GitHub\bthfinal\services\dsh\governance\operations\dsh_proxy_request_reject\OP_API_MAP.csv","services\dsh\governance\operations\dsh_proxy_request_reject\OP_API_MAP.csv","unknown","dsh_proxy_request_reject",".csv","OP_API_MAP.csv","True","under services/dsh","False","False","False"
"services","C:\Users\b\Documents\GitHub\bthfinal\services\dsh\governance\operations\dsh_proxy_request_reject\OP_EVIDENCE_INDEX.json","services\dsh\governance\operations\dsh_proxy_request_reject\OP_EVIDENCE_INDEX.json","unknown","dsh_proxy_request_reject",".json","OP_EVIDENCE_INDEX.json","True","under services/dsh","False","False","False"
"services","C:\Users\b\Documents\GitHub\bthfinal\services\dsh\governance\operations\dsh_proxy_request_reject\OP_GAPS.md","services\dsh\governance\operations\dsh_proxy_request_reject\OP_GAPS.md","unknown","dsh_proxy_request_reject",".md","OP_GAPS.md","True","under services/dsh","False","False","False"
"services","C:\Users\b\Documents\GitHub\bthfinal\services\dsh\governance\operations\dsh_proxy_request_reject\OP_MCPW_MAP.csv","services\dsh\governance\operations\dsh_proxy_request_reject\OP_MCPW_MAP.csv","unknown","dsh_proxy_request_reject",".csv","OP_MCPW_MAP.csv","True","under services/dsh","False","False","False"
"services","C:\Users\b\Documents\GitHub\bthfinal\services\dsh\governance\operations\dsh_proxy_request_reject\OP_RBAC_ABAC.csv","services\dsh\governance\operations\dsh_proxy_request_reject\OP_RBAC_ABAC.csv","unknown","dsh_proxy_request_reject",".csv","OP_RBAC_ABAC.csv","True","under services/dsh","False","False","False"
"services","C:\Users\b\Documents\GitHub\bthfinal\services\dsh\governance\operations\dsh_proxy_request_reject\OP_RUNTIME_VARS.csv","services\dsh\governance\operations\dsh_proxy_request_reject\OP_RUNTIME_VARS.csv","unknown","dsh_proxy_request_reject",".csv","OP_RUNTIME_VARS.csv","True","under services/dsh","False","False","False"
"services","C:\Users\b\Documents\GitHub\bthfinal\services\dsh\governance\operations\dsh_proxy_request_reject\OP_SCREENS_MAP.csv","services\dsh\governance\operations\dsh_proxy_request_reject\OP_SCREENS_MAP.csv","unknown","dsh_proxy_request_reject",".csv","OP_SCREENS_MAP.csv","True","under services/dsh","False","False","False"
"services","C:\Users\b\Documents\GitHub\bthfinal\services\dsh\governance\operations\dsh_proxy_request_reject\OP_SPEC.yaml","services\dsh\governance\operations\dsh_proxy_request_reject\OP_SPEC.yaml","unknown","dsh_proxy_request_reject",".yaml","OP_SPEC.yaml","True","under services/dsh","False","False","False"
"services","C:\Users\b\Documents\GitHub\bthfinal\services\dsh\governance\operations\dsh_proxy_request_schedule\OP_ACCEPTANCE.md","services\dsh\governance\operations\dsh_proxy_request_schedule\OP_ACCEPTANCE.md","unknown","dsh_proxy_request_schedule",".md","OP_ACCEPTANCE.md","True","under services/dsh","False","False","False"
"services","C:\Users\b\Documents\GitHub\bthfinal\services\dsh\governance\operations\dsh_proxy_request_schedule\OP_ACTIONS_CATALOG.csv","services\dsh\governance\operations\dsh_proxy_request_schedule\OP_ACTIONS_CATALOG.csv","unknown","dsh_proxy_request_schedule",".csv","OP_ACTIONS_CATALOG.csv","True","under services/dsh","False","False","False"
"services","C:\Users\b\Documents\GitHub\bthfinal\services\dsh\governance\operations\dsh_proxy_request_schedule\OP_API_MAP.csv","services\dsh\governance\operations\dsh_proxy_request_schedule\OP_API_MAP.csv","unknown","dsh_proxy_request_schedule",".csv","OP_API_MAP.csv","True","under services/dsh","False","False","False"
"services","C:\Users\b\Documents\GitHub\bthfinal\services\dsh\governance\operations\dsh_proxy_request_schedule\OP_EVIDENCE_INDEX.json","services\dsh\governance\operations\dsh_proxy_request_schedule\OP_EVIDENCE_INDEX.json","unknown","dsh_proxy_request_schedule",".json","OP_EVIDENCE_INDEX.json","True","under services/dsh","False","False","False"
"services","C:\Users\b\Documents\GitHub\bthfinal\services\dsh\governance\operations\dsh_proxy_request_schedule\OP_GAPS.md","services\dsh\governance\operations\dsh_proxy_request_schedule\OP_GAPS.md","unknown","dsh_proxy_request_schedule",".md","OP_GAPS.md","True","under services/dsh","False","False","False"
"services","C:\Users\b\Documents\GitHub\bthfinal\services\dsh\governance\operations\dsh_proxy_request_schedule\OP_MCPW_MAP.csv","services\dsh\governance\operations\dsh_proxy_request_schedule\OP_MCPW_MAP.csv","unknown","dsh_proxy_request_schedule",".csv","OP_MCPW_MAP.csv","True","under services/dsh","False","False","False"
"services","C:\Users\b\Documents\GitHub\bthfinal\services\dsh\governance\operations\dsh_proxy_request_schedule\OP_RBAC_ABAC.csv","services\dsh\governance\operations\dsh_proxy_request_schedule\OP_RBAC_ABAC.csv","unknown","dsh_proxy_request_schedule",".csv","OP_RBAC_ABAC.csv","True","under services/dsh","False","False","False"
"services","C:\Users\b\Documents\GitHub\bthfinal\services\dsh\governance\operations\dsh_proxy_request_schedule\OP_RUNTIME_VARS.csv","services\dsh\governance\operations\dsh_proxy_request_schedule\OP_RUNTIME_VARS.csv","unknown","dsh_proxy_request_schedule",".csv","OP_RUNTIME_VARS.csv","True","under services/dsh","False","False","False"
"services","C:\Users\b\Documents\GitHub\bthfinal\services\dsh\governance\operations\dsh_proxy_request_schedule\OP_SCREENS_MAP.csv","services\dsh\governance\operations\dsh_proxy_request_schedule\OP_SCREENS_MAP.csv","unknown","dsh_proxy_request_schedule",".csv","OP_SCREENS_MAP.csv","True","under services/dsh","False","False","False"
"services","C:\Users\b\Documents\GitHub\bthfinal\services\dsh\governance\operations\dsh_proxy_request_schedule\OP_SPEC.yaml","services\dsh\governance\operations\dsh_proxy_request_schedule\OP_SPEC.yaml","unknown","dsh_proxy_request_schedule",".yaml","OP_SPEC.yaml","True","under services/dsh","False","False","False"
"services","C:\Users\b\Documents\GitHub\bthfinal\services\dsh\governance\operations\dsh_review_create\OP_ACCEPTANCE.md","services\dsh\governance\operations\dsh_review_create\OP_ACCEPTANCE.md","unknown","dsh_review_create",".md","OP_ACCEPTANCE.md","True","under services/dsh","False","False","False"
"services","C:\Users\b\Documents\GitHub\bthfinal\services\dsh\governance\operations\dsh_review_create\OP_ACTIONS_CATALOG.csv","services\dsh\governance\operations\dsh_review_create\OP_ACTIONS_CATALOG.csv","unknown","dsh_review_create",".csv","OP_ACTIONS_CATALOG.csv","True","under services/dsh","False","False","False"
"services","C:\Users\b\Documents\GitHub\bthfinal\services\dsh\governance\operations\dsh_review_create\OP_API_MAP.csv","services\dsh\governance\operations\dsh_review_create\OP_API_MAP.csv","unknown","dsh_review_create",".csv","OP_API_MAP.csv","True","under services/dsh","False","False","False"
"services","C:\Users\b\Documents\GitHub\bthfinal\services\dsh\governance\operations\dsh_review_create\OP_EVIDENCE_INDEX.json","services\dsh\governance\operations\dsh_review_create\OP_EVIDENCE_INDEX.json","unknown","dsh_review_create",".json","OP_EVIDENCE_INDEX.json","True","under services/dsh","False","False","False"
"services","C:\Users\b\Documents\GitHub\bthfinal\services\dsh\governance\operations\dsh_review_create\OP_GAPS.md","services\dsh\governance\operations\dsh_review_create\OP_GAPS.md","unknown","dsh_review_create",".md","OP_GAPS.md","True","under services/dsh","False","False","False"
"services","C:\Users\b\Documents\GitHub\bthfinal\services\dsh\governance\operations\dsh_review_create\OP_MCPW_MAP.csv","services\dsh\governance\operations\dsh_review_create\OP_MCPW_MAP.csv","unknown","dsh_review_create",".csv","OP_MCPW_MAP.csv","True","under services/dsh","False","False","False"
"services","C:\Users\b\Documents\GitHub\bthfinal\services\dsh\governance\operations\dsh_review_create\OP_RBAC_ABAC.csv","services\dsh\governance\operations\dsh_review_create\OP_RBAC_ABAC.csv","unknown","dsh_review_create",".csv","OP_RBAC_ABAC.csv","True","under services/dsh","False","False","False"
"services","C:\Users\b\Documents\GitHub\bthfinal\services\dsh\governance\operations\dsh_review_create\OP_RUNTIME_VARS.csv","services\dsh\governance\operations\dsh_review_create\OP_RUNTIME_VARS.csv","unknown","dsh_review_create",".csv","OP_RUNTIME_VARS.csv","True","under services/dsh","False","False","False"
"services","C:\Users\b\Documents\GitHub\bthfinal\services\dsh\governance\operations\dsh_review_create\OP_SCREENS_MAP.csv","services\dsh\governance\operations\dsh_review_create\OP_SCREENS_MAP.csv","unknown","dsh_review_create",".csv","OP_SCREENS_MAP.csv","True","under services/dsh","False","False","False"
"services","C:\Users\b\Documents\GitHub\bthfinal\services\dsh\governance\operations\dsh_review_create\OP_SPEC.yaml","services\dsh\governance\operations\dsh_review_create\OP_SPEC.yaml","unknown","dsh_review_create",".yaml","OP_SPEC.yaml","True","under services/dsh","False","False","False"
"services","C:\Users\b\Documents\GitHub\bthfinal\services\dsh\governance\operations\dsh_service_modes_resolve\OP_ACCEPTANCE.md","services\dsh\governance\operations\dsh_service_modes_resolve\OP_ACCEPTANCE.md","unknown","dsh_service_modes_resolve",".md","OP_ACCEPTANCE.md","True","under services/dsh","False","False","False"
"services","C:\Users\b\Documents\GitHub\bthfinal\services\dsh\governance\operations\dsh_service_modes_resolve\OP_ACTIONS_CATALOG.csv","services\dsh\governance\operations\dsh_service_modes_resolve\OP_ACTIONS_CATALOG.csv","unknown","dsh_service_modes_resolve",".csv","OP_ACTIONS_CATALOG.csv","True","under services/dsh","False","False","False"
"services","C:\Users\b\Documents\GitHub\bthfinal\services\dsh\governance\operations\dsh_service_modes_resolve\OP_API_MAP.csv","services\dsh\governance\operations\dsh_service_modes_resolve\OP_API_MAP.csv","unknown","dsh_service_modes_resolve",".csv","OP_API_MAP.csv","True","under services/dsh","False","False","False"
"services","C:\Users\b\Documents\GitHub\bthfinal\services\dsh\governance\operations\dsh_service_modes_resolve\OP_EVIDENCE_INDEX.json","services\dsh\governance\operations\dsh_service_modes_resolve\OP_EVIDENCE_INDEX.json","unknown","dsh_service_modes_resolve",".json","OP_EVIDENCE_INDEX.json","True","under services/dsh","False","False","False"
"services","C:\Users\b\Documents\GitHub\bthfinal\services\dsh\governance\operations\dsh_service_modes_resolve\OP_GAPS.md","services\dsh\governance\operations\dsh_service_modes_resolve\OP_GAPS.md","unknown","dsh_service_modes_resolve",".md","OP_GAPS.md","True","under services/dsh","False","False","False"
"services","C:\Users\b\Documents\GitHub\bthfinal\services\dsh\governance\operations\dsh_service_modes_resolve\OP_MCPW_MAP.csv","services\dsh\governance\operations\dsh_service_modes_resolve\OP_MCPW_MAP.csv","unknown","dsh_service_modes_resolve",".csv","OP_MCPW_MAP.csv","True","under services/dsh","False","False","False"
"services","C:\Users\b\Documents\GitHub\bthfinal\services\dsh\governance\operations\dsh_service_modes_resolve\OP_RBAC_ABAC.csv","services\dsh\governance\operations\dsh_service_modes_resolve\OP_RBAC_ABAC.csv","unknown","dsh_service_modes_resolve",".csv","OP_RBAC_ABAC.csv","True","under services/dsh","False","False","False"
"services","C:\Users\b\Documents\GitHub\bthfinal\services\dsh\governance\operations\dsh_service_modes_resolve\OP_RUNTIME_VARS.csv","services\dsh\governance\operations\dsh_service_modes_resolve\OP_RUNTIME_VARS.csv","unknown","dsh_service_modes_resolve",".csv","OP_RUNTIME_VARS.csv","True","under services/dsh","False","False","False"
"services","C:\Users\b\Documents\GitHub\bthfinal\services\dsh\governance\operations\dsh_service_modes_resolve\OP_SCREENS_MAP.csv","services\dsh\governance\operations\dsh_service_modes_resolve\OP_SCREENS_MAP.csv","unknown","dsh_service_modes_resolve",".csv","OP_SCREENS_MAP.csv","True","under services/dsh","False","False","False"
"services","C:\Users\b\Documents\GitHub\bthfinal\services\dsh\governance\operations\dsh_service_modes_resolve\OP_SPEC.yaml","services\dsh\governance\operations\dsh_service_modes_resolve\OP_SPEC.yaml","unknown","dsh_service_modes_resolve",".yaml","OP_SPEC.yaml","True","under services/dsh","False","False","False"
"services","C:\Users\b\Documents\GitHub\bthfinal\services\dsh\governance\operations\dsh_store_commission_set\OP_ACCEPTANCE.md","services\dsh\governance\operations\dsh_store_commission_set\OP_ACCEPTANCE.md","unknown","dsh_store_commission_set",".md","OP_ACCEPTANCE.md","True","under services/dsh","False","False","False"
"services","C:\Users\b\Documents\GitHub\bthfinal\services\dsh\governance\operations\dsh_store_commission_set\OP_ACTIONS_CATALOG.csv","services\dsh\governance\operations\dsh_store_commission_set\OP_ACTIONS_CATALOG.csv","unknown","dsh_store_commission_set",".csv","OP_ACTIONS_CATALOG.csv","True","under services/dsh","False","False","False"
"services","C:\Users\b\Documents\GitHub\bthfinal\services\dsh\governance\operations\dsh_store_commission_set\OP_API_MAP.csv","services\dsh\governance\operations\dsh_store_commission_set\OP_API_MAP.csv","unknown","dsh_store_commission_set",".csv","OP_API_MAP.csv","True","under services/dsh","False","False","False"
"services","C:\Users\b\Documents\GitHub\bthfinal\services\dsh\governance\operations\dsh_store_commission_set\OP_EVIDENCE_INDEX.json","services\dsh\governance\operations\dsh_store_commission_set\OP_EVIDENCE_INDEX.json","unknown","dsh_store_commission_set",".json","OP_EVIDENCE_INDEX.json","True","under services/dsh","False","False","False"
"services","C:\Users\b\Documents\GitHub\bthfinal\services\dsh\governance\operations\dsh_store_commission_set\OP_GAPS.md","services\dsh\governance\operations\dsh_store_commission_set\OP_GAPS.md","unknown","dsh_store_commission_set",".md","OP_GAPS.md","True","under services/dsh","False","False","False"
"services","C:\Users\b\Documents\GitHub\bthfinal\services\dsh\governance\operations\dsh_store_commission_set\OP_MCPW_MAP.csv","services\dsh\governance\operations\dsh_store_commission_set\OP_MCPW_MAP.csv","unknown","dsh_store_commission_set",".csv","OP_MCPW_MAP.csv","True","under services/dsh","False","False","False"
"services","C:\Users\b\Documents\GitHub\bthfinal\services\dsh\governance\operations\dsh_store_commission_set\OP_RBAC_ABAC.csv","services\dsh\governance\operations\dsh_store_commission_set\OP_RBAC_ABAC.csv","unknown","dsh_store_commission_set",".csv","OP_RBAC_ABAC.csv","True","under services/dsh","False","False","False"
"services","C:\Users\b\Documents\GitHub\bthfinal\services\dsh\governance\operations\dsh_store_commission_set\OP_RUNTIME_VARS.csv","services\dsh\governance\operations\dsh_store_commission_set\OP_RUNTIME_VARS.csv","unknown","dsh_store_commission_set",".csv","OP_RUNTIME_VARS.csv","True","under services/dsh","False","False","False"
"services","C:\Users\b\Documents\GitHub\bthfinal\services\dsh\governance\operations\dsh_store_commission_set\OP_SCREENS_MAP.csv","services\dsh\governance\operations\dsh_store_commission_set\OP_SCREENS_MAP.csv","unknown","dsh_store_commission_set",".csv","OP_SCREENS_MAP.csv","True","under services/dsh","False","False","False"
"services","C:\Users\b\Documents\GitHub\bthfinal\services\dsh\governance\operations\dsh_store_commission_set\OP_SPEC.yaml","services\dsh\governance\operations\dsh_store_commission_set\OP_SPEC.yaml","unknown","dsh_store_commission_set",".yaml","OP_SPEC.yaml","True","under services/dsh","False","False","False"
"services","C:\Users\b\Documents\GitHub\bthfinal\services\dsh\governance\operations\dsh_store_fulfillment_profile_update\OP_ACCEPTANCE.md","services\dsh\governance\operations\dsh_store_fulfillment_profile_update\OP_ACCEPTANCE.md","unknown","dsh_store_fulfillment_profile_update",".md","OP_ACCEPTANCE.md","True","under services/dsh","False","False","False"
"services","C:\Users\b\Documents\GitHub\bthfinal\services\dsh\governance\operations\dsh_store_fulfillment_profile_update\OP_ACTIONS_CATALOG.csv","services\dsh\governance\operations\dsh_store_fulfillment_profile_update\OP_ACTIONS_CATALOG.csv","unknown","dsh_store_fulfillment_profile_update",".csv","OP_ACTIONS_CATALOG.csv","True","under services/dsh","False","False","False"
"services","C:\Users\b\Documents\GitHub\bthfinal\services\dsh\governance\operations\dsh_store_fulfillment_profile_update\OP_API_MAP.csv","services\dsh\governance\operations\dsh_store_fulfillment_profile_update\OP_API_MAP.csv","unknown","dsh_store_fulfillment_profile_update",".csv","OP_API_MAP.csv","True","under services/dsh","False","False","False"
"services","C:\Users\b\Documents\GitHub\bthfinal\services\dsh\governance\operations\dsh_store_fulfillment_profile_update\OP_EVIDENCE_INDEX.json","services\dsh\governance\operations\dsh_store_fulfillment_profile_update\OP_EVIDENCE_INDEX.json","unknown","dsh_store_fulfillment_profile_update",".json","OP_EVIDENCE_INDEX.json","True","under services/dsh","False","False","False"
"services","C:\Users\b\Documents\GitHub\bthfinal\services\dsh\governance\operations\dsh_store_fulfillment_profile_update\OP_GAPS.md","services\dsh\governance\operations\dsh_store_fulfillment_profile_update\OP_GAPS.md","unknown","dsh_store_fulfillment_profile_update",".md","OP_GAPS.md","True","under services/dsh","False","False","False"
"services","C:\Users\b\Documents\GitHub\bthfinal\services\dsh\governance\operations\dsh_store_fulfillment_profile_update\OP_MCPW_MAP.csv","services\dsh\governance\operations\dsh_store_fulfillment_profile_update\OP_MCPW_MAP.csv","unknown","dsh_store_fulfillment_profile_update",".csv","OP_MCPW_MAP.csv","True","under services/dsh","False","False","False"
"services","C:\Users\b\Documents\GitHub\bthfinal\services\dsh\governance\operations\dsh_store_fulfillment_profile_update\OP_RBAC_ABAC.csv","services\dsh\governance\operations\dsh_store_fulfillment_profile_update\OP_RBAC_ABAC.csv","unknown","dsh_store_fulfillment_profile_update",".csv","OP_RBAC_ABAC.csv","True","under services/dsh","False","False","False"
"services","C:\Users\b\Documents\GitHub\bthfinal\services\dsh\governance\operations\dsh_store_fulfillment_profile_update\OP_RUNTIME_VARS.csv","services\dsh\governance\operations\dsh_store_fulfillment_profile_update\OP_RUNTIME_VARS.csv","unknown","dsh_store_fulfillment_profile_update",".csv","OP_RUNTIME_VARS.csv","True","under services/dsh","False","False","False"
"services","C:\Users\b\Documents\GitHub\bthfinal\services\dsh\governance\operations\dsh_store_fulfillment_profile_update\OP_SCREENS_MAP.csv","services\dsh\governance\operations\dsh_store_fulfillment_profile_update\OP_SCREENS_MAP.csv","unknown","dsh_store_fulfillment_profile_update",".csv","OP_SCREENS_MAP.csv","True","under services/dsh","False","False","False"
"services","C:\Users\b\Documents\GitHub\bthfinal\services\dsh\governance\operations\dsh_store_fulfillment_profile_update\OP_SPEC.yaml","services\dsh\governance\operations\dsh_store_fulfillment_profile_update\OP_SPEC.yaml","unknown","dsh_store_fulfillment_profile_update",".yaml","OP_SPEC.yaml","True","under services/dsh","False","False","False"
"services","C:\Users\b\Documents\GitHub\bthfinal\services\dsh\governance\operations\dsh_store_modes_set\OP_ACCEPTANCE.md","services\dsh\governance\operations\dsh_store_modes_set\OP_ACCEPTANCE.md","unknown","dsh_store_modes_set",".md","OP_ACCEPTANCE.md","True","under services/dsh","False","False","False"
"services","C:\Users\b\Documents\GitHub\bthfinal\services\dsh\governance\operations\dsh_store_modes_set\OP_ACTIONS_CATALOG.csv","services\dsh\governance\operations\dsh_store_modes_set\OP_ACTIONS_CATALOG.csv","unknown","dsh_store_modes_set",".csv","OP_ACTIONS_CATALOG.csv","True","under services/dsh","False","False","False"
"services","C:\Users\b\Documents\GitHub\bthfinal\services\dsh\governance\operations\dsh_store_modes_set\OP_API_MAP.csv","services\dsh\governance\operations\dsh_store_modes_set\OP_API_MAP.csv","unknown","dsh_store_modes_set",".csv","OP_API_MAP.csv","True","under services/dsh","False","False","False"
"services","C:\Users\b\Documents\GitHub\bthfinal\services\dsh\governance\operations\dsh_store_modes_set\OP_EVIDENCE_INDEX.json","services\dsh\governance\operations\dsh_store_modes_set\OP_EVIDENCE_INDEX.json","unknown","dsh_store_modes_set",".json","OP_EVIDENCE_INDEX.json","True","under services/dsh","False","False","False"
"services","C:\Users\b\Documents\GitHub\bthfinal\services\dsh\governance\operations\dsh_store_modes_set\OP_GAPS.md","services\dsh\governance\operations\dsh_store_modes_set\OP_GAPS.md","unknown","dsh_store_modes_set",".md","OP_GAPS.md","True","under services/dsh","False","False","False"
"services","C:\Users\b\Documents\GitHub\bthfinal\services\dsh\governance\operations\dsh_store_modes_set\OP_MCPW_MAP.csv","services\dsh\governance\operations\dsh_store_modes_set\OP_MCPW_MAP.csv","unknown","dsh_store_modes_set",".csv","OP_MCPW_MAP.csv","True","under services/dsh","False","False","False"
"services","C:\Users\b\Documents\GitHub\bthfinal\services\dsh\governance\operations\dsh_store_modes_set\OP_RBAC_ABAC.csv","services\dsh\governance\operations\dsh_store_modes_set\OP_RBAC_ABAC.csv","unknown","dsh_store_modes_set",".csv","OP_RBAC_ABAC.csv","True","under services/dsh","False","False","False"
"services","C:\Users\b\Documents\GitHub\bthfinal\services\dsh\governance\operations\dsh_store_modes_set\OP_RUNTIME_VARS.csv","services\dsh\governance\operations\dsh_store_modes_set\OP_RUNTIME_VARS.csv","unknown","dsh_store_modes_set",".csv","OP_RUNTIME_VARS.csv","True","under services/dsh","False","False","False"
"services","C:\Users\b\Documents\GitHub\bthfinal\services\dsh\governance\operations\dsh_store_modes_set\OP_SCREENS_MAP.csv","services\dsh\governance\operations\dsh_store_modes_set\OP_SCREENS_MAP.csv","unknown","dsh_store_modes_set",".csv","OP_SCREENS_MAP.csv","True","under services/dsh","False","False","False"
"services","C:\Users\b\Documents\GitHub\bthfinal\services\dsh\governance\operations\dsh_store_modes_set\OP_SPEC.yaml","services\dsh\governance\operations\dsh_store_modes_set\OP_SPEC.yaml","unknown","dsh_store_modes_set",".yaml","OP_SPEC.yaml","True","under services/dsh","False","False","False"
"services","C:\Users\b\Documents\GitHub\bthfinal\services\dsh\governance\operations\dsh_store_products\OP_ACCEPTANCE.md","services\dsh\governance\operations\dsh_store_products\OP_ACCEPTANCE.md","unknown","dsh_store_products",".md","OP_ACCEPTANCE.md","True","under services/dsh","False","False","False"
"services","C:\Users\b\Documents\GitHub\bthfinal\services\dsh\governance\operations\dsh_store_products\OP_ACTIONS_CATALOG.csv","services\dsh\governance\operations\dsh_store_products\OP_ACTIONS_CATALOG.csv","unknown","dsh_store_products",".csv","OP_ACTIONS_CATALOG.csv","True","under services/dsh","False","False","False"
"services","C:\Users\b\Documents\GitHub\bthfinal\services\dsh\governance\operations\dsh_store_products\OP_API_MAP.csv","services\dsh\governance\operations\dsh_store_products\OP_API_MAP.csv","unknown","dsh_store_products",".csv","OP_API_MAP.csv","True","under services/dsh","False","False","False"
"services","C:\Users\b\Documents\GitHub\bthfinal\services\dsh\governance\operations\dsh_store_products\OP_EVIDENCE_INDEX.json","services\dsh\governance\operations\dsh_store_products\OP_EVIDENCE_INDEX.json","unknown","dsh_store_products",".json","OP_EVIDENCE_INDEX.json","True","under services/dsh","False","False","False"
"services","C:\Users\b\Documents\GitHub\bthfinal\services\dsh\governance\operations\dsh_store_products\OP_GAPS.md","services\dsh\governance\operations\dsh_store_products\OP_GAPS.md","unknown","dsh_store_products",".md","OP_GAPS.md","True","under services/dsh","False","False","False"
"services","C:\Users\b\Documents\GitHub\bthfinal\services\dsh\governance\operations\dsh_store_products\OP_MCPW_MAP.csv","services\dsh\governance\operations\dsh_store_products\OP_MCPW_MAP.csv","unknown","dsh_store_products",".csv","OP_MCPW_MAP.csv","True","under services/dsh","False","False","False"
"services","C:\Users\b\Documents\GitHub\bthfinal\services\dsh\governance\operations\dsh_store_products\OP_RBAC_ABAC.csv","services\dsh\governance\operations\dsh_store_products\OP_RBAC_ABAC.csv","unknown","dsh_store_products",".csv","OP_RBAC_ABAC.csv","True","under services/dsh","False","False","False"
"services","C:\Users\b\Documents\GitHub\bthfinal\services\dsh\governance\operations\dsh_store_products\OP_RUNTIME_VARS.csv","services\dsh\governance\operations\dsh_store_products\OP_RUNTIME_VARS.csv","unknown","dsh_store_products",".csv","OP_RUNTIME_VARS.csv","True","under services/dsh","False","False","False"
"services","C:\Users\b\Documents\GitHub\bthfinal\services\dsh\governance\operations\dsh_store_products\OP_SCREENS_MAP.csv","services\dsh\governance\operations\dsh_store_products\OP_SCREENS_MAP.csv","unknown","dsh_store_products",".csv","OP_SCREENS_MAP.csv","True","under services/dsh","False","False","False"
"services","C:\Users\b\Documents\GitHub\bthfinal\services\dsh\governance\operations\dsh_store_products\OP_SPEC.yaml","services\dsh\governance\operations\dsh_store_products\OP_SPEC.yaml","unknown","dsh_store_products",".yaml","OP_SPEC.yaml","True","under services/dsh","False","False","False"
"services","C:\Users\b\Documents\GitHub\bthfinal\services\dsh\governance\operations\dsh_store_service_modes_get\OP_ACCEPTANCE.md","services\dsh\governance\operations\dsh_store_service_modes_get\OP_ACCEPTANCE.md","unknown","dsh_store_service_modes_get",".md","OP_ACCEPTANCE.md","True","under services/dsh","False","False","False"
"services","C:\Users\b\Documents\GitHub\bthfinal\services\dsh\governance\operations\dsh_store_service_modes_get\OP_ACTIONS_CATALOG.csv","services\dsh\governance\operations\dsh_store_service_modes_get\OP_ACTIONS_CATALOG.csv","unknown","dsh_store_service_modes_get",".csv","OP_ACTIONS_CATALOG.csv","True","under services/dsh","False","False","False"
"services","C:\Users\b\Documents\GitHub\bthfinal\services\dsh\governance\operations\dsh_store_service_modes_get\OP_API_MAP.csv","services\dsh\governance\operations\dsh_store_service_modes_get\OP_API_MAP.csv","unknown","dsh_store_service_modes_get",".csv","OP_API_MAP.csv","True","under services/dsh","False","False","False"
"services","C:\Users\b\Documents\GitHub\bthfinal\services\dsh\governance\operations\dsh_store_service_modes_get\OP_EVIDENCE_INDEX.json","services\dsh\governance\operations\dsh_store_service_modes_get\OP_EVIDENCE_INDEX.json","unknown","dsh_store_service_modes_get",".json","OP_EVIDENCE_INDEX.json","True","under services/dsh","False","False","False"
"services","C:\Users\b\Documents\GitHub\bthfinal\services\dsh\governance\operations\dsh_store_service_modes_get\OP_GAPS.md","services\dsh\governance\operations\dsh_store_service_modes_get\OP_GAPS.md","unknown","dsh_store_service_modes_get",".md","OP_GAPS.md","True","under services/dsh","False","False","False"
"services","C:\Users\b\Documents\GitHub\bthfinal\services\dsh\governance\operations\dsh_store_service_modes_get\OP_MCPW_MAP.csv","services\dsh\governance\operations\dsh_store_service_modes_get\OP_MCPW_MAP.csv","unknown","dsh_store_service_modes_get",".csv","OP_MCPW_MAP.csv","True","under services/dsh","False","False","False"
"services","C:\Users\b\Documents\GitHub\bthfinal\services\dsh\governance\operations\dsh_store_service_modes_get\OP_RBAC_ABAC.csv","services\dsh\governance\operations\dsh_store_service_modes_get\OP_RBAC_ABAC.csv","unknown","dsh_store_service_modes_get",".csv","OP_RBAC_ABAC.csv","True","under services/dsh","False","False","False"
"services","C:\Users\b\Documents\GitHub\bthfinal\services\dsh\governance\operations\dsh_store_service_modes_get\OP_RUNTIME_VARS.csv","services\dsh\governance\operations\dsh_store_service_modes_get\OP_RUNTIME_VARS.csv","unknown","dsh_store_service_modes_get",".csv","OP_RUNTIME_VARS.csv","True","under services/dsh","False","False","False"
"services","C:\Users\b\Documents\GitHub\bthfinal\services\dsh\governance\operations\dsh_store_service_modes_get\OP_SCREENS_MAP.csv","services\dsh\governance\operations\dsh_store_service_modes_get\OP_SCREENS_MAP.csv","unknown","dsh_store_service_modes_get",".csv","OP_SCREENS_MAP.csv","True","under services/dsh","False","False","False"
"services","C:\Users\b\Documents\GitHub\bthfinal\services\dsh\governance\operations\dsh_store_service_modes_get\OP_SPEC.yaml","services\dsh\governance\operations\dsh_store_service_modes_get\OP_SPEC.yaml","unknown","dsh_store_service_modes_get",".yaml","OP_SPEC.yaml","True","under services/dsh","False","False","False"
"services","C:\Users\b\Documents\GitHub\bthfinal\services\dsh\governance\operations\dsh_store_zones_set\OP_ACCEPTANCE.md","services\dsh\governance\operations\dsh_store_zones_set\OP_ACCEPTANCE.md","unknown","dsh_store_zones_set",".md","OP_ACCEPTANCE.md","True","under services/dsh","False","False","False"
"services","C:\Users\b\Documents\GitHub\bthfinal\services\dsh\governance\operations\dsh_store_zones_set\OP_ACTIONS_CATALOG.csv","services\dsh\governance\operations\dsh_store_zones_set\OP_ACTIONS_CATALOG.csv","unknown","dsh_store_zones_set",".csv","OP_ACTIONS_CATALOG.csv","True","under services/dsh","False","False","False"
"services","C:\Users\b\Documents\GitHub\bthfinal\services\dsh\governance\operations\dsh_store_zones_set\OP_API_MAP.csv","services\dsh\governance\operations\dsh_store_zones_set\OP_API_MAP.csv","unknown","dsh_store_zones_set",".csv","OP_API_MAP.csv","True","under services/dsh","False","False","False"
"services","C:\Users\b\Documents\GitHub\bthfinal\services\dsh\governance\operations\dsh_store_zones_set\OP_EVIDENCE_INDEX.json","services\dsh\governance\operations\dsh_store_zones_set\OP_EVIDENCE_INDEX.json","unknown","dsh_store_zones_set",".json","OP_EVIDENCE_INDEX.json","True","under services/dsh","False","False","False"
"services","C:\Users\b\Documents\GitHub\bthfinal\services\dsh\governance\operations\dsh_store_zones_set\OP_GAPS.md","services\dsh\governance\operations\dsh_store_zones_set\OP_GAPS.md","unknown","dsh_store_zones_set",".md","OP_GAPS.md","True","under services/dsh","False","False","False"
"services","C:\Users\b\Documents\GitHub\bthfinal\services\dsh\governance\operations\dsh_store_zones_set\OP_MCPW_MAP.csv","services\dsh\governance\operations\dsh_store_zones_set\OP_MCPW_MAP.csv","unknown","dsh_store_zones_set",".csv","OP_MCPW_MAP.csv","True","under services/dsh","False","False","False"
"services","C:\Users\b\Documents\GitHub\bthfinal\services\dsh\governance\operations\dsh_store_zones_set\OP_RBAC_ABAC.csv","services\dsh\governance\operations\dsh_store_zones_set\OP_RBAC_ABAC.csv","unknown","dsh_store_zones_set",".csv","OP_RBAC_ABAC.csv","True","under services/dsh","False","False","False"
"services","C:\Users\b\Documents\GitHub\bthfinal\services\dsh\governance\operations\dsh_store_zones_set\OP_RUNTIME_VARS.csv","services\dsh\governance\operations\dsh_store_zones_set\OP_RUNTIME_VARS.csv","unknown","dsh_store_zones_set",".csv","OP_RUNTIME_VARS.csv","True","under services/dsh","False","False","False"
"services","C:\Users\b\Documents\GitHub\bthfinal\services\dsh\governance\operations\dsh_store_zones_set\OP_SCREENS_MAP.csv","services\dsh\governance\operations\dsh_store_zones_set\OP_SCREENS_MAP.csv","unknown","dsh_store_zones_set",".csv","OP_SCREENS_MAP.csv","True","under services/dsh","False","False","False"
"services","C:\Users\b\Documents\GitHub\bthfinal\services\dsh\governance\operations\dsh_store_zones_set\OP_SPEC.yaml","services\dsh\governance\operations\dsh_store_zones_set\OP_SPEC.yaml","unknown","dsh_store_zones_set",".yaml","OP_SPEC.yaml","True","under services/dsh","False","False","False"
"services","C:\Users\b\Documents\GitHub\bthfinal\services\dsh\governance\operations\dsh_subscription_bundles_list\OP_RBAC_ABAC.csv","services\dsh\governance\operations\dsh_subscription_bundles_list\OP_RBAC_ABAC.csv","unknown","dsh_subscription_bundles_list",".csv","OP_RBAC_ABAC.csv","True","under services/dsh","False","False","False"
"services","C:\Users\b\Documents\GitHub\bthfinal\services\dsh\governance\operations\dsh_subscription_bundles_list\OP_SPEC.yaml","services\dsh\governance\operations\dsh_subscription_bundles_list\OP_SPEC.yaml","unknown","dsh_subscription_bundles_list",".yaml","OP_SPEC.yaml","True","under services/dsh","False","False","False"
"services","C:\Users\b\Documents\GitHub\bthfinal\services\dsh\governance\operations\dsh_subscription_categories_get\OP_RBAC_ABAC.csv","services\dsh\governance\operations\dsh_subscription_categories_get\OP_RBAC_ABAC.csv","unknown","dsh_subscription_categories_get",".csv","OP_RBAC_ABAC.csv","True","under services/dsh","False","False","False"
"services","C:\Users\b\Documents\GitHub\bthfinal\services\dsh\governance\operations\dsh_subscription_categories_get\OP_SPEC.yaml","services\dsh\governance\operations\dsh_subscription_categories_get\OP_SPEC.yaml","unknown","dsh_subscription_categories_get",".yaml","OP_SPEC.yaml","True","under services/dsh","False","False","False"
"services","C:\Users\b\Documents\GitHub\bthfinal\services\dsh\governance\operations\dsh_subscription_family_get\OP_ACCEPTANCE.md","services\dsh\governance\operations\dsh_subscription_family_get\OP_ACCEPTANCE.md","unknown","dsh_subscription_family_get",".md","OP_ACCEPTANCE.md","True","under services/dsh","False","False","False"
"services","C:\Users\b\Documents\GitHub\bthfinal\services\dsh\governance\operations\dsh_subscription_family_get\OP_ACTIONS_CATALOG.csv","services\dsh\governance\operations\dsh_subscription_family_get\OP_ACTIONS_CATALOG.csv","unknown","dsh_subscription_family_get",".csv","OP_ACTIONS_CATALOG.csv","True","under services/dsh","False","False","False"
"services","C:\Users\b\Documents\GitHub\bthfinal\services\dsh\governance\operations\dsh_subscription_family_get\OP_API_MAP.csv","services\dsh\governance\operations\dsh_subscription_family_get\OP_API_MAP.csv","unknown","dsh_subscription_family_get",".csv","OP_API_MAP.csv","True","under services/dsh","False","False","False"
"services","C:\Users\b\Documents\GitHub\bthfinal\services\dsh\governance\operations\dsh_subscription_family_get\OP_EVIDENCE_INDEX.json","services\dsh\governance\operations\dsh_subscription_family_get\OP_EVIDENCE_INDEX.json","unknown","dsh_subscription_family_get",".json","OP_EVIDENCE_INDEX.json","True","under services/dsh","False","False","False"
"services","C:\Users\b\Documents\GitHub\bthfinal\services\dsh\governance\operations\dsh_subscription_family_get\OP_GAPS.md","services\dsh\governance\operations\dsh_subscription_family_get\OP_GAPS.md","unknown","dsh_subscription_family_get",".md","OP_GAPS.md","True","under services/dsh","False","False","False"
"services","C:\Users\b\Documents\GitHub\bthfinal\services\dsh\governance\operations\dsh_subscription_family_get\OP_MCPW_MAP.csv","services\dsh\governance\operations\dsh_subscription_family_get\OP_MCPW_MAP.csv","unknown","dsh_subscription_family_get",".csv","OP_MCPW_MAP.csv","True","under services/dsh","False","False","False"
"services","C:\Users\b\Documents\GitHub\bthfinal\services\dsh\governance\operations\dsh_subscription_family_get\OP_RBAC_ABAC.csv","services\dsh\governance\operations\dsh_subscription_family_get\OP_RBAC_ABAC.csv","unknown","dsh_subscription_family_get",".csv","OP_RBAC_ABAC.csv","True","under services/dsh","False","False","False"
"services","C:\Users\b\Documents\GitHub\bthfinal\services\dsh\governance\operations\dsh_subscription_family_get\OP_RUNTIME_VARS.csv","services\dsh\governance\operations\dsh_subscription_family_get\OP_RUNTIME_VARS.csv","unknown","dsh_subscription_family_get",".csv","OP_RUNTIME_VARS.csv","True","under services/dsh","False","False","False"
"services","C:\Users\b\Documents\GitHub\bthfinal\services\dsh\governance\operations\dsh_subscription_family_get\OP_SCREENS_MAP.csv","services\dsh\governance\operations\dsh_subscription_family_get\OP_SCREENS_MAP.csv","unknown","dsh_subscription_family_get",".csv","OP_SCREENS_MAP.csv","True","under services/dsh","False","False","False"
"services","C:\Users\b\Documents\GitHub\bthfinal\services\dsh\governance\operations\dsh_subscription_family_get\OP_SPEC.yaml","services\dsh\governance\operations\dsh_subscription_family_get\OP_SPEC.yaml","unknown","dsh_subscription_family_get",".yaml","OP_SPEC.yaml","True","under services/dsh","False","False","False"
"services","C:\Users\b\Documents\GitHub\bthfinal\services\dsh\governance\operations\dsh_subscription_family_members_get\OP_ACCEPTANCE.md","services\dsh\governance\operations\dsh_subscription_family_members_get\OP_ACCEPTANCE.md","unknown","dsh_subscription_family_members_get",".md","OP_ACCEPTANCE.md","True","under services/dsh","False","False","False"
"services","C:\Users\b\Documents\GitHub\bthfinal\services\dsh\governance\operations\dsh_subscription_family_members_get\OP_ACTIONS_CATALOG.csv","services\dsh\governance\operations\dsh_subscription_family_members_get\OP_ACTIONS_CATALOG.csv","unknown","dsh_subscription_family_members_get",".csv","OP_ACTIONS_CATALOG.csv","True","under services/dsh","False","False","False"
"services","C:\Users\b\Documents\GitHub\bthfinal\services\dsh\governance\operations\dsh_subscription_family_members_get\OP_API_MAP.csv","services\dsh\governance\operations\dsh_subscription_family_members_get\OP_API_MAP.csv","unknown","dsh_subscription_family_members_get",".csv","OP_API_MAP.csv","True","under services/dsh","False","False","False"
"services","C:\Users\b\Documents\GitHub\bthfinal\services\dsh\governance\operations\dsh_subscription_family_members_get\OP_EVIDENCE_INDEX.json","services\dsh\governance\operations\dsh_subscription_family_members_get\OP_EVIDENCE_INDEX.json","unknown","dsh_subscription_family_members_get",".json","OP_EVIDENCE_INDEX.json","True","under services/dsh","False","False","False"
"services","C:\Users\b\Documents\GitHub\bthfinal\services\dsh\governance\operations\dsh_subscription_family_members_get\OP_GAPS.md","services\dsh\governance\operations\dsh_subscription_family_members_get\OP_GAPS.md","unknown","dsh_subscription_family_members_get",".md","OP_GAPS.md","True","under services/dsh","False","False","False"
"services","C:\Users\b\Documents\GitHub\bthfinal\services\dsh\governance\operations\dsh_subscription_family_members_get\OP_MCPW_MAP.csv","services\dsh\governance\operations\dsh_subscription_family_members_get\OP_MCPW_MAP.csv","unknown","dsh_subscription_family_members_get",".csv","OP_MCPW_MAP.csv","True","under services/dsh","False","False","False"
"services","C:\Users\b\Documents\GitHub\bthfinal\services\dsh\governance\operations\dsh_subscription_family_members_get\OP_RBAC_ABAC.csv","services\dsh\governance\operations\dsh_subscription_family_members_get\OP_RBAC_ABAC.csv","unknown","dsh_subscription_family_members_get",".csv","OP_RBAC_ABAC.csv","True","under services/dsh","False","False","False"
"services","C:\Users\b\Documents\GitHub\bthfinal\services\dsh\governance\operations\dsh_subscription_family_members_get\OP_RUNTIME_VARS.csv","services\dsh\governance\operations\dsh_subscription_family_members_get\OP_RUNTIME_VARS.csv","unknown","dsh_subscription_family_members_get",".csv","OP_RUNTIME_VARS.csv","True","under services/dsh","False","False","False"
"services","C:\Users\b\Documents\GitHub\bthfinal\services\dsh\governance\operations\dsh_subscription_family_members_get\OP_SCREENS_MAP.csv","services\dsh\governance\operations\dsh_subscription_family_members_get\OP_SCREENS_MAP.csv","unknown","dsh_subscription_family_members_get",".csv","OP_SCREENS_MAP.csv","True","under services/dsh","False","False","False"
"services","C:\Users\b\Documents\GitHub\bthfinal\services\dsh\governance\operations\dsh_subscription_family_members_get\OP_SPEC.yaml","services\dsh\governance\operations\dsh_subscription_family_members_get\OP_SPEC.yaml","unknown","dsh_subscription_family_members_get",".yaml","OP_SPEC.yaml","True","under services/dsh","False","False","False"
"services","C:\Users\b\Documents\GitHub\bthfinal\services\dsh\governance\operations\dsh_subscription_family_members_post\OP_ACCEPTANCE.md","services\dsh\governance\operations\dsh_subscription_family_members_post\OP_ACCEPTANCE.md","unknown","dsh_subscription_family_members_post",".md","OP_ACCEPTANCE.md","True","under services/dsh","False","False","False"
"services","C:\Users\b\Documents\GitHub\bthfinal\services\dsh\governance\operations\dsh_subscription_family_members_post\OP_ACTIONS_CATALOG.csv","services\dsh\governance\operations\dsh_subscription_family_members_post\OP_ACTIONS_CATALOG.csv","unknown","dsh_subscription_family_members_post",".csv","OP_ACTIONS_CATALOG.csv","True","under services/dsh","False","False","False"
"services","C:\Users\b\Documents\GitHub\bthfinal\services\dsh\governance\operations\dsh_subscription_family_members_post\OP_API_MAP.csv","services\dsh\governance\operations\dsh_subscription_family_members_post\OP_API_MAP.csv","unknown","dsh_subscription_family_members_post",".csv","OP_API_MAP.csv","True","under services/dsh","False","False","False"
"services","C:\Users\b\Documents\GitHub\bthfinal\services\dsh\governance\operations\dsh_subscription_family_members_post\OP_EVIDENCE_INDEX.json","services\dsh\governance\operations\dsh_subscription_family_members_post\OP_EVIDENCE_INDEX.json","unknown","dsh_subscription_family_members_post",".json","OP_EVIDENCE_INDEX.json","True","under services/dsh","False","False","False"
"services","C:\Users\b\Documents\GitHub\bthfinal\services\dsh\governance\operations\dsh_subscription_family_members_post\OP_GAPS.md","services\dsh\governance\operations\dsh_subscription_family_members_post\OP_GAPS.md","unknown","dsh_subscription_family_members_post",".md","OP_GAPS.md","True","under services/dsh","False","False","False"
"services","C:\Users\b\Documents\GitHub\bthfinal\services\dsh\governance\operations\dsh_subscription_family_members_post\OP_MCPW_MAP.csv","services\dsh\governance\operations\dsh_subscription_family_members_post\OP_MCPW_MAP.csv","unknown","dsh_subscription_family_members_post",".csv","OP_MCPW_MAP.csv","True","under services/dsh","False","False","False"
"services","C:\Users\b\Documents\GitHub\bthfinal\services\dsh\governance\operations\dsh_subscription_family_members_post\OP_RBAC_ABAC.csv","services\dsh\governance\operations\dsh_subscription_family_members_post\OP_RBAC_ABAC.csv","unknown","dsh_subscription_family_members_post",".csv","OP_RBAC_ABAC.csv","True","under services/dsh","False","False","False"
"services","C:\Users\b\Documents\GitHub\bthfinal\services\dsh\governance\operations\dsh_subscription_family_members_post\OP_RUNTIME_VARS.csv","services\dsh\governance\operations\dsh_subscription_family_members_post\OP_RUNTIME_VARS.csv","unknown","dsh_subscription_family_members_post",".csv","OP_RUNTIME_VARS.csv","True","under services/dsh","False","False","False"
"services","C:\Users\b\Documents\GitHub\bthfinal\services\dsh\governance\operations\dsh_subscription_family_members_post\OP_SCREENS_MAP.csv","services\dsh\governance\operations\dsh_subscription_family_members_post\OP_SCREENS_MAP.csv","unknown","dsh_subscription_family_members_post",".csv","OP_SCREENS_MAP.csv","True","under services/dsh","False","False","False"
"services","C:\Users\b\Documents\GitHub\bthfinal\services\dsh\governance\operations\dsh_subscription_family_members_post\OP_SPEC.yaml","services\dsh\governance\operations\dsh_subscription_family_members_post\OP_SPEC.yaml","unknown","dsh_subscription_family_members_post",".yaml","OP_SPEC.yaml","True","under services/dsh","False","False","False"
"services","C:\Users\b\Documents\GitHub\bthfinal\services\dsh\governance\operations\dsh_subscription_sync\OP_ACCEPTANCE.md","services\dsh\governance\operations\dsh_subscription_sync\OP_ACCEPTANCE.md","unknown","dsh_subscription_sync",".md","OP_ACCEPTANCE.md","True","under services/dsh","False","False","False"
"services","C:\Users\b\Documents\GitHub\bthfinal\services\dsh\governance\operations\dsh_subscription_sync\OP_ACTIONS_CATALOG.csv","services\dsh\governance\operations\dsh_subscription_sync\OP_ACTIONS_CATALOG.csv","unknown","dsh_subscription_sync",".csv","OP_ACTIONS_CATALOG.csv","True","under services/dsh","False","False","False"
"services","C:\Users\b\Documents\GitHub\bthfinal\services\dsh\governance\operations\dsh_subscription_sync\OP_API_MAP.csv","services\dsh\governance\operations\dsh_subscription_sync\OP_API_MAP.csv","unknown","dsh_subscription_sync",".csv","OP_API_MAP.csv","True","under services/dsh","False","False","False"
"services","C:\Users\b\Documents\GitHub\bthfinal\services\dsh\governance\operations\dsh_subscription_sync\OP_EVIDENCE_INDEX.json","services\dsh\governance\operations\dsh_subscription_sync\OP_EVIDENCE_INDEX.json","unknown","dsh_subscription_sync",".json","OP_EVIDENCE_INDEX.json","True","under services/dsh","False","False","False"
"services","C:\Users\b\Documents\GitHub\bthfinal\services\dsh\governance\operations\dsh_subscription_sync\OP_GAPS.md","services\dsh\governance\operations\dsh_subscription_sync\OP_GAPS.md","unknown","dsh_subscription_sync",".md","OP_GAPS.md","True","under services/dsh","False","False","False"
"services","C:\Users\b\Documents\GitHub\bthfinal\services\dsh\governance\operations\dsh_subscription_sync\OP_MCPW_MAP.csv","services\dsh\governance\operations\dsh_subscription_sync\OP_MCPW_MAP.csv","unknown","dsh_subscription_sync",".csv","OP_MCPW_MAP.csv","True","under services/dsh","False","False","False"
"services","C:\Users\b\Documents\GitHub\bthfinal\services\dsh\governance\operations\dsh_subscription_sync\OP_RBAC_ABAC.csv","services\dsh\governance\operations\dsh_subscription_sync\OP_RBAC_ABAC.csv","unknown","dsh_subscription_sync",".csv","OP_RBAC_ABAC.csv","True","under services/dsh","False","False","False"
"services","C:\Users\b\Documents\GitHub\bthfinal\services\dsh\governance\operations\dsh_subscription_sync\OP_RUNTIME_VARS.csv","services\dsh\governance\operations\dsh_subscription_sync\OP_RUNTIME_VARS.csv","unknown","dsh_subscription_sync",".csv","OP_RUNTIME_VARS.csv","True","under services/dsh","False","False","False"
"services","C:\Users\b\Documents\GitHub\bthfinal\services\dsh\governance\operations\dsh_subscription_sync\OP_SCREENS_MAP.csv","services\dsh\governance\operations\dsh_subscription_sync\OP_SCREENS_MAP.csv","unknown","dsh_subscription_sync",".csv","OP_SCREENS_MAP.csv","True","under services/dsh","False","False","False"
"services","C:\Users\b\Documents\GitHub\bthfinal\services\dsh\governance\operations\dsh_subscription_sync\OP_SPEC.yaml","services\dsh\governance\operations\dsh_subscription_sync\OP_SPEC.yaml","unknown","dsh_subscription_sync",".yaml","OP_SPEC.yaml","True","under services/dsh","False","False","False"
"services","C:\Users\b\Documents\GitHub\bthfinal\services\dsh\governance\operations\dsh_subscription_tier_get\OP_ACCEPTANCE.md","services\dsh\governance\operations\dsh_subscription_tier_get\OP_ACCEPTANCE.md","unknown","dsh_subscription_tier_get",".md","OP_ACCEPTANCE.md","True","under services/dsh","False","False","False"
"services","C:\Users\b\Documents\GitHub\bthfinal\services\dsh\governance\operations\dsh_subscription_tier_get\OP_ACTIONS_CATALOG.csv","services\dsh\governance\operations\dsh_subscription_tier_get\OP_ACTIONS_CATALOG.csv","unknown","dsh_subscription_tier_get",".csv","OP_ACTIONS_CATALOG.csv","True","under services/dsh","False","False","False"
"services","C:\Users\b\Documents\GitHub\bthfinal\services\dsh\governance\operations\dsh_subscription_tier_get\OP_API_MAP.csv","services\dsh\governance\operations\dsh_subscription_tier_get\OP_API_MAP.csv","unknown","dsh_subscription_tier_get",".csv","OP_API_MAP.csv","True","under services/dsh","False","False","False"
"services","C:\Users\b\Documents\GitHub\bthfinal\services\dsh\governance\operations\dsh_subscription_tier_get\OP_EVIDENCE_INDEX.json","services\dsh\governance\operations\dsh_subscription_tier_get\OP_EVIDENCE_INDEX.json","unknown","dsh_subscription_tier_get",".json","OP_EVIDENCE_INDEX.json","True","under services/dsh","False","False","False"
"services","C:\Users\b\Documents\GitHub\bthfinal\services\dsh\governance\operations\dsh_subscription_tier_get\OP_GAPS.md","services\dsh\governance\operations\dsh_subscription_tier_get\OP_GAPS.md","unknown","dsh_subscription_tier_get",".md","OP_GAPS.md","True","under services/dsh","False","False","False"
"services","C:\Users\b\Documents\GitHub\bthfinal\services\dsh\governance\operations\dsh_subscription_tier_get\OP_MCPW_MAP.csv","services\dsh\governance\operations\dsh_subscription_tier_get\OP_MCPW_MAP.csv","unknown","dsh_subscription_tier_get",".csv","OP_MCPW_MAP.csv","True","under services/dsh","False","False","False"
"services","C:\Users\b\Documents\GitHub\bthfinal\services\dsh\governance\operations\dsh_subscription_tier_get\OP_RBAC_ABAC.csv","services\dsh\governance\operations\dsh_subscription_tier_get\OP_RBAC_ABAC.csv","unknown","dsh_subscription_tier_get",".csv","OP_RBAC_ABAC.csv","True","under services/dsh","False","False","False"
"services","C:\Users\b\Documents\GitHub\bthfinal\services\dsh\governance\operations\dsh_subscription_tier_get\OP_RUNTIME_VARS.csv","services\dsh\governance\operations\dsh_subscription_tier_get\OP_RUNTIME_VARS.csv","unknown","dsh_subscription_tier_get",".csv","OP_RUNTIME_VARS.csv","True","under services/dsh","False","False","False"
"services","C:\Users\b\Documents\GitHub\bthfinal\services\dsh\governance\operations\dsh_subscription_tier_get\OP_SCREENS_MAP.csv","services\dsh\governance\operations\dsh_subscription_tier_get\OP_SCREENS_MAP.csv","unknown","dsh_subscription_tier_get",".csv","OP_SCREENS_MAP.csv","True","under services/dsh","False","False","False"
"services","C:\Users\b\Documents\GitHub\bthfinal\services\dsh\governance\operations\dsh_subscription_tier_get\OP_SPEC.yaml","services\dsh\governance\operations\dsh_subscription_tier_get\OP_SPEC.yaml","unknown","dsh_subscription_tier_get",".yaml","OP_SPEC.yaml","True","under services/dsh","False","False","False"
"services","C:\Users\b\Documents\GitHub\bthfinal\services\dsh\governance\operations\dsh_subscription_upgrade_post\OP_ACCEPTANCE.md","services\dsh\governance\operations\dsh_subscription_upgrade_post\OP_ACCEPTANCE.md","unknown","dsh_subscription_upgrade_post",".md","OP_ACCEPTANCE.md","True","under services/dsh","False","False","False"
"services","C:\Users\b\Documents\GitHub\bthfinal\services\dsh\governance\operations\dsh_subscription_upgrade_post\OP_ACTIONS_CATALOG.csv","services\dsh\governance\operations\dsh_subscription_upgrade_post\OP_ACTIONS_CATALOG.csv","unknown","dsh_subscription_upgrade_post",".csv","OP_ACTIONS_CATALOG.csv","True","under services/dsh","False","False","False"
"services","C:\Users\b\Documents\GitHub\bthfinal\services\dsh\governance\operations\dsh_subscription_upgrade_post\OP_API_MAP.csv","services\dsh\governance\operations\dsh_subscription_upgrade_post\OP_API_MAP.csv","unknown","dsh_subscription_upgrade_post",".csv","OP_API_MAP.csv","True","under services/dsh","False","False","False"
"services","C:\Users\b\Documents\GitHub\bthfinal\services\dsh\governance\operations\dsh_subscription_upgrade_post\OP_EVIDENCE_INDEX.json","services\dsh\governance\operations\dsh_subscription_upgrade_post\OP_EVIDENCE_INDEX.json","unknown","dsh_subscription_upgrade_post",".json","OP_EVIDENCE_INDEX.json","True","under services/dsh","False","False","False"
"services","C:\Users\b\Documents\GitHub\bthfinal\services\dsh\governance\operations\dsh_subscription_upgrade_post\OP_GAPS.md","services\dsh\governance\operations\dsh_subscription_upgrade_post\OP_GAPS.md","unknown","dsh_subscription_upgrade_post",".md","OP_GAPS.md","True","under services/dsh","False","False","False"
"services","C:\Users\b\Documents\GitHub\bthfinal\services\dsh\governance\operations\dsh_subscription_upgrade_post\OP_MCPW_MAP.csv","services\dsh\governance\operations\dsh_subscription_upgrade_post\OP_MCPW_MAP.csv","unknown","dsh_subscription_upgrade_post",".csv","OP_MCPW_MAP.csv","True","under services/dsh","False","False","False"
"services","C:\Users\b\Documents\GitHub\bthfinal\services\dsh\governance\operations\dsh_subscription_upgrade_post\OP_RBAC_ABAC.csv","services\dsh\governance\operations\dsh_subscription_upgrade_post\OP_RBAC_ABAC.csv","unknown","dsh_subscription_upgrade_post",".csv","OP_RBAC_ABAC.csv","True","under services/dsh","False","False","False"
"services","C:\Users\b\Documents\GitHub\bthfinal\services\dsh\governance\operations\dsh_subscription_upgrade_post\OP_RUNTIME_VARS.csv","services\dsh\governance\operations\dsh_subscription_upgrade_post\OP_RUNTIME_VARS.csv","unknown","dsh_subscription_upgrade_post",".csv","OP_RUNTIME_VARS.csv","True","under services/dsh","False","False","False"
"services","C:\Users\b\Documents\GitHub\bthfinal\services\dsh\governance\operations\dsh_subscription_upgrade_post\OP_SCREENS_MAP.csv","services\dsh\governance\operations\dsh_subscription_upgrade_post\OP_SCREENS_MAP.csv","unknown","dsh_subscription_upgrade_post",".csv","OP_SCREENS_MAP.csv","True","under services/dsh","False","False","False"
"services","C:\Users\b\Documents\GitHub\bthfinal\services\dsh\governance\operations\dsh_subscription_upgrade_post\OP_SPEC.yaml","services\dsh\governance\operations\dsh_subscription_upgrade_post\OP_SPEC.yaml","unknown","dsh_subscription_upgrade_post",".yaml","OP_SPEC.yaml","True","under services/dsh","False","False","False"
"services","C:\Users\b\Documents\GitHub\bthfinal\services\dsh\governance\operations\dsh_zone_set\OP_ACCEPTANCE.md","services\dsh\governance\operations\dsh_zone_set\OP_ACCEPTANCE.md","unknown","dsh_zone_set",".md","OP_ACCEPTANCE.md","True","under services/dsh","False","False","False"
"services","C:\Users\b\Documents\GitHub\bthfinal\services\dsh\governance\operations\dsh_zone_set\OP_ACTIONS_CATALOG.csv","services\dsh\governance\operations\dsh_zone_set\OP_ACTIONS_CATALOG.csv","unknown","dsh_zone_set",".csv","OP_ACTIONS_CATALOG.csv","True","under services/dsh","False","False","False"
"services","C:\Users\b\Documents\GitHub\bthfinal\services\dsh\governance\operations\dsh_zone_set\OP_API_MAP.csv","services\dsh\governance\operations\dsh_zone_set\OP_API_MAP.csv","unknown","dsh_zone_set",".csv","OP_API_MAP.csv","True","under services/dsh","False","False","False"
"services","C:\Users\b\Documents\GitHub\bthfinal\services\dsh\governance\operations\dsh_zone_set\OP_EVIDENCE_INDEX.json","services\dsh\governance\operations\dsh_zone_set\OP_EVIDENCE_INDEX.json","unknown","dsh_zone_set",".json","OP_EVIDENCE_INDEX.json","True","under services/dsh","False","False","False"
"services","C:\Users\b\Documents\GitHub\bthfinal\services\dsh\governance\operations\dsh_zone_set\OP_GAPS.md","services\dsh\governance\operations\dsh_zone_set\OP_GAPS.md","unknown","dsh_zone_set",".md","OP_GAPS.md","True","under services/dsh","False","False","False"
"services","C:\Users\b\Documents\GitHub\bthfinal\services\dsh\governance\operations\dsh_zone_set\OP_MCPW_MAP.csv","services\dsh\governance\operations\dsh_zone_set\OP_MCPW_MAP.csv","unknown","dsh_zone_set",".csv","OP_MCPW_MAP.csv","True","under services/dsh","False","False","False"
"services","C:\Users\b\Documents\GitHub\bthfinal\services\dsh\governance\operations\dsh_zone_set\OP_RBAC_ABAC.csv","services\dsh\governance\operations\dsh_zone_set\OP_RBAC_ABAC.csv","unknown","dsh_zone_set",".csv","OP_RBAC_ABAC.csv","True","under services/dsh","False","False","False"
"services","C:\Users\b\Documents\GitHub\bthfinal\services\dsh\governance\operations\dsh_zone_set\OP_RUNTIME_VARS.csv","services\dsh\governance\operations\dsh_zone_set\OP_RUNTIME_VARS.csv","unknown","dsh_zone_set",".csv","OP_RUNTIME_VARS.csv","True","under services/dsh","False","False","False"
"services","C:\Users\b\Documents\GitHub\bthfinal\services\dsh\governance\operations\dsh_zone_set\OP_SCREENS_MAP.csv","services\dsh\governance\operations\dsh_zone_set\OP_SCREENS_MAP.csv","unknown","dsh_zone_set",".csv","OP_SCREENS_MAP.csv","True","under services/dsh","False","False","False"
"services","C:\Users\b\Documents\GitHub\bthfinal\services\dsh\governance\operations\dsh_zone_set\OP_SPEC.yaml","services\dsh\governance\operations\dsh_zone_set\OP_SPEC.yaml","unknown","dsh_zone_set",".yaml","OP_SPEC.yaml","True","under services/dsh","False","False","False"
"services","C:\Users\b\Documents\GitHub\bthfinal\services\dsh\governance\scripts\scaffold-92-ops.cjs","services\dsh\governance\scripts\scaffold-92-ops.cjs","unknown","scaffold-92-ops",".cjs","scaffold-92-ops.cjs","True","under services/dsh","False","False","False"
"services","C:\Users\b\Documents\GitHub\bthfinal\services\dsh\governance\service-level\DSH_COVERAGE_MATRIX.csv","services\dsh\governance\service-level\DSH_COVERAGE_MATRIX.csv","unknown","DSH_COVERAGE_MATRIX",".csv","DSH_COVERAGE_MATRIX.csv","True","under services/dsh","False","False","False"
"services","C:\Users\b\Documents\GitHub\bthfinal\services\dsh\governance\service-level\DSH_MCPW_SECTION_MAP.csv","services\dsh\governance\service-level\DSH_MCPW_SECTION_MAP.csv","unknown","DSH_MCPW_SECTION_MAP",".csv","DSH_MCPW_SECTION_MAP.csv","True","under services/dsh","False","False","False"
"services","C:\Users\b\Documents\GitHub\bthfinal\services\dsh\governance\service-level\DSH_OPERATION_CATALOG.csv","services\dsh\governance\service-level\DSH_OPERATION_CATALOG.csv","unknown","DSH_OPERATION_CATALOG",".csv","DSH_OPERATION_CATALOG.csv","True","under services/dsh","False","False","False"
"services","C:\Users\b\Documents\GitHub\bthfinal\services\dsh\governance\service-level\DSH_RBAC_MATRIX.csv","services\dsh\governance\service-level\DSH_RBAC_MATRIX.csv","unknown","DSH_RBAC_MATRIX",".csv","DSH_RBAC_MATRIX.csv","True","under services/dsh","False","False","False"
"services","C:\Users\b\Documents\GitHub\bthfinal\services\dsh\governance\service-level\DSH_RUNTIME_VARS.csv","services\dsh\governance\service-level\DSH_RUNTIME_VARS.csv","unknown","DSH_RUNTIME_VARS",".csv","DSH_RUNTIME_VARS.csv","True","under services/dsh","False","False","False"
"services","C:\Users\b\Documents\GitHub\bthfinal\services\dsh\governance\service-level\DSH_SEAL_STATUS.yaml","services\dsh\governance\service-level\DSH_SEAL_STATUS.yaml","unknown","DSH_SEAL_STATUS",".yaml","DSH_SEAL_STATUS.yaml","True","under services/dsh","False","False","False"
"services","C:\Users\b\Documents\GitHub\bthfinal\services\dsh\governance\service-level\DSH_SERVICE_SCOPE.md","services\dsh\governance\service-level\DSH_SERVICE_SCOPE.md","unknown","DSH_SERVICE_SCOPE",".md","DSH_SERVICE_SCOPE.md","True","under services/dsh","False","False","False"
"services","C:\Users\b\Documents\GitHub\bthfinal\services\dsh\index.js","services\dsh\index.js","unknown","index",".js","index.js","True","under services/dsh","False","False","False"
"services","C:\Users\b\Documents\GitHub\bthfinal\services\dsh\jest.config.js","services\dsh\jest.config.js","unknown","jest.config",".js","jest.config.js","True","under services/dsh","False","False","False"
"services","C:\Users\b\Documents\GitHub\bthfinal\services\dsh\node_modules\.bin\browserslist","services\dsh\node_modules\.bin\browserslist","unknown","browserslist","","browserslist","True","under services/dsh","False","False","False"
"services","C:\Users\b\Documents\GitHub\bthfinal\services\dsh\node_modules\.bin\browserslist.CMD","services\dsh\node_modules\.bin\browserslist.CMD","unknown","browserslist",".CMD","browserslist.CMD","True","under services/dsh","False","False","False"
"services","C:\Users\b\Documents\GitHub\bthfinal\services\dsh\node_modules\.bin\browserslist.ps1","services\dsh\node_modules\.bin\browserslist.ps1","unknown","browserslist",".ps1","browserslist.ps1","True","under services/dsh","False","False","False"
"services","C:\Users\b\Documents\GitHub\bthfinal\services\dsh\node_modules\.bin\jest","services\dsh\node_modules\.bin\jest","unknown","jest","","jest","True","under services/dsh","False","False","False"
"services","C:\Users\b\Documents\GitHub\bthfinal\services\dsh\node_modules\.bin\jest.CMD","services\dsh\node_modules\.bin\jest.CMD","unknown","jest",".CMD","jest.CMD","True","under services/dsh","False","False","False"
"services","C:\Users\b\Documents\GitHub\bthfinal\services\dsh\node_modules\.bin\jest.ps1","services\dsh\node_modules\.bin\jest.ps1","unknown","jest",".ps1","jest.ps1","True","under services/dsh","False","False","False"
"services","C:\Users\b\Documents\GitHub\bthfinal\services\dsh\node_modules\.bin\ts-jest","services\dsh\node_modules\.bin\ts-jest","unknown","ts-jest","","ts-jest","True","under services/dsh","False","False","False"
"services","C:\Users\b\Documents\GitHub\bthfinal\services\dsh\node_modules\.bin\ts-jest.CMD","services\dsh\node_modules\.bin\ts-jest.CMD","unknown","ts-jest",".CMD","ts-jest.CMD","True","under services/dsh","False","False","False"
"services","C:\Users\b\Documents\GitHub\bthfinal\services\dsh\node_modules\.bin\ts-jest.ps1","services\dsh\node_modules\.bin\ts-jest.ps1","unknown","ts-jest",".ps1","ts-jest.ps1","True","under services/dsh","False","False","False"
"services","C:\Users\b\Documents\GitHub\bthfinal\services\dsh\node_modules\.bin\tsc","services\dsh\node_modules\.bin\tsc","unknown","tsc","","tsc","True","under services/dsh","False","False","False"
"services","C:\Users\b\Documents\GitHub\bthfinal\services\dsh\node_modules\.bin\tsc.CMD","services\dsh\node_modules\.bin\tsc.CMD","unknown","tsc",".CMD","tsc.CMD","True","under services/dsh","False","False","False"
"services","C:\Users\b\Documents\GitHub\bthfinal\services\dsh\node_modules\.bin\tsc.ps1","services\dsh\node_modules\.bin\tsc.ps1","unknown","tsc",".ps1","tsc.ps1","True","under services/dsh","False","False","False"
"services","C:\Users\b\Documents\GitHub\bthfinal\services\dsh\node_modules\.bin\tsserver","services\dsh\node_modules\.bin\tsserver","unknown","tsserver","","tsserver","True","under services/dsh","False","False","False"
"services","C:\Users\b\Documents\GitHub\bthfinal\services\dsh\node_modules\.bin\tsserver.CMD","services\dsh\node_modules\.bin\tsserver.CMD","unknown","tsserver",".CMD","tsserver.CMD","True","under services/dsh","False","False","False"
"services","C:\Users\b\Documents\GitHub\bthfinal\services\dsh\node_modules\.bin\tsserver.ps1","services\dsh\node_modules\.bin\tsserver.ps1","unknown","tsserver",".ps1","tsserver.ps1","True","under services/dsh","False","False","False"
"services","C:\Users\b\Documents\GitHub\bthfinal\services\dsh\node_modules\.bin\typeorm","services\dsh\node_modules\.bin\typeorm","unknown","typeorm","","typeorm","True","under services/dsh","False","False","False"
"services","C:\Users\b\Documents\GitHub\bthfinal\services\dsh\node_modules\.bin\typeorm-ts-node-commonjs","services\dsh\node_modules\.bin\typeorm-ts-node-commonjs","unknown","typeorm-ts-node-commonjs","","typeorm-ts-node-commonjs","True","under services/dsh","False","False","False"
"services","C:\Users\b\Documents\GitHub\bthfinal\services\dsh\node_modules\.bin\typeorm-ts-node-commonjs.CMD","services\dsh\node_modules\.bin\typeorm-ts-node-commonjs.CMD","unknown","typeorm-ts-node-commonjs",".CMD","typeorm-ts-node-commonjs.CMD","True","under services/dsh","False","False","False"
"services","C:\Users\b\Documents\GitHub\bthfinal\services\dsh\node_modules\.bin\typeorm-ts-node-commonjs.ps1","services\dsh\node_modules\.bin\typeorm-ts-node-commonjs.ps1","unknown","typeorm-ts-node-commonjs",".ps1","typeorm-ts-node-commonjs.ps1","True","under services/dsh","False","False","False"
"services","C:\Users\b\Documents\GitHub\bthfinal\services\dsh\node_modules\.bin\typeorm-ts-node-esm","services\dsh\node_modules\.bin\typeorm-ts-node-esm","unknown","typeorm-ts-node-esm","","typeorm-ts-node-esm","True","under services/dsh","False","False","False"
"services","C:\Users\b\Documents\GitHub\bthfinal\services\dsh\node_modules\.bin\typeorm-ts-node-esm.CMD","services\dsh\node_modules\.bin\typeorm-ts-node-esm.CMD","unknown","typeorm-ts-node-esm",".CMD","typeorm-ts-node-esm.CMD","True","under services/dsh","False","False","False"
"services","C:\Users\b\Documents\GitHub\bthfinal\services\dsh\node_modules\.bin\typeorm-ts-node-esm.ps1","services\dsh\node_modules\.bin\typeorm-ts-node-esm.ps1","unknown","typeorm-ts-node-esm",".ps1","typeorm-ts-node-esm.ps1","True","under services/dsh","False","False","False"
"services","C:\Users\b\Documents\GitHub\bthfinal\services\dsh\node_modules\.bin\typeorm.CMD","services\dsh\node_modules\.bin\typeorm.CMD","unknown","typeorm",".CMD","typeorm.CMD","True","under services/dsh","False","False","False"
"services","C:\Users\b\Documents\GitHub\bthfinal\services\dsh\node_modules\.bin\typeorm.ps1","services\dsh\node_modules\.bin\typeorm.ps1","unknown","typeorm",".ps1","typeorm.ps1","True","under services/dsh","False","False","False"
"services","C:\Users\b\Documents\GitHub\bthfinal\services\dsh\package.json","services\dsh\package.json","unknown","package",".json","package.json","True","under services/dsh","False","False","False"
"services","C:\Users\b\Documents\GitHub\bthfinal\services\dsh\project.json","services\dsh\project.json","unknown","project",".json","project.json","True","under services/dsh","False","False","False"
"services","C:\Users\b\Documents\GitHub\bthfinal\services\dsh\src\__tests__\setup.ts","services\dsh\src\__tests__\setup.ts","unknown","setup",".ts","setup.ts","True","under services/dsh","False","False","False"
"services","C:\Users\b\Documents\GitHub\bthfinal\services\dsh\src\controllers\dsh.controller.ts","services\dsh\src\controllers\dsh.controller.ts","unknown","dsh.controller",".ts","dsh.controller.ts","True","under services/dsh","False","False","False"
"services","C:\Users\b\Documents\GitHub\bthfinal\services\dsh\src\dsh-shein.service.ts","services\dsh\src\dsh-shein.service.ts","unknown","dsh-shein.service",".ts","dsh-shein.service.ts","True","under services/dsh","False","False","False"
"services","C:\Users\b\Documents\GitHub\bthfinal\services\dsh\src\dsh.module.ts","services\dsh\src\dsh.module.ts","unknown","dsh.module",".ts","dsh.module.ts","True","under services/dsh","False","False","False"
"services","C:\Users\b\Documents\GitHub\bthfinal\services\dsh\src\dsh.service.test.ts","services\dsh\src\dsh.service.test.ts","unknown","dsh.service.test",".ts","dsh.service.test.ts","True","under services/dsh","False","False","False"
"services","C:\Users\b\Documents\GitHub\bthfinal\services\dsh\src\entities\shein-proxy-request.entity.ts","services\dsh\src\entities\shein-proxy-request.entity.ts","unknown","shein-proxy-request.entity",".ts","shein-proxy-request.entity.ts","True","under services/dsh","False","False","False"
"services","C:\Users\b\Documents\GitHub\bthfinal\services\dsh\src\index.ts","services\dsh\src\index.ts","unknown","index",".ts","index.ts","True","under services/dsh","False","False","False"
"services","C:\Users\b\Documents\GitHub\bthfinal\services\dsh\tsconfig.json","services\dsh\tsconfig.json","unknown","tsconfig",".json","tsconfig.json","True","under services/dsh","False","False","False"
"services","C:\Users\b\Documents\GitHub\bthfinal\services\dsh\tsconfig.spec.json","services\dsh\tsconfig.spec.json","unknown","tsconfig.spec",".json","tsconfig.spec.json","True","under services/dsh","False","False","False"
"surfaces","C:\Users\b\Documents\GitHub\bthfinal\packages\surfaces\src\dsh\__tests__\pattern_unification.test.ts","packages\surfaces\src\dsh\__tests__\pattern_unification.test.ts","unknown","pattern_unification.test",".ts","pattern_unification.test.ts","True","under packages/surfaces/src/dsh","False","False","False"
"surfaces","C:\Users\b\Documents\GitHub\bthfinal\packages\surfaces\src\dsh\app-captain\hooks\useDshCaptainDeliveryPositionPing.ts","packages\surfaces\src\dsh\app-captain\hooks\useDshCaptainDeliveryPositionPing.ts","app-captain","useDshCaptainDeliveryPositionPing",".ts","useDshCaptainDeliveryPositionPing.ts","True","under packages/surfaces/src/dsh","False","False","False"
"surfaces","C:\Users\b\Documents\GitHub\bthfinal\packages\surfaces\src\dsh\app-captain\mobile\auto_captain_earnings_history.tsx","packages\surfaces\src\dsh\app-captain\mobile\auto_captain_earnings_history.tsx","app-captain","auto_captain_earnings_history",".tsx","auto_captain_earnings_history.tsx","True","under packages/surfaces/src/dsh","False","True","True"
"surfaces","C:\Users\b\Documents\GitHub\bthfinal\packages\surfaces\src\dsh\app-captain\mobile\auto_captain_financial_reports.tsx","packages\surfaces\src\dsh\app-captain\mobile\auto_captain_financial_reports.tsx","app-captain","auto_captain_financial_reports",".tsx","auto_captain_financial_reports.tsx","True","under packages/surfaces/src/dsh","False","True","True"
"surfaces","C:\Users\b\Documents\GitHub\bthfinal\packages\surfaces\src\dsh\app-captain\mobile\auto_captain_payments.tsx","packages\surfaces\src\dsh\app-captain\mobile\auto_captain_payments.tsx","app-captain","auto_captain_payments",".tsx","auto_captain_payments.tsx","True","under packages/surfaces/src/dsh","False","True","True"
"surfaces","C:\Users\b\Documents\GitHub\bthfinal\packages\surfaces\src\dsh\app-captain\mobile\auto_captain_settlements.tsx","packages\surfaces\src\dsh\app-captain\mobile\auto_captain_settlements.tsx","app-captain","auto_captain_settlements",".tsx","auto_captain_settlements.tsx","True","under packages/surfaces/src/dsh","False","True","True"
"surfaces","C:\Users\b\Documents\GitHub\bthfinal\packages\surfaces\src\dsh\app-captain\mobile\auto_captain_wallet.tsx","packages\surfaces\src\dsh\app-captain\mobile\auto_captain_wallet.tsx","app-captain","auto_captain_wallet",".tsx","auto_captain_wallet.tsx","True","under packages/surfaces/src/dsh","False","True","True"
"surfaces","C:\Users\b\Documents\GitHub\bthfinal\packages\surfaces\src\dsh\app-captain\mobile\auto_dsh_captain_chat_read_ack.tsx","packages\surfaces\src\dsh\app-captain\mobile\auto_dsh_captain_chat_read_ack.tsx","app-captain","auto_dsh_captain_chat_read_ack",".tsx","auto_dsh_captain_chat_read_ack.tsx","True","under packages/surfaces/src/dsh","False","True","True"
"surfaces","C:\Users\b\Documents\GitHub\bthfinal\packages\surfaces\src\dsh\app-captain\mobile\auto_dsh_captain_chat_send.tsx","packages\surfaces\src\dsh\app-captain\mobile\auto_dsh_captain_chat_send.tsx","app-captain","auto_dsh_captain_chat_send",".tsx","auto_dsh_captain_chat_send.tsx","True","under packages/surfaces/src/dsh","False","True","True"
"surfaces","C:\Users\b\Documents\GitHub\bthfinal\packages\surfaces\src\dsh\app-captain\mobile\auto_dsh_captain_cod_balance.tsx","packages\surfaces\src\dsh\app-captain\mobile\auto_dsh_captain_cod_balance.tsx","app-captain","auto_dsh_captain_cod_balance",".tsx","auto_dsh_captain_cod_balance.tsx","True","under packages/surfaces/src/dsh","False","True","True"
"surfaces","C:\Users\b\Documents\GitHub\bthfinal\packages\surfaces\src\dsh\app-captain\mobile\auto_dsh_captain_job_reject.tsx","packages\surfaces\src\dsh\app-captain\mobile\auto_dsh_captain_job_reject.tsx","app-captain","auto_dsh_captain_job_reject",".tsx","auto_dsh_captain_job_reject.tsx","True","under packages/surfaces/src/dsh","False","True","True"
"surfaces","C:\Users\b\Documents\GitHub\bthfinal\packages\surfaces\src\dsh\app-captain\mobile\auto_dsh_captain_order_accept.tsx","packages\surfaces\src\dsh\app-captain\mobile\auto_dsh_captain_order_accept.tsx","app-captain","auto_dsh_captain_order_accept",".tsx","auto_dsh_captain_order_accept.tsx","True","under packages/surfaces/src/dsh","False","True","True"
"surfaces","C:\Users\b\Documents\GitHub\bthfinal\packages\surfaces\src\dsh\app-captain\mobile\auto_dsh_captain_order_deliver.tsx","packages\surfaces\src\dsh\app-captain\mobile\auto_dsh_captain_order_deliver.tsx","app-captain","auto_dsh_captain_order_deliver",".tsx","auto_dsh_captain_order_deliver.tsx","True","under packages/surfaces/src/dsh","False","True","True"
"surfaces","C:\Users\b\Documents\GitHub\bthfinal\packages\surfaces\src\dsh\app-captain\mobile\auto_dsh_captain_order_details.tsx","packages\surfaces\src\dsh\app-captain\mobile\auto_dsh_captain_order_details.tsx","app-captain","auto_dsh_captain_order_details",".tsx","auto_dsh_captain_order_details.tsx","True","under packages/surfaces/src/dsh","False","True","True"
"surfaces","C:\Users\b\Documents\GitHub\bthfinal\packages\surfaces\src\dsh\app-captain\mobile\auto_dsh_captain_order_get.tsx","packages\surfaces\src\dsh\app-captain\mobile\auto_dsh_captain_order_get.tsx","app-captain","auto_dsh_captain_order_get",".tsx","auto_dsh_captain_order_get.tsx","True","under packages/surfaces/src/dsh","False","True","True"
"surfaces","C:\Users\b\Documents\GitHub\bthfinal\packages\surfaces\src\dsh\app-captain\mobile\auto_dsh_captain_order_pickup.tsx","packages\surfaces\src\dsh\app-captain\mobile\auto_dsh_captain_order_pickup.tsx","app-captain","auto_dsh_captain_order_pickup",".tsx","auto_dsh_captain_order_pickup.tsx","True","under packages/surfaces/src/dsh","False","True","True"
"surfaces","C:\Users\b\Documents\GitHub\bthfinal\packages\surfaces\src\dsh\app-captain\mobile\auto_dsh_captain_orders_list.tsx","packages\surfaces\src\dsh\app-captain\mobile\auto_dsh_captain_orders_list.tsx","app-captain","auto_dsh_captain_orders_list",".tsx","auto_dsh_captain_orders_list.tsx","True","under packages/surfaces/src/dsh","False","True","True"
"surfaces","C:\Users\b\Documents\GitHub\bthfinal\packages\surfaces\src\dsh\app-captain\mobile\auto_dsh_captain_orders_offers_list.tsx","packages\surfaces\src\dsh\app-captain\mobile\auto_dsh_captain_orders_offers_list.tsx","app-captain","auto_dsh_captain_orders_offers_list",".tsx","auto_dsh_captain_orders_offers_list.tsx","True","under packages/surfaces/src/dsh","False","True","True"
"surfaces","C:\Users\b\Documents\GitHub\bthfinal\packages\surfaces\src\dsh\app-captain\mobile\auto_dsh_captain_profile_get.tsx","packages\surfaces\src\dsh\app-captain\mobile\auto_dsh_captain_profile_get.tsx","app-captain","auto_dsh_captain_profile_get",".tsx","auto_dsh_captain_profile_get.tsx","True","under packages/surfaces/src/dsh","False","True","True"
"surfaces","C:\Users\b\Documents\GitHub\bthfinal\packages\surfaces\src\dsh\app-captain\mobile\auto_dsh_captain_proof_upload.tsx","packages\surfaces\src\dsh\app-captain\mobile\auto_dsh_captain_proof_upload.tsx","app-captain","auto_dsh_captain_proof_upload",".tsx","auto_dsh_captain_proof_upload.tsx","True","under packages/surfaces/src/dsh","False","True","True"
"surfaces","C:\Users\b\Documents\GitHub\bthfinal\packages\surfaces\src\dsh\app-captain\mobile\auto_dsh_captain_tier_evaluate.tsx","packages\surfaces\src\dsh\app-captain\mobile\auto_dsh_captain_tier_evaluate.tsx","app-captain","auto_dsh_captain_tier_evaluate",".tsx","auto_dsh_captain_tier_evaluate.tsx","True","under packages/surfaces/src/dsh","False","True","True"
"surfaces","C:\Users\b\Documents\GitHub\bthfinal\packages\surfaces\src\dsh\app-captain\mobile\auto_dsh_captain_tier_info.tsx","packages\surfaces\src\dsh\app-captain\mobile\auto_dsh_captain_tier_info.tsx","app-captain","auto_dsh_captain_tier_info",".tsx","auto_dsh_captain_tier_info.tsx","True","under packages/surfaces/src/dsh","False","True","True"
"surfaces","C:\Users\b\Documents\GitHub\bthfinal\packages\surfaces\src\dsh\app-captain\mobile\index.ts","packages\surfaces\src\dsh\app-captain\mobile\index.ts","app-captain","index",".ts","index.ts","True","under packages/surfaces/src/dsh","False","False","False"
"surfaces","C:\Users\b\Documents\GitHub\bthfinal\packages\surfaces\src\dsh\app-field\mobile\auto_dsh_field_store_activation_request.tsx","packages\surfaces\src\dsh\app-field\mobile\auto_dsh_field_store_activation_request.tsx","app-field","auto_dsh_field_store_activation_request",".tsx","auto_dsh_field_store_activation_request.tsx","True","under packages/surfaces/src/dsh","False","True","True"
"surfaces","C:\Users\b\Documents\GitHub\bthfinal\packages\surfaces\src\dsh\app-field\mobile\auto_dsh_field_store_geo_pin.tsx","packages\surfaces\src\dsh\app-field\mobile\auto_dsh_field_store_geo_pin.tsx","app-field","auto_dsh_field_store_geo_pin",".tsx","auto_dsh_field_store_geo_pin.tsx","True","under packages/surfaces/src/dsh","False","True","True"
"surfaces","C:\Users\b\Documents\GitHub\bthfinal\packages\surfaces\src\dsh\app-field\mobile\auto_dsh_field_store_visit_log.tsx","packages\surfaces\src\dsh\app-field\mobile\auto_dsh_field_store_visit_log.tsx","app-field","auto_dsh_field_store_visit_log",".tsx","auto_dsh_field_store_visit_log.tsx","True","under packages/surfaces/src/dsh","False","True","True"
"surfaces","C:\Users\b\Documents\GitHub\bthfinal\packages\surfaces\src\dsh\app-field\mobile\index.ts","packages\surfaces\src\dsh\app-field\mobile\index.ts","app-field","index",".ts","index.ts","True","under packages/surfaces/src/dsh","False","False","False"
"surfaces","C:\Users\b\Documents\GitHub\bthfinal\packages\surfaces\src\dsh\app-partner\mobile\auto_dsh_partner_auction_status_update.tsx","packages\surfaces\src\dsh\app-partner\mobile\auto_dsh_partner_auction_status_update.tsx","app-partner","auto_dsh_partner_auction_status_update",".tsx","auto_dsh_partner_auction_status_update.tsx","True","under packages/surfaces/src/dsh","False","True","True"
"surfaces","C:\Users\b\Documents\GitHub\bthfinal\packages\surfaces\src\dsh\app-partner\mobile\auto_dsh_partner_audience_insights_get.tsx","packages\surfaces\src\dsh\app-partner\mobile\auto_dsh_partner_audience_insights_get.tsx","app-partner","auto_dsh_partner_audience_insights_get",".tsx","auto_dsh_partner_audience_insights_get.tsx","True","under packages/surfaces/src/dsh","False","True","True"
"surfaces","C:\Users\b\Documents\GitHub\bthfinal\packages\surfaces\src\dsh\app-partner\mobile\auto_dsh_partner_chat_read_ack.tsx","packages\surfaces\src\dsh\app-partner\mobile\auto_dsh_partner_chat_read_ack.tsx","app-partner","auto_dsh_partner_chat_read_ack",".tsx","auto_dsh_partner_chat_read_ack.tsx","True","under packages/surfaces/src/dsh","False","True","True"
"surfaces","C:\Users\b\Documents\GitHub\bthfinal\packages\surfaces\src\dsh\app-partner\mobile\auto_dsh_partner_chat_send.tsx","packages\surfaces\src\dsh\app-partner\mobile\auto_dsh_partner_chat_send.tsx","app-partner","auto_dsh_partner_chat_send",".tsx","auto_dsh_partner_chat_send.tsx","True","under packages/surfaces/src/dsh","False","True","True"
"surfaces","C:\Users\b\Documents\GitHub\bthfinal\packages\surfaces\src\dsh\app-partner\mobile\auto_dsh_partner_commission_by_mode_get.tsx","packages\surfaces\src\dsh\app-partner\mobile\auto_dsh_partner_commission_by_mode_get.tsx","app-partner","auto_dsh_partner_commission_by_mode_get",".tsx","auto_dsh_partner_commission_by_mode_get.tsx","True","under packages/surfaces/src/dsh","False","True","True"
"surfaces","C:\Users\b\Documents\GitHub\bthfinal\packages\surfaces\src\dsh\app-partner\mobile\auto_dsh_partner_delivery_ops_board.tsx","packages\surfaces\src\dsh\app-partner\mobile\auto_dsh_partner_delivery_ops_board.tsx","app-partner","auto_dsh_partner_delivery_ops_board",".tsx","auto_dsh_partner_delivery_ops_board.tsx","True","under packages/surfaces/src/dsh","False","True","True"
"surfaces","C:\Users\b\Documents\GitHub\bthfinal\packages\surfaces\src\dsh\app-partner\mobile\auto_dsh_partner_delivery_zones_update.tsx","packages\surfaces\src\dsh\app-partner\mobile\auto_dsh_partner_delivery_zones_update.tsx","app-partner","auto_dsh_partner_delivery_zones_update",".tsx","auto_dsh_partner_delivery_zones_update.tsx","True","under packages/surfaces/src/dsh","False","True","True"
"surfaces","C:\Users\b\Documents\GitHub\bthfinal\packages\surfaces\src\dsh\app-partner\mobile\auto_dsh_partner_doc_upload.tsx","packages\surfaces\src\dsh\app-partner\mobile\auto_dsh_partner_doc_upload.tsx","app-partner","auto_dsh_partner_doc_upload",".tsx","auto_dsh_partner_doc_upload.tsx","True","under packages/surfaces/src/dsh","False","True","True"
"surfaces","C:\Users\b\Documents\GitHub\bthfinal\packages\surfaces\src\dsh\app-partner\mobile\auto_dsh_partner_hours_update.tsx","packages\surfaces\src\dsh\app-partner\mobile\auto_dsh_partner_hours_update.tsx","app-partner","auto_dsh_partner_hours_update",".tsx","auto_dsh_partner_hours_update.tsx","True","under packages/surfaces/src/dsh","False","True","True"
"surfaces","C:\Users\b\Documents\GitHub\bthfinal\packages\surfaces\src\dsh\app-partner\mobile\auto_dsh_partner_identity_submit.tsx","packages\surfaces\src\dsh\app-partner\mobile\auto_dsh_partner_identity_submit.tsx","app-partner","auto_dsh_partner_identity_submit",".tsx","auto_dsh_partner_identity_submit.tsx","True","under packages/surfaces/src/dsh","False","True","True"
"surfaces","C:\Users\b\Documents\GitHub\bthfinal\packages\surfaces\src\dsh\app-partner\mobile\auto_dsh_partner_intake_start.tsx","packages\surfaces\src\dsh\app-partner\mobile\auto_dsh_partner_intake_start.tsx","app-partner","auto_dsh_partner_intake_start",".tsx","auto_dsh_partner_intake_start.tsx","True","under packages/surfaces/src/dsh","False","True","True"
"surfaces","C:\Users\b\Documents\GitHub\bthfinal\packages\surfaces\src\dsh\app-partner\mobile\auto_dsh_partner_inventory_adjust.tsx","packages\surfaces\src\dsh\app-partner\mobile\auto_dsh_partner_inventory_adjust.tsx","app-partner","auto_dsh_partner_inventory_adjust",".tsx","auto_dsh_partner_inventory_adjust.tsx","True","under packages/surfaces/src/dsh","False","True","True"
"surfaces","C:\Users\b\Documents\GitHub\bthfinal\packages\surfaces\src\dsh\app-partner\mobile\auto_dsh_partner_inventory_update.tsx","packages\surfaces\src\dsh\app-partner\mobile\auto_dsh_partner_inventory_update.tsx","app-partner","auto_dsh_partner_inventory_update",".tsx","auto_dsh_partner_inventory_update.tsx","True","under packages/surfaces/src/dsh","False","True","True"
"surfaces","C:\Users\b\Documents\GitHub\bthfinal\packages\surfaces\src\dsh\app-partner\mobile\auto_dsh_partner_items_upsert.tsx","packages\surfaces\src\dsh\app-partner\mobile\auto_dsh_partner_items_upsert.tsx","app-partner","auto_dsh_partner_items_upsert",".tsx","auto_dsh_partner_items_upsert.tsx","True","under packages/surfaces/src/dsh","False","True","True"
"surfaces","C:\Users\b\Documents\GitHub\bthfinal\packages\surfaces\src\dsh\app-partner\mobile\auto_dsh_partner_listing_status_update.tsx","packages\surfaces\src\dsh\app-partner\mobile\auto_dsh_partner_listing_status_update.tsx","app-partner","auto_dsh_partner_listing_status_update",".tsx","auto_dsh_partner_listing_status_update.tsx","True","under packages/surfaces/src/dsh","False","True","True"
"surfaces","C:\Users\b\Documents\GitHub\bthfinal\packages\surfaces\src\dsh\app-partner\mobile\auto_dsh_partner_manager_invite.tsx","packages\surfaces\src\dsh\app-partner\mobile\auto_dsh_partner_manager_invite.tsx","app-partner","auto_dsh_partner_manager_invite",".tsx","auto_dsh_partner_manager_invite.tsx","True","under packages/surfaces/src/dsh","False","True","True"
"surfaces","C:\Users\b\Documents\GitHub\bthfinal\packages\surfaces\src\dsh\app-partner\mobile\auto_dsh_partner_order_accept.tsx","packages\surfaces\src\dsh\app-partner\mobile\auto_dsh_partner_order_accept.tsx","app-partner","auto_dsh_partner_order_accept",".tsx","auto_dsh_partner_order_accept.tsx","True","under packages/surfaces/src/dsh","False","True","True"
"surfaces","C:\Users\b\Documents\GitHub\bthfinal\packages\surfaces\src\dsh\app-partner\mobile\auto_dsh_partner_order_get.tsx","packages\surfaces\src\dsh\app-partner\mobile\auto_dsh_partner_order_get.tsx","app-partner","auto_dsh_partner_order_get",".tsx","auto_dsh_partner_order_get.tsx","True","under packages/surfaces/src/dsh","False","True","True"
"surfaces","C:\Users\b\Documents\GitHub\bthfinal\packages\surfaces\src\dsh\app-partner\mobile\auto_dsh_partner_order_handoff.tsx","packages\surfaces\src\dsh\app-partner\mobile\auto_dsh_partner_order_handoff.tsx","app-partner","auto_dsh_partner_order_handoff",".tsx","auto_dsh_partner_order_handoff.tsx","True","under packages/surfaces/src/dsh","False","True","True"
"surfaces","C:\Users\b\Documents\GitHub\bthfinal\packages\surfaces\src\dsh\app-partner\mobile\auto_dsh_partner_order_issue_queue.tsx","packages\surfaces\src\dsh\app-partner\mobile\auto_dsh_partner_order_issue_queue.tsx","app-partner","auto_dsh_partner_order_issue_queue",".tsx","auto_dsh_partner_order_issue_queue.tsx","True","under packages/surfaces/src/dsh","False","True","True"
"surfaces","C:\Users\b\Documents\GitHub\bthfinal\packages\surfaces\src\dsh\app-partner\mobile\auto_dsh_partner_order_out_for_delivery.tsx","packages\surfaces\src\dsh\app-partner\mobile\auto_dsh_partner_order_out_for_delivery.tsx","app-partner","auto_dsh_partner_order_out_for_delivery",".tsx","auto_dsh_partner_order_out_for_delivery.tsx","True","under packages/surfaces/src/dsh","False","True","True"
"surfaces","C:\Users\b\Documents\GitHub\bthfinal\packages\surfaces\src\dsh\app-partner\mobile\auto_dsh_partner_order_prepare.tsx","packages\surfaces\src\dsh\app-partner\mobile\auto_dsh_partner_order_prepare.tsx","app-partner","auto_dsh_partner_order_prepare",".tsx","auto_dsh_partner_order_prepare.tsx","True","under packages/surfaces/src/dsh","False","True","True"
"surfaces","C:\Users\b\Documents\GitHub\bthfinal\packages\surfaces\src\dsh\app-partner\mobile\auto_dsh_partner_order_ready.tsx","packages\surfaces\src\dsh\app-partner\mobile\auto_dsh_partner_order_ready.tsx","app-partner","auto_dsh_partner_order_ready",".tsx","auto_dsh_partner_order_ready.tsx","True","under packages/surfaces/src/dsh","False","True","True"
"surfaces","C:\Users\b\Documents\GitHub\bthfinal\packages\surfaces\src\dsh\app-partner\mobile\auto_dsh_partner_order_reject.tsx","packages\surfaces\src\dsh\app-partner\mobile\auto_dsh_partner_order_reject.tsx","app-partner","auto_dsh_partner_order_reject",".tsx","auto_dsh_partner_order_reject.tsx","True","under packages/surfaces/src/dsh","False","True","True"
"surfaces","C:\Users\b\Documents\GitHub\bthfinal\packages\surfaces\src\dsh\app-partner\mobile\auto_dsh_partner_order_store_delivered.tsx","packages\surfaces\src\dsh\app-partner\mobile\auto_dsh_partner_order_store_delivered.tsx","app-partner","auto_dsh_partner_order_store_delivered",".tsx","auto_dsh_partner_order_store_delivered.tsx","True","under packages/surfaces/src/dsh","False","True","True"
"surfaces","C:\Users\b\Documents\GitHub\bthfinal\packages\surfaces\src\dsh\app-partner\mobile\auto_dsh_partner_orders_list.tsx","packages\surfaces\src\dsh\app-partner\mobile\auto_dsh_partner_orders_list.tsx","app-partner","auto_dsh_partner_orders_list",".tsx","auto_dsh_partner_orders_list.tsx","True","under packages/surfaces/src/dsh","False","True","True"
"surfaces","C:\Users\b\Documents\GitHub\bthfinal\packages\surfaces\src\dsh\app-partner\mobile\auto_dsh_partner_profile_get.tsx","packages\surfaces\src\dsh\app-partner\mobile\auto_dsh_partner_profile_get.tsx","app-partner","auto_dsh_partner_profile_get",".tsx","auto_dsh_partner_profile_get.tsx","True","under packages/surfaces/src/dsh","False","True","True"
"surfaces","C:\Users\b\Documents\GitHub\bthfinal\packages\surfaces\src\dsh\app-partner\mobile\auto_dsh_partner_quick_reply_config_get.tsx","packages\surfaces\src\dsh\app-partner\mobile\auto_dsh_partner_quick_reply_config_get.tsx","app-partner","auto_dsh_partner_quick_reply_config_get",".tsx","auto_dsh_partner_quick_reply_config_get.tsx","True","under packages/surfaces/src/dsh","False","True","True"
"surfaces","C:\Users\b\Documents\GitHub\bthfinal\packages\surfaces\src\dsh\app-partner\mobile\auto_dsh_partner_quick_reply_settings.tsx","packages\surfaces\src\dsh\app-partner\mobile\auto_dsh_partner_quick_reply_settings.tsx","app-partner","auto_dsh_partner_quick_reply_settings",".tsx","auto_dsh_partner_quick_reply_settings.tsx","True","under packages/surfaces/src/dsh","False","True","True"
"surfaces","C:\Users\b\Documents\GitHub\bthfinal\packages\surfaces\src\dsh\app-partner\mobile\auto_dsh_partner_quick_reply_setup.tsx","packages\surfaces\src\dsh\app-partner\mobile\auto_dsh_partner_quick_reply_setup.tsx","app-partner","auto_dsh_partner_quick_reply_setup",".tsx","auto_dsh_partner_quick_reply_setup.tsx","True","under packages/surfaces/src/dsh","False","True","True"
"surfaces","C:\Users\b\Documents\GitHub\bthfinal\packages\surfaces\src\dsh\app-partner\mobile\auto_dsh_partner_staff_analytics_get.tsx","packages\surfaces\src\dsh\app-partner\mobile\auto_dsh_partner_staff_analytics_get.tsx","app-partner","auto_dsh_partner_staff_analytics_get",".tsx","auto_dsh_partner_staff_analytics_get.tsx","True","under packages/surfaces/src/dsh","False","True","True"
"surfaces","C:\Users\b\Documents\GitHub\bthfinal\packages\surfaces\src\dsh\app-partner\mobile\auto_dsh_partner_store_get.tsx","packages\surfaces\src\dsh\app-partner\mobile\auto_dsh_partner_store_get.tsx","app-partner","auto_dsh_partner_store_get",".tsx","auto_dsh_partner_store_get.tsx","True","under packages/surfaces/src/dsh","False","True","True"
"surfaces","C:\Users\b\Documents\GitHub\bthfinal\packages\surfaces\src\dsh\app-partner\mobile\auto_dsh_partner_store_nomination.tsx","packages\surfaces\src\dsh\app-partner\mobile\auto_dsh_partner_store_nomination.tsx","app-partner","auto_dsh_partner_store_nomination",".tsx","auto_dsh_partner_store_nomination.tsx","True","under packages/surfaces/src/dsh","True","True","True"
"surfaces","C:\Users\b\Documents\GitHub\bthfinal\packages\surfaces\src\dsh\app-partner\mobile\auto_dsh_partner_store_service_modes_update.tsx","packages\surfaces\src\dsh\app-partner\mobile\auto_dsh_partner_store_service_modes_update.tsx","app-partner","auto_dsh_partner_store_service_modes_update",".tsx","auto_dsh_partner_store_service_modes_update.tsx","True","under packages/surfaces/src/dsh","False","True","True"
"surfaces","C:\Users\b\Documents\GitHub\bthfinal\packages\surfaces\src\dsh\app-partner\mobile\auto_dsh_partner_store_status_update.tsx","packages\surfaces\src\dsh\app-partner\mobile\auto_dsh_partner_store_status_update.tsx","app-partner","auto_dsh_partner_store_status_update",".tsx","auto_dsh_partner_store_status_update.tsx","True","under packages/surfaces/src/dsh","False","True","True"
"surfaces","C:\Users\b\Documents\GitHub\bthfinal\packages\surfaces\src\dsh\app-partner\mobile\auto_dsh_partner_store_update.tsx","packages\surfaces\src\dsh\app-partner\mobile\auto_dsh_partner_store_update.tsx","app-partner","auto_dsh_partner_store_update",".tsx","auto_dsh_partner_store_update.tsx","True","under packages/surfaces/src/dsh","False","True","True"
"surfaces","C:\Users\b\Documents\GitHub\bthfinal\packages\surfaces\src\dsh\app-partner\mobile\auto_dsh_partner_subscription.tsx","packages\surfaces\src\dsh\app-partner\mobile\auto_dsh_partner_subscription.tsx","app-partner","auto_dsh_partner_subscription",".tsx","auto_dsh_partner_subscription.tsx","True","under packages/surfaces/src/dsh","False","True","True"
"surfaces","C:\Users\b\Documents\GitHub\bthfinal\packages\surfaces\src\dsh\app-partner\mobile\auto_dsh_partner_zone_set.tsx","packages\surfaces\src\dsh\app-partner\mobile\auto_dsh_partner_zone_set.tsx","app-partner","auto_dsh_partner_zone_set",".tsx","auto_dsh_partner_zone_set.tsx","True","under packages/surfaces/src/dsh","False","True","True"
"surfaces","C:\Users\b\Documents\GitHub\bthfinal\packages\surfaces\src\dsh\app-partner\mobile\index.ts","packages\surfaces\src\dsh\app-partner\mobile\index.ts","app-partner","index",".ts","index.ts","True","under packages/surfaces/src/dsh","False","False","False"
"surfaces","C:\Users\b\Documents\GitHub\bthfinal\packages\surfaces\src\dsh\app-client\mobile\assets\banners\README.md","packages\surfaces\src\dsh\app-client\mobile\assets\banners\README.md","unknown","README",".md","README.md","True","under packages/surfaces/src/dsh","False","False","False"
"surfaces","C:\Users\b\Documents\GitHub\bthfinal\packages\surfaces\src\dsh\app-client\mobile\assets\categories\README.md","packages\surfaces\src\dsh\app-client\mobile\assets\categories\README.md","unknown","README",".md","README.md","True","under packages/surfaces/src/dsh","False","False","False"
"surfaces","C:\Users\b\Documents\GitHub\bthfinal\packages\surfaces\src\dsh\app-client\mobile\auto_dsh_awnak_order_create.tsx","packages\surfaces\src\dsh\app-client\mobile\auto_dsh_awnak_order_create.tsx","unknown","auto_dsh_awnak_order_create",".tsx","auto_dsh_awnak_order_create.tsx","True","under packages/surfaces/src/dsh","False","True","True"
"surfaces","C:\Users\b\Documents\GitHub\bthfinal\packages\surfaces\src\dsh\app-client\mobile\auto_dsh_booking_create.tsx","packages\surfaces\src\dsh\app-client\mobile\auto_dsh_booking_create.tsx","unknown","auto_dsh_booking_create",".tsx","auto_dsh_booking_create.tsx","True","under packages/surfaces/src/dsh","True","True","True"
"surfaces","C:\Users\b\Documents\GitHub\bthfinal\packages\surfaces\src\dsh\app-client\mobile\auto_dsh_cart_get.tsx","packages\surfaces\src\dsh\app-client\mobile\auto_dsh_cart_get.tsx","unknown","auto_dsh_cart_get",".tsx","auto_dsh_cart_get.tsx","True","under packages/surfaces/src/dsh","False","True","True"
"surfaces","C:\Users\b\Documents\GitHub\bthfinal\packages\surfaces\src\dsh\app-client\mobile\auto_dsh_cart_init.tsx","packages\surfaces\src\dsh\app-client\mobile\auto_dsh_cart_init.tsx","unknown","auto_dsh_cart_init",".tsx","auto_dsh_cart_init.tsx","True","under packages/surfaces/src/dsh","False","True","True"
"surfaces","C:\Users\b\Documents\GitHub\bthfinal\packages\surfaces\src\dsh\app-client\mobile\auto_dsh_cart_item_add.tsx","packages\surfaces\src\dsh\app-client\mobile\auto_dsh_cart_item_add.tsx","unknown","auto_dsh_cart_item_add",".tsx","auto_dsh_cart_item_add.tsx","True","under packages/surfaces/src/dsh","False","True","True"
"surfaces","C:\Users\b\Documents\GitHub\bthfinal\packages\surfaces\src\dsh\app-client\mobile\auto_dsh_cart_item_remove.tsx","packages\surfaces\src\dsh\app-client\mobile\auto_dsh_cart_item_remove.tsx","unknown","auto_dsh_cart_item_remove",".tsx","auto_dsh_cart_item_remove.tsx","True","under packages/surfaces/src/dsh","False","True","True"
"surfaces","C:\Users\b\Documents\GitHub\bthfinal\packages\surfaces\src\dsh\app-client\mobile\auto_dsh_cart_item_update.tsx","packages\surfaces\src\dsh\app-client\mobile\auto_dsh_cart_item_update.tsx","unknown","auto_dsh_cart_item_update",".tsx","auto_dsh_cart_item_update.tsx","True","under packages/surfaces/src/dsh","False","True","True"
"surfaces","C:\Users\b\Documents\GitHub\bthfinal\packages\surfaces\src\dsh\app-client\mobile\auto_dsh_categories_list.tsx","packages\surfaces\src\dsh\app-client\mobile\auto_dsh_categories_list.tsx","unknown","auto_dsh_categories_list",".tsx","auto_dsh_categories_list.tsx","True","under packages/surfaces/src/dsh","False","True","True"
"surfaces","C:\Users\b\Documents\GitHub\bthfinal\packages\surfaces\src\dsh\app-client\mobile\auto_dsh_category_get.tsx","packages\surfaces\src\dsh\app-client\mobile\auto_dsh_category_get.tsx","unknown","auto_dsh_category_get",".tsx","auto_dsh_category_get.tsx","True","under packages/surfaces/src/dsh","False","True","True"
"surfaces","C:\Users\b\Documents\GitHub\bthfinal\packages\surfaces\src\dsh\app-client\mobile\auto_dsh_chat_read_ack.tsx","packages\surfaces\src\dsh\app-client\mobile\auto_dsh_chat_read_ack.tsx","unknown","auto_dsh_chat_read_ack",".tsx","auto_dsh_chat_read_ack.tsx","True","under packages/surfaces/src/dsh","True","True","True"
"surfaces","C:\Users\b\Documents\GitHub\bthfinal\packages\surfaces\src\dsh\app-client\mobile\auto_dsh_chat_send.tsx","packages\surfaces\src\dsh\app-client\mobile\auto_dsh_chat_send.tsx","unknown","auto_dsh_chat_send",".tsx","auto_dsh_chat_send.tsx","True","under packages/surfaces/src/dsh","True","True","True"
"surfaces","C:\Users\b\Documents\GitHub\bthfinal\packages\surfaces\src\dsh\app-client\mobile\auto_dsh_checkout_gate.tsx","packages\surfaces\src\dsh\app-client\mobile\auto_dsh_checkout_gate.tsx","unknown","auto_dsh_checkout_gate",".tsx","auto_dsh_checkout_gate.tsx","True","under packages/surfaces/src/dsh","True","True","True"
"surfaces","C:\Users\b\Documents\GitHub\bthfinal\packages\surfaces\src\dsh\app-client\mobile\auto_dsh_delivery_attempt_create.tsx","packages\surfaces\src\dsh\app-client\mobile\auto_dsh_delivery_attempt_create.tsx","unknown","auto_dsh_delivery_attempt_create",".tsx","auto_dsh_delivery_attempt_create.tsx","True","under packages/surfaces/src/dsh","True","True","True"
"surfaces","C:\Users\b\Documents\GitHub\bthfinal\packages\surfaces\src\dsh\app-client\mobile\auto_dsh_delivery_attempts_list.tsx","packages\surfaces\src\dsh\app-client\mobile\auto_dsh_delivery_attempts_list.tsx","unknown","auto_dsh_delivery_attempts_list",".tsx","auto_dsh_delivery_attempts_list.tsx","True","under packages/surfaces/src/dsh","False","True","True"
"surfaces","C:\Users\b\Documents\GitHub\bthfinal\packages\surfaces\src\dsh\app-client\mobile\auto_dsh_delivery_close.tsx","packages\surfaces\src\dsh\app-client\mobile\auto_dsh_delivery_close.tsx","unknown","auto_dsh_delivery_close",".tsx","auto_dsh_delivery_close.tsx","True","under packages/surfaces/src/dsh","False","True","True"
"surfaces","C:\Users\b\Documents\GitHub\bthfinal\packages\surfaces\src\dsh\app-client\mobile\auto_dsh_delivery_eta_get.tsx","packages\surfaces\src\dsh\app-client\mobile\auto_dsh_delivery_eta_get.tsx","unknown","auto_dsh_delivery_eta_get",".tsx","auto_dsh_delivery_eta_get.tsx","True","under packages/surfaces/src/dsh","True","True","True"
"surfaces","C:\Users\b\Documents\GitHub\bthfinal\packages\surfaces\src\dsh\app-client\mobile\auto_dsh_delivery_get.tsx","packages\surfaces\src\dsh\app-client\mobile\auto_dsh_delivery_get.tsx","unknown","auto_dsh_delivery_get",".tsx","auto_dsh_delivery_get.tsx","True","under packages/surfaces/src/dsh","False","True","True"
"surfaces","C:\Users\b\Documents\GitHub\bthfinal\packages\surfaces\src\dsh\app-client\mobile\auto_dsh_delivery_reassign.tsx","packages\surfaces\src\dsh\app-client\mobile\auto_dsh_delivery_reassign.tsx","unknown","auto_dsh_delivery_reassign",".tsx","auto_dsh_delivery_reassign.tsx","True","under packages/surfaces/src/dsh","True","True","True"
"surfaces","C:\Users\b\Documents\GitHub\bthfinal\packages\surfaces\src\dsh\app-client\mobile\auto_dsh_delivery_track_get.tsx","packages\surfaces\src\dsh\app-client\mobile\auto_dsh_delivery_track_get.tsx","unknown","auto_dsh_delivery_track_get",".tsx","auto_dsh_delivery_track_get.tsx","True","under packages/surfaces/src/dsh","True","True","True"
"surfaces","C:\Users\b\Documents\GitHub\bthfinal\packages\surfaces\src\dsh\app-client\mobile\auto_dsh_entitlements_get.tsx","packages\surfaces\src\dsh\app-client\mobile\auto_dsh_entitlements_get.tsx","unknown","auto_dsh_entitlements_get",".tsx","auto_dsh_entitlements_get.tsx","True","under packages/surfaces/src/dsh","True","True","True"
"surfaces","C:\Users\b\Documents\GitHub\bthfinal\packages\surfaces\src\dsh\app-client\mobile\auto_dsh_estimate_create.tsx","packages\surfaces\src\dsh\app-client\mobile\auto_dsh_estimate_create.tsx","unknown","auto_dsh_estimate_create",".tsx","auto_dsh_estimate_create.tsx","True","under packages/surfaces/src/dsh","True","True","True"
"surfaces","C:\Users\b\Documents\GitHub\bthfinal\packages\surfaces\src\dsh\app-client\mobile\auto_dsh_estimate_get.tsx","packages\surfaces\src\dsh\app-client\mobile\auto_dsh_estimate_get.tsx","unknown","auto_dsh_estimate_get",".tsx","auto_dsh_estimate_get.tsx","True","under packages/surfaces/src/dsh","True","True","True"
"surfaces","C:\Users\b\Documents\GitHub\bthfinal\packages\surfaces\src\dsh\app-client\mobile\auto_dsh_external_order_create.tsx","packages\surfaces\src\dsh\app-client\mobile\auto_dsh_external_order_create.tsx","unknown","auto_dsh_external_order_create",".tsx","auto_dsh_external_order_create.tsx","True","under packages/surfaces/src/dsh","True","True","True"
"surfaces","C:\Users\b\Documents\GitHub\bthfinal\packages\surfaces\src\dsh\app-client\mobile\auto_dsh_favorite_toggle.tsx","packages\surfaces\src\dsh\app-client\mobile\auto_dsh_favorite_toggle.tsx","unknown","auto_dsh_favorite_toggle",".tsx","auto_dsh_favorite_toggle.tsx","True","under packages/surfaces/src/dsh","False","True","True"
"surfaces","C:\Users\b\Documents\GitHub\bthfinal\packages\surfaces\src\dsh\app-client\mobile\auto_dsh_favorites_list.tsx","packages\surfaces\src\dsh\app-client\mobile\auto_dsh_favorites_list.tsx","unknown","auto_dsh_favorites_list",".tsx","auto_dsh_favorites_list.tsx","True","under packages/surfaces/src/dsh","False","True","True"
"surfaces","C:\Users\b\Documents\GitHub\bthfinal\packages\surfaces\src\dsh\app-client\mobile\auto_dsh_gas_refill_order_create.tsx","packages\surfaces\src\dsh\app-client\mobile\auto_dsh_gas_refill_order_create.tsx","unknown","auto_dsh_gas_refill_order_create",".tsx","auto_dsh_gas_refill_order_create.tsx","True","under packages/surfaces/src/dsh","False","True","True"
"surfaces","C:\Users\b\Documents\GitHub\bthfinal\packages\surfaces\src\dsh\app-client\mobile\auto_dsh_home_get.tsx","packages\surfaces\src\dsh\app-client\mobile\auto_dsh_home_get.tsx","unknown","auto_dsh_home_get",".tsx","auto_dsh_home_get.tsx","True","under packages/surfaces/src/dsh","False","True","True"
"surfaces","C:\Users\b\Documents\GitHub\bthfinal\packages\surfaces\src\dsh\app-client\mobile\auto_dsh_listing_status_update.tsx","packages\surfaces\src\dsh\app-client\mobile\auto_dsh_listing_status_update.tsx","unknown","auto_dsh_listing_status_update",".tsx","auto_dsh_listing_status_update.tsx","True","under packages/surfaces/src/dsh","True","True","True"
"surfaces","C:\Users\b\Documents\GitHub\bthfinal\packages\surfaces\src\dsh\app-client\mobile\auto_dsh_loyalty_points_redeem.tsx","packages\surfaces\src\dsh\app-client\mobile\auto_dsh_loyalty_points_redeem.tsx","unknown","auto_dsh_loyalty_points_redeem",".tsx","auto_dsh_loyalty_points_redeem.tsx","True","under packages/surfaces/src/dsh","False","True","True"
"surfaces","C:\Users\b\Documents\GitHub\bthfinal\packages\surfaces\src\dsh\app-client\mobile\auto_dsh_loyalty_points_user_balance.tsx","packages\surfaces\src\dsh\app-client\mobile\auto_dsh_loyalty_points_user_balance.tsx","unknown","auto_dsh_loyalty_points_user_balance",".tsx","auto_dsh_loyalty_points_user_balance.tsx","True","under packages/surfaces/src/dsh","True","True","True"
"surfaces","C:\Users\b\Documents\GitHub\bthfinal\packages\surfaces\src\dsh\app-client\mobile\auto_dsh_loyalty_points_user_history.tsx","packages\surfaces\src\dsh\app-client\mobile\auto_dsh_loyalty_points_user_history.tsx","unknown","auto_dsh_loyalty_points_user_history",".tsx","auto_dsh_loyalty_points_user_history.tsx","True","under packages/surfaces/src/dsh","True","True","True"
"surfaces","C:\Users\b\Documents\GitHub\bthfinal\packages\surfaces\src\dsh\app-client\mobile\auto_dsh_order_accept.tsx","packages\surfaces\src\dsh\app-client\mobile\auto_dsh_order_accept.tsx","unknown","auto_dsh_order_accept",".tsx","auto_dsh_order_accept.tsx","True","under packages/surfaces/src/dsh","True","True","True"
"surfaces","C:\Users\b\Documents\GitHub\bthfinal\packages\surfaces\src\dsh\app-client\mobile\auto_dsh_order_cancel.tsx","packages\surfaces\src\dsh\app-client\mobile\auto_dsh_order_cancel.tsx","unknown","auto_dsh_order_cancel",".tsx","auto_dsh_order_cancel.tsx","True","under packages/surfaces/src/dsh","False","True","True"
"surfaces","C:\Users\b\Documents\GitHub\bthfinal\packages\surfaces\src\dsh\app-client\mobile\auto_dsh_order_complete.tsx","packages\surfaces\src\dsh\app-client\mobile\auto_dsh_order_complete.tsx","unknown","auto_dsh_order_complete",".tsx","auto_dsh_order_complete.tsx","True","under packages/surfaces/src/dsh","True","True","True"
"surfaces","C:\Users\b\Documents\GitHub\bthfinal\packages\surfaces\src\dsh\app-client\mobile\auto_dsh_order_create.tsx","packages\surfaces\src\dsh\app-client\mobile\auto_dsh_order_create.tsx","unknown","auto_dsh_order_create",".tsx","auto_dsh_order_create.tsx","True","under packages/surfaces/src/dsh","True","True","True"
"surfaces","C:\Users\b\Documents\GitHub\bthfinal\packages\surfaces\src\dsh\app-client\mobile\auto_dsh_order_escrow_hold.tsx","packages\surfaces\src\dsh\app-client\mobile\auto_dsh_order_escrow_hold.tsx","unknown","auto_dsh_order_escrow_hold",".tsx","auto_dsh_order_escrow_hold.tsx","True","under packages/surfaces/src/dsh","True","True","True"
"surfaces","C:\Users\b\Documents\GitHub\bthfinal\packages\surfaces\src\dsh\app-client\mobile\auto_dsh_order_escrow_release.tsx","packages\surfaces\src\dsh\app-client\mobile\auto_dsh_order_escrow_release.tsx","unknown","auto_dsh_order_escrow_release",".tsx","auto_dsh_order_escrow_release.tsx","True","under packages/surfaces/src/dsh","True","True","True"
"surfaces","C:\Users\b\Documents\GitHub\bthfinal\packages\surfaces\src\dsh\app-client\mobile\auto_dsh_order_get.tsx","packages\surfaces\src\dsh\app-client\mobile\auto_dsh_order_get.tsx","unknown","auto_dsh_order_get",".tsx","auto_dsh_order_get.tsx","True","under packages/surfaces/src/dsh","False","True","True"
"surfaces","C:\Users\b\Documents\GitHub\bthfinal\packages\surfaces\src\dsh\app-client\mobile\auto_dsh_order_issue_flag.tsx","packages\surfaces\src\dsh\app-client\mobile\auto_dsh_order_issue_flag.tsx","unknown","auto_dsh_order_issue_flag",".tsx","auto_dsh_order_issue_flag.tsx","True","under packages/surfaces/src/dsh","True","True","True"
"surfaces","C:\Users\b\Documents\GitHub\bthfinal\packages\surfaces\src\dsh\app-client\mobile\auto_dsh_order_proof_code_generate.tsx","packages\surfaces\src\dsh\app-client\mobile\auto_dsh_order_proof_code_generate.tsx","unknown","auto_dsh_order_proof_code_generate",".tsx","auto_dsh_order_proof_code_generate.tsx","True","under packages/surfaces/src/dsh","True","True","True"
"surfaces","C:\Users\b\Documents\GitHub\bthfinal\packages\surfaces\src\dsh\app-client\mobile\auto_dsh_order_proof_verify.tsx","packages\surfaces\src\dsh\app-client\mobile\auto_dsh_order_proof_verify.tsx","unknown","auto_dsh_order_proof_verify",".tsx","auto_dsh_order_proof_verify.tsx","True","under packages/surfaces/src/dsh","True","True","True"
"surfaces","C:\Users\b\Documents\GitHub\bthfinal\packages\surfaces\src\dsh\app-client\mobile\auto_dsh_order_rate.tsx","packages\surfaces\src\dsh\app-client\mobile\auto_dsh_order_rate.tsx","unknown","auto_dsh_order_rate",".tsx","auto_dsh_order_rate.tsx","True","under packages/surfaces/src/dsh","True","True","True"
"surfaces","C:\Users\b\Documents\GitHub\bthfinal\packages\surfaces\src\dsh\app-client\mobile\auto_dsh_order_receipt_get.tsx","packages\surfaces\src\dsh\app-client\mobile\auto_dsh_order_receipt_get.tsx","unknown","auto_dsh_order_receipt_get",".tsx","auto_dsh_order_receipt_get.tsx","True","under packages/surfaces/src/dsh","True","True","True"
"surfaces","C:\Users\b\Documents\GitHub\bthfinal\packages\surfaces\src\dsh\app-client\mobile\auto_dsh_order_status_get.tsx","packages\surfaces\src\dsh\app-client\mobile\auto_dsh_order_status_get.tsx","unknown","auto_dsh_order_status_get",".tsx","auto_dsh_order_status_get.tsx","True","under packages/surfaces/src/dsh","False","True","True"
"surfaces","C:\Users\b\Documents\GitHub\bthfinal\packages\surfaces\src\dsh\app-client\mobile\auto_dsh_order_status_update.tsx","packages\surfaces\src\dsh\app-client\mobile\auto_dsh_order_status_update.tsx","unknown","auto_dsh_order_status_update",".tsx","auto_dsh_order_status_update.tsx","True","under packages/surfaces/src/dsh","True","True","True"
"surfaces","C:\Users\b\Documents\GitHub\bthfinal\packages\surfaces\src\dsh\app-client\mobile\auto_dsh_orders_list.tsx","packages\surfaces\src\dsh\app-client\mobile\auto_dsh_orders_list.tsx","unknown","auto_dsh_orders_list",".tsx","auto_dsh_orders_list.tsx","True","under packages/surfaces/src/dsh","True","True","True"
"surfaces","C:\Users\b\Documents\GitHub\bthfinal\packages\surfaces\src\dsh\app-client\mobile\auto_dsh_pricing_preview.tsx","packages\surfaces\src\dsh\app-client\mobile\auto_dsh_pricing_preview.tsx","unknown","auto_dsh_pricing_preview",".tsx","auto_dsh_pricing_preview.tsx","True","under packages/surfaces/src/dsh","True","True","True"
"surfaces","C:\Users\b\Documents\GitHub\bthfinal\packages\surfaces\src\dsh\app-client\mobile\auto_dsh_pricing_snapshot_get.tsx","packages\surfaces\src\dsh\app-client\mobile\auto_dsh_pricing_snapshot_get.tsx","unknown","auto_dsh_pricing_snapshot_get",".tsx","auto_dsh_pricing_snapshot_get.tsx","True","under packages/surfaces/src/dsh","True","True","True"
"surfaces","C:\Users\b\Documents\GitHub\bthfinal\packages\surfaces\src\dsh\app-client\mobile\auto_dsh_promo_apply.tsx","packages\surfaces\src\dsh\app-client\mobile\auto_dsh_promo_apply.tsx","unknown","auto_dsh_promo_apply",".tsx","auto_dsh_promo_apply.tsx","True","under packages/surfaces/src/dsh","True","True","True"
"surfaces","C:\Users\b\Documents\GitHub\bthfinal\packages\surfaces\src\dsh\app-client\mobile\auto_dsh_proxy_request_approve.tsx","packages\surfaces\src\dsh\app-client\mobile\auto_dsh_proxy_request_approve.tsx","unknown","auto_dsh_proxy_request_approve",".tsx","auto_dsh_proxy_request_approve.tsx","True","under packages/surfaces/src/dsh","True","True","True"
"surfaces","C:\Users\b\Documents\GitHub\bthfinal\packages\surfaces\src\dsh\app-client\mobile\auto_dsh_proxy_request_review.tsx","packages\surfaces\src\dsh\app-client\mobile\auto_dsh_proxy_request_review.tsx","unknown","auto_dsh_proxy_request_review",".tsx","auto_dsh_proxy_request_review.tsx","True","under packages/surfaces/src/dsh","True","True","True"
"surfaces","C:\Users\b\Documents\GitHub\bthfinal\packages\surfaces\src\dsh\app-client\mobile\auto_dsh_proxy_request_tracking.tsx","packages\surfaces\src\dsh\app-client\mobile\auto_dsh_proxy_request_tracking.tsx","unknown","auto_dsh_proxy_request_tracking",".tsx","auto_dsh_proxy_request_tracking.tsx","True","under packages/surfaces/src/dsh","True","True","True"
"surfaces","C:\Users\b\Documents\GitHub\bthfinal\packages\surfaces\src\dsh\app-client\mobile\auto_dsh_review_create.tsx","packages\surfaces\src\dsh\app-client\mobile\auto_dsh_review_create.tsx","unknown","auto_dsh_review_create",".tsx","auto_dsh_review_create.tsx","True","under packages/surfaces/src/dsh","True","True","True"
"surfaces","C:\Users\b\Documents\GitHub\bthfinal\packages\surfaces\src\dsh\app-client\mobile\auto_dsh_reviews_list.tsx","packages\surfaces\src\dsh\app-client\mobile\auto_dsh_reviews_list.tsx","unknown","auto_dsh_reviews_list",".tsx","auto_dsh_reviews_list.tsx","True","under packages/surfaces/src/dsh","False","True","True"
"surfaces","C:\Users\b\Documents\GitHub\bthfinal\packages\surfaces\src\dsh\app-client\mobile\auto_dsh_search.tsx","packages\surfaces\src\dsh\app-client\mobile\auto_dsh_search.tsx","unknown","auto_dsh_search",".tsx","auto_dsh_search.tsx","True","under packages/surfaces/src/dsh","False","True","True"
"surfaces","C:\Users\b\Documents\GitHub\bthfinal\packages\surfaces\src\dsh\app-client\mobile\auto_dsh_service_modes_resolve.tsx","packages\surfaces\src\dsh\app-client\mobile\auto_dsh_service_modes_resolve.tsx","unknown","auto_dsh_service_modes_resolve",".tsx","auto_dsh_service_modes_resolve.tsx","True","under packages/surfaces/src/dsh","True","True","True"
"surfaces","C:\Users\b\Documents\GitHub\bthfinal\packages\surfaces\src\dsh\app-client\mobile\auto_dsh_shein_info.tsx","packages\surfaces\src\dsh\app-client\mobile\auto_dsh_shein_info.tsx","unknown","auto_dsh_shein_info",".tsx","auto_dsh_shein_info.tsx","True","under packages/surfaces/src/dsh","False","True","True"
"surfaces","C:\Users\b\Documents\GitHub\bthfinal\packages\surfaces\src\dsh\app-client\mobile\auto_dsh_store_get.tsx","packages\surfaces\src\dsh\app-client\mobile\auto_dsh_store_get.tsx","unknown","auto_dsh_store_get",".tsx","auto_dsh_store_get.tsx","True","under packages/surfaces/src/dsh","False","True","True"
"surfaces","C:\Users\b\Documents\GitHub\bthfinal\packages\surfaces\src\dsh\app-client\mobile\auto_dsh_store_items_list.tsx","packages\surfaces\src\dsh\app-client\mobile\auto_dsh_store_items_list.tsx","unknown","auto_dsh_store_items_list",".tsx","auto_dsh_store_items_list.tsx","True","under packages/surfaces/src/dsh","True","True","True"
"surfaces","C:\Users\b\Documents\GitHub\bthfinal\packages\surfaces\src\dsh\app-client\mobile\auto_dsh_stores_list.tsx","packages\surfaces\src\dsh\app-client\mobile\auto_dsh_stores_list.tsx","unknown","auto_dsh_stores_list",".tsx","auto_dsh_stores_list.tsx","True","under packages/surfaces/src/dsh","False","True","True"
"surfaces","C:\Users\b\Documents\GitHub\bthfinal\packages\surfaces\src\dsh\app-client\mobile\auto_dsh_subscription_family_get.tsx","packages\surfaces\src\dsh\app-client\mobile\auto_dsh_subscription_family_get.tsx","unknown","auto_dsh_subscription_family_get",".tsx","auto_dsh_subscription_family_get.tsx","True","under packages/surfaces/src/dsh","True","True","True"
"surfaces","C:\Users\b\Documents\GitHub\bthfinal\packages\surfaces\src\dsh\app-client\mobile\auto_dsh_subscription_family_members_get.tsx","packages\surfaces\src\dsh\app-client\mobile\auto_dsh_subscription_family_members_get.tsx","unknown","auto_dsh_subscription_family_members_get",".tsx","auto_dsh_subscription_family_members_get.tsx","True","under packages/surfaces/src/dsh","True","True","True"
"surfaces","C:\Users\b\Documents\GitHub\bthfinal\packages\surfaces\src\dsh\app-client\mobile\auto_dsh_subscription_family_members_post.tsx","packages\surfaces\src\dsh\app-client\mobile\auto_dsh_subscription_family_members_post.tsx","unknown","auto_dsh_subscription_family_members_post",".tsx","auto_dsh_subscription_family_members_post.tsx","True","under packages/surfaces/src/dsh","True","True","True"
"surfaces","C:\Users\b\Documents\GitHub\bthfinal\packages\surfaces\src\dsh\app-client\mobile\auto_dsh_subscription_pro_catalog.tsx","packages\surfaces\src\dsh\app-client\mobile\auto_dsh_subscription_pro_catalog.tsx","unknown","auto_dsh_subscription_pro_catalog",".tsx","auto_dsh_subscription_pro_catalog.tsx","True","under packages/surfaces/src/dsh","True","True","True"
"surfaces","C:\Users\b\Documents\GitHub\bthfinal\packages\surfaces\src\dsh\app-client\mobile\auto_dsh_subscription_sync.tsx","packages\surfaces\src\dsh\app-client\mobile\auto_dsh_subscription_sync.tsx","unknown","auto_dsh_subscription_sync",".tsx","auto_dsh_subscription_sync.tsx","True","under packages/surfaces/src/dsh","True","True","True"
"surfaces","C:\Users\b\Documents\GitHub\bthfinal\packages\surfaces\src\dsh\app-client\mobile\auto_dsh_subscription_tier_get.tsx","packages\surfaces\src\dsh\app-client\mobile\auto_dsh_subscription_tier_get.tsx","unknown","auto_dsh_subscription_tier_get",".tsx","auto_dsh_subscription_tier_get.tsx","True","under packages/surfaces/src/dsh","True","True","True"
"surfaces","C:\Users\b\Documents\GitHub\bthfinal\packages\surfaces\src\dsh\app-client\mobile\auto_dsh_subscription_upgrade_post.tsx","packages\surfaces\src\dsh\app-client\mobile\auto_dsh_subscription_upgrade_post.tsx","unknown","auto_dsh_subscription_upgrade_post",".tsx","auto_dsh_subscription_upgrade_post.tsx","True","under packages/surfaces/src/dsh","True","True","True"
"surfaces","C:\Users\b\Documents\GitHub\bthfinal\packages\surfaces\src\dsh\app-client\mobile\auto_dsh_zone_set.tsx","packages\surfaces\src\dsh\app-client\mobile\auto_dsh_zone_set.tsx","unknown","auto_dsh_zone_set",".tsx","auto_dsh_zone_set.tsx","True","under packages/surfaces/src/dsh","True","True","True"
"surfaces","C:\Users\b\Documents\GitHub\bthfinal\packages\surfaces\src\dsh\app-client\mobile\banner-carousel.runtime.json","packages\surfaces\src\dsh\app-client\mobile\banner-carousel.runtime.json","unknown","banner-carousel.runtime",".json","banner-carousel.runtime.json","True","under packages/surfaces/src/dsh","False","False","False"
"surfaces","C:\Users\b\Documents\GitHub\bthfinal\packages\surfaces\src\dsh\app-client\mobile\CategoryClockDial.tsx","packages\surfaces\src\dsh\app-client\mobile\CategoryClockDial.tsx","unknown","CategoryClockDial",".tsx","CategoryClockDial.tsx","True","under packages/surfaces/src/dsh","False","True","False"
"surfaces","C:\Users\b\Documents\GitHub\bthfinal\packages\surfaces\src\dsh\app-client\mobile\index.ts","packages\surfaces\src\dsh\app-client\mobile\index.ts","unknown","index",".ts","index.ts","True","under packages/surfaces/src/dsh","False","False","False"
"surfaces","C:\Users\b\Documents\GitHub\bthfinal\packages\surfaces\src\dsh\app-client\mobile\UltimateBannerCarousel.tsx","packages\surfaces\src\dsh\app-client\mobile\UltimateBannerCarousel.tsx","unknown","UltimateBannerCarousel",".tsx","UltimateBannerCarousel.tsx","True","under packages/surfaces/src/dsh","False","True","False"
"surfaces","C:\Users\b\Documents\GitHub\bthfinal\packages\surfaces\src\dsh\checkoutConstants.ts","packages\surfaces\src\dsh\checkoutConstants.ts","unknown","checkoutConstants",".ts","checkoutConstants.ts","True","under packages/surfaces/src/dsh","False","False","False"
"surfaces","C:\Users\b\Documents\GitHub\bthfinal\packages\surfaces\src\dsh\components\ArrivalBellCaptainBlock.tsx","packages\surfaces\src\dsh\components\ArrivalBellCaptainBlock.tsx","unknown","ArrivalBellCaptainBlock",".tsx","ArrivalBellCaptainBlock.tsx","True","under packages/surfaces/src/dsh","True","True","False"
"surfaces","C:\Users\b\Documents\GitHub\bthfinal\packages\surfaces\src\dsh\components\ArrivalBellCustomerBlock.tsx","packages\surfaces\src\dsh\components\ArrivalBellCustomerBlock.tsx","unknown","ArrivalBellCustomerBlock",".tsx","ArrivalBellCustomerBlock.tsx","True","under packages/surfaces/src/dsh","True","True","False"
"surfaces","C:\Users\b\Documents\GitHub\bthfinal\packages\surfaces\src\dsh\components\DshStoreItemsList.tsx","packages\surfaces\src\dsh\components\DshStoreItemsList.tsx","unknown","DshStoreItemsList",".tsx","DshStoreItemsList.tsx","True","under packages/surfaces/src/dsh","False","True","False"
"surfaces","C:\Users\b\Documents\GitHub\bthfinal\packages\surfaces\src\dsh\components\StoreCardPremium.tsx","packages\surfaces\src\dsh\components\StoreCardPremium.tsx","unknown","StoreCardPremium",".tsx","StoreCardPremium.tsx","True","under packages/surfaces/src/dsh","False","True","False"
"surfaces","C:\Users\b\Documents\GitHub\bthfinal\packages\surfaces\src\dsh\data\dshHomeApi.ts","packages\surfaces\src\dsh\data\dshHomeApi.ts","unknown","dshHomeApi",".ts","dshHomeApi.ts","True","under packages/surfaces/src/dsh","False","False","False"
"surfaces","C:\Users\b\Documents\GitHub\bthfinal\packages\surfaces\src\dsh\data\dshHomeRepository.ts","packages\surfaces\src\dsh\data\dshHomeRepository.ts","unknown","dshHomeRepository",".ts","dshHomeRepository.ts","True","under packages/surfaces/src/dsh","False","False","False"
"surfaces","C:\Users\b\Documents\GitHub\bthfinal\packages\surfaces\src\dsh\data\dshHomeSeed.ts","packages\surfaces\src\dsh\data\dshHomeSeed.ts","unknown","dshHomeSeed",".ts","dshHomeSeed.ts","True","under packages/surfaces/src/dsh","False","False","False"
"surfaces","C:\Users\b\Documents\GitHub\bthfinal\packages\surfaces\src\dsh\data\dshHomeTypes.ts","packages\surfaces\src\dsh\data\dshHomeTypes.ts","unknown","dshHomeTypes",".ts","dshHomeTypes.ts","True","under packages/surfaces/src/dsh","False","False","False"
"surfaces","C:\Users\b\Documents\GitHub\bthfinal\packages\surfaces\src\dsh\deliveryModes.ts","packages\surfaces\src\dsh\deliveryModes.ts","unknown","deliveryModes",".ts","deliveryModes.ts","True","under packages/surfaces/src/dsh","False","False","False"
"surfaces","C:\Users\b\Documents\GitHub\bthfinal\packages\surfaces\src\dsh\DshBannersList.tsx","packages\surfaces\src\dsh\DshBannersList.tsx","unknown","DshBannersList",".tsx","DshBannersList.tsx","True","under packages/surfaces/src/dsh","False","True","False"
"surfaces","C:\Users\b\Documents\GitHub\bthfinal\packages\surfaces\src\dsh\DshCartPrice.tsx","packages\surfaces\src\dsh\DshCartPrice.tsx","unknown","DshCartPrice",".tsx","DshCartPrice.tsx","True","under packages/surfaces/src/dsh","False","True","False"
"surfaces","C:\Users\b\Documents\GitHub\bthfinal\packages\surfaces\src\dsh\DshCategoriesList.tsx","packages\surfaces\src\dsh\DshCategoriesList.tsx","unknown","DshCategoriesList",".tsx","DshCategoriesList.tsx","True","under packages/surfaces/src/dsh","False","True","False"
"surfaces","C:\Users\b\Documents\GitHub\bthfinal\packages\surfaces\src\dsh\dshCategoriesSeed.ts","packages\surfaces\src\dsh\dshCategoriesSeed.ts","unknown","dshCategoriesSeed",".ts","dshCategoriesSeed.ts","True","under packages/surfaces/src/dsh","False","False","False"
"surfaces","C:\Users\b\Documents\GitHub\bthfinal\packages\surfaces\src\dsh\DshCategoryDetail.tsx","packages\surfaces\src\dsh\DshCategoryDetail.tsx","unknown","DshCategoryDetail",".tsx","DshCategoryDetail.tsx","True","under packages/surfaces/src/dsh","False","True","False"
"surfaces","C:\Users\b\Documents\GitHub\bthfinal\packages\surfaces\src\dsh\DshCheckoutPaymentMethodSelect.tsx","packages\surfaces\src\dsh\DshCheckoutPaymentMethodSelect.tsx","unknown","DshCheckoutPaymentMethodSelect",".tsx","DshCheckoutPaymentMethodSelect.tsx","True","under packages/surfaces/src/dsh","False","True","False"
"surfaces","C:\Users\b\Documents\GitHub\bthfinal\packages\surfaces\src\dsh\DshCustomerPreferencesDetail.tsx","packages\surfaces\src\dsh\DshCustomerPreferencesDetail.tsx","unknown","DshCustomerPreferencesDetail",".tsx","DshCustomerPreferencesDetail.tsx","True","under packages/surfaces/src/dsh","False","True","False"
"surfaces","C:\Users\b\Documents\GitHub\bthfinal\packages\surfaces\src\dsh\DshCustomerProfileDetail.tsx","packages\surfaces\src\dsh\DshCustomerProfileDetail.tsx","unknown","DshCustomerProfileDetail",".tsx","DshCustomerProfileDetail.tsx","True","under packages/surfaces/src/dsh","False","True","False"
"surfaces","C:\Users\b\Documents\GitHub\bthfinal\packages\surfaces\src\dsh\DshCustomerProfileUpdate.tsx","packages\surfaces\src\dsh\DshCustomerProfileUpdate.tsx","unknown","DshCustomerProfileUpdate",".tsx","DshCustomerProfileUpdate.tsx","True","under packages/surfaces/src/dsh","False","True","False"
"surfaces","C:\Users\b\Documents\GitHub\bthfinal\packages\surfaces\src\dsh\DshPartnerOrdersList.tsx","packages\surfaces\src\dsh\DshPartnerOrdersList.tsx","unknown","DshPartnerOrdersList",".tsx","DshPartnerOrdersList.tsx","True","under packages/surfaces/src/dsh","False","True","False"
"surfaces","C:\Users\b\Documents\GitHub\bthfinal\packages\surfaces\src\dsh\expo-location.d.ts","packages\surfaces\src\dsh\expo-location.d.ts","unknown","expo-location.d",".ts","expo-location.d.ts","True","under packages/surfaces/src/dsh","False","False","False"
"surfaces","C:\Users\b\Documents\GitHub\bthfinal\packages\surfaces\src\dsh\fixtures\captainEarningsHistory.ts","packages\surfaces\src\dsh\fixtures\captainEarningsHistory.ts","unknown","captainEarningsHistory",".ts","captainEarningsHistory.ts","True","under packages/surfaces/src/dsh","False","False","False"
"surfaces","C:\Users\b\Documents\GitHub\bthfinal\packages\surfaces\src\dsh\fixtures\captainFinancialReports.ts","packages\surfaces\src\dsh\fixtures\captainFinancialReports.ts","unknown","captainFinancialReports",".ts","captainFinancialReports.ts","True","under packages/surfaces/src/dsh","False","False","False"
"surfaces","C:\Users\b\Documents\GitHub\bthfinal\packages\surfaces\src\dsh\fixtures\captainOrderDetails.ts","packages\surfaces\src\dsh\fixtures\captainOrderDetails.ts","unknown","captainOrderDetails",".ts","captainOrderDetails.ts","True","under packages/surfaces/src/dsh","False","False","False"
"surfaces","C:\Users\b\Documents\GitHub\bthfinal\packages\surfaces\src\dsh\fixtures\captainOrders.ts","packages\surfaces\src\dsh\fixtures\captainOrders.ts","unknown","captainOrders",".ts","captainOrders.ts","True","under packages/surfaces/src/dsh","False","False","False"
"surfaces","C:\Users\b\Documents\GitHub\bthfinal\packages\surfaces\src\dsh\fixtures\captainPayments.ts","packages\surfaces\src\dsh\fixtures\captainPayments.ts","unknown","captainPayments",".ts","captainPayments.ts","True","under packages/surfaces/src/dsh","False","False","False"
"surfaces","C:\Users\b\Documents\GitHub\bthfinal\packages\surfaces\src\dsh\fixtures\captainSettlements.ts","packages\surfaces\src\dsh\fixtures\captainSettlements.ts","unknown","captainSettlements",".ts","captainSettlements.ts","True","under packages/surfaces/src/dsh","False","False","False"
"surfaces","C:\Users\b\Documents\GitHub\bthfinal\packages\surfaces\src\dsh\fixtures\captainTierInfo.ts","packages\surfaces\src\dsh\fixtures\captainTierInfo.ts","unknown","captainTierInfo",".ts","captainTierInfo.ts","True","under packages/surfaces/src/dsh","False","False","False"
"surfaces","C:\Users\b\Documents\GitHub\bthfinal\packages\surfaces\src\dsh\fixtures\captainWallet.ts","packages\surfaces\src\dsh\fixtures\captainWallet.ts","unknown","captainWallet",".ts","captainWallet.ts","True","under packages/surfaces/src/dsh","False","False","False"
"surfaces","C:\Users\b\Documents\GitHub\bthfinal\packages\surfaces\src\dsh\fixtures\categoryGet.ts","packages\surfaces\src\dsh\fixtures\categoryGet.ts","unknown","categoryGet",".ts","categoryGet.ts","True","under packages/surfaces/src/dsh","False","False","False"
"surfaces","C:\Users\b\Documents\GitHub\bthfinal\packages\surfaces\src\dsh\fixtures\chatSend.ts","packages\surfaces\src\dsh\fixtures\chatSend.ts","unknown","chatSend",".ts","chatSend.ts","True","under packages/surfaces/src/dsh","False","False","False"
"surfaces","C:\Users\b\Documents\GitHub\bthfinal\packages\surfaces\src\dsh\fixtures\checkoutGate.ts","packages\surfaces\src\dsh\fixtures\checkoutGate.ts","unknown","checkoutGate",".ts","checkoutGate.ts","True","under packages/surfaces/src/dsh","False","False","False"
"surfaces","C:\Users\b\Documents\GitHub\bthfinal\packages\surfaces\src\dsh\fixtures\favoritesList.ts","packages\surfaces\src\dsh\fixtures\favoritesList.ts","unknown","favoritesList",".ts","favoritesList.ts","True","under packages/surfaces/src/dsh","False","False","False"
"surfaces","C:\Users\b\Documents\GitHub\bthfinal\packages\surfaces\src\dsh\fixtures\gasRefill.ts","packages\surfaces\src\dsh\fixtures\gasRefill.ts","unknown","gasRefill",".ts","gasRefill.ts","True","under packages/surfaces/src/dsh","False","False","False"
"surfaces","C:\Users\b\Documents\GitHub\bthfinal\packages\surfaces\src\dsh\fixtures\home.ts","packages\surfaces\src\dsh\fixtures\home.ts","unknown","home",".ts","home.ts","True","under packages/surfaces/src/dsh","False","False","False"
"surfaces","C:\Users\b\Documents\GitHub\bthfinal\packages\surfaces\src\dsh\fixtures\orderCancel.ts","packages\surfaces\src\dsh\fixtures\orderCancel.ts","unknown","orderCancel",".ts","orderCancel.ts","True","under packages/surfaces/src/dsh","False","False","False"
"surfaces","C:\Users\b\Documents\GitHub\bthfinal\packages\surfaces\src\dsh\fixtures\orderGet.ts","packages\surfaces\src\dsh\fixtures\orderGet.ts","unknown","orderGet",".ts","orderGet.ts","True","under packages/surfaces/src/dsh","False","False","False"
"surfaces","C:\Users\b\Documents\GitHub\bthfinal\packages\surfaces\src\dsh\fixtures\partnerStaff.ts","packages\surfaces\src\dsh\fixtures\partnerStaff.ts","unknown","partnerStaff",".ts","partnerStaff.ts","True","under packages/surfaces/src/dsh","False","False","False"
"surfaces","C:\Users\b\Documents\GitHub\bthfinal\packages\surfaces\src\dsh\fixtures\partnerZoneSet.ts","packages\surfaces\src\dsh\fixtures\partnerZoneSet.ts","unknown","partnerZoneSet",".ts","partnerZoneSet.ts","True","under packages/surfaces/src/dsh","False","False","False"
"surfaces","C:\Users\b\Documents\GitHub\bthfinal\packages\surfaces\src\dsh\fixtures\reviewsList.ts","packages\surfaces\src\dsh\fixtures\reviewsList.ts","unknown","reviewsList",".ts","reviewsList.ts","True","under packages/surfaces/src/dsh","False","False","False"
"surfaces","C:\Users\b\Documents\GitHub\bthfinal\packages\surfaces\src\dsh\fixtures\search.ts","packages\surfaces\src\dsh\fixtures\search.ts","unknown","search",".ts","search.ts","True","under packages/surfaces/src/dsh","False","False","False"
"surfaces","C:\Users\b\Documents\GitHub\bthfinal\packages\surfaces\src\dsh\fixtures\storeGet.ts","packages\surfaces\src\dsh\fixtures\storeGet.ts","unknown","storeGet",".ts","storeGet.ts","True","under packages/surfaces/src/dsh","False","False","False"
"surfaces","C:\Users\b\Documents\GitHub\bthfinal\packages\surfaces\src\dsh\fixtures\subscriptionSync.ts","packages\surfaces\src\dsh\fixtures\subscriptionSync.ts","unknown","subscriptionSync",".ts","subscriptionSync.ts","True","under packages/surfaces/src/dsh","False","False","False"
"surfaces","C:\Users\b\Documents\GitHub\bthfinal\packages\surfaces\src\dsh\fixtures\zoneSet.ts","packages\surfaces\src\dsh\fixtures\zoneSet.ts","unknown","zoneSet",".ts","zoneSet.ts","True","under packages/surfaces/src/dsh","False","False","False"
"surfaces","C:\Users\b\Documents\GitHub\bthfinal\packages\surfaces\src\dsh\getDshCategoryIconUrl.ts","packages\surfaces\src\dsh\getDshCategoryIconUrl.ts","unknown","getDshCategoryIconUrl",".ts","getDshCategoryIconUrl.ts","True","under packages/surfaces/src/dsh","False","False","False"
"surfaces","C:\Users\b\Documents\GitHub\bthfinal\packages\surfaces\src\dsh\hooks\index.ts","packages\surfaces\src\dsh\hooks\index.ts","unknown","index",".ts","index.ts","True","under packages/surfaces/src/dsh","False","False","False"
"surfaces","C:\Users\b\Documents\GitHub\bthfinal\packages\surfaces\src\dsh\hooks\useCaptainEarningsHistory.ts","packages\surfaces\src\dsh\hooks\useCaptainEarningsHistory.ts","unknown","useCaptainEarningsHistory",".ts","useCaptainEarningsHistory.ts","True","under packages/surfaces/src/dsh","False","True","False"
"surfaces","C:\Users\b\Documents\GitHub\bthfinal\packages\surfaces\src\dsh\hooks\useCaptainFinancialReports.ts","packages\surfaces\src\dsh\hooks\useCaptainFinancialReports.ts","unknown","useCaptainFinancialReports",".ts","useCaptainFinancialReports.ts","True","under packages/surfaces/src/dsh","False","True","False"
"surfaces","C:\Users\b\Documents\GitHub\bthfinal\packages\surfaces\src\dsh\hooks\useCaptainOrderDetails.ts","packages\surfaces\src\dsh\hooks\useCaptainOrderDetails.ts","unknown","useCaptainOrderDetails",".ts","useCaptainOrderDetails.ts","True","under packages/surfaces/src/dsh","False","True","False"
"surfaces","C:\Users\b\Documents\GitHub\bthfinal\packages\surfaces\src\dsh\hooks\useCaptainOrders.ts","packages\surfaces\src\dsh\hooks\useCaptainOrders.ts","unknown","useCaptainOrders",".ts","useCaptainOrders.ts","True","under packages/surfaces/src/dsh","False","True","False"
"surfaces","C:\Users\b\Documents\GitHub\bthfinal\packages\surfaces\src\dsh\hooks\useCaptainPayments.ts","packages\surfaces\src\dsh\hooks\useCaptainPayments.ts","unknown","useCaptainPayments",".ts","useCaptainPayments.ts","True","under packages/surfaces/src/dsh","False","True","False"
"surfaces","C:\Users\b\Documents\GitHub\bthfinal\packages\surfaces\src\dsh\hooks\useCaptainSettlements.ts","packages\surfaces\src\dsh\hooks\useCaptainSettlements.ts","unknown","useCaptainSettlements",".ts","useCaptainSettlements.ts","True","under packages/surfaces/src/dsh","False","True","False"
"surfaces","C:\Users\b\Documents\GitHub\bthfinal\packages\surfaces\src\dsh\hooks\useCaptainTierInfo.ts","packages\surfaces\src\dsh\hooks\useCaptainTierInfo.ts","unknown","useCaptainTierInfo",".ts","useCaptainTierInfo.ts","True","under packages/surfaces/src/dsh","False","True","False"
"surfaces","C:\Users\b\Documents\GitHub\bthfinal\packages\surfaces\src\dsh\hooks\useCaptainWallet.ts","packages\surfaces\src\dsh\hooks\useCaptainWallet.ts","unknown","useCaptainWallet",".ts","useCaptainWallet.ts","True","under packages/surfaces/src/dsh","False","True","False"
"surfaces","C:\Users\b\Documents\GitHub\bthfinal\packages\surfaces\src\dsh\hooks\useDshCategoryGet.ts","packages\surfaces\src\dsh\hooks\useDshCategoryGet.ts","unknown","useDshCategoryGet",".ts","useDshCategoryGet.ts","True","under packages/surfaces/src/dsh","False","True","False"
"surfaces","C:\Users\b\Documents\GitHub\bthfinal\packages\surfaces\src\dsh\hooks\useDshChatSend.ts","packages\surfaces\src\dsh\hooks\useDshChatSend.ts","unknown","useDshChatSend",".ts","useDshChatSend.ts","True","under packages/surfaces/src/dsh","False","True","False"
"surfaces","C:\Users\b\Documents\GitHub\bthfinal\packages\surfaces\src\dsh\hooks\useDshCheckoutGate.ts","packages\surfaces\src\dsh\hooks\useDshCheckoutGate.ts","unknown","useDshCheckoutGate",".ts","useDshCheckoutGate.ts","True","under packages/surfaces/src/dsh","False","True","False"
"surfaces","C:\Users\b\Documents\GitHub\bthfinal\packages\surfaces\src\dsh\hooks\useDshFavoritesList.ts","packages\surfaces\src\dsh\hooks\useDshFavoritesList.ts","unknown","useDshFavoritesList",".ts","useDshFavoritesList.ts","True","under packages/surfaces/src/dsh","False","True","False"
"surfaces","C:\Users\b\Documents\GitHub\bthfinal\packages\surfaces\src\dsh\hooks\useDshGasRefill.ts","packages\surfaces\src\dsh\hooks\useDshGasRefill.ts","unknown","useDshGasRefill",".ts","useDshGasRefill.ts","True","under packages/surfaces/src/dsh","False","True","False"
"surfaces","C:\Users\b\Documents\GitHub\bthfinal\packages\surfaces\src\dsh\hooks\useDshHome.ts","packages\surfaces\src\dsh\hooks\useDshHome.ts","unknown","useDshHome",".ts","useDshHome.ts","True","under packages/surfaces/src/dsh","False","False","False"
"surfaces","C:\Users\b\Documents\GitHub\bthfinal\packages\surfaces\src\dsh\hooks\useDshOrderCancel.ts","packages\surfaces\src\dsh\hooks\useDshOrderCancel.ts","unknown","useDshOrderCancel",".ts","useDshOrderCancel.ts","True","under packages/surfaces/src/dsh","False","True","False"
"surfaces","C:\Users\b\Documents\GitHub\bthfinal\packages\surfaces\src\dsh\hooks\useDshOrderGet.ts","packages\surfaces\src\dsh\hooks\useDshOrderGet.ts","unknown","useDshOrderGet",".ts","useDshOrderGet.ts","True","under packages/surfaces/src/dsh","False","True","False"
"surfaces","C:\Users\b\Documents\GitHub\bthfinal\packages\surfaces\src\dsh\hooks\useDshPartnerZoneSet.ts","packages\surfaces\src\dsh\hooks\useDshPartnerZoneSet.ts","unknown","useDshPartnerZoneSet",".ts","useDshPartnerZoneSet.ts","True","under packages/surfaces/src/dsh","False","True","False"
"surfaces","C:\Users\b\Documents\GitHub\bthfinal\packages\surfaces\src\dsh\hooks\useDshReviewsList.ts","packages\surfaces\src\dsh\hooks\useDshReviewsList.ts","unknown","useDshReviewsList",".ts","useDshReviewsList.ts","True","under packages/surfaces/src/dsh","False","True","False"
"surfaces","C:\Users\b\Documents\GitHub\bthfinal\packages\surfaces\src\dsh\hooks\useDshSearch.ts","packages\surfaces\src\dsh\hooks\useDshSearch.ts","unknown","useDshSearch",".ts","useDshSearch.ts","True","under packages/surfaces/src/dsh","False","True","False"
"surfaces","C:\Users\b\Documents\GitHub\bthfinal\packages\surfaces\src\dsh\hooks\useDshStoreGet.ts","packages\surfaces\src\dsh\hooks\useDshStoreGet.ts","unknown","useDshStoreGet",".ts","useDshStoreGet.ts","True","under packages/surfaces/src/dsh","False","True","False"
"surfaces","C:\Users\b\Documents\GitHub\bthfinal\packages\surfaces\src\dsh\hooks\useDshSubscriptionSync.ts","packages\surfaces\src\dsh\hooks\useDshSubscriptionSync.ts","unknown","useDshSubscriptionSync",".ts","useDshSubscriptionSync.ts","True","under packages/surfaces/src/dsh","False","True","False"
"surfaces","C:\Users\b\Documents\GitHub\bthfinal\packages\surfaces\src\dsh\hooks\useDshZoneSet.ts","packages\surfaces\src\dsh\hooks\useDshZoneSet.ts","unknown","useDshZoneSet",".ts","useDshZoneSet.ts","True","under packages/surfaces/src/dsh","False","True","False"
"surfaces","C:\Users\b\Documents\GitHub\bthfinal\packages\surfaces\src\dsh\index.ts","packages\surfaces\src\dsh\index.ts","unknown","index",".ts","index.ts","True","under packages/surfaces/src/dsh","False","False","False"
"surfaces","C:\Users\b\Documents\GitHub\bthfinal\packages\surfaces\src\dsh\loadExpoLocation.ts","packages\surfaces\src\dsh\loadExpoLocation.ts","unknown","loadExpoLocation",".ts","loadExpoLocation.ts","True","under packages/surfaces/src/dsh","False","False","False"
"surfaces","C:\Users\b\Documents\GitHub\bthfinal\packages\surfaces\src\dsh\mobile\dsh\DshOrdersCreateScreen.tsx","packages\surfaces\src\dsh\mobile\dsh\DshOrdersCreateScreen.tsx","unknown","DshOrdersCreateScreen",".tsx","DshOrdersCreateScreen.tsx","True","under packages/surfaces/src/dsh","False","True","False"
"surfaces","C:\Users\b\Documents\GitHub\bthfinal\packages\surfaces\src\dsh\mobile\dsh\DshPartnerOrderAcceptAltScreen.tsx","packages\surfaces\src\dsh\mobile\dsh\DshPartnerOrderAcceptAltScreen.tsx","unknown","DshPartnerOrderAcceptAltScreen",".tsx","DshPartnerOrderAcceptAltScreen.tsx","True","under packages/surfaces/src/dsh","False","True","False"
"surfaces","C:\Users\b\Documents\GitHub\bthfinal\packages\surfaces\src\dsh\mobile\dsh\DshPartnerOrderChatMessageCreateScreen.tsx","packages\surfaces\src\dsh\mobile\dsh\DshPartnerOrderChatMessageCreateScreen.tsx","unknown","DshPartnerOrderChatMessageCreateScreen",".tsx","DshPartnerOrderChatMessageCreateScreen.tsx","True","under packages/surfaces/src/dsh","False","True","False"
"surfaces","C:\Users\b\Documents\GitHub\bthfinal\packages\surfaces\src\dsh\mobile\dsh\DshPartnerOrderChatMessagesListScreen.tsx","packages\surfaces\src\dsh\mobile\dsh\DshPartnerOrderChatMessagesListScreen.tsx","unknown","DshPartnerOrderChatMessagesListScreen",".tsx","DshPartnerOrderChatMessagesListScreen.tsx","True","under packages/surfaces/src/dsh","False","True","False"
"surfaces","C:\Users\b\Documents\GitHub\bthfinal\packages\surfaces\src\dsh\mobile\dsh\DshPartnerOrderChatReadAckScreen.tsx","packages\surfaces\src\dsh\mobile\dsh\DshPartnerOrderChatReadAckScreen.tsx","unknown","DshPartnerOrderChatReadAckScreen",".tsx","DshPartnerOrderChatReadAckScreen.tsx","True","under packages/surfaces/src/dsh","False","True","False"
"surfaces","C:\Users\b\Documents\GitHub\bthfinal\packages\surfaces\src\dsh\mobile\index.ts","packages\surfaces\src\dsh\mobile\index.ts","unknown","index",".ts","index.ts","True","under packages/surfaces/src/dsh","False","False","False"
"surfaces","C:\Users\b\Documents\GitHub\bthfinal\packages\surfaces\src\dsh\partnerStoreSwitcherFixtures.ts","packages\surfaces\src\dsh\partnerStoreSwitcherFixtures.ts","unknown","partnerStoreSwitcherFixtures",".ts","partnerStoreSwitcherFixtures.ts","True","under packages/surfaces/src/dsh","False","False","False"
"surfaces","C:\Users\b\Documents\GitHub\bthfinal\packages\surfaces\src\dsh\types.ts","packages\surfaces\src\dsh\types.ts","unknown","types",".ts","types.ts","True","under packages/surfaces/src/dsh","False","False","False"
"surfaces","C:\Users\b\Documents\GitHub\bthfinal\packages\surfaces\src\dsh\WHAT_TO_ADD.md","packages\surfaces\src\dsh\WHAT_TO_ADD.md","unknown","WHAT_TO_ADD",".md","WHAT_TO_ADD.md","True","under packages/surfaces/src/dsh","False","False","False"
"surfaces","C:\Users\b\Documents\GitHub\bthfinal\packages\surfaces\src\dsh\wrappers.ts","packages\surfaces\src\dsh\wrappers.ts","unknown","wrappers",".ts","wrappers.ts","True","under packages/surfaces/src/dsh","False","False","False"

