"donor_path","top_bucket","file_role","derived_operation_id","surface_guess","extension","target_family_guess","target_status","matched_candidate_ids","canonical_targets","candidate_decisions","mapping_confidence","notes"
"apps/backend/api-host/dist/apps/backend/api-host/src/local-prod/dsh-home-infra.controller.d.ts","apps","generated_artifact","","",".ts","","generated_copy","","","","n/a","Supporting or cluster-level file without a single operation identity."
"apps/backend/api-host/dist/apps/backend/api-host/src/local-prod/dsh-home-infra.controller.js","apps","generated_artifact","","",".js","","generated_copy","","","","n/a","Supporting or cluster-level file without a single operation identity."
"apps/backend/api-host/dist/apps/backend/api-host/src/local-prod/dsh-home-infra.controller.js.map","apps","generated_artifact","","",".map","","generated_copy","","","","n/a","Supporting or cluster-level file without a single operation identity."
"apps/backend/api-host/dist/apps/backend/api-host/src/local-prod/dsh-home-seed.d.ts","apps","generated_artifact","","",".ts","","generated_copy","","","","n/a","Supporting or cluster-level file without a single operation identity."
"apps/backend/api-host/dist/apps/backend/api-host/src/local-prod/dsh-home-seed.js","apps","generated_artifact","","",".js","","generated_copy","","","","n/a","Supporting or cluster-level file without a single operation identity."
"apps/backend/api-host/dist/apps/backend/api-host/src/local-prod/dsh-home-seed.js.map","apps","generated_artifact","","",".map","","generated_copy","","","","n/a","Supporting or cluster-level file without a single operation identity."
"apps/backend/api-host/dist/services/dsh/src/controllers/dsh.controller.d.ts","apps","generated_artifact","","",".ts","","generated_copy","","","","n/a","Supporting or cluster-level file without a single operation identity."
"apps/backend/api-host/dist/services/dsh/src/controllers/dsh.controller.js","apps","generated_artifact","","",".js","","generated_copy","","","","n/a","Supporting or cluster-level file without a single operation identity."
"apps/backend/api-host/dist/services/dsh/src/controllers/dsh.controller.js.map","apps","generated_artifact","","",".map","","generated_copy","","","","n/a","Supporting or cluster-level file without a single operation identity."
"apps/backend/api-host/dist/services/dsh/src/dsh-shein.service.d.ts","apps","generated_artifact","","",".ts","","generated_copy","","","","n/a","Supporting or cluster-level file without a single operation identity."
"apps/backend/api-host/dist/services/dsh/src/dsh-shein.service.js","apps","generated_artifact","","",".js","","generated_copy","","","","n/a","Supporting or cluster-level file without a single operation identity."
"apps/backend/api-host/dist/services/dsh/src/dsh-shein.service.js.map","apps","generated_artifact","","",".map","","generated_copy","","","","n/a","Supporting or cluster-level file without a single operation identity."
"apps/backend/api-host/dist/services/dsh/src/dsh.module.d.ts","apps","generated_artifact","","",".ts","","generated_copy","","","","n/a","Supporting or cluster-level file without a single operation identity."
"apps/backend/api-host/dist/services/dsh/src/dsh.module.js","apps","generated_artifact","","",".js","","generated_copy","","","","n/a","Supporting or cluster-level file without a single operation identity."
"apps/backend/api-host/dist/services/dsh/src/dsh.module.js.map","apps","generated_artifact","","",".map","","generated_copy","","","","n/a","Supporting or cluster-level file without a single operation identity."
"apps/backend/api-host/dist/services/dsh/src/entities/shein-proxy-request.entity.d.ts","apps","generated_artifact","","",".ts","","generated_copy","","","","n/a","Supporting or cluster-level file without a single operation identity."
"apps/backend/api-host/dist/services/dsh/src/entities/shein-proxy-request.entity.js","apps","generated_artifact","","",".js","","generated_copy","","","","n/a","Supporting or cluster-level file without a single operation identity."
"apps/backend/api-host/dist/services/dsh/src/entities/shein-proxy-request.entity.js.map","apps","generated_artifact","","",".map","","generated_copy","","","","n/a","Supporting or cluster-level file without a single operation identity."
"apps/backend/api-host/dist/services/dsh/src/index.d.ts","apps","generated_artifact","","",".ts","","generated_copy","","","","n/a","Supporting or cluster-level file without a single operation identity."
"apps/backend/api-host/dist/services/dsh/src/index.js","apps","generated_artifact","","",".js","","generated_copy","","","","n/a","Supporting or cluster-level file without a single operation identity."
"apps/backend/api-host/dist/services/dsh/src/index.js.map","apps","generated_artifact","","",".map","","generated_copy","","","","n/a","Supporting or cluster-level file without a single operation identity."
"apps/backend/api-host/src/local-prod/dsh-home-infra.controller.ts","apps","local_prod_dsh_helper","","",".ts","","support_only","","","","n/a","Supporting or cluster-level file without a single operation identity."
"apps/backend/api-host/src/local-prod/dsh-home-seed.ts","apps","local_prod_dsh_helper","","",".ts","","support_only","","","","n/a","Supporting or cluster-level file without a single operation identity."
"apps/web/control-panel/app/analytics/dsh-orders/page.tsx","apps","app_route_page","","control-panel",".tsx","","support_only","","","","n/a","Supporting or cluster-level file without a single operation identity."
"apps/web/control-panel/app/finance/dsh/page.tsx","apps","app_route_page","","control-panel",".tsx","","support_only","","","","n/a","Supporting or cluster-level file without a single operation identity."
"apps/web/control-panel/app/operations/dsh/arrival-bell/page.tsx","apps","app_route_page","","control-panel",".tsx","","support_only","","","","n/a","Supporting or cluster-level file without a single operation identity."
"apps/web/control-panel/app/operations/dsh/orders/[id]/page.tsx","apps","app_route_page","","control-panel",".tsx","","support_only","","","","n/a","Supporting or cluster-level file without a single operation identity."
"apps/web/control-panel/app/operations/dsh/orders/page.tsx","apps","app_route_page","","control-panel",".tsx","","support_only","","","","n/a","Supporting or cluster-level file without a single operation identity."
"apps/web/control-panel/app/operations/dsh/page.tsx","apps","app_route_page","","control-panel",".tsx","","support_only","","","","n/a","Supporting or cluster-level file without a single operation identity."
"apps/web/control-panel/app/operations/dsh/peak-mode/page.tsx","apps","app_route_page","","control-panel",".tsx","","support_only","","","","n/a","Supporting or cluster-level file without a single operation identity."
"apps/web/control-panel/app/operations/dsh/reassign/page.tsx","apps","app_route_page","","control-panel",".tsx","","support_only","","","","n/a","Supporting or cluster-level file without a single operation identity."
"apps/web/control-panel/app/operations/dsh/sheinproxy/[id]/estimate/page.tsx","apps","app_route_page","","control-panel",".tsx","","support_only","","","","n/a","Supporting or cluster-level file without a single operation identity."
"apps/web/control-panel/app/operations/dsh/sheinproxy/[id]/offer/page.tsx","apps","app_route_page","dsh_proxy_request_offer","control-panel",".tsx","dsh_proxy_request_flow","covered","dsh_client_proxy_request_entry|dsh_client_proxy_request_tracking|dsh_proxy_requests_list|dsh_proxy_request_review_workspace|dsh_proxy_schedule_companion","dsh_client_proxy_request_entry|dsh_client_proxy_request_tracking|dsh_proxy_requests_list|dsh_proxy_request_review_workspace","","high","Proxy exception family with customer entry and internal review."
"apps/web/control-panel/app/operations/dsh/sheinproxy/[id]/page.tsx","apps","app_route_page","dsh_proxy_request_review_cluster","control-panel",".tsx","dsh_proxy_request_flow","covered","dsh_client_proxy_request_entry|dsh_client_proxy_request_tracking|dsh_proxy_requests_list|dsh_proxy_request_review_workspace|dsh_proxy_schedule_companion","dsh_client_proxy_request_entry|dsh_client_proxy_request_tracking|dsh_proxy_requests_list|dsh_proxy_request_review_workspace","","high","Proxy exception family with customer entry and internal review."
"apps/web/control-panel/app/operations/dsh/sheinproxy/[id]/schedule/page.tsx","apps","app_route_page","dsh_proxy_request_schedule","control-panel",".tsx","dsh_proxy_request_flow","covered","dsh_client_proxy_request_entry|dsh_client_proxy_request_tracking|dsh_proxy_requests_list|dsh_proxy_request_review_workspace|dsh_proxy_schedule_companion","dsh_client_proxy_request_entry|dsh_client_proxy_request_tracking|dsh_proxy_requests_list|dsh_proxy_request_review_workspace","","high","Proxy exception family with customer entry and internal review."
"apps/web/control-panel/app/operations/dsh/sheinproxy/page.tsx","apps","app_route_page","","control-panel",".tsx","","support_only","","","","n/a","Supporting or cluster-level file without a single operation identity."
"apps/web/control-panel/app/operations/dsh/zone-set/page.tsx","apps","app_route_page","dsh_zone_set","control-panel",".tsx","legacy_ops_store_admin","move_to_legacy_or_partner_maintenance","dsh_partner_store_maintenance_workspace|dsh_ops_store_items_and_zone_admin_cluster","dsh_partner_store_maintenance_workspace","","medium","Donor mixes partner and CONTROL_PANEL/admin ownership here; clean target model narrows or defers it."
"apps/web/control-panel/app/service-catalog/services/dsh/page.tsx","apps","app_route_page","dsh_service_catalog_entry","control-panel",".tsx","UNMAPPED","support_only","","","","low","No current deterministic clean mapping rule found."
"apps/web/control-panel/app/support/dsh-chat/page.tsx","apps","app_route_page","dsh_chat_support_cluster","control-panel",".tsx","UNMAPPED","support_only","","","","low","No current deterministic clean mapping rule found."
"packages/api-clients/dist/dsh/dsh-captain-api.d.ts","packages","generated_artifact","","",".ts","","generated_copy","","","","n/a","Supporting or cluster-level file without a single operation identity."
"packages/api-clients/dist/dsh/dsh-captain-api.d.ts.map","packages","generated_artifact","","",".map","","generated_copy","","","","n/a","Supporting or cluster-level file without a single operation identity."
"packages/api-clients/dist/dsh/dsh-captain-api.js","packages","generated_artifact","","",".js","","generated_copy","","","","n/a","Supporting or cluster-level file without a single operation identity."
"packages/api-clients/dist/dsh/dsh-captain-api.js.map","packages","generated_artifact","","",".map","","generated_copy","","","","n/a","Supporting or cluster-level file without a single operation identity."
"packages/api-clients/dist/dsh/dsh-cart-api.d.ts","packages","generated_artifact","","",".ts","","generated_copy","","","","n/a","Supporting or cluster-level file without a single operation identity."
"packages/api-clients/dist/dsh/dsh-cart-api.d.ts.map","packages","generated_artifact","","",".map","","generated_copy","","","","n/a","Supporting or cluster-level file without a single operation identity."
"packages/api-clients/dist/dsh/dsh-cart-api.js","packages","generated_artifact","","",".js","","generated_copy","","","","n/a","Supporting or cluster-level file without a single operation identity."
"packages/api-clients/dist/dsh/dsh-cart-api.js.map","packages","generated_artifact","","",".map","","generated_copy","","","","n/a","Supporting or cluster-level file without a single operation identity."
"packages/api-clients/dist/dsh/dsh-field-partner-api.d.ts","packages","generated_artifact","","",".ts","","generated_copy","","","","n/a","Supporting or cluster-level file without a single operation identity."
"packages/api-clients/dist/dsh/dsh-field-partner-api.d.ts.map","packages","generated_artifact","","",".map","","generated_copy","","","","n/a","Supporting or cluster-level file without a single operation identity."
"packages/api-clients/dist/dsh/dsh-field-partner-api.js","packages","generated_artifact","","",".js","","generated_copy","","","","n/a","Supporting or cluster-level file without a single operation identity."
"packages/api-clients/dist/dsh/dsh-field-partner-api.js.map","packages","generated_artifact","","",".map","","generated_copy","","","","n/a","Supporting or cluster-level file without a single operation identity."
"packages/api-clients/dist/dsh/dsh-gas-refill-api.d.ts","packages","generated_artifact","","",".ts","","generated_copy","","","","n/a","Supporting or cluster-level file without a single operation identity."
"packages/api-clients/dist/dsh/dsh-gas-refill-api.d.ts.map","packages","generated_artifact","","",".map","","generated_copy","","","","n/a","Supporting or cluster-level file without a single operation identity."
"packages/api-clients/dist/dsh/dsh-gas-refill-api.js","packages","generated_artifact","","",".js","","generated_copy","","","","n/a","Supporting or cluster-level file without a single operation identity."
"packages/api-clients/dist/dsh/dsh-gas-refill-api.js.map","packages","generated_artifact","","",".map","","generated_copy","","","","n/a","Supporting or cluster-level file without a single operation identity."
"packages/api-clients/dist/dsh/dsh-operations-api.d.ts","packages","generated_artifact","","",".ts","","generated_copy","","","","n/a","Supporting or cluster-level file without a single operation identity."
"packages/api-clients/dist/dsh/dsh-operations-api.d.ts.map","packages","generated_artifact","","",".map","","generated_copy","","","","n/a","Supporting or cluster-level file without a single operation identity."
"packages/api-clients/dist/dsh/dsh-operations-api.js","packages","generated_artifact","","",".js","","generated_copy","","","","n/a","Supporting or cluster-level file without a single operation identity."
"packages/api-clients/dist/dsh/dsh-operations-api.js.map","packages","generated_artifact","","",".map","","generated_copy","","","","n/a","Supporting or cluster-level file without a single operation identity."
"packages/api-clients/dist/dsh/dsh-orders-api.d.ts","packages","generated_artifact","","",".ts","","generated_copy","","","","n/a","Supporting or cluster-level file without a single operation identity."
"packages/api-clients/dist/dsh/dsh-orders-api.d.ts.map","packages","generated_artifact","","",".map","","generated_copy","","","","n/a","Supporting or cluster-level file without a single operation identity."
"packages/api-clients/dist/dsh/dsh-orders-api.js","packages","generated_artifact","","",".js","","generated_copy","","","","n/a","Supporting or cluster-level file without a single operation identity."
"packages/api-clients/dist/dsh/dsh-orders-api.js.map","packages","generated_artifact","","",".map","","generated_copy","","","","n/a","Supporting or cluster-level file without a single operation identity."
"packages/api-clients/dist/lib/dsh/dsh-api.d.ts","packages","generated_artifact","","",".ts","","generated_copy","","","","n/a","Supporting or cluster-level file without a single operation identity."
"packages/api-clients/dist/lib/dsh/dsh-api.d.ts.map","packages","generated_artifact","","",".map","","generated_copy","","","","n/a","Supporting or cluster-level file without a single operation identity."
"packages/api-clients/dist/lib/dsh/dsh-api.js","packages","generated_artifact","","",".js","","generated_copy","","","","n/a","Supporting or cluster-level file without a single operation identity."
"packages/api-clients/dist/lib/dsh/dsh-api.js.map","packages","generated_artifact","","",".map","","generated_copy","","","","n/a","Supporting or cluster-level file without a single operation identity."
"packages/api-clients/dist/lib/dsh/dsh-stores-api.d.ts","packages","generated_artifact","","",".ts","","generated_copy","","","","n/a","Supporting or cluster-level file without a single operation identity."
"packages/api-clients/dist/lib/dsh/dsh-stores-api.d.ts.map","packages","generated_artifact","","",".map","","generated_copy","","","","n/a","Supporting or cluster-level file without a single operation identity."
"packages/api-clients/dist/lib/dsh/dsh-stores-api.js","packages","generated_artifact","","",".js","","generated_copy","","","","n/a","Supporting or cluster-level file without a single operation identity."
"packages/api-clients/dist/lib/dsh/dsh-stores-api.js.map","packages","generated_artifact","","",".map","","generated_copy","","","","n/a","Supporting or cluster-level file without a single operation identity."
"packages/api-clients/src/dsh/dsh-captain-api.ts","packages","other","","",".ts","","support_only","","","","n/a","Supporting or cluster-level file without a single operation identity."
"packages/api-clients/src/dsh/dsh-cart-api.ts","packages","other","","",".ts","","support_only","","","","n/a","Supporting or cluster-level file without a single operation identity."
"packages/api-clients/src/dsh/dsh-field-partner-api.ts","packages","other","","",".ts","","support_only","","","","n/a","Supporting or cluster-level file without a single operation identity."
"packages/api-clients/src/dsh/dsh-gas-refill-api.ts","packages","other","","",".ts","","support_only","","","","n/a","Supporting or cluster-level file without a single operation identity."
"packages/api-clients/src/dsh/dsh-operations-api.ts","packages","other","","",".ts","","support_only","","","","n/a","Supporting or cluster-level file without a single operation identity."
"packages/api-clients/src/dsh/dsh-orders-api.ts","packages","other","","",".ts","","support_only","","","","n/a","Supporting or cluster-level file without a single operation identity."
"packages/api-clients/src/lib/dsh/dsh-api.ts","packages","other","","",".ts","","support_only","","","","n/a","Supporting or cluster-level file without a single operation identity."
"packages/api-clients/src/lib/dsh/dsh-stores-api.ts","packages","other","","",".ts","","support_only","","","","n/a","Supporting or cluster-level file without a single operation identity."
"packages/api-clients/src/lib/thunks/dsh-thunks.ts","packages","other","","",".ts","","support_only","","","","n/a","Supporting or cluster-level file without a single operation identity."
"packages/domain-types/dist/dsh-captain.d.ts","packages","generated_artifact","","",".ts","","generated_copy","","","","n/a","Supporting or cluster-level file without a single operation identity."
"packages/domain-types/dist/dsh-captain.d.ts.map","packages","generated_artifact","","",".map","","generated_copy","","","","n/a","Supporting or cluster-level file without a single operation identity."
"packages/domain-types/dist/dsh-captain.js","packages","generated_artifact","","",".js","","generated_copy","","","","n/a","Supporting or cluster-level file without a single operation identity."
"packages/domain-types/dist/dsh-captain.js.map","packages","generated_artifact","","",".map","","generated_copy","","","","n/a","Supporting or cluster-level file without a single operation identity."
"packages/domain-types/dist/dsh.d.ts","packages","generated_artifact","","",".ts","","generated_copy","","","","n/a","Supporting or cluster-level file without a single operation identity."
"packages/domain-types/dist/dsh.d.ts.map","packages","generated_artifact","","",".map","","generated_copy","","","","n/a","Supporting or cluster-level file without a single operation identity."
"packages/domain-types/dist/dsh.js","packages","generated_artifact","","",".js","","generated_copy","","","","n/a","Supporting or cluster-level file without a single operation identity."
"packages/domain-types/dist/dsh.js.map","packages","generated_artifact","","",".map","","generated_copy","","","","n/a","Supporting or cluster-level file without a single operation identity."
"packages/domain-types/src/dsh-captain.ts","packages","domain_type","","",".ts","","support_only","","","","n/a","Supporting or cluster-level file without a single operation identity."
"packages/domain-types/src/dsh.d.ts","packages","generated_artifact","","",".ts","","generated_copy","","","","n/a","Supporting or cluster-level file without a single operation identity."
"packages/domain-types/src/dsh.d.ts.map","packages","generated_artifact","","",".map","","generated_copy","","","","n/a","Supporting or cluster-level file without a single operation identity."
"packages/domain-types/src/dsh.js","packages","generated_artifact","","",".js","","generated_copy","","","","n/a","Supporting or cluster-level file without a single operation identity."
"packages/domain-types/src/dsh.js.map","packages","generated_artifact","","",".map","","generated_copy","","","","n/a","Supporting or cluster-level file without a single operation identity."
"packages/domain-types/src/dsh.ts","packages","domain_type","","",".ts","","support_only","","","","n/a","Supporting or cluster-level file without a single operation identity."
"packages/security/dist/domain-types/src/dsh.d.ts","packages","generated_artifact","","",".ts","","generated_copy","","","","n/a","Supporting or cluster-level file without a single operation identity."
"packages/security/dist/domain-types/src/dsh.d.ts.map","packages","generated_artifact","","",".map","","generated_copy","","","","n/a","Supporting or cluster-level file without a single operation identity."
"packages/security/dist/domain-types/src/dsh.js","packages","generated_artifact","","",".js","","generated_copy","","","","n/a","Supporting or cluster-level file without a single operation identity."
"packages/security/dist/domain-types/src/dsh.js.map","packages","generated_artifact","","",".map","","generated_copy","","","","n/a","Supporting or cluster-level file without a single operation identity."
"packages/states/src/lib/slices/dsh-slice.ts","packages","other","","",".ts","","support_only","","","","n/a","Supporting or cluster-level file without a single operation identity."
"packages/surfaces/dist/src/dsh/__tests__/pattern_unification.test.ts","packages","generated_artifact","","",".ts","","generated_copy","","","","n/a","Supporting or cluster-level file without a single operation identity."
"packages/surfaces/dist/src/dsh/app-captain/hooks/useDshCaptainDeliveryPositionPing.d.ts","packages","generated_artifact","","app-captain",".ts","","generated_copy","","","","n/a","Supporting or cluster-level file without a single operation identity."
"packages/surfaces/dist/src/dsh/app-captain/hooks/useDshCaptainDeliveryPositionPing.d.ts.map","packages","generated_artifact","","app-captain",".map","","generated_copy","","","","n/a","Supporting or cluster-level file without a single operation identity."
"packages/surfaces/dist/src/dsh/app-captain/hooks/useDshCaptainDeliveryPositionPing.js","packages","generated_artifact","","app-captain",".js","","generated_copy","","","","n/a","Supporting or cluster-level file without a single operation identity."
"packages/surfaces/dist/src/dsh/app-captain/hooks/useDshCaptainDeliveryPositionPing.js.map","packages","generated_artifact","","app-captain",".map","","generated_copy","","","","n/a","Supporting or cluster-level file without a single operation identity."
"packages/surfaces/dist/src/dsh/app-captain/hooks/useDshCaptainDeliveryPositionPing.ts","packages","generated_artifact","","app-captain",".ts","","generated_copy","","","","n/a","Supporting or cluster-level file without a single operation identity."
"packages/surfaces/dist/src/dsh/app-captain/mobile/auto_captain_earnings_history.d.ts","packages","generated_artifact","","app-captain",".ts","","generated_copy","","","","n/a","Supporting or cluster-level file without a single operation identity."
"packages/surfaces/dist/src/dsh/app-captain/mobile/auto_captain_earnings_history.d.ts.map","packages","generated_artifact","","app-captain",".map","","generated_copy","","","","n/a","Supporting or cluster-level file without a single operation identity."
"packages/surfaces/dist/src/dsh/app-captain/mobile/auto_captain_earnings_history.js","packages","generated_artifact","","app-captain",".js","","generated_copy","","","","n/a","Supporting or cluster-level file without a single operation identity."
"packages/surfaces/dist/src/dsh/app-captain/mobile/auto_captain_earnings_history.js.map","packages","generated_artifact","","app-captain",".map","","generated_copy","","","","n/a","Supporting or cluster-level file without a single operation identity."
"packages/surfaces/dist/src/dsh/app-captain/mobile/auto_captain_earnings_history.tsx","packages","generated_artifact","","app-captain",".tsx","","generated_copy","dsh_captain_finance_and_tier_cluster","legacy_or_future_scope","Move to Legacy","n/a","Supporting or cluster-level file without a single operation identity."
"packages/surfaces/dist/src/dsh/app-captain/mobile/auto_captain_financial_reports.d.ts","packages","generated_artifact","","app-captain",".ts","","generated_copy","","","","n/a","Supporting or cluster-level file without a single operation identity."
"packages/surfaces/dist/src/dsh/app-captain/mobile/auto_captain_financial_reports.d.ts.map","packages","generated_artifact","","app-captain",".map","","generated_copy","","","","n/a","Supporting or cluster-level file without a single operation identity."
"packages/surfaces/dist/src/dsh/app-captain/mobile/auto_captain_financial_reports.js","packages","generated_artifact","","app-captain",".js","","generated_copy","","","","n/a","Supporting or cluster-level file without a single operation identity."
"packages/surfaces/dist/src/dsh/app-captain/mobile/auto_captain_financial_reports.js.map","packages","generated_artifact","","app-captain",".map","","generated_copy","","","","n/a","Supporting or cluster-level file without a single operation identity."
"packages/surfaces/dist/src/dsh/app-captain/mobile/auto_captain_financial_reports.tsx","packages","generated_artifact","","app-captain",".tsx","","generated_copy","dsh_captain_finance_and_tier_cluster","legacy_or_future_scope","Move to Legacy","n/a","Supporting or cluster-level file without a single operation identity."
"packages/surfaces/dist/src/dsh/app-captain/mobile/auto_captain_payments.d.ts","packages","generated_artifact","","app-captain",".ts","","generated_copy","","","","n/a","Supporting or cluster-level file without a single operation identity."
"packages/surfaces/dist/src/dsh/app-captain/mobile/auto_captain_payments.d.ts.map","packages","generated_artifact","","app-captain",".map","","generated_copy","","","","n/a","Supporting or cluster-level file without a single operation identity."
"packages/surfaces/dist/src/dsh/app-captain/mobile/auto_captain_payments.js","packages","generated_artifact","","app-captain",".js","","generated_copy","","","","n/a","Supporting or cluster-level file without a single operation identity."
"packages/surfaces/dist/src/dsh/app-captain/mobile/auto_captain_payments.js.map","packages","generated_artifact","","app-captain",".map","","generated_copy","","","","n/a","Supporting or cluster-level file without a single operation identity."
"packages/surfaces/dist/src/dsh/app-captain/mobile/auto_captain_payments.tsx","packages","generated_artifact","","app-captain",".tsx","","generated_copy","dsh_captain_finance_and_tier_cluster","legacy_or_future_scope","Move to Legacy","n/a","Supporting or cluster-level file without a single operation identity."
"packages/surfaces/dist/src/dsh/app-captain/mobile/auto_captain_settlements.d.ts","packages","generated_artifact","","app-captain",".ts","","generated_copy","","","","n/a","Supporting or cluster-level file without a single operation identity."
"packages/surfaces/dist/src/dsh/app-captain/mobile/auto_captain_settlements.d.ts.map","packages","generated_artifact","","app-captain",".map","","generated_copy","","","","n/a","Supporting or cluster-level file without a single operation identity."
"packages/surfaces/dist/src/dsh/app-captain/mobile/auto_captain_settlements.js","packages","generated_artifact","","app-captain",".js","","generated_copy","","","","n/a","Supporting or cluster-level file without a single operation identity."
"packages/surfaces/dist/src/dsh/app-captain/mobile/auto_captain_settlements.js.map","packages","generated_artifact","","app-captain",".map","","generated_copy","","","","n/a","Supporting or cluster-level file without a single operation identity."
"packages/surfaces/dist/src/dsh/app-captain/mobile/auto_captain_settlements.tsx","packages","generated_artifact","","app-captain",".tsx","","generated_copy","dsh_captain_finance_and_tier_cluster","legacy_or_future_scope","Move to Legacy","n/a","Supporting or cluster-level file without a single operation identity."
"packages/surfaces/dist/src/dsh/app-captain/mobile/auto_captain_wallet.d.ts","packages","generated_artifact","","app-captain",".ts","","generated_copy","","","","n/a","Supporting or cluster-level file without a single operation identity."
"packages/surfaces/dist/src/dsh/app-captain/mobile/auto_captain_wallet.d.ts.map","packages","generated_artifact","","app-captain",".map","","generated_copy","","","","n/a","Supporting or cluster-level file without a single operation identity."
"packages/surfaces/dist/src/dsh/app-captain/mobile/auto_captain_wallet.js","packages","generated_artifact","","app-captain",".js","","generated_copy","","","","n/a","Supporting or cluster-level file without a single operation identity."
"packages/surfaces/dist/src/dsh/app-captain/mobile/auto_captain_wallet.js.map","packages","generated_artifact","","app-captain",".map","","generated_copy","","","","n/a","Supporting or cluster-level file without a single operation identity."
"packages/surfaces/dist/src/dsh/app-captain/mobile/auto_captain_wallet.tsx","packages","generated_artifact","","app-captain",".tsx","","generated_copy","dsh_captain_finance_and_tier_cluster","legacy_or_future_scope","Move to Legacy","n/a","Supporting or cluster-level file without a single operation identity."
"packages/surfaces/dist/src/dsh/app-captain/mobile/auto_dsh_captain_chat_read_ack.d.ts","packages","generated_artifact","dsh_captain_chat_read_ack","app-captain",".ts","dsh_customer_order_chat","generated_copy","dsh_captain_chat_companion","dsh_captain_execution_workspace","","high","Captain chat is kept as a companion interaction."
"packages/surfaces/dist/src/dsh/app-captain/mobile/auto_dsh_captain_chat_read_ack.d.ts.map","packages","generated_artifact","dsh_captain_chat_read_ack","app-captain",".map","dsh_customer_order_chat","generated_copy","dsh_captain_chat_companion","dsh_captain_execution_workspace","","high","Captain chat is kept as a companion interaction."
"packages/surfaces/dist/src/dsh/app-captain/mobile/auto_dsh_captain_chat_read_ack.js","packages","generated_artifact","dsh_captain_chat_read_ack","app-captain",".js","dsh_customer_order_chat","generated_copy","dsh_captain_chat_companion","dsh_captain_execution_workspace","","high","Captain chat is kept as a companion interaction."
"packages/surfaces/dist/src/dsh/app-captain/mobile/auto_dsh_captain_chat_read_ack.js.map","packages","generated_artifact","dsh_captain_chat_read_ack","app-captain",".map","dsh_customer_order_chat","generated_copy","dsh_captain_chat_companion","dsh_captain_execution_workspace","","high","Captain chat is kept as a companion interaction."
"packages/surfaces/dist/src/dsh/app-captain/mobile/auto_dsh_captain_chat_read_ack.tsx","packages","generated_artifact","dsh_captain_chat_read_ack","app-captain",".tsx","dsh_customer_order_chat","generated_copy","dsh_captain_chat_companion","dsh_captain_execution_workspace","Convert","high","Captain chat is kept as a companion interaction."
"packages/surfaces/dist/src/dsh/app-captain/mobile/auto_dsh_captain_chat_send.d.ts","packages","generated_artifact","dsh_captain_chat_send","app-captain",".ts","dsh_customer_order_chat","generated_copy","dsh_captain_chat_companion","dsh_captain_execution_workspace","","high","Captain chat is kept as a companion interaction."
"packages/surfaces/dist/src/dsh/app-captain/mobile/auto_dsh_captain_chat_send.d.ts.map","packages","generated_artifact","dsh_captain_chat_send","app-captain",".map","dsh_customer_order_chat","generated_copy","dsh_captain_chat_companion","dsh_captain_execution_workspace","","high","Captain chat is kept as a companion interaction."
"packages/surfaces/dist/src/dsh/app-captain/mobile/auto_dsh_captain_chat_send.js","packages","generated_artifact","dsh_captain_chat_send","app-captain",".js","dsh_customer_order_chat","generated_copy","dsh_captain_chat_companion","dsh_captain_execution_workspace","","high","Captain chat is kept as a companion interaction."
"packages/surfaces/dist/src/dsh/app-captain/mobile/auto_dsh_captain_chat_send.js.map","packages","generated_artifact","dsh_captain_chat_send","app-captain",".map","dsh_customer_order_chat","generated_copy","dsh_captain_chat_companion","dsh_captain_execution_workspace","","high","Captain chat is kept as a companion interaction."
"packages/surfaces/dist/src/dsh/app-captain/mobile/auto_dsh_captain_chat_send.tsx","packages","generated_artifact","dsh_captain_chat_send","app-captain",".tsx","dsh_customer_order_chat","generated_copy","dsh_captain_chat_companion","dsh_captain_execution_workspace","Convert","high","Captain chat is kept as a companion interaction."
"packages/surfaces/dist/src/dsh/app-captain/mobile/auto_dsh_captain_cod_balance.d.ts","packages","generated_artifact","dsh_captain_cod_balance","app-captain",".ts","legacy_captain_finance_tier","generated_copy","dsh_captain_finance_and_tier_cluster","","","high","Finance and tier material sits outside current first-service truth."
"packages/surfaces/dist/src/dsh/app-captain/mobile/auto_dsh_captain_cod_balance.d.ts.map","packages","generated_artifact","dsh_captain_cod_balance","app-captain",".map","legacy_captain_finance_tier","generated_copy","dsh_captain_finance_and_tier_cluster","","","high","Finance and tier material sits outside current first-service truth."
"packages/surfaces/dist/src/dsh/app-captain/mobile/auto_dsh_captain_cod_balance.js","packages","generated_artifact","dsh_captain_cod_balance","app-captain",".js","legacy_captain_finance_tier","generated_copy","dsh_captain_finance_and_tier_cluster","","","high","Finance and tier material sits outside current first-service truth."
"packages/surfaces/dist/src/dsh/app-captain/mobile/auto_dsh_captain_cod_balance.js.map","packages","generated_artifact","dsh_captain_cod_balance","app-captain",".map","legacy_captain_finance_tier","generated_copy","dsh_captain_finance_and_tier_cluster","","","high","Finance and tier material sits outside current first-service truth."
"packages/surfaces/dist/src/dsh/app-captain/mobile/auto_dsh_captain_cod_balance.tsx","packages","generated_artifact","dsh_captain_cod_balance","app-captain",".tsx","legacy_captain_finance_tier","generated_copy","dsh_captain_finance_and_tier_cluster","legacy_or_future_scope","Move to Legacy","high","Finance and tier material sits outside current first-service truth."
"packages/surfaces/dist/src/dsh/app-captain/mobile/auto_dsh_captain_job_reject.d.ts","packages","generated_artifact","dsh_captain_job_reject","app-captain",".ts","dsh_captain_offer_and_acceptance","generated_copy","dsh_captain_reject_action","dsh_captain_execution_workspace","","high","Reject action is subordinate to captain execution."
"packages/surfaces/dist/src/dsh/app-captain/mobile/auto_dsh_captain_job_reject.d.ts.map","packages","generated_artifact","dsh_captain_job_reject","app-captain",".map","dsh_captain_offer_and_acceptance","generated_copy","dsh_captain_reject_action","dsh_captain_execution_workspace","","high","Reject action is subordinate to captain execution."
"packages/surfaces/dist/src/dsh/app-captain/mobile/auto_dsh_captain_job_reject.js","packages","generated_artifact","dsh_captain_job_reject","app-captain",".js","dsh_captain_offer_and_acceptance","generated_copy","dsh_captain_reject_action","dsh_captain_execution_workspace","","high","Reject action is subordinate to captain execution."
"packages/surfaces/dist/src/dsh/app-captain/mobile/auto_dsh_captain_job_reject.js.map","packages","generated_artifact","dsh_captain_job_reject","app-captain",".map","dsh_captain_offer_and_acceptance","generated_copy","dsh_captain_reject_action","dsh_captain_execution_workspace","","high","Reject action is subordinate to captain execution."
"packages/surfaces/dist/src/dsh/app-captain/mobile/auto_dsh_captain_job_reject.tsx","packages","generated_artifact","dsh_captain_job_reject","app-captain",".tsx","dsh_captain_offer_and_acceptance","generated_copy","dsh_captain_execution_workspace|dsh_captain_order_step_variants|dsh_captain_reject_action","dsh_captain_execution_workspace","Convert|Keep|Merge","high","Reject action is subordinate to captain execution."
"packages/surfaces/dist/src/dsh/app-captain/mobile/auto_dsh_captain_order_accept.d.ts","packages","generated_artifact","dsh_captain_order_accept","app-captain",".ts","UNMAPPED","generated_copy","","","","low","No current deterministic clean mapping rule found."
"packages/surfaces/dist/src/dsh/app-captain/mobile/auto_dsh_captain_order_accept.d.ts.map","packages","generated_artifact","dsh_captain_order_accept","app-captain",".map","UNMAPPED","generated_copy","","","","low","No current deterministic clean mapping rule found."
"packages/surfaces/dist/src/dsh/app-captain/mobile/auto_dsh_captain_order_accept.js","packages","generated_artifact","dsh_captain_order_accept","app-captain",".js","UNMAPPED","generated_copy","","","","low","No current deterministic clean mapping rule found."
"packages/surfaces/dist/src/dsh/app-captain/mobile/auto_dsh_captain_order_accept.js.map","packages","generated_artifact","dsh_captain_order_accept","app-captain",".map","UNMAPPED","generated_copy","","","","low","No current deterministic clean mapping rule found."
"packages/surfaces/dist/src/dsh/app-captain/mobile/auto_dsh_captain_order_accept.tsx","packages","generated_artifact","dsh_captain_order_accept","app-captain",".tsx","UNMAPPED","generated_copy","dsh_captain_execution_workspace|dsh_captain_order_step_variants","dsh_captain_execution_workspace","Keep|Merge","low","No current deterministic clean mapping rule found."
"packages/surfaces/dist/src/dsh/app-captain/mobile/auto_dsh_captain_order_deliver.d.ts","packages","generated_artifact","dsh_captain_order_deliver","app-captain",".ts","UNMAPPED","generated_copy","","","","low","No current deterministic clean mapping rule found."
"packages/surfaces/dist/src/dsh/app-captain/mobile/auto_dsh_captain_order_deliver.d.ts.map","packages","generated_artifact","dsh_captain_order_deliver","app-captain",".map","UNMAPPED","generated_copy","","","","low","No current deterministic clean mapping rule found."
"packages/surfaces/dist/src/dsh/app-captain/mobile/auto_dsh_captain_order_deliver.js","packages","generated_artifact","dsh_captain_order_deliver","app-captain",".js","UNMAPPED","generated_copy","","","","low","No current deterministic clean mapping rule found."
"packages/surfaces/dist/src/dsh/app-captain/mobile/auto_dsh_captain_order_deliver.js.map","packages","generated_artifact","dsh_captain_order_deliver","app-captain",".map","UNMAPPED","generated_copy","","","","low","No current deterministic clean mapping rule found."
"packages/surfaces/dist/src/dsh/app-captain/mobile/auto_dsh_captain_order_deliver.tsx","packages","generated_artifact","dsh_captain_order_deliver","app-captain",".tsx","UNMAPPED","generated_copy","dsh_captain_execution_workspace|dsh_captain_order_step_variants","dsh_captain_execution_workspace","Keep|Merge","low","No current deterministic clean mapping rule found."
"packages/surfaces/dist/src/dsh/app-captain/mobile/auto_dsh_captain_order_details.d.ts","packages","generated_artifact","dsh_captain_order_details","app-captain",".ts","UNMAPPED","generated_copy","","","","low","No current deterministic clean mapping rule found."
"packages/surfaces/dist/src/dsh/app-captain/mobile/auto_dsh_captain_order_details.d.ts.map","packages","generated_artifact","dsh_captain_order_details","app-captain",".map","UNMAPPED","generated_copy","","","","low","No current deterministic clean mapping rule found."
"packages/surfaces/dist/src/dsh/app-captain/mobile/auto_dsh_captain_order_details.js","packages","generated_artifact","dsh_captain_order_details","app-captain",".js","UNMAPPED","generated_copy","","","","low","No current deterministic clean mapping rule found."
"packages/surfaces/dist/src/dsh/app-captain/mobile/auto_dsh_captain_order_details.js.map","packages","generated_artifact","dsh_captain_order_details","app-captain",".map","UNMAPPED","generated_copy","","","","low","No current deterministic clean mapping rule found."
"packages/surfaces/dist/src/dsh/app-captain/mobile/auto_dsh_captain_order_details.tsx","packages","generated_artifact","dsh_captain_order_details","app-captain",".tsx","UNMAPPED","generated_copy","dsh_captain_execution_workspace|dsh_captain_order_step_variants","dsh_captain_execution_workspace","Keep|Merge","low","No current deterministic clean mapping rule found."
"packages/surfaces/dist/src/dsh/app-captain/mobile/auto_dsh_captain_order_get.d.ts","packages","generated_artifact","dsh_captain_order_get","app-captain",".ts","UNMAPPED","generated_copy","","","","low","No current deterministic clean mapping rule found."
"packages/surfaces/dist/src/dsh/app-captain/mobile/auto_dsh_captain_order_get.d.ts.map","packages","generated_artifact","dsh_captain_order_get","app-captain",".map","UNMAPPED","generated_copy","","","","low","No current deterministic clean mapping rule found."
"packages/surfaces/dist/src/dsh/app-captain/mobile/auto_dsh_captain_order_get.js","packages","generated_artifact","dsh_captain_order_get","app-captain",".js","UNMAPPED","generated_copy","","","","low","No current deterministic clean mapping rule found."
"packages/surfaces/dist/src/dsh/app-captain/mobile/auto_dsh_captain_order_get.js.map","packages","generated_artifact","dsh_captain_order_get","app-captain",".map","UNMAPPED","generated_copy","","","","low","No current deterministic clean mapping rule found."
"packages/surfaces/dist/src/dsh/app-captain/mobile/auto_dsh_captain_order_get.tsx","packages","generated_artifact","dsh_captain_order_get","app-captain",".tsx","UNMAPPED","generated_copy","dsh_captain_execution_workspace","dsh_captain_execution_workspace","Keep","low","No current deterministic clean mapping rule found."
"packages/surfaces/dist/src/dsh/app-captain/mobile/auto_dsh_captain_order_pickup.d.ts","packages","generated_artifact","dsh_captain_order_pickup","app-captain",".ts","UNMAPPED","generated_copy","","","","low","No current deterministic clean mapping rule found."
"packages/surfaces/dist/src/dsh/app-captain/mobile/auto_dsh_captain_order_pickup.d.ts.map","packages","generated_artifact","dsh_captain_order_pickup","app-captain",".map","UNMAPPED","generated_copy","","","","low","No current deterministic clean mapping rule found."
"packages/surfaces/dist/src/dsh/app-captain/mobile/auto_dsh_captain_order_pickup.js","packages","generated_artifact","dsh_captain_order_pickup","app-captain",".js","UNMAPPED","generated_copy","","","","low","No current deterministic clean mapping rule found."
"packages/surfaces/dist/src/dsh/app-captain/mobile/auto_dsh_captain_order_pickup.js.map","packages","generated_artifact","dsh_captain_order_pickup","app-captain",".map","UNMAPPED","generated_copy","","","","low","No current deterministic clean mapping rule found."
"packages/surfaces/dist/src/dsh/app-captain/mobile/auto_dsh_captain_order_pickup.tsx","packages","generated_artifact","dsh_captain_order_pickup","app-captain",".tsx","UNMAPPED","generated_copy","dsh_captain_execution_workspace|dsh_captain_order_step_variants","dsh_captain_execution_workspace","Keep|Merge","low","No current deterministic clean mapping rule found."
"packages/surfaces/dist/src/dsh/app-captain/mobile/auto_dsh_captain_orders_list.d.ts","packages","generated_artifact","dsh_captain_orders_list","app-captain",".ts","UNMAPPED","generated_copy","","","","low","No current deterministic clean mapping rule found."
"packages/surfaces/dist/src/dsh/app-captain/mobile/auto_dsh_captain_orders_list.d.ts.map","packages","generated_artifact","dsh_captain_orders_list","app-captain",".map","UNMAPPED","generated_copy","","","","low","No current deterministic clean mapping rule found."
"packages/surfaces/dist/src/dsh/app-captain/mobile/auto_dsh_captain_orders_list.js","packages","generated_artifact","dsh_captain_orders_list","app-captain",".js","UNMAPPED","generated_copy","","","","low","No current deterministic clean mapping rule found."
"packages/surfaces/dist/src/dsh/app-captain/mobile/auto_dsh_captain_orders_list.js.map","packages","generated_artifact","dsh_captain_orders_list","app-captain",".map","UNMAPPED","generated_copy","","","","low","No current deterministic clean mapping rule found."
"packages/surfaces/dist/src/dsh/app-captain/mobile/auto_dsh_captain_orders_list.tsx","packages","generated_artifact","dsh_captain_orders_list","app-captain",".tsx","UNMAPPED","generated_copy","dsh_captain_offers_list","dsh_captain_offers_list","Keep","low","No current deterministic clean mapping rule found."
"packages/surfaces/dist/src/dsh/app-captain/mobile/auto_dsh_captain_orders_offers_list.d.ts","packages","generated_artifact","dsh_captain_orders_offers_list","app-captain",".ts","UNMAPPED","generated_copy","","","","low","No current deterministic clean mapping rule found."
"packages/surfaces/dist/src/dsh/app-captain/mobile/auto_dsh_captain_orders_offers_list.d.ts.map","packages","generated_artifact","dsh_captain_orders_offers_list","app-captain",".map","UNMAPPED","generated_copy","","","","low","No current deterministic clean mapping rule found."
"packages/surfaces/dist/src/dsh/app-captain/mobile/auto_dsh_captain_orders_offers_list.js","packages","generated_artifact","dsh_captain_orders_offers_list","app-captain",".js","UNMAPPED","generated_copy","","","","low","No current deterministic clean mapping rule found."
"packages/surfaces/dist/src/dsh/app-captain/mobile/auto_dsh_captain_orders_offers_list.js.map","packages","generated_artifact","dsh_captain_orders_offers_list","app-captain",".map","UNMAPPED","generated_copy","","","","low","No current deterministic clean mapping rule found."
"packages/surfaces/dist/src/dsh/app-captain/mobile/auto_dsh_captain_orders_offers_list.tsx","packages","generated_artifact","dsh_captain_orders_offers_list","app-captain",".tsx","UNMAPPED","generated_copy","dsh_captain_offers_list","dsh_captain_offers_list","Keep","low","No current deterministic clean mapping rule found."
"packages/surfaces/dist/src/dsh/app-captain/mobile/auto_dsh_captain_profile_get.d.ts","packages","generated_artifact","dsh_captain_profile_get","app-captain",".ts","legacy_actor_profile_support","generated_copy","legacy_or_future_scope","","","high","Actor profile support is outside the current DSH operational screen truth."
"packages/surfaces/dist/src/dsh/app-captain/mobile/auto_dsh_captain_profile_get.d.ts.map","packages","generated_artifact","dsh_captain_profile_get","app-captain",".map","legacy_actor_profile_support","generated_copy","legacy_or_future_scope","","","high","Actor profile support is outside the current DSH operational screen truth."
"packages/surfaces/dist/src/dsh/app-captain/mobile/auto_dsh_captain_profile_get.js","packages","generated_artifact","dsh_captain_profile_get","app-captain",".js","legacy_actor_profile_support","generated_copy","legacy_or_future_scope","","","high","Actor profile support is outside the current DSH operational screen truth."
"packages/surfaces/dist/src/dsh/app-captain/mobile/auto_dsh_captain_profile_get.js.map","packages","generated_artifact","dsh_captain_profile_get","app-captain",".map","legacy_actor_profile_support","generated_copy","legacy_or_future_scope","","","high","Actor profile support is outside the current DSH operational screen truth."
"packages/surfaces/dist/src/dsh/app-captain/mobile/auto_dsh_captain_profile_get.tsx","packages","generated_artifact","dsh_captain_profile_get","app-captain",".tsx","legacy_actor_profile_support","generated_copy","legacy_or_future_scope","","","high","Actor profile support is outside the current DSH operational screen truth."
"packages/surfaces/dist/src/dsh/app-captain/mobile/auto_dsh_captain_proof_upload.d.ts","packages","generated_artifact","dsh_captain_proof_upload","app-captain",".ts","dsh_delivery_proof_and_verification","generated_copy","dsh_captain_proof_capture","dsh_captain_proof_capture","","high","Proof capture is an explicit completion gate."
"packages/surfaces/dist/src/dsh/app-captain/mobile/auto_dsh_captain_proof_upload.d.ts.map","packages","generated_artifact","dsh_captain_proof_upload","app-captain",".map","dsh_delivery_proof_and_verification","generated_copy","dsh_captain_proof_capture","dsh_captain_proof_capture","","high","Proof capture is an explicit completion gate."
"packages/surfaces/dist/src/dsh/app-captain/mobile/auto_dsh_captain_proof_upload.js","packages","generated_artifact","dsh_captain_proof_upload","app-captain",".js","dsh_delivery_proof_and_verification","generated_copy","dsh_captain_proof_capture","dsh_captain_proof_capture","","high","Proof capture is an explicit completion gate."
"packages/surfaces/dist/src/dsh/app-captain/mobile/auto_dsh_captain_proof_upload.js.map","packages","generated_artifact","dsh_captain_proof_upload","app-captain",".map","dsh_delivery_proof_and_verification","generated_copy","dsh_captain_proof_capture","dsh_captain_proof_capture","","high","Proof capture is an explicit completion gate."
"packages/surfaces/dist/src/dsh/app-captain/mobile/auto_dsh_captain_proof_upload.tsx","packages","generated_artifact","dsh_captain_proof_upload","app-captain",".tsx","dsh_delivery_proof_and_verification","generated_copy","dsh_captain_proof_capture","dsh_captain_proof_capture","Keep","high","Proof capture is an explicit completion gate."
"packages/surfaces/dist/src/dsh/app-captain/mobile/auto_dsh_captain_tier_evaluate.d.ts","packages","generated_artifact","dsh_captain_tier_evaluate","app-captain",".ts","legacy_captain_finance_tier","generated_copy","dsh_captain_finance_and_tier_cluster","","","high","Finance and tier material sits outside current first-service truth."
"packages/surfaces/dist/src/dsh/app-captain/mobile/auto_dsh_captain_tier_evaluate.d.ts.map","packages","generated_artifact","dsh_captain_tier_evaluate","app-captain",".map","legacy_captain_finance_tier","generated_copy","dsh_captain_finance_and_tier_cluster","","","high","Finance and tier material sits outside current first-service truth."
"packages/surfaces/dist/src/dsh/app-captain/mobile/auto_dsh_captain_tier_evaluate.js","packages","generated_artifact","dsh_captain_tier_evaluate","app-captain",".js","legacy_captain_finance_tier","generated_copy","dsh_captain_finance_and_tier_cluster","","","high","Finance and tier material sits outside current first-service truth."
"packages/surfaces/dist/src/dsh/app-captain/mobile/auto_dsh_captain_tier_evaluate.js.map","packages","generated_artifact","dsh_captain_tier_evaluate","app-captain",".map","legacy_captain_finance_tier","generated_copy","dsh_captain_finance_and_tier_cluster","","","high","Finance and tier material sits outside current first-service truth."
"packages/surfaces/dist/src/dsh/app-captain/mobile/auto_dsh_captain_tier_evaluate.tsx","packages","generated_artifact","dsh_captain_tier_evaluate","app-captain",".tsx","legacy_captain_finance_tier","generated_copy","dsh_captain_finance_and_tier_cluster","legacy_or_future_scope","Move to Legacy","high","Finance and tier material sits outside current first-service truth."
"packages/surfaces/dist/src/dsh/app-captain/mobile/auto_dsh_captain_tier_info.d.ts","packages","generated_artifact","dsh_captain_tier_info","app-captain",".ts","legacy_captain_finance_tier","generated_copy","dsh_captain_finance_and_tier_cluster","","","high","Finance and tier material sits outside current first-service truth."
"packages/surfaces/dist/src/dsh/app-captain/mobile/auto_dsh_captain_tier_info.d.ts.map","packages","generated_artifact","dsh_captain_tier_info","app-captain",".map","legacy_captain_finance_tier","generated_copy","dsh_captain_finance_and_tier_cluster","","","high","Finance and tier material sits outside current first-service truth."
"packages/surfaces/dist/src/dsh/app-captain/mobile/auto_dsh_captain_tier_info.js","packages","generated_artifact","dsh_captain_tier_info","app-captain",".js","legacy_captain_finance_tier","generated_copy","dsh_captain_finance_and_tier_cluster","","","high","Finance and tier material sits outside current first-service truth."
"packages/surfaces/dist/src/dsh/app-captain/mobile/auto_dsh_captain_tier_info.js.map","packages","generated_artifact","dsh_captain_tier_info","app-captain",".map","legacy_captain_finance_tier","generated_copy","dsh_captain_finance_and_tier_cluster","","","high","Finance and tier material sits outside current first-service truth."
"packages/surfaces/dist/src/dsh/app-captain/mobile/auto_dsh_captain_tier_info.tsx","packages","generated_artifact","dsh_captain_tier_info","app-captain",".tsx","legacy_captain_finance_tier","generated_copy","dsh_captain_finance_and_tier_cluster","legacy_or_future_scope","Move to Legacy","high","Finance and tier material sits outside current first-service truth."
"packages/surfaces/dist/src/dsh/app-captain/mobile/index.d.ts","packages","generated_artifact","","app-captain",".ts","","generated_copy","","","","n/a","Supporting or cluster-level file without a single operation identity."
"packages/surfaces/dist/src/dsh/app-captain/mobile/index.d.ts.map","packages","generated_artifact","","app-captain",".map","","generated_copy","","","","n/a","Supporting or cluster-level file without a single operation identity."
"packages/surfaces/dist/src/dsh/app-captain/mobile/index.js","packages","generated_artifact","","app-captain",".js","","generated_copy","","","","n/a","Supporting or cluster-level file without a single operation identity."
"packages/surfaces/dist/src/dsh/app-captain/mobile/index.js.map","packages","generated_artifact","","app-captain",".map","","generated_copy","","","","n/a","Supporting or cluster-level file without a single operation identity."
"packages/surfaces/dist/src/dsh/app-captain/mobile/index.ts","packages","generated_artifact","","app-captain",".ts","","generated_copy","","","","n/a","Supporting or cluster-level file without a single operation identity."
"packages/surfaces/dist/src/dsh/app-field/mobile/auto_dsh_field_store_activation_request.d.ts","packages","generated_artifact","dsh_field_store_activation_request","app-field",".ts","dsh_field_activation_support","generated_copy","dsh_field_activation_workspace|dsh_field_geo_pin_companion|dsh_field_visit_log_companion","dsh_field_activation_workspace","","high","Field support branch remains optional."
"packages/surfaces/dist/src/dsh/app-field/mobile/auto_dsh_field_store_activation_request.d.ts.map","packages","generated_artifact","dsh_field_store_activation_request","app-field",".map","dsh_field_activation_support","generated_copy","dsh_field_activation_workspace|dsh_field_geo_pin_companion|dsh_field_visit_log_companion","dsh_field_activation_workspace","","high","Field support branch remains optional."
"packages/surfaces/dist/src/dsh/app-field/mobile/auto_dsh_field_store_activation_request.js","packages","generated_artifact","dsh_field_store_activation_request","app-field",".js","dsh_field_activation_support","generated_copy","dsh_field_activation_workspace|dsh_field_geo_pin_companion|dsh_field_visit_log_companion","dsh_field_activation_workspace","","high","Field support branch remains optional."
"packages/surfaces/dist/src/dsh/app-field/mobile/auto_dsh_field_store_activation_request.js.map","packages","generated_artifact","dsh_field_store_activation_request","app-field",".map","dsh_field_activation_support","generated_copy","dsh_field_activation_workspace|dsh_field_geo_pin_companion|dsh_field_visit_log_companion","dsh_field_activation_workspace","","high","Field support branch remains optional."
"packages/surfaces/dist/src/dsh/app-field/mobile/auto_dsh_field_store_activation_request.tsx","packages","generated_artifact","dsh_field_store_activation_request","app-field",".tsx","dsh_field_activation_support","generated_copy","dsh_field_activation_workspace","dsh_field_activation_workspace","Keep","high","Field support branch remains optional."
"packages/surfaces/dist/src/dsh/app-field/mobile/auto_dsh_field_store_geo_pin.d.ts","packages","generated_artifact","dsh_field_store_geo_pin","app-field",".ts","dsh_field_activation_support","generated_copy","dsh_field_activation_workspace|dsh_field_geo_pin_companion|dsh_field_visit_log_companion","dsh_field_activation_workspace","","high","Field support branch remains optional."
"packages/surfaces/dist/src/dsh/app-field/mobile/auto_dsh_field_store_geo_pin.d.ts.map","packages","generated_artifact","dsh_field_store_geo_pin","app-field",".map","dsh_field_activation_support","generated_copy","dsh_field_activation_workspace|dsh_field_geo_pin_companion|dsh_field_visit_log_companion","dsh_field_activation_workspace","","high","Field support branch remains optional."
"packages/surfaces/dist/src/dsh/app-field/mobile/auto_dsh_field_store_geo_pin.js","packages","generated_artifact","dsh_field_store_geo_pin","app-field",".js","dsh_field_activation_support","generated_copy","dsh_field_activation_workspace|dsh_field_geo_pin_companion|dsh_field_visit_log_companion","dsh_field_activation_workspace","","high","Field support branch remains optional."
"packages/surfaces/dist/src/dsh/app-field/mobile/auto_dsh_field_store_geo_pin.js.map","packages","generated_artifact","dsh_field_store_geo_pin","app-field",".map","dsh_field_activation_support","generated_copy","dsh_field_activation_workspace|dsh_field_geo_pin_companion|dsh_field_visit_log_companion","dsh_field_activation_workspace","","high","Field support branch remains optional."
"packages/surfaces/dist/src/dsh/app-field/mobile/auto_dsh_field_store_geo_pin.tsx","packages","generated_artifact","dsh_field_store_geo_pin","app-field",".tsx","dsh_field_activation_support","generated_copy","dsh_field_geo_pin_companion","dsh_field_activation_workspace","Convert","high","Field support branch remains optional."
"packages/surfaces/dist/src/dsh/app-field/mobile/auto_dsh_field_store_visit_log.d.ts","packages","generated_artifact","dsh_field_store_visit_log","app-field",".ts","dsh_field_activation_support","generated_copy","dsh_field_activation_workspace|dsh_field_geo_pin_companion|dsh_field_visit_log_companion","dsh_field_activation_workspace","","high","Field support branch remains optional."
"packages/surfaces/dist/src/dsh/app-field/mobile/auto_dsh_field_store_visit_log.d.ts.map","packages","generated_artifact","dsh_field_store_visit_log","app-field",".map","dsh_field_activation_support","generated_copy","dsh_field_activation_workspace|dsh_field_geo_pin_companion|dsh_field_visit_log_companion","dsh_field_activation_workspace","","high","Field support branch remains optional."
"packages/surfaces/dist/src/dsh/app-field/mobile/auto_dsh_field_store_visit_log.js","packages","generated_artifact","dsh_field_store_visit_log","app-field",".js","dsh_field_activation_support","generated_copy","dsh_field_activation_workspace|dsh_field_geo_pin_companion|dsh_field_visit_log_companion","dsh_field_activation_workspace","","high","Field support branch remains optional."
"packages/surfaces/dist/src/dsh/app-field/mobile/auto_dsh_field_store_visit_log.js.map","packages","generated_artifact","dsh_field_store_visit_log","app-field",".map","dsh_field_activation_support","generated_copy","dsh_field_activation_workspace|dsh_field_geo_pin_companion|dsh_field_visit_log_companion","dsh_field_activation_workspace","","high","Field support branch remains optional."
"packages/surfaces/dist/src/dsh/app-field/mobile/auto_dsh_field_store_visit_log.tsx","packages","generated_artifact","dsh_field_store_visit_log","app-field",".tsx","dsh_field_activation_support","generated_copy","dsh_field_visit_log_companion","dsh_field_activation_workspace","Convert","high","Field support branch remains optional."
"packages/surfaces/dist/src/dsh/app-field/mobile/index.d.ts","packages","generated_artifact","","app-field",".ts","","generated_copy","","","","n/a","Supporting or cluster-level file without a single operation identity."
"packages/surfaces/dist/src/dsh/app-field/mobile/index.d.ts.map","packages","generated_artifact","","app-field",".map","","generated_copy","","","","n/a","Supporting or cluster-level file without a single operation identity."
"packages/surfaces/dist/src/dsh/app-field/mobile/index.js","packages","generated_artifact","","app-field",".js","","generated_copy","","","","n/a","Supporting or cluster-level file without a single operation identity."
"packages/surfaces/dist/src/dsh/app-field/mobile/index.js.map","packages","generated_artifact","","app-field",".map","","generated_copy","","","","n/a","Supporting or cluster-level file without a single operation identity."
"packages/surfaces/dist/src/dsh/app-field/mobile/index.ts","packages","generated_artifact","","app-field",".ts","","generated_copy","","","","n/a","Supporting or cluster-level file without a single operation identity."
"packages/surfaces/dist/src/dsh/app-partner/mobile/auto_dsh_partner_auction_status_update.d.ts","packages","generated_artifact","dsh_partner_auction_status_update","app-partner",".ts","dsh_ops_governance_controls","generated_copy","dsh_ops_orders_board|dsh_ops_order_detail_exception_workspace|dsh_ops_peak_mode_control","dsh_ops_orders_board|dsh_ops_order_detail_exception_workspace|dsh_ops_peak_mode_control","","medium","Partner-facing status admin is treated as governance spillover, not a canonical partner screen family."
"packages/surfaces/dist/src/dsh/app-partner/mobile/auto_dsh_partner_auction_status_update.d.ts.map","packages","generated_artifact","dsh_partner_auction_status_update","app-partner",".map","dsh_ops_governance_controls","generated_copy","dsh_ops_orders_board|dsh_ops_order_detail_exception_workspace|dsh_ops_peak_mode_control","dsh_ops_orders_board|dsh_ops_order_detail_exception_workspace|dsh_ops_peak_mode_control","","medium","Partner-facing status admin is treated as governance spillover, not a canonical partner screen family."
"packages/surfaces/dist/src/dsh/app-partner/mobile/auto_dsh_partner_auction_status_update.js","packages","generated_artifact","dsh_partner_auction_status_update","app-partner",".js","dsh_ops_governance_controls","generated_copy","dsh_ops_orders_board|dsh_ops_order_detail_exception_workspace|dsh_ops_peak_mode_control","dsh_ops_orders_board|dsh_ops_order_detail_exception_workspace|dsh_ops_peak_mode_control","","medium","Partner-facing status admin is treated as governance spillover, not a canonical partner screen family."
"packages/surfaces/dist/src/dsh/app-partner/mobile/auto_dsh_partner_auction_status_update.js.map","packages","generated_artifact","dsh_partner_auction_status_update","app-partner",".map","dsh_ops_governance_controls","generated_copy","dsh_ops_orders_board|dsh_ops_order_detail_exception_workspace|dsh_ops_peak_mode_control","dsh_ops_orders_board|dsh_ops_order_detail_exception_workspace|dsh_ops_peak_mode_control","","medium","Partner-facing status admin is treated as governance spillover, not a canonical partner screen family."
"packages/surfaces/dist/src/dsh/app-partner/mobile/auto_dsh_partner_auction_status_update.tsx","packages","generated_artifact","dsh_partner_auction_status_update","app-partner",".tsx","dsh_ops_governance_controls","generated_copy","dsh_ops_orders_board|dsh_ops_order_detail_exception_workspace|dsh_ops_peak_mode_control","dsh_ops_orders_board|dsh_ops_order_detail_exception_workspace|dsh_ops_peak_mode_control","","medium","Partner-facing status admin is treated as governance spillover, not a canonical partner screen family."
"packages/surfaces/dist/src/dsh/app-partner/mobile/auto_dsh_partner_audience_insights_get.d.ts","packages","generated_artifact","dsh_partner_audience_insights_get","app-partner",".ts","UNMAPPED","generated_copy","","","","low","No current deterministic clean mapping rule found."
"packages/surfaces/dist/src/dsh/app-partner/mobile/auto_dsh_partner_audience_insights_get.d.ts.map","packages","generated_artifact","dsh_partner_audience_insights_get","app-partner",".map","UNMAPPED","generated_copy","","","","low","No current deterministic clean mapping rule found."
"packages/surfaces/dist/src/dsh/app-partner/mobile/auto_dsh_partner_audience_insights_get.js","packages","generated_artifact","dsh_partner_audience_insights_get","app-partner",".js","UNMAPPED","generated_copy","","","","low","No current deterministic clean mapping rule found."
"packages/surfaces/dist/src/dsh/app-partner/mobile/auto_dsh_partner_audience_insights_get.js.map","packages","generated_artifact","dsh_partner_audience_insights_get","app-partner",".map","UNMAPPED","generated_copy","","","","low","No current deterministic clean mapping rule found."
"packages/surfaces/dist/src/dsh/app-partner/mobile/auto_dsh_partner_audience_insights_get.tsx","packages","generated_artifact","dsh_partner_audience_insights_get","app-partner",".tsx","UNMAPPED","generated_copy","dsh_partner_subscription_analytics_cluster","legacy_or_future_scope","Move to Legacy","low","No current deterministic clean mapping rule found."
"packages/surfaces/dist/src/dsh/app-partner/mobile/auto_dsh_partner_chat_read_ack.d.ts","packages","generated_artifact","dsh_partner_chat_read_ack","app-partner",".ts","dsh_customer_order_chat","generated_copy","dsh_partner_chat_companion","dsh_partner_order_workspace","","high","Partner chat is kept as a companion interaction."
"packages/surfaces/dist/src/dsh/app-partner/mobile/auto_dsh_partner_chat_read_ack.d.ts.map","packages","generated_artifact","dsh_partner_chat_read_ack","app-partner",".map","dsh_customer_order_chat","generated_copy","dsh_partner_chat_companion","dsh_partner_order_workspace","","high","Partner chat is kept as a companion interaction."
"packages/surfaces/dist/src/dsh/app-partner/mobile/auto_dsh_partner_chat_read_ack.js","packages","generated_artifact","dsh_partner_chat_read_ack","app-partner",".js","dsh_customer_order_chat","generated_copy","dsh_partner_chat_companion","dsh_partner_order_workspace","","high","Partner chat is kept as a companion interaction."
"packages/surfaces/dist/src/dsh/app-partner/mobile/auto_dsh_partner_chat_read_ack.js.map","packages","generated_artifact","dsh_partner_chat_read_ack","app-partner",".map","dsh_customer_order_chat","generated_copy","dsh_partner_chat_companion","dsh_partner_order_workspace","","high","Partner chat is kept as a companion interaction."
"packages/surfaces/dist/src/dsh/app-partner/mobile/auto_dsh_partner_chat_read_ack.tsx","packages","generated_artifact","dsh_partner_chat_read_ack","app-partner",".tsx","dsh_customer_order_chat","generated_copy","dsh_partner_chat_companion","dsh_partner_order_workspace","Convert","high","Partner chat is kept as a companion interaction."
"packages/surfaces/dist/src/dsh/app-partner/mobile/auto_dsh_partner_chat_send.d.ts","packages","generated_artifact","dsh_partner_chat_send","app-partner",".ts","dsh_customer_order_chat","generated_copy","dsh_partner_chat_companion","dsh_partner_order_workspace","","high","Partner chat is kept as a companion interaction."
"packages/surfaces/dist/src/dsh/app-partner/mobile/auto_dsh_partner_chat_send.d.ts.map","packages","generated_artifact","dsh_partner_chat_send","app-partner",".map","dsh_customer_order_chat","generated_copy","dsh_partner_chat_companion","dsh_partner_order_workspace","","high","Partner chat is kept as a companion interaction."
"packages/surfaces/dist/src/dsh/app-partner/mobile/auto_dsh_partner_chat_send.js","packages","generated_artifact","dsh_partner_chat_send","app-partner",".js","dsh_customer_order_chat","generated_copy","dsh_partner_chat_companion","dsh_partner_order_workspace","","high","Partner chat is kept as a companion interaction."
"packages/surfaces/dist/src/dsh/app-partner/mobile/auto_dsh_partner_chat_send.js.map","packages","generated_artifact","dsh_partner_chat_send","app-partner",".map","dsh_customer_order_chat","generated_copy","dsh_partner_chat_companion","dsh_partner_order_workspace","","high","Partner chat is kept as a companion interaction."
"packages/surfaces/dist/src/dsh/app-partner/mobile/auto_dsh_partner_chat_send.tsx","packages","generated_artifact","dsh_partner_chat_send","app-partner",".tsx","dsh_customer_order_chat","generated_copy","dsh_partner_chat_companion","dsh_partner_order_workspace","Convert","high","Partner chat is kept as a companion interaction."
"packages/surfaces/dist/src/dsh/app-partner/mobile/auto_dsh_partner_commission_by_mode_get.d.ts","packages","generated_artifact","dsh_partner_commission_by_mode_get","app-partner",".ts","legacy_ops_store_admin","generated_copy","dsh_ops_store_items_and_zone_admin_cluster","","","high","Commission-by-mode is admin or finance spillover outside current truth."
"packages/surfaces/dist/src/dsh/app-partner/mobile/auto_dsh_partner_commission_by_mode_get.d.ts.map","packages","generated_artifact","dsh_partner_commission_by_mode_get","app-partner",".map","legacy_ops_store_admin","generated_copy","dsh_ops_store_items_and_zone_admin_cluster","","","high","Commission-by-mode is admin or finance spillover outside current truth."
"packages/surfaces/dist/src/dsh/app-partner/mobile/auto_dsh_partner_commission_by_mode_get.js","packages","generated_artifact","dsh_partner_commission_by_mode_get","app-partner",".js","legacy_ops_store_admin","generated_copy","dsh_ops_store_items_and_zone_admin_cluster","","","high","Commission-by-mode is admin or finance spillover outside current truth."
"packages/surfaces/dist/src/dsh/app-partner/mobile/auto_dsh_partner_commission_by_mode_get.js.map","packages","generated_artifact","dsh_partner_commission_by_mode_get","app-partner",".map","legacy_ops_store_admin","generated_copy","dsh_ops_store_items_and_zone_admin_cluster","","","high","Commission-by-mode is admin or finance spillover outside current truth."
"packages/surfaces/dist/src/dsh/app-partner/mobile/auto_dsh_partner_commission_by_mode_get.tsx","packages","generated_artifact","dsh_partner_commission_by_mode_get","app-partner",".tsx","legacy_ops_store_admin","generated_copy","dsh_ops_store_items_and_zone_admin_cluster","","","high","Commission-by-mode is admin or finance spillover outside current truth."
"packages/surfaces/dist/src/dsh/app-partner/mobile/auto_dsh_partner_delivery_ops_board.d.ts","packages","generated_artifact","dsh_partner_delivery_ops_board","app-partner",".ts","UNMAPPED","generated_copy","","","","low","No current deterministic clean mapping rule found."
"packages/surfaces/dist/src/dsh/app-partner/mobile/auto_dsh_partner_delivery_ops_board.d.ts.map","packages","generated_artifact","dsh_partner_delivery_ops_board","app-partner",".map","UNMAPPED","generated_copy","","","","low","No current deterministic clean mapping rule found."
"packages/surfaces/dist/src/dsh/app-partner/mobile/auto_dsh_partner_delivery_ops_board.js","packages","generated_artifact","dsh_partner_delivery_ops_board","app-partner",".js","UNMAPPED","generated_copy","","","","low","No current deterministic clean mapping rule found."
"packages/surfaces/dist/src/dsh/app-partner/mobile/auto_dsh_partner_delivery_ops_board.js.map","packages","generated_artifact","dsh_partner_delivery_ops_board","app-partner",".map","UNMAPPED","generated_copy","","","","low","No current deterministic clean mapping rule found."
"packages/surfaces/dist/src/dsh/app-partner/mobile/auto_dsh_partner_delivery_ops_board.tsx","packages","generated_artifact","dsh_partner_delivery_ops_board","app-partner",".tsx","UNMAPPED","generated_copy","dsh_partner_orders_board","dsh_partner_orders_board","Keep","low","No current deterministic clean mapping rule found."
"packages/surfaces/dist/src/dsh/app-partner/mobile/auto_dsh_partner_delivery_zones_update.d.ts","packages","generated_artifact","dsh_partner_delivery_zones_update","app-partner",".ts","dsh_partner_store_maintenance","generated_copy","dsh_partner_store_maintenance_workspace","dsh_partner_store_maintenance_workspace","","high","Partner store readiness and configuration family."
"packages/surfaces/dist/src/dsh/app-partner/mobile/auto_dsh_partner_delivery_zones_update.d.ts.map","packages","generated_artifact","dsh_partner_delivery_zones_update","app-partner",".map","dsh_partner_store_maintenance","generated_copy","dsh_partner_store_maintenance_workspace","dsh_partner_store_maintenance_workspace","","high","Partner store readiness and configuration family."
"packages/surfaces/dist/src/dsh/app-partner/mobile/auto_dsh_partner_delivery_zones_update.js","packages","generated_artifact","dsh_partner_delivery_zones_update","app-partner",".js","dsh_partner_store_maintenance","generated_copy","dsh_partner_store_maintenance_workspace","dsh_partner_store_maintenance_workspace","","high","Partner store readiness and configuration family."
"packages/surfaces/dist/src/dsh/app-partner/mobile/auto_dsh_partner_delivery_zones_update.js.map","packages","generated_artifact","dsh_partner_delivery_zones_update","app-partner",".map","dsh_partner_store_maintenance","generated_copy","dsh_partner_store_maintenance_workspace","dsh_partner_store_maintenance_workspace","","high","Partner store readiness and configuration family."
"packages/surfaces/dist/src/dsh/app-partner/mobile/auto_dsh_partner_delivery_zones_update.tsx","packages","generated_artifact","dsh_partner_delivery_zones_update","app-partner",".tsx","dsh_partner_store_maintenance","generated_copy","dsh_partner_store_maintenance_workspace","dsh_partner_store_maintenance_workspace","Keep","high","Partner store readiness and configuration family."
"packages/surfaces/dist/src/dsh/app-partner/mobile/auto_dsh_partner_doc_upload.d.ts","packages","generated_artifact","dsh_partner_doc_upload","app-partner",".ts","legacy_partner_identity_staff","generated_copy","dsh_partner_identity_staff_cluster","","","high","Partner onboarding and admin extras remain outside current operational truth."
"packages/surfaces/dist/src/dsh/app-partner/mobile/auto_dsh_partner_doc_upload.d.ts.map","packages","generated_artifact","dsh_partner_doc_upload","app-partner",".map","legacy_partner_identity_staff","generated_copy","dsh_partner_identity_staff_cluster","","","high","Partner onboarding and admin extras remain outside current operational truth."
"packages/surfaces/dist/src/dsh/app-partner/mobile/auto_dsh_partner_doc_upload.js","packages","generated_artifact","dsh_partner_doc_upload","app-partner",".js","legacy_partner_identity_staff","generated_copy","dsh_partner_identity_staff_cluster","","","high","Partner onboarding and admin extras remain outside current operational truth."
"packages/surfaces/dist/src/dsh/app-partner/mobile/auto_dsh_partner_doc_upload.js.map","packages","generated_artifact","dsh_partner_doc_upload","app-partner",".map","legacy_partner_identity_staff","generated_copy","dsh_partner_identity_staff_cluster","","","high","Partner onboarding and admin extras remain outside current operational truth."
"packages/surfaces/dist/src/dsh/app-partner/mobile/auto_dsh_partner_doc_upload.tsx","packages","generated_artifact","dsh_partner_doc_upload","app-partner",".tsx","legacy_partner_identity_staff","generated_copy","dsh_partner_identity_staff_cluster","legacy_or_future_scope","Move to Legacy","high","Partner onboarding and admin extras remain outside current operational truth."
"packages/surfaces/dist/src/dsh/app-partner/mobile/auto_dsh_partner_hours_update.d.ts","packages","generated_artifact","dsh_partner_hours_update","app-partner",".ts","dsh_partner_store_maintenance","generated_copy","dsh_partner_store_maintenance_workspace","dsh_partner_store_maintenance_workspace","","high","Partner hours remain part of store-readiness maintenance."
"packages/surfaces/dist/src/dsh/app-partner/mobile/auto_dsh_partner_hours_update.d.ts.map","packages","generated_artifact","dsh_partner_hours_update","app-partner",".map","dsh_partner_store_maintenance","generated_copy","dsh_partner_store_maintenance_workspace","dsh_partner_store_maintenance_workspace","","high","Partner hours remain part of store-readiness maintenance."
"packages/surfaces/dist/src/dsh/app-partner/mobile/auto_dsh_partner_hours_update.js","packages","generated_artifact","dsh_partner_hours_update","app-partner",".js","dsh_partner_store_maintenance","generated_copy","dsh_partner_store_maintenance_workspace","dsh_partner_store_maintenance_workspace","","high","Partner hours remain part of store-readiness maintenance."
"packages/surfaces/dist/src/dsh/app-partner/mobile/auto_dsh_partner_hours_update.js.map","packages","generated_artifact","dsh_partner_hours_update","app-partner",".map","dsh_partner_store_maintenance","generated_copy","dsh_partner_store_maintenance_workspace","dsh_partner_store_maintenance_workspace","","high","Partner hours remain part of store-readiness maintenance."
"packages/surfaces/dist/src/dsh/app-partner/mobile/auto_dsh_partner_hours_update.tsx","packages","generated_artifact","dsh_partner_hours_update","app-partner",".tsx","dsh_partner_store_maintenance","generated_copy","dsh_partner_store_maintenance_workspace","dsh_partner_store_maintenance_workspace","","high","Partner hours remain part of store-readiness maintenance."
"packages/surfaces/dist/src/dsh/app-partner/mobile/auto_dsh_partner_identity_submit.d.ts","packages","generated_artifact","dsh_partner_identity_submit","app-partner",".ts","legacy_partner_identity_staff","generated_copy","dsh_partner_identity_staff_cluster","","","high","Partner onboarding and admin extras remain outside current operational truth."
"packages/surfaces/dist/src/dsh/app-partner/mobile/auto_dsh_partner_identity_submit.d.ts.map","packages","generated_artifact","dsh_partner_identity_submit","app-partner",".map","legacy_partner_identity_staff","generated_copy","dsh_partner_identity_staff_cluster","","","high","Partner onboarding and admin extras remain outside current operational truth."
"packages/surfaces/dist/src/dsh/app-partner/mobile/auto_dsh_partner_identity_submit.js","packages","generated_artifact","dsh_partner_identity_submit","app-partner",".js","legacy_partner_identity_staff","generated_copy","dsh_partner_identity_staff_cluster","","","high","Partner onboarding and admin extras remain outside current operational truth."
"packages/surfaces/dist/src/dsh/app-partner/mobile/auto_dsh_partner_identity_submit.js.map","packages","generated_artifact","dsh_partner_identity_submit","app-partner",".map","legacy_partner_identity_staff","generated_copy","dsh_partner_identity_staff_cluster","","","high","Partner onboarding and admin extras remain outside current operational truth."
"packages/surfaces/dist/src/dsh/app-partner/mobile/auto_dsh_partner_identity_submit.tsx","packages","generated_artifact","dsh_partner_identity_submit","app-partner",".tsx","legacy_partner_identity_staff","generated_copy","dsh_partner_identity_staff_cluster","legacy_or_future_scope","Move to Legacy","high","Partner onboarding and admin extras remain outside current operational truth."
"packages/surfaces/dist/src/dsh/app-partner/mobile/auto_dsh_partner_intake_start.d.ts","packages","generated_artifact","dsh_partner_intake_start","app-partner",".ts","legacy_partner_identity_staff","generated_copy","dsh_partner_identity_staff_cluster","","","high","Partner onboarding and admin extras remain outside current operational truth."
"packages/surfaces/dist/src/dsh/app-partner/mobile/auto_dsh_partner_intake_start.d.ts.map","packages","generated_artifact","dsh_partner_intake_start","app-partner",".map","legacy_partner_identity_staff","generated_copy","dsh_partner_identity_staff_cluster","","","high","Partner onboarding and admin extras remain outside current operational truth."
"packages/surfaces/dist/src/dsh/app-partner/mobile/auto_dsh_partner_intake_start.js","packages","generated_artifact","dsh_partner_intake_start","app-partner",".js","legacy_partner_identity_staff","generated_copy","dsh_partner_identity_staff_cluster","","","high","Partner onboarding and admin extras remain outside current operational truth."
"packages/surfaces/dist/src/dsh/app-partner/mobile/auto_dsh_partner_intake_start.js.map","packages","generated_artifact","dsh_partner_intake_start","app-partner",".map","legacy_partner_identity_staff","generated_copy","dsh_partner_identity_staff_cluster","","","high","Partner onboarding and admin extras remain outside current operational truth."
"packages/surfaces/dist/src/dsh/app-partner/mobile/auto_dsh_partner_intake_start.tsx","packages","generated_artifact","dsh_partner_intake_start","app-partner",".tsx","legacy_partner_identity_staff","generated_copy","dsh_partner_identity_staff_cluster","legacy_or_future_scope","Move to Legacy","high","Partner onboarding and admin extras remain outside current operational truth."
"packages/surfaces/dist/src/dsh/app-partner/mobile/auto_dsh_partner_inventory_adjust.d.ts","packages","generated_artifact","dsh_partner_inventory_adjust","app-partner",".ts","dsh_partner_store_maintenance","generated_copy","dsh_partner_store_maintenance_workspace","dsh_partner_store_maintenance_workspace","","high","Partner store readiness and configuration family."
"packages/surfaces/dist/src/dsh/app-partner/mobile/auto_dsh_partner_inventory_adjust.d.ts.map","packages","generated_artifact","dsh_partner_inventory_adjust","app-partner",".map","dsh_partner_store_maintenance","generated_copy","dsh_partner_store_maintenance_workspace","dsh_partner_store_maintenance_workspace","","high","Partner store readiness and configuration family."
"packages/surfaces/dist/src/dsh/app-partner/mobile/auto_dsh_partner_inventory_adjust.js","packages","generated_artifact","dsh_partner_inventory_adjust","app-partner",".js","dsh_partner_store_maintenance","generated_copy","dsh_partner_store_maintenance_workspace","dsh_partner_store_maintenance_workspace","","high","Partner store readiness and configuration family."
"packages/surfaces/dist/src/dsh/app-partner/mobile/auto_dsh_partner_inventory_adjust.js.map","packages","generated_artifact","dsh_partner_inventory_adjust","app-partner",".map","dsh_partner_store_maintenance","generated_copy","dsh_partner_store_maintenance_workspace","dsh_partner_store_maintenance_workspace","","high","Partner store readiness and configuration family."
"packages/surfaces/dist/src/dsh/app-partner/mobile/auto_dsh_partner_inventory_adjust.tsx","packages","generated_artifact","dsh_partner_inventory_adjust","app-partner",".tsx","dsh_partner_store_maintenance","generated_copy","dsh_partner_store_maintenance_workspace","dsh_partner_store_maintenance_workspace","Keep","high","Partner store readiness and configuration family."
"packages/surfaces/dist/src/dsh/app-partner/mobile/auto_dsh_partner_inventory_update.d.ts","packages","generated_artifact","dsh_partner_inventory_update","app-partner",".ts","dsh_partner_store_maintenance","generated_copy","dsh_partner_store_maintenance_workspace","dsh_partner_store_maintenance_workspace","","high","Partner store readiness and configuration family."
"packages/surfaces/dist/src/dsh/app-partner/mobile/auto_dsh_partner_inventory_update.d.ts.map","packages","generated_artifact","dsh_partner_inventory_update","app-partner",".map","dsh_partner_store_maintenance","generated_copy","dsh_partner_store_maintenance_workspace","dsh_partner_store_maintenance_workspace","","high","Partner store readiness and configuration family."
"packages/surfaces/dist/src/dsh/app-partner/mobile/auto_dsh_partner_inventory_update.js","packages","generated_artifact","dsh_partner_inventory_update","app-partner",".js","dsh_partner_store_maintenance","generated_copy","dsh_partner_store_maintenance_workspace","dsh_partner_store_maintenance_workspace","","high","Partner store readiness and configuration family."
"packages/surfaces/dist/src/dsh/app-partner/mobile/auto_dsh_partner_inventory_update.js.map","packages","generated_artifact","dsh_partner_inventory_update","app-partner",".map","dsh_partner_store_maintenance","generated_copy","dsh_partner_store_maintenance_workspace","dsh_partner_store_maintenance_workspace","","high","Partner store readiness and configuration family."
"packages/surfaces/dist/src/dsh/app-partner/mobile/auto_dsh_partner_inventory_update.tsx","packages","generated_artifact","dsh_partner_inventory_update","app-partner",".tsx","dsh_partner_store_maintenance","generated_copy","dsh_partner_store_maintenance_workspace","dsh_partner_store_maintenance_workspace","Keep","high","Partner store readiness and configuration family."
"packages/surfaces/dist/src/dsh/app-partner/mobile/auto_dsh_partner_items_upsert.d.ts","packages","generated_artifact","dsh_partner_items_upsert","app-partner",".ts","dsh_partner_store_maintenance","generated_copy","dsh_partner_store_maintenance_workspace","dsh_partner_store_maintenance_workspace","","high","Partner store readiness and configuration family."
"packages/surfaces/dist/src/dsh/app-partner/mobile/auto_dsh_partner_items_upsert.d.ts.map","packages","generated_artifact","dsh_partner_items_upsert","app-partner",".map","dsh_partner_store_maintenance","generated_copy","dsh_partner_store_maintenance_workspace","dsh_partner_store_maintenance_workspace","","high","Partner store readiness and configuration family."
"packages/surfaces/dist/src/dsh/app-partner/mobile/auto_dsh_partner_items_upsert.js","packages","generated_artifact","dsh_partner_items_upsert","app-partner",".js","dsh_partner_store_maintenance","generated_copy","dsh_partner_store_maintenance_workspace","dsh_partner_store_maintenance_workspace","","high","Partner store readiness and configuration family."
"packages/surfaces/dist/src/dsh/app-partner/mobile/auto_dsh_partner_items_upsert.js.map","packages","generated_artifact","dsh_partner_items_upsert","app-partner",".map","dsh_partner_store_maintenance","generated_copy","dsh_partner_store_maintenance_workspace","dsh_partner_store_maintenance_workspace","","high","Partner store readiness and configuration family."
"packages/surfaces/dist/src/dsh/app-partner/mobile/auto_dsh_partner_items_upsert.tsx","packages","generated_artifact","dsh_partner_items_upsert","app-partner",".tsx","dsh_partner_store_maintenance","generated_copy","dsh_partner_store_maintenance_workspace","dsh_partner_store_maintenance_workspace","Keep","high","Partner store readiness and configuration family."
"packages/surfaces/dist/src/dsh/app-partner/mobile/auto_dsh_partner_listing_status_update.d.ts","packages","generated_artifact","dsh_partner_listing_status_update","app-partner",".ts","dsh_ops_governance_controls","generated_copy","dsh_ops_orders_board|dsh_ops_order_detail_exception_workspace|dsh_ops_peak_mode_control","dsh_ops_orders_board|dsh_ops_order_detail_exception_workspace|dsh_ops_peak_mode_control","","medium","Partner-facing status admin is treated as governance spillover, not a canonical partner screen family."
"packages/surfaces/dist/src/dsh/app-partner/mobile/auto_dsh_partner_listing_status_update.d.ts.map","packages","generated_artifact","dsh_partner_listing_status_update","app-partner",".map","dsh_ops_governance_controls","generated_copy","dsh_ops_orders_board|dsh_ops_order_detail_exception_workspace|dsh_ops_peak_mode_control","dsh_ops_orders_board|dsh_ops_order_detail_exception_workspace|dsh_ops_peak_mode_control","","medium","Partner-facing status admin is treated as governance spillover, not a canonical partner screen family."
"packages/surfaces/dist/src/dsh/app-partner/mobile/auto_dsh_partner_listing_status_update.js","packages","generated_artifact","dsh_partner_listing_status_update","app-partner",".js","dsh_ops_governance_controls","generated_copy","dsh_ops_orders_board|dsh_ops_order_detail_exception_workspace|dsh_ops_peak_mode_control","dsh_ops_orders_board|dsh_ops_order_detail_exception_workspace|dsh_ops_peak_mode_control","","medium","Partner-facing status admin is treated as governance spillover, not a canonical partner screen family."
"packages/surfaces/dist/src/dsh/app-partner/mobile/auto_dsh_partner_listing_status_update.js.map","packages","generated_artifact","dsh_partner_listing_status_update","app-partner",".map","dsh_ops_governance_controls","generated_copy","dsh_ops_orders_board|dsh_ops_order_detail_exception_workspace|dsh_ops_peak_mode_control","dsh_ops_orders_board|dsh_ops_order_detail_exception_workspace|dsh_ops_peak_mode_control","","medium","Partner-facing status admin is treated as governance spillover, not a canonical partner screen family."
"packages/surfaces/dist/src/dsh/app-partner/mobile/auto_dsh_partner_listing_status_update.tsx","packages","generated_artifact","dsh_partner_listing_status_update","app-partner",".tsx","dsh_ops_governance_controls","generated_copy","dsh_ops_orders_board|dsh_ops_order_detail_exception_workspace|dsh_ops_peak_mode_control","dsh_ops_orders_board|dsh_ops_order_detail_exception_workspace|dsh_ops_peak_mode_control","","medium","Partner-facing status admin is treated as governance spillover, not a canonical partner screen family."
"packages/surfaces/dist/src/dsh/app-partner/mobile/auto_dsh_partner_manager_invite.d.ts","packages","generated_artifact","dsh_partner_manager_invite","app-partner",".ts","legacy_partner_identity_staff","generated_copy","dsh_partner_identity_staff_cluster","","","high","Partner onboarding and admin extras remain outside current operational truth."
"packages/surfaces/dist/src/dsh/app-partner/mobile/auto_dsh_partner_manager_invite.d.ts.map","packages","generated_artifact","dsh_partner_manager_invite","app-partner",".map","legacy_partner_identity_staff","generated_copy","dsh_partner_identity_staff_cluster","","","high","Partner onboarding and admin extras remain outside current operational truth."
"packages/surfaces/dist/src/dsh/app-partner/mobile/auto_dsh_partner_manager_invite.js","packages","generated_artifact","dsh_partner_manager_invite","app-partner",".js","legacy_partner_identity_staff","generated_copy","dsh_partner_identity_staff_cluster","","","high","Partner onboarding and admin extras remain outside current operational truth."
"packages/surfaces/dist/src/dsh/app-partner/mobile/auto_dsh_partner_manager_invite.js.map","packages","generated_artifact","dsh_partner_manager_invite","app-partner",".map","legacy_partner_identity_staff","generated_copy","dsh_partner_identity_staff_cluster","","","high","Partner onboarding and admin extras remain outside current operational truth."
"packages/surfaces/dist/src/dsh/app-partner/mobile/auto_dsh_partner_manager_invite.tsx","packages","generated_artifact","dsh_partner_manager_invite","app-partner",".tsx","legacy_partner_identity_staff","generated_copy","dsh_partner_identity_staff_cluster","legacy_or_future_scope","Move to Legacy","high","Partner onboarding and admin extras remain outside current operational truth."
"packages/surfaces/dist/src/dsh/app-partner/mobile/auto_dsh_partner_order_accept.d.ts","packages","generated_artifact","dsh_partner_order_accept","app-partner",".ts","UNMAPPED","generated_copy","","","","low","No current deterministic clean mapping rule found."
"packages/surfaces/dist/src/dsh/app-partner/mobile/auto_dsh_partner_order_accept.d.ts.map","packages","generated_artifact","dsh_partner_order_accept","app-partner",".map","UNMAPPED","generated_copy","","","","low","No current deterministic clean mapping rule found."
"packages/surfaces/dist/src/dsh/app-partner/mobile/auto_dsh_partner_order_accept.js","packages","generated_artifact","dsh_partner_order_accept","app-partner",".js","UNMAPPED","generated_copy","","","","low","No current deterministic clean mapping rule found."
"packages/surfaces/dist/src/dsh/app-partner/mobile/auto_dsh_partner_order_accept.js.map","packages","generated_artifact","dsh_partner_order_accept","app-partner",".map","UNMAPPED","generated_copy","","","","low","No current deterministic clean mapping rule found."
"packages/surfaces/dist/src/dsh/app-partner/mobile/auto_dsh_partner_order_accept.tsx","packages","generated_artifact","dsh_partner_order_accept","app-partner",".tsx","UNMAPPED","generated_copy","dsh_partner_order_step_variants|dsh_partner_order_workspace","dsh_partner_order_workspace","Keep|Merge","low","No current deterministic clean mapping rule found."
"packages/surfaces/dist/src/dsh/app-partner/mobile/auto_dsh_partner_order_get.d.ts","packages","generated_artifact","dsh_partner_order_get","app-partner",".ts","UNMAPPED","generated_copy","","","","low","No current deterministic clean mapping rule found."
"packages/surfaces/dist/src/dsh/app-partner/mobile/auto_dsh_partner_order_get.d.ts.map","packages","generated_artifact","dsh_partner_order_get","app-partner",".map","UNMAPPED","generated_copy","","","","low","No current deterministic clean mapping rule found."
"packages/surfaces/dist/src/dsh/app-partner/mobile/auto_dsh_partner_order_get.js","packages","generated_artifact","dsh_partner_order_get","app-partner",".js","UNMAPPED","generated_copy","","","","low","No current deterministic clean mapping rule found."
"packages/surfaces/dist/src/dsh/app-partner/mobile/auto_dsh_partner_order_get.js.map","packages","generated_artifact","dsh_partner_order_get","app-partner",".map","UNMAPPED","generated_copy","","","","low","No current deterministic clean mapping rule found."
"packages/surfaces/dist/src/dsh/app-partner/mobile/auto_dsh_partner_order_get.tsx","packages","generated_artifact","dsh_partner_order_get","app-partner",".tsx","UNMAPPED","generated_copy","dsh_partner_order_workspace","dsh_partner_order_workspace","Keep","low","No current deterministic clean mapping rule found."
"packages/surfaces/dist/src/dsh/app-partner/mobile/auto_dsh_partner_order_handoff.d.ts","packages","generated_artifact","dsh_partner_order_handoff","app-partner",".ts","dsh_partner_order_handling","generated_copy","dsh_partner_order_workspace|dsh_partner_handoff_action","dsh_partner_order_workspace","","high","Partner execution stays inside one workspace."
"packages/surfaces/dist/src/dsh/app-partner/mobile/auto_dsh_partner_order_handoff.d.ts.map","packages","generated_artifact","dsh_partner_order_handoff","app-partner",".map","dsh_partner_order_handling","generated_copy","dsh_partner_order_workspace|dsh_partner_handoff_action","dsh_partner_order_workspace","","high","Partner execution stays inside one workspace."
"packages/surfaces/dist/src/dsh/app-partner/mobile/auto_dsh_partner_order_handoff.js","packages","generated_artifact","dsh_partner_order_handoff","app-partner",".js","dsh_partner_order_handling","generated_copy","dsh_partner_order_workspace|dsh_partner_handoff_action","dsh_partner_order_workspace","","high","Partner execution stays inside one workspace."
"packages/surfaces/dist/src/dsh/app-partner/mobile/auto_dsh_partner_order_handoff.js.map","packages","generated_artifact","dsh_partner_order_handoff","app-partner",".map","dsh_partner_order_handling","generated_copy","dsh_partner_order_workspace|dsh_partner_handoff_action","dsh_partner_order_workspace","","high","Partner execution stays inside one workspace."
"packages/surfaces/dist/src/dsh/app-partner/mobile/auto_dsh_partner_order_handoff.tsx","packages","generated_artifact","dsh_partner_order_handoff","app-partner",".tsx","dsh_partner_order_handling","generated_copy","dsh_partner_handoff_action|dsh_partner_order_step_variants|dsh_partner_order_workspace","dsh_partner_order_workspace","Convert|Keep|Merge","high","Partner execution stays inside one workspace."
"packages/surfaces/dist/src/dsh/app-partner/mobile/auto_dsh_partner_order_issue_queue.d.ts","packages","generated_artifact","dsh_partner_order_issue_queue","app-partner",".ts","UNMAPPED","generated_copy","","","","low","No current deterministic clean mapping rule found."
"packages/surfaces/dist/src/dsh/app-partner/mobile/auto_dsh_partner_order_issue_queue.d.ts.map","packages","generated_artifact","dsh_partner_order_issue_queue","app-partner",".map","UNMAPPED","generated_copy","","","","low","No current deterministic clean mapping rule found."
"packages/surfaces/dist/src/dsh/app-partner/mobile/auto_dsh_partner_order_issue_queue.js","packages","generated_artifact","dsh_partner_order_issue_queue","app-partner",".js","UNMAPPED","generated_copy","","","","low","No current deterministic clean mapping rule found."
"packages/surfaces/dist/src/dsh/app-partner/mobile/auto_dsh_partner_order_issue_queue.js.map","packages","generated_artifact","dsh_partner_order_issue_queue","app-partner",".map","UNMAPPED","generated_copy","","","","low","No current deterministic clean mapping rule found."
"packages/surfaces/dist/src/dsh/app-partner/mobile/auto_dsh_partner_order_issue_queue.tsx","packages","generated_artifact","dsh_partner_order_issue_queue","app-partner",".tsx","UNMAPPED","generated_copy","dsh_partner_order_issue_queue","dsh_partner_order_issue_queue","Internal","low","No current deterministic clean mapping rule found."
"packages/surfaces/dist/src/dsh/app-partner/mobile/auto_dsh_partner_order_out_for_delivery.d.ts","packages","generated_artifact","dsh_partner_order_out_for_delivery","app-partner",".ts","dsh_partner_order_handling","generated_copy","dsh_partner_order_workspace|dsh_partner_handoff_action","dsh_partner_order_workspace","","high","Partner execution stays inside one workspace."
"packages/surfaces/dist/src/dsh/app-partner/mobile/auto_dsh_partner_order_out_for_delivery.d.ts.map","packages","generated_artifact","dsh_partner_order_out_for_delivery","app-partner",".map","dsh_partner_order_handling","generated_copy","dsh_partner_order_workspace|dsh_partner_handoff_action","dsh_partner_order_workspace","","high","Partner execution stays inside one workspace."
"packages/surfaces/dist/src/dsh/app-partner/mobile/auto_dsh_partner_order_out_for_delivery.js","packages","generated_artifact","dsh_partner_order_out_for_delivery","app-partner",".js","dsh_partner_order_handling","generated_copy","dsh_partner_order_workspace|dsh_partner_handoff_action","dsh_partner_order_workspace","","high","Partner execution stays inside one workspace."
"packages/surfaces/dist/src/dsh/app-partner/mobile/auto_dsh_partner_order_out_for_delivery.js.map","packages","generated_artifact","dsh_partner_order_out_for_delivery","app-partner",".map","dsh_partner_order_handling","generated_copy","dsh_partner_order_workspace|dsh_partner_handoff_action","dsh_partner_order_workspace","","high","Partner execution stays inside one workspace."
"packages/surfaces/dist/src/dsh/app-partner/mobile/auto_dsh_partner_order_out_for_delivery.tsx","packages","generated_artifact","dsh_partner_order_out_for_delivery","app-partner",".tsx","dsh_partner_order_handling","generated_copy","dsh_partner_order_workspace|dsh_partner_handoff_action","dsh_partner_order_workspace","","high","Partner execution stays inside one workspace."
"packages/surfaces/dist/src/dsh/app-partner/mobile/auto_dsh_partner_order_prepare.d.ts","packages","generated_artifact","dsh_partner_order_prepare","app-partner",".ts","UNMAPPED","generated_copy","","","","low","No current deterministic clean mapping rule found."
"packages/surfaces/dist/src/dsh/app-partner/mobile/auto_dsh_partner_order_prepare.d.ts.map","packages","generated_artifact","dsh_partner_order_prepare","app-partner",".map","UNMAPPED","generated_copy","","","","low","No current deterministic clean mapping rule found."
"packages/surfaces/dist/src/dsh/app-partner/mobile/auto_dsh_partner_order_prepare.js","packages","generated_artifact","dsh_partner_order_prepare","app-partner",".js","UNMAPPED","generated_copy","","","","low","No current deterministic clean mapping rule found."
"packages/surfaces/dist/src/dsh/app-partner/mobile/auto_dsh_partner_order_prepare.js.map","packages","generated_artifact","dsh_partner_order_prepare","app-partner",".map","UNMAPPED","generated_copy","","","","low","No current deterministic clean mapping rule found."
"packages/surfaces/dist/src/dsh/app-partner/mobile/auto_dsh_partner_order_prepare.tsx","packages","generated_artifact","dsh_partner_order_prepare","app-partner",".tsx","UNMAPPED","generated_copy","dsh_partner_order_step_variants|dsh_partner_order_workspace","dsh_partner_order_workspace","Keep|Merge","low","No current deterministic clean mapping rule found."
"packages/surfaces/dist/src/dsh/app-partner/mobile/auto_dsh_partner_order_ready.d.ts","packages","generated_artifact","dsh_partner_order_ready","app-partner",".ts","UNMAPPED","generated_copy","","","","low","No current deterministic clean mapping rule found."
"packages/surfaces/dist/src/dsh/app-partner/mobile/auto_dsh_partner_order_ready.d.ts.map","packages","generated_artifact","dsh_partner_order_ready","app-partner",".map","UNMAPPED","generated_copy","","","","low","No current deterministic clean mapping rule found."
"packages/surfaces/dist/src/dsh/app-partner/mobile/auto_dsh_partner_order_ready.js","packages","generated_artifact","dsh_partner_order_ready","app-partner",".js","UNMAPPED","generated_copy","","","","low","No current deterministic clean mapping rule found."
"packages/surfaces/dist/src/dsh/app-partner/mobile/auto_dsh_partner_order_ready.js.map","packages","generated_artifact","dsh_partner_order_ready","app-partner",".map","UNMAPPED","generated_copy","","","","low","No current deterministic clean mapping rule found."
"packages/surfaces/dist/src/dsh/app-partner/mobile/auto_dsh_partner_order_ready.tsx","packages","generated_artifact","dsh_partner_order_ready","app-partner",".tsx","UNMAPPED","generated_copy","dsh_partner_order_step_variants|dsh_partner_order_workspace","dsh_partner_order_workspace","Keep|Merge","low","No current deterministic clean mapping rule found."
"packages/surfaces/dist/src/dsh/app-partner/mobile/auto_dsh_partner_order_reject.d.ts","packages","generated_artifact","dsh_partner_order_reject","app-partner",".ts","UNMAPPED","generated_copy","","","","low","No current deterministic clean mapping rule found."
"packages/surfaces/dist/src/dsh/app-partner/mobile/auto_dsh_partner_order_reject.d.ts.map","packages","generated_artifact","dsh_partner_order_reject","app-partner",".map","UNMAPPED","generated_copy","","","","low","No current deterministic clean mapping rule found."
"packages/surfaces/dist/src/dsh/app-partner/mobile/auto_dsh_partner_order_reject.js","packages","generated_artifact","dsh_partner_order_reject","app-partner",".js","UNMAPPED","generated_copy","","","","low","No current deterministic clean mapping rule found."
"packages/surfaces/dist/src/dsh/app-partner/mobile/auto_dsh_partner_order_reject.js.map","packages","generated_artifact","dsh_partner_order_reject","app-partner",".map","UNMAPPED","generated_copy","","","","low","No current deterministic clean mapping rule found."
"packages/surfaces/dist/src/dsh/app-partner/mobile/auto_dsh_partner_order_reject.tsx","packages","generated_artifact","dsh_partner_order_reject","app-partner",".tsx","UNMAPPED","generated_copy","dsh_partner_order_step_variants|dsh_partner_order_workspace","dsh_partner_order_workspace","Keep|Merge","low","No current deterministic clean mapping rule found."
"packages/surfaces/dist/src/dsh/app-partner/mobile/auto_dsh_partner_order_store_delivered.d.ts","packages","generated_artifact","dsh_partner_order_store_delivered","app-partner",".ts","dsh_partner_order_handling","generated_copy","dsh_partner_order_workspace|dsh_partner_handoff_action","dsh_partner_order_workspace","","high","Partner execution stays inside one workspace."
"packages/surfaces/dist/src/dsh/app-partner/mobile/auto_dsh_partner_order_store_delivered.d.ts.map","packages","generated_artifact","dsh_partner_order_store_delivered","app-partner",".map","dsh_partner_order_handling","generated_copy","dsh_partner_order_workspace|dsh_partner_handoff_action","dsh_partner_order_workspace","","high","Partner execution stays inside one workspace."
"packages/surfaces/dist/src/dsh/app-partner/mobile/auto_dsh_partner_order_store_delivered.js","packages","generated_artifact","dsh_partner_order_store_delivered","app-partner",".js","dsh_partner_order_handling","generated_copy","dsh_partner_order_workspace|dsh_partner_handoff_action","dsh_partner_order_workspace","","high","Partner execution stays inside one workspace."
"packages/surfaces/dist/src/dsh/app-partner/mobile/auto_dsh_partner_order_store_delivered.js.map","packages","generated_artifact","dsh_partner_order_store_delivered","app-partner",".map","dsh_partner_order_handling","generated_copy","dsh_partner_order_workspace|dsh_partner_handoff_action","dsh_partner_order_workspace","","high","Partner execution stays inside one workspace."
"packages/surfaces/dist/src/dsh/app-partner/mobile/auto_dsh_partner_order_store_delivered.tsx","packages","generated_artifact","dsh_partner_order_store_delivered","app-partner",".tsx","dsh_partner_order_handling","generated_copy","dsh_partner_order_step_variants|dsh_partner_order_workspace","dsh_partner_order_workspace","Keep|Merge","high","Partner execution stays inside one workspace."
"packages/surfaces/dist/src/dsh/app-partner/mobile/auto_dsh_partner_orders_list.d.ts","packages","generated_artifact","dsh_partner_orders_list","app-partner",".ts","UNMAPPED","generated_copy","","","","low","No current deterministic clean mapping rule found."
"packages/surfaces/dist/src/dsh/app-partner/mobile/auto_dsh_partner_orders_list.d.ts.map","packages","generated_artifact","dsh_partner_orders_list","app-partner",".map","UNMAPPED","generated_copy","","","","low","No current deterministic clean mapping rule found."
"packages/surfaces/dist/src/dsh/app-partner/mobile/auto_dsh_partner_orders_list.js","packages","generated_artifact","dsh_partner_orders_list","app-partner",".js","UNMAPPED","generated_copy","","","","low","No current deterministic clean mapping rule found."
"packages/surfaces/dist/src/dsh/app-partner/mobile/auto_dsh_partner_orders_list.js.map","packages","generated_artifact","dsh_partner_orders_list","app-partner",".map","UNMAPPED","generated_copy","","","","low","No current deterministic clean mapping rule found."
"packages/surfaces/dist/src/dsh/app-partner/mobile/auto_dsh_partner_orders_list.tsx","packages","generated_artifact","dsh_partner_orders_list","app-partner",".tsx","UNMAPPED","generated_copy","dsh_partner_orders_board","dsh_partner_orders_board","Keep","low","No current deterministic clean mapping rule found."
"packages/surfaces/dist/src/dsh/app-partner/mobile/auto_dsh_partner_profile_get.d.ts","packages","generated_artifact","dsh_partner_profile_get","app-partner",".ts","legacy_actor_profile_support","generated_copy","legacy_or_future_scope","","","high","Actor profile support is outside the current DSH operational screen truth."
"packages/surfaces/dist/src/dsh/app-partner/mobile/auto_dsh_partner_profile_get.d.ts.map","packages","generated_artifact","dsh_partner_profile_get","app-partner",".map","legacy_actor_profile_support","generated_copy","legacy_or_future_scope","","","high","Actor profile support is outside the current DSH operational screen truth."
"packages/surfaces/dist/src/dsh/app-partner/mobile/auto_dsh_partner_profile_get.js","packages","generated_artifact","dsh_partner_profile_get","app-partner",".js","legacy_actor_profile_support","generated_copy","legacy_or_future_scope","","","high","Actor profile support is outside the current DSH operational screen truth."
"packages/surfaces/dist/src/dsh/app-partner/mobile/auto_dsh_partner_profile_get.js.map","packages","generated_artifact","dsh_partner_profile_get","app-partner",".map","legacy_actor_profile_support","generated_copy","legacy_or_future_scope","","","high","Actor profile support is outside the current DSH operational screen truth."
"packages/surfaces/dist/src/dsh/app-partner/mobile/auto_dsh_partner_profile_get.tsx","packages","generated_artifact","dsh_partner_profile_get","app-partner",".tsx","legacy_actor_profile_support","generated_copy","legacy_or_future_scope","","","high","Actor profile support is outside the current DSH operational screen truth."
"packages/surfaces/dist/src/dsh/app-partner/mobile/auto_dsh_partner_quick_reply_config_get.d.ts","packages","generated_artifact","dsh_partner_quick_reply_config_get","app-partner",".ts","dsh_customer_order_chat","generated_copy","dsh_partner_chat_companion","dsh_partner_order_workspace","","medium","Quick replies stay subordinate to partner workspace communication."
"packages/surfaces/dist/src/dsh/app-partner/mobile/auto_dsh_partner_quick_reply_config_get.d.ts.map","packages","generated_artifact","dsh_partner_quick_reply_config_get","app-partner",".map","dsh_customer_order_chat","generated_copy","dsh_partner_chat_companion","dsh_partner_order_workspace","","medium","Quick replies stay subordinate to partner workspace communication."
"packages/surfaces/dist/src/dsh/app-partner/mobile/auto_dsh_partner_quick_reply_config_get.js","packages","generated_artifact","dsh_partner_quick_reply_config_get","app-partner",".js","dsh_customer_order_chat","generated_copy","dsh_partner_chat_companion","dsh_partner_order_workspace","","medium","Quick replies stay subordinate to partner workspace communication."
"packages/surfaces/dist/src/dsh/app-partner/mobile/auto_dsh_partner_quick_reply_config_get.js.map","packages","generated_artifact","dsh_partner_quick_reply_config_get","app-partner",".map","dsh_customer_order_chat","generated_copy","dsh_partner_chat_companion","dsh_partner_order_workspace","","medium","Quick replies stay subordinate to partner workspace communication."
"packages/surfaces/dist/src/dsh/app-partner/mobile/auto_dsh_partner_quick_reply_config_get.tsx","packages","generated_artifact","dsh_partner_quick_reply_config_get","app-partner",".tsx","dsh_customer_order_chat","generated_copy","dsh_partner_chat_companion","dsh_partner_order_workspace","Convert","medium","Quick replies stay subordinate to partner workspace communication."
"packages/surfaces/dist/src/dsh/app-partner/mobile/auto_dsh_partner_quick_reply_settings.d.ts","packages","generated_artifact","dsh_partner_quick_reply_settings","app-partner",".ts","dsh_customer_order_chat","generated_copy","dsh_partner_chat_companion","dsh_partner_order_workspace","","medium","Quick replies stay subordinate to partner workspace communication."
"packages/surfaces/dist/src/dsh/app-partner/mobile/auto_dsh_partner_quick_reply_settings.d.ts.map","packages","generated_artifact","dsh_partner_quick_reply_settings","app-partner",".map","dsh_customer_order_chat","generated_copy","dsh_partner_chat_companion","dsh_partner_order_workspace","","medium","Quick replies stay subordinate to partner workspace communication."
"packages/surfaces/dist/src/dsh/app-partner/mobile/auto_dsh_partner_quick_reply_settings.js","packages","generated_artifact","dsh_partner_quick_reply_settings","app-partner",".js","dsh_customer_order_chat","generated_copy","dsh_partner_chat_companion","dsh_partner_order_workspace","","medium","Quick replies stay subordinate to partner workspace communication."
"packages/surfaces/dist/src/dsh/app-partner/mobile/auto_dsh_partner_quick_reply_settings.js.map","packages","generated_artifact","dsh_partner_quick_reply_settings","app-partner",".map","dsh_customer_order_chat","generated_copy","dsh_partner_chat_companion","dsh_partner_order_workspace","","medium","Quick replies stay subordinate to partner workspace communication."
"packages/surfaces/dist/src/dsh/app-partner/mobile/auto_dsh_partner_quick_reply_settings.tsx","packages","generated_artifact","dsh_partner_quick_reply_settings","app-partner",".tsx","dsh_customer_order_chat","generated_copy","dsh_partner_chat_companion","dsh_partner_order_workspace","Convert","medium","Quick replies stay subordinate to partner workspace communication."
"packages/surfaces/dist/src/dsh/app-partner/mobile/auto_dsh_partner_quick_reply_setup.d.ts","packages","generated_artifact","dsh_partner_quick_reply_setup","app-partner",".ts","dsh_customer_order_chat","generated_copy","dsh_partner_chat_companion","dsh_partner_order_workspace","","medium","Quick replies stay subordinate to partner workspace communication."
"packages/surfaces/dist/src/dsh/app-partner/mobile/auto_dsh_partner_quick_reply_setup.d.ts.map","packages","generated_artifact","dsh_partner_quick_reply_setup","app-partner",".map","dsh_customer_order_chat","generated_copy","dsh_partner_chat_companion","dsh_partner_order_workspace","","medium","Quick replies stay subordinate to partner workspace communication."
"packages/surfaces/dist/src/dsh/app-partner/mobile/auto_dsh_partner_quick_reply_setup.js","packages","generated_artifact","dsh_partner_quick_reply_setup","app-partner",".js","dsh_customer_order_chat","generated_copy","dsh_partner_chat_companion","dsh_partner_order_workspace","","medium","Quick replies stay subordinate to partner workspace communication."
"packages/surfaces/dist/src/dsh/app-partner/mobile/auto_dsh_partner_quick_reply_setup.js.map","packages","generated_artifact","dsh_partner_quick_reply_setup","app-partner",".map","dsh_customer_order_chat","generated_copy","dsh_partner_chat_companion","dsh_partner_order_workspace","","medium","Quick replies stay subordinate to partner workspace communication."
"packages/surfaces/dist/src/dsh/app-partner/mobile/auto_dsh_partner_quick_reply_setup.tsx","packages","generated_artifact","dsh_partner_quick_reply_setup","app-partner",".tsx","dsh_customer_order_chat","generated_copy","dsh_partner_chat_companion","dsh_partner_order_workspace","Convert","medium","Quick replies stay subordinate to partner workspace communication."
"packages/surfaces/dist/src/dsh/app-partner/mobile/auto_dsh_partner_staff_analytics_get.d.ts","packages","generated_artifact","dsh_partner_staff_analytics_get","app-partner",".ts","UNMAPPED","generated_copy","","","","low","No current deterministic clean mapping rule found."
"packages/surfaces/dist/src/dsh/app-partner/mobile/auto_dsh_partner_staff_analytics_get.d.ts.map","packages","generated_artifact","dsh_partner_staff_analytics_get","app-partner",".map","UNMAPPED","generated_copy","","","","low","No current deterministic clean mapping rule found."
"packages/surfaces/dist/src/dsh/app-partner/mobile/auto_dsh_partner_staff_analytics_get.js","packages","generated_artifact","dsh_partner_staff_analytics_get","app-partner",".js","UNMAPPED","generated_copy","","","","low","No current deterministic clean mapping rule found."
"packages/surfaces/dist/src/dsh/app-partner/mobile/auto_dsh_partner_staff_analytics_get.js.map","packages","generated_artifact","dsh_partner_staff_analytics_get","app-partner",".map","UNMAPPED","generated_copy","","","","low","No current deterministic clean mapping rule found."
"packages/surfaces/dist/src/dsh/app-partner/mobile/auto_dsh_partner_staff_analytics_get.tsx","packages","generated_artifact","dsh_partner_staff_analytics_get","app-partner",".tsx","UNMAPPED","generated_copy","dsh_partner_subscription_analytics_cluster","legacy_or_future_scope","Move to Legacy","low","No current deterministic clean mapping rule found."
"packages/surfaces/dist/src/dsh/app-partner/mobile/auto_dsh_partner_store_get.d.ts","packages","generated_artifact","dsh_partner_store_get","app-partner",".ts","dsh_partner_store_maintenance","generated_copy","dsh_partner_store_maintenance_workspace","dsh_partner_store_maintenance_workspace","","high","Partner store readiness and configuration family."
"packages/surfaces/dist/src/dsh/app-partner/mobile/auto_dsh_partner_store_get.d.ts.map","packages","generated_artifact","dsh_partner_store_get","app-partner",".map","dsh_partner_store_maintenance","generated_copy","dsh_partner_store_maintenance_workspace","dsh_partner_store_maintenance_workspace","","high","Partner store readiness and configuration family."
"packages/surfaces/dist/src/dsh/app-partner/mobile/auto_dsh_partner_store_get.js","packages","generated_artifact","dsh_partner_store_get","app-partner",".js","dsh_partner_store_maintenance","generated_copy","dsh_partner_store_maintenance_workspace","dsh_partner_store_maintenance_workspace","","high","Partner store readiness and configuration family."
"packages/surfaces/dist/src/dsh/app-partner/mobile/auto_dsh_partner_store_get.js.map","packages","generated_artifact","dsh_partner_store_get","app-partner",".map","dsh_partner_store_maintenance","generated_copy","dsh_partner_store_maintenance_workspace","dsh_partner_store_maintenance_workspace","","high","Partner store readiness and configuration family."
"packages/surfaces/dist/src/dsh/app-partner/mobile/auto_dsh_partner_store_get.tsx","packages","generated_artifact","dsh_partner_store_get","app-partner",".tsx","dsh_partner_store_maintenance","generated_copy","dsh_partner_store_maintenance_workspace","dsh_partner_store_maintenance_workspace","Keep","high","Partner store readiness and configuration family."
"packages/surfaces/dist/src/dsh/app-partner/mobile/auto_dsh_partner_store_nomination.d.ts","packages","generated_artifact","dsh_partner_store_nomination","app-partner",".ts","UNMAPPED","generated_copy","","","","low","No current deterministic clean mapping rule found."
"packages/surfaces/dist/src/dsh/app-partner/mobile/auto_dsh_partner_store_nomination.d.ts.map","packages","generated_artifact","dsh_partner_store_nomination","app-partner",".map","UNMAPPED","generated_copy","","","","low","No current deterministic clean mapping rule found."
"packages/surfaces/dist/src/dsh/app-partner/mobile/auto_dsh_partner_store_nomination.js","packages","generated_artifact","dsh_partner_store_nomination","app-partner",".js","UNMAPPED","generated_copy","","","","low","No current deterministic clean mapping rule found."
"packages/surfaces/dist/src/dsh/app-partner/mobile/auto_dsh_partner_store_nomination.js.map","packages","generated_artifact","dsh_partner_store_nomination","app-partner",".map","UNMAPPED","generated_copy","","","","low","No current deterministic clean mapping rule found."
"packages/surfaces/dist/src/dsh/app-partner/mobile/auto_dsh_partner_store_nomination.tsx","packages","generated_artifact","dsh_partner_store_nomination","app-partner",".tsx","UNMAPPED","generated_copy","dsh_partner_identity_staff_cluster","legacy_or_future_scope","Move to Legacy","low","No current deterministic clean mapping rule found."
"packages/surfaces/dist/src/dsh/app-partner/mobile/auto_dsh_partner_store_service_modes_update.d.ts","packages","generated_artifact","dsh_partner_store_service_modes_update","app-partner",".ts","dsh_partner_store_maintenance","generated_copy","dsh_partner_store_maintenance_workspace","dsh_partner_store_maintenance_workspace","","high","Partner store readiness and configuration family."
"packages/surfaces/dist/src/dsh/app-partner/mobile/auto_dsh_partner_store_service_modes_update.d.ts.map","packages","generated_artifact","dsh_partner_store_service_modes_update","app-partner",".map","dsh_partner_store_maintenance","generated_copy","dsh_partner_store_maintenance_workspace","dsh_partner_store_maintenance_workspace","","high","Partner store readiness and configuration family."
"packages/surfaces/dist/src/dsh/app-partner/mobile/auto_dsh_partner_store_service_modes_update.js","packages","generated_artifact","dsh_partner_store_service_modes_update","app-partner",".js","dsh_partner_store_maintenance","generated_copy","dsh_partner_store_maintenance_workspace","dsh_partner_store_maintenance_workspace","","high","Partner store readiness and configuration family."
"packages/surfaces/dist/src/dsh/app-partner/mobile/auto_dsh_partner_store_service_modes_update.js.map","packages","generated_artifact","dsh_partner_store_service_modes_update","app-partner",".map","dsh_partner_store_maintenance","generated_copy","dsh_partner_store_maintenance_workspace","dsh_partner_store_maintenance_workspace","","high","Partner store readiness and configuration family."
"packages/surfaces/dist/src/dsh/app-partner/mobile/auto_dsh_partner_store_service_modes_update.tsx","packages","generated_artifact","dsh_partner_store_service_modes_update","app-partner",".tsx","dsh_partner_store_maintenance","generated_copy","dsh_partner_store_maintenance_workspace","dsh_partner_store_maintenance_workspace","Keep","high","Partner store readiness and configuration family."
"packages/surfaces/dist/src/dsh/app-partner/mobile/auto_dsh_partner_store_status_update.d.ts","packages","generated_artifact","dsh_partner_store_status_update","app-partner",".ts","dsh_partner_store_maintenance","generated_copy","dsh_partner_store_maintenance_workspace","dsh_partner_store_maintenance_workspace","","high","Partner store readiness and configuration family."
"packages/surfaces/dist/src/dsh/app-partner/mobile/auto_dsh_partner_store_status_update.d.ts.map","packages","generated_artifact","dsh_partner_store_status_update","app-partner",".map","dsh_partner_store_maintenance","generated_copy","dsh_partner_store_maintenance_workspace","dsh_partner_store_maintenance_workspace","","high","Partner store readiness and configuration family."
"packages/surfaces/dist/src/dsh/app-partner/mobile/auto_dsh_partner_store_status_update.js","packages","generated_artifact","dsh_partner_store_status_update","app-partner",".js","dsh_partner_store_maintenance","generated_copy","dsh_partner_store_maintenance_workspace","dsh_partner_store_maintenance_workspace","","high","Partner store readiness and configuration family."
"packages/surfaces/dist/src/dsh/app-partner/mobile/auto_dsh_partner_store_status_update.js.map","packages","generated_artifact","dsh_partner_store_status_update","app-partner",".map","dsh_partner_store_maintenance","generated_copy","dsh_partner_store_maintenance_workspace","dsh_partner_store_maintenance_workspace","","high","Partner store readiness and configuration family."
"packages/surfaces/dist/src/dsh/app-partner/mobile/auto_dsh_partner_store_status_update.tsx","packages","generated_artifact","dsh_partner_store_status_update","app-partner",".tsx","dsh_partner_store_maintenance","generated_copy","dsh_partner_store_maintenance_workspace","dsh_partner_store_maintenance_workspace","Keep","high","Partner store readiness and configuration family."
"packages/surfaces/dist/src/dsh/app-partner/mobile/auto_dsh_partner_store_update.d.ts","packages","generated_artifact","dsh_partner_store_update","app-partner",".ts","dsh_partner_store_maintenance","generated_copy","dsh_partner_store_maintenance_workspace","dsh_partner_store_maintenance_workspace","","high","Partner store readiness and configuration family."
"packages/surfaces/dist/src/dsh/app-partner/mobile/auto_dsh_partner_store_update.d.ts.map","packages","generated_artifact","dsh_partner_store_update","app-partner",".map","dsh_partner_store_maintenance","generated_copy","dsh_partner_store_maintenance_workspace","dsh_partner_store_maintenance_workspace","","high","Partner store readiness and configuration family."
"packages/surfaces/dist/src/dsh/app-partner/mobile/auto_dsh_partner_store_update.js","packages","generated_artifact","dsh_partner_store_update","app-partner",".js","dsh_partner_store_maintenance","generated_copy","dsh_partner_store_maintenance_workspace","dsh_partner_store_maintenance_workspace","","high","Partner store readiness and configuration family."
"packages/surfaces/dist/src/dsh/app-partner/mobile/auto_dsh_partner_store_update.js.map","packages","generated_artifact","dsh_partner_store_update","app-partner",".map","dsh_partner_store_maintenance","generated_copy","dsh_partner_store_maintenance_workspace","dsh_partner_store_maintenance_workspace","","high","Partner store readiness and configuration family."
"packages/surfaces/dist/src/dsh/app-partner/mobile/auto_dsh_partner_store_update.tsx","packages","generated_artifact","dsh_partner_store_update","app-partner",".tsx","dsh_partner_store_maintenance","generated_copy","dsh_partner_store_maintenance_workspace","dsh_partner_store_maintenance_workspace","Keep","high","Partner store readiness and configuration family."
"packages/surfaces/dist/src/dsh/app-partner/mobile/auto_dsh_partner_subscription.d.ts","packages","generated_artifact","dsh_partner_subscription","app-partner",".ts","UNMAPPED","generated_copy","","","","low","No current deterministic clean mapping rule found."
"packages/surfaces/dist/src/dsh/app-partner/mobile/auto_dsh_partner_subscription.d.ts.map","packages","generated_artifact","dsh_partner_subscription","app-partner",".map","UNMAPPED","generated_copy","","","","low","No current deterministic clean mapping rule found."
"packages/surfaces/dist/src/dsh/app-partner/mobile/auto_dsh_partner_subscription.js","packages","generated_artifact","dsh_partner_subscription","app-partner",".js","UNMAPPED","generated_copy","","","","low","No current deterministic clean mapping rule found."
"packages/surfaces/dist/src/dsh/app-partner/mobile/auto_dsh_partner_subscription.js.map","packages","generated_artifact","dsh_partner_subscription","app-partner",".map","UNMAPPED","generated_copy","","","","low","No current deterministic clean mapping rule found."
"packages/surfaces/dist/src/dsh/app-partner/mobile/auto_dsh_partner_subscription.tsx","packages","generated_artifact","dsh_partner_subscription","app-partner",".tsx","UNMAPPED","generated_copy","dsh_partner_subscription_analytics_cluster","legacy_or_future_scope","Move to Legacy","low","No current deterministic clean mapping rule found."
"packages/surfaces/dist/src/dsh/app-partner/mobile/auto_dsh_partner_zone_set.d.ts","packages","generated_artifact","dsh_partner_zone_set","app-partner",".ts","UNMAPPED","generated_copy","","","","low","No current deterministic clean mapping rule found."
"packages/surfaces/dist/src/dsh/app-partner/mobile/auto_dsh_partner_zone_set.d.ts.map","packages","generated_artifact","dsh_partner_zone_set","app-partner",".map","UNMAPPED","generated_copy","","","","low","No current deterministic clean mapping rule found."
"packages/surfaces/dist/src/dsh/app-partner/mobile/auto_dsh_partner_zone_set.js","packages","generated_artifact","dsh_partner_zone_set","app-partner",".js","UNMAPPED","generated_copy","","","","low","No current deterministic clean mapping rule found."
"packages/surfaces/dist/src/dsh/app-partner/mobile/auto_dsh_partner_zone_set.js.map","packages","generated_artifact","dsh_partner_zone_set","app-partner",".map","UNMAPPED","generated_copy","","","","low","No current deterministic clean mapping rule found."
"packages/surfaces/dist/src/dsh/app-partner/mobile/auto_dsh_partner_zone_set.tsx","packages","generated_artifact","dsh_partner_zone_set","app-partner",".tsx","UNMAPPED","generated_copy","dsh_partner_store_maintenance_workspace","dsh_partner_store_maintenance_workspace","Keep","low","No current deterministic clean mapping rule found."
"packages/surfaces/dist/src/dsh/app-partner/mobile/index.d.ts","packages","generated_artifact","","app-partner",".ts","","generated_copy","","","","n/a","Supporting or cluster-level file without a single operation identity."
"packages/surfaces/dist/src/dsh/app-partner/mobile/index.d.ts.map","packages","generated_artifact","","app-partner",".map","","generated_copy","","","","n/a","Supporting or cluster-level file without a single operation identity."
"packages/surfaces/dist/src/dsh/app-partner/mobile/index.js","packages","generated_artifact","","app-partner",".js","","generated_copy","","","","n/a","Supporting or cluster-level file without a single operation identity."
"packages/surfaces/dist/src/dsh/app-partner/mobile/index.js.map","packages","generated_artifact","","app-partner",".map","","generated_copy","","","","n/a","Supporting or cluster-level file without a single operation identity."
"packages/surfaces/dist/src/dsh/app-partner/mobile/index.ts","packages","generated_artifact","","app-partner",".ts","","generated_copy","","","","n/a","Supporting or cluster-level file without a single operation identity."
"packages/surfaces/dist/src/dsh/app-client/mobile/assets/banners/README.md","packages","generated_artifact","","app-client",".md","","generated_copy","","","","n/a","Supporting or cluster-level file without a single operation identity."
"packages/surfaces/dist/src/dsh/app-client/mobile/assets/categories/README.md","packages","generated_artifact","","app-client",".md","","generated_copy","","","","n/a","Supporting or cluster-level file without a single operation identity."
"packages/surfaces/dist/src/dsh/app-client/mobile/auto_dsh_awnak_order_create.d.ts","packages","generated_artifact","dsh_awnak_order_create","app-client",".ts","legacy_non_current_order_vertical","generated_copy","legacy_or_future_scope","","","high","This donor vertical is outside current DSH first-service truth."
"packages/surfaces/dist/src/dsh/app-client/mobile/auto_dsh_awnak_order_create.d.ts.map","packages","generated_artifact","dsh_awnak_order_create","app-client",".map","legacy_non_current_order_vertical","generated_copy","legacy_or_future_scope","","","high","This donor vertical is outside current DSH first-service truth."
"packages/surfaces/dist/src/dsh/app-client/mobile/auto_dsh_awnak_order_create.js","packages","generated_artifact","dsh_awnak_order_create","app-client",".js","legacy_non_current_order_vertical","generated_copy","legacy_or_future_scope","","","high","This donor vertical is outside current DSH first-service truth."
"packages/surfaces/dist/src/dsh/app-client/mobile/auto_dsh_awnak_order_create.js.map","packages","generated_artifact","dsh_awnak_order_create","app-client",".map","legacy_non_current_order_vertical","generated_copy","legacy_or_future_scope","","","high","This donor vertical is outside current DSH first-service truth."
"packages/surfaces/dist/src/dsh/app-client/mobile/auto_dsh_awnak_order_create.tsx","packages","generated_artifact","dsh_awnak_order_create","app-client",".tsx","legacy_non_current_order_vertical","generated_copy","legacy_or_future_scope","","","high","This donor vertical is outside current DSH first-service truth."
"packages/surfaces/dist/src/dsh/app-client/mobile/auto_dsh_booking_create.d.ts","packages","generated_artifact","dsh_booking_create","app-client",".ts","dsh_order_submit","generated_copy","dsh_client_checkout_confirm","dsh_client_checkout_confirm","","medium","Submission-side operation supporting the confirmed order handoff."
"packages/surfaces/dist/src/dsh/app-client/mobile/auto_dsh_booking_create.d.ts.map","packages","generated_artifact","dsh_booking_create","app-client",".map","dsh_order_submit","generated_copy","dsh_client_checkout_confirm","dsh_client_checkout_confirm","","medium","Submission-side operation supporting the confirmed order handoff."
"packages/surfaces/dist/src/dsh/app-client/mobile/auto_dsh_booking_create.js","packages","generated_artifact","dsh_booking_create","app-client",".js","dsh_order_submit","generated_copy","dsh_client_checkout_confirm","dsh_client_checkout_confirm","","medium","Submission-side operation supporting the confirmed order handoff."
"packages/surfaces/dist/src/dsh/app-client/mobile/auto_dsh_booking_create.js.map","packages","generated_artifact","dsh_booking_create","app-client",".map","dsh_order_submit","generated_copy","dsh_client_checkout_confirm","dsh_client_checkout_confirm","","medium","Submission-side operation supporting the confirmed order handoff."
"packages/surfaces/dist/src/dsh/app-client/mobile/auto_dsh_booking_create.tsx","packages","generated_artifact","dsh_booking_create","app-client",".tsx","dsh_order_submit","generated_copy","dsh_client_checkout_confirm","dsh_client_checkout_confirm","","medium","Submission-side operation supporting the confirmed order handoff."
"packages/surfaces/dist/src/dsh/app-client/mobile/auto_dsh_cart_get.d.ts","packages","generated_artifact","dsh_cart_get","app-client",".ts","dsh_cart_checkout_gate","generated_copy","dsh_client_cart_review|dsh_client_checkout_confirm|dsh_client_checkout_block_state","dsh_client_cart_review|dsh_client_checkout_confirm","","high","Cart and checkout gating family."
"packages/surfaces/dist/src/dsh/app-client/mobile/auto_dsh_cart_get.d.ts.map","packages","generated_artifact","dsh_cart_get","app-client",".map","dsh_cart_checkout_gate","generated_copy","dsh_client_cart_review|dsh_client_checkout_confirm|dsh_client_checkout_block_state","dsh_client_cart_review|dsh_client_checkout_confirm","","high","Cart and checkout gating family."
"packages/surfaces/dist/src/dsh/app-client/mobile/auto_dsh_cart_get.js","packages","generated_artifact","dsh_cart_get","app-client",".js","dsh_cart_checkout_gate","generated_copy","dsh_client_cart_review|dsh_client_checkout_confirm|dsh_client_checkout_block_state","dsh_client_cart_review|dsh_client_checkout_confirm","","high","Cart and checkout gating family."
"packages/surfaces/dist/src/dsh/app-client/mobile/auto_dsh_cart_get.js.map","packages","generated_artifact","dsh_cart_get","app-client",".map","dsh_cart_checkout_gate","generated_copy","dsh_client_cart_review|dsh_client_checkout_confirm|dsh_client_checkout_block_state","dsh_client_cart_review|dsh_client_checkout_confirm","","high","Cart and checkout gating family."
"packages/surfaces/dist/src/dsh/app-client/mobile/auto_dsh_cart_get.tsx","packages","generated_artifact","dsh_cart_get","app-client",".tsx","dsh_cart_checkout_gate","generated_copy","dsh_client_cart_review","dsh_client_cart_review","Keep","high","Cart and checkout gating family."
"packages/surfaces/dist/src/dsh/app-client/mobile/auto_dsh_cart_init.d.ts","packages","generated_artifact","dsh_cart_init","app-client",".ts","dsh_cart_checkout_gate","generated_copy","dsh_client_cart_review|dsh_client_checkout_confirm|dsh_client_checkout_block_state","dsh_client_cart_review|dsh_client_checkout_confirm","","high","Cart and checkout gating family."
"packages/surfaces/dist/src/dsh/app-client/mobile/auto_dsh_cart_init.d.ts.map","packages","generated_artifact","dsh_cart_init","app-client",".map","dsh_cart_checkout_gate","generated_copy","dsh_client_cart_review|dsh_client_checkout_confirm|dsh_client_checkout_block_state","dsh_client_cart_review|dsh_client_checkout_confirm","","high","Cart and checkout gating family."
"packages/surfaces/dist/src/dsh/app-client/mobile/auto_dsh_cart_init.js","packages","generated_artifact","dsh_cart_init","app-client",".js","dsh_cart_checkout_gate","generated_copy","dsh_client_cart_review|dsh_client_checkout_confirm|dsh_client_checkout_block_state","dsh_client_cart_review|dsh_client_checkout_confirm","","high","Cart and checkout gating family."
"packages/surfaces/dist/src/dsh/app-client/mobile/auto_dsh_cart_init.js.map","packages","generated_artifact","dsh_cart_init","app-client",".map","dsh_cart_checkout_gate","generated_copy","dsh_client_cart_review|dsh_client_checkout_confirm|dsh_client_checkout_block_state","dsh_client_cart_review|dsh_client_checkout_confirm","","high","Cart and checkout gating family."
"packages/surfaces/dist/src/dsh/app-client/mobile/auto_dsh_cart_init.tsx","packages","generated_artifact","dsh_cart_init","app-client",".tsx","dsh_cart_checkout_gate","generated_copy","dsh_client_cart_review","dsh_client_cart_review","Keep","high","Cart and checkout gating family."
"packages/surfaces/dist/src/dsh/app-client/mobile/auto_dsh_cart_item_add.d.ts","packages","generated_artifact","dsh_cart_item_add","app-client",".ts","dsh_cart_checkout_gate","generated_copy","dsh_client_cart_review|dsh_client_checkout_confirm|dsh_client_checkout_block_state","dsh_client_cart_review|dsh_client_checkout_confirm","","high","Cart and checkout gating family."
"packages/surfaces/dist/src/dsh/app-client/mobile/auto_dsh_cart_item_add.d.ts.map","packages","generated_artifact","dsh_cart_item_add","app-client",".map","dsh_cart_checkout_gate","generated_copy","dsh_client_cart_review|dsh_client_checkout_confirm|dsh_client_checkout_block_state","dsh_client_cart_review|dsh_client_checkout_confirm","","high","Cart and checkout gating family."
"packages/surfaces/dist/src/dsh/app-client/mobile/auto_dsh_cart_item_add.js","packages","generated_artifact","dsh_cart_item_add","app-client",".js","dsh_cart_checkout_gate","generated_copy","dsh_client_cart_review|dsh_client_checkout_confirm|dsh_client_checkout_block_state","dsh_client_cart_review|dsh_client_checkout_confirm","","high","Cart and checkout gating family."
"packages/surfaces/dist/src/dsh/app-client/mobile/auto_dsh_cart_item_add.js.map","packages","generated_artifact","dsh_cart_item_add","app-client",".map","dsh_cart_checkout_gate","generated_copy","dsh_client_cart_review|dsh_client_checkout_confirm|dsh_client_checkout_block_state","dsh_client_cart_review|dsh_client_checkout_confirm","","high","Cart and checkout gating family."
"packages/surfaces/dist/src/dsh/app-client/mobile/auto_dsh_cart_item_add.tsx","packages","generated_artifact","dsh_cart_item_add","app-client",".tsx","dsh_cart_checkout_gate","generated_copy","dsh_client_cart_review","dsh_client_cart_review","Keep","high","Cart and checkout gating family."
"packages/surfaces/dist/src/dsh/app-client/mobile/auto_dsh_cart_item_remove.d.ts","packages","generated_artifact","dsh_cart_item_remove","app-client",".ts","dsh_cart_checkout_gate","generated_copy","dsh_client_cart_review|dsh_client_checkout_confirm|dsh_client_checkout_block_state","dsh_client_cart_review|dsh_client_checkout_confirm","","high","Cart and checkout gating family."
"packages/surfaces/dist/src/dsh/app-client/mobile/auto_dsh_cart_item_remove.d.ts.map","packages","generated_artifact","dsh_cart_item_remove","app-client",".map","dsh_cart_checkout_gate","generated_copy","dsh_client_cart_review|dsh_client_checkout_confirm|dsh_client_checkout_block_state","dsh_client_cart_review|dsh_client_checkout_confirm","","high","Cart and checkout gating family."
"packages/surfaces/dist/src/dsh/app-client/mobile/auto_dsh_cart_item_remove.js","packages","generated_artifact","dsh_cart_item_remove","app-client",".js","dsh_cart_checkout_gate","generated_copy","dsh_client_cart_review|dsh_client_checkout_confirm|dsh_client_checkout_block_state","dsh_client_cart_review|dsh_client_checkout_confirm","","high","Cart and checkout gating family."
"packages/surfaces/dist/src/dsh/app-client/mobile/auto_dsh_cart_item_remove.js.map","packages","generated_artifact","dsh_cart_item_remove","app-client",".map","dsh_cart_checkout_gate","generated_copy","dsh_client_cart_review|dsh_client_checkout_confirm|dsh_client_checkout_block_state","dsh_client_cart_review|dsh_client_checkout_confirm","","high","Cart and checkout gating family."
"packages/surfaces/dist/src/dsh/app-client/mobile/auto_dsh_cart_item_remove.tsx","packages","generated_artifact","dsh_cart_item_remove","app-client",".tsx","dsh_cart_checkout_gate","generated_copy","dsh_client_cart_review","dsh_client_cart_review","Keep","high","Cart and checkout gating family."
"packages/surfaces/dist/src/dsh/app-client/mobile/auto_dsh_cart_item_update.d.ts","packages","generated_artifact","dsh_cart_item_update","app-client",".ts","dsh_cart_checkout_gate","generated_copy","dsh_client_cart_review|dsh_client_checkout_confirm|dsh_client_checkout_block_state","dsh_client_cart_review|dsh_client_checkout_confirm","","high","Cart and checkout gating family."
"packages/surfaces/dist/src/dsh/app-client/mobile/auto_dsh_cart_item_update.d.ts.map","packages","generated_artifact","dsh_cart_item_update","app-client",".map","dsh_cart_checkout_gate","generated_copy","dsh_client_cart_review|dsh_client_checkout_confirm|dsh_client_checkout_block_state","dsh_client_cart_review|dsh_client_checkout_confirm","","high","Cart and checkout gating family."
"packages/surfaces/dist/src/dsh/app-client/mobile/auto_dsh_cart_item_update.js","packages","generated_artifact","dsh_cart_item_update","app-client",".js","dsh_cart_checkout_gate","generated_copy","dsh_client_cart_review|dsh_client_checkout_confirm|dsh_client_checkout_block_state","dsh_client_cart_review|dsh_client_checkout_confirm","","high","Cart and checkout gating family."
"packages/surfaces/dist/src/dsh/app-client/mobile/auto_dsh_cart_item_update.js.map","packages","generated_artifact","dsh_cart_item_update","app-client",".map","dsh_cart_checkout_gate","generated_copy","dsh_client_cart_review|dsh_client_checkout_confirm|dsh_client_checkout_block_state","dsh_client_cart_review|dsh_client_checkout_confirm","","high","Cart and checkout gating family."
"packages/surfaces/dist/src/dsh/app-client/mobile/auto_dsh_cart_item_update.tsx","packages","generated_artifact","dsh_cart_item_update","app-client",".tsx","dsh_cart_checkout_gate","generated_copy","dsh_client_cart_review","dsh_client_cart_review","Keep","high","Cart and checkout gating family."
"packages/surfaces/dist/src/dsh/app-client/mobile/auto_dsh_categories_list.d.ts","packages","generated_artifact","dsh_categories_list","app-client",".ts","UNMAPPED","generated_copy","","","","low","No current deterministic clean mapping rule found."
"packages/surfaces/dist/src/dsh/app-client/mobile/auto_dsh_categories_list.d.ts.map","packages","generated_artifact","dsh_categories_list","app-client",".map","UNMAPPED","generated_copy","","","","low","No current deterministic clean mapping rule found."
"packages/surfaces/dist/src/dsh/app-client/mobile/auto_dsh_categories_list.js","packages","generated_artifact","dsh_categories_list","app-client",".js","UNMAPPED","generated_copy","","","","low","No current deterministic clean mapping rule found."
"packages/surfaces/dist/src/dsh/app-client/mobile/auto_dsh_categories_list.js.map","packages","generated_artifact","dsh_categories_list","app-client",".map","UNMAPPED","generated_copy","","","","low","No current deterministic clean mapping rule found."
"packages/surfaces/dist/src/dsh/app-client/mobile/auto_dsh_categories_list.tsx","packages","generated_artifact","dsh_categories_list","app-client",".tsx","UNMAPPED","generated_copy","dsh_client_discovery_split_variants|dsh_client_entry_discovery_home","dsh_client_entry_discovery_home|dsh_client_entry_discovery_home|dsh_client_category_or_store_detail","Keep|Merge","low","No current deterministic clean mapping rule found."
"packages/surfaces/dist/src/dsh/app-client/mobile/auto_dsh_category_get.d.ts","packages","generated_artifact","dsh_category_get","app-client",".ts","UNMAPPED","generated_copy","","","","low","No current deterministic clean mapping rule found."
"packages/surfaces/dist/src/dsh/app-client/mobile/auto_dsh_category_get.d.ts.map","packages","generated_artifact","dsh_category_get","app-client",".map","UNMAPPED","generated_copy","","","","low","No current deterministic clean mapping rule found."
"packages/surfaces/dist/src/dsh/app-client/mobile/auto_dsh_category_get.js","packages","generated_artifact","dsh_category_get","app-client",".js","UNMAPPED","generated_copy","","","","low","No current deterministic clean mapping rule found."
"packages/surfaces/dist/src/dsh/app-client/mobile/auto_dsh_category_get.js.map","packages","generated_artifact","dsh_category_get","app-client",".map","UNMAPPED","generated_copy","","","","low","No current deterministic clean mapping rule found."
"packages/surfaces/dist/src/dsh/app-client/mobile/auto_dsh_category_get.tsx","packages","generated_artifact","dsh_category_get","app-client",".tsx","UNMAPPED","generated_copy","dsh_client_category_or_store_detail|dsh_client_discovery_split_variants","dsh_client_category_or_store_detail|dsh_client_entry_discovery_home|dsh_client_category_or_store_detail","Keep|Merge","low","No current deterministic clean mapping rule found."
"packages/surfaces/dist/src/dsh/app-client/mobile/auto_dsh_chat_read_ack.d.ts","packages","generated_artifact","dsh_chat_read_ack","app-client",".ts","dsh_customer_order_chat","generated_copy","dsh_client_order_chat_companion","dsh_client_active_order_tracking","","high","Customer chat is subordinate to active tracking."
"packages/surfaces/dist/src/dsh/app-client/mobile/auto_dsh_chat_read_ack.d.ts.map","packages","generated_artifact","dsh_chat_read_ack","app-client",".map","dsh_customer_order_chat","generated_copy","dsh_client_order_chat_companion","dsh_client_active_order_tracking","","high","Customer chat is subordinate to active tracking."
"packages/surfaces/dist/src/dsh/app-client/mobile/auto_dsh_chat_read_ack.js","packages","generated_artifact","dsh_chat_read_ack","app-client",".js","dsh_customer_order_chat","generated_copy","dsh_client_order_chat_companion","dsh_client_active_order_tracking","","high","Customer chat is subordinate to active tracking."
"packages/surfaces/dist/src/dsh/app-client/mobile/auto_dsh_chat_read_ack.js.map","packages","generated_artifact","dsh_chat_read_ack","app-client",".map","dsh_customer_order_chat","generated_copy","dsh_client_order_chat_companion","dsh_client_active_order_tracking","","high","Customer chat is subordinate to active tracking."
"packages/surfaces/dist/src/dsh/app-client/mobile/auto_dsh_chat_read_ack.tsx","packages","generated_artifact","dsh_chat_read_ack","app-client",".tsx","dsh_customer_order_chat","generated_copy","dsh_client_order_chat_companion","dsh_client_active_order_tracking","Convert","high","Customer chat is subordinate to active tracking."
"packages/surfaces/dist/src/dsh/app-client/mobile/auto_dsh_chat_send.d.ts","packages","generated_artifact","dsh_chat_send","app-client",".ts","dsh_customer_order_chat","generated_copy","dsh_client_order_chat_companion","dsh_client_active_order_tracking","","high","Customer chat is subordinate to active tracking."
"packages/surfaces/dist/src/dsh/app-client/mobile/auto_dsh_chat_send.d.ts.map","packages","generated_artifact","dsh_chat_send","app-client",".map","dsh_customer_order_chat","generated_copy","dsh_client_order_chat_companion","dsh_client_active_order_tracking","","high","Customer chat is subordinate to active tracking."
"packages/surfaces/dist/src/dsh/app-client/mobile/auto_dsh_chat_send.js","packages","generated_artifact","dsh_chat_send","app-client",".js","dsh_customer_order_chat","generated_copy","dsh_client_order_chat_companion","dsh_client_active_order_tracking","","high","Customer chat is subordinate to active tracking."
"packages/surfaces/dist/src/dsh/app-client/mobile/auto_dsh_chat_send.js.map","packages","generated_artifact","dsh_chat_send","app-client",".map","dsh_customer_order_chat","generated_copy","dsh_client_order_chat_companion","dsh_client_active_order_tracking","","high","Customer chat is subordinate to active tracking."
"packages/surfaces/dist/src/dsh/app-client/mobile/auto_dsh_chat_send.tsx","packages","generated_artifact","dsh_chat_send","app-client",".tsx","dsh_customer_order_chat","generated_copy","dsh_client_order_chat_companion","dsh_client_active_order_tracking","Convert","high","Customer chat is subordinate to active tracking."
"packages/surfaces/dist/src/dsh/app-client/mobile/auto_dsh_checkout_gate.d.ts","packages","generated_artifact","dsh_checkout_gate","app-client",".ts","dsh_cart_checkout_gate","generated_copy","dsh_client_cart_review|dsh_client_checkout_confirm|dsh_client_checkout_block_state","dsh_client_cart_review|dsh_client_checkout_confirm","","high","Cart and checkout gating family."
"packages/surfaces/dist/src/dsh/app-client/mobile/auto_dsh_checkout_gate.d.ts.map","packages","generated_artifact","dsh_checkout_gate","app-client",".map","dsh_cart_checkout_gate","generated_copy","dsh_client_cart_review|dsh_client_checkout_confirm|dsh_client_checkout_block_state","dsh_client_cart_review|dsh_client_checkout_confirm","","high","Cart and checkout gating family."
"packages/surfaces/dist/src/dsh/app-client/mobile/auto_dsh_checkout_gate.js","packages","generated_artifact","dsh_checkout_gate","app-client",".js","dsh_cart_checkout_gate","generated_copy","dsh_client_cart_review|dsh_client_checkout_confirm|dsh_client_checkout_block_state","dsh_client_cart_review|dsh_client_checkout_confirm","","high","Cart and checkout gating family."
"packages/surfaces/dist/src/dsh/app-client/mobile/auto_dsh_checkout_gate.js.map","packages","generated_artifact","dsh_checkout_gate","app-client",".map","dsh_cart_checkout_gate","generated_copy","dsh_client_cart_review|dsh_client_checkout_confirm|dsh_client_checkout_block_state","dsh_client_cart_review|dsh_client_checkout_confirm","","high","Cart and checkout gating family."
"packages/surfaces/dist/src/dsh/app-client/mobile/auto_dsh_checkout_gate.tsx","packages","generated_artifact","dsh_checkout_gate","app-client",".tsx","dsh_cart_checkout_gate","generated_copy","dsh_client_checkout_confirm","dsh_client_checkout_confirm","Keep","high","Cart and checkout gating family."
"packages/surfaces/dist/src/dsh/app-client/mobile/auto_dsh_delivery_attempt_create.d.ts","packages","generated_artifact","dsh_delivery_attempt_create","app-client",".ts","dsh_customer_order_tracking","generated_copy","dsh_client_active_order_tracking|dsh_captain_proof_capture","dsh_client_active_order_tracking|dsh_captain_proof_capture","","low","Support operation that affects completion or visibility without a standalone current-screen identity."
"packages/surfaces/dist/src/dsh/app-client/mobile/auto_dsh_delivery_attempt_create.d.ts.map","packages","generated_artifact","dsh_delivery_attempt_create","app-client",".map","dsh_customer_order_tracking","generated_copy","dsh_client_active_order_tracking|dsh_captain_proof_capture","dsh_client_active_order_tracking|dsh_captain_proof_capture","","low","Support operation that affects completion or visibility without a standalone current-screen identity."
"packages/surfaces/dist/src/dsh/app-client/mobile/auto_dsh_delivery_attempt_create.js","packages","generated_artifact","dsh_delivery_attempt_create","app-client",".js","dsh_customer_order_tracking","generated_copy","dsh_client_active_order_tracking|dsh_captain_proof_capture","dsh_client_active_order_tracking|dsh_captain_proof_capture","","low","Support operation that affects completion or visibility without a standalone current-screen identity."
"packages/surfaces/dist/src/dsh/app-client/mobile/auto_dsh_delivery_attempt_create.js.map","packages","generated_artifact","dsh_delivery_attempt_create","app-client",".map","dsh_customer_order_tracking","generated_copy","dsh_client_active_order_tracking|dsh_captain_proof_capture","dsh_client_active_order_tracking|dsh_captain_proof_capture","","low","Support operation that affects completion or visibility without a standalone current-screen identity."
"packages/surfaces/dist/src/dsh/app-client/mobile/auto_dsh_delivery_attempt_create.tsx","packages","generated_artifact","dsh_delivery_attempt_create","app-client",".tsx","dsh_customer_order_tracking","generated_copy","dsh_client_active_order_tracking|dsh_captain_proof_capture","dsh_client_active_order_tracking|dsh_captain_proof_capture","","low","Support operation that affects completion or visibility without a standalone current-screen identity."
"packages/surfaces/dist/src/dsh/app-client/mobile/auto_dsh_delivery_attempts_list.d.ts","packages","generated_artifact","dsh_delivery_attempts_list","app-client",".ts","dsh_customer_order_tracking","generated_copy","dsh_client_active_order_tracking","dsh_client_active_order_tracking","","medium","Derived delivery-view screen folded into current tracking truth."
"packages/surfaces/dist/src/dsh/app-client/mobile/auto_dsh_delivery_attempts_list.d.ts.map","packages","generated_artifact","dsh_delivery_attempts_list","app-client",".map","dsh_customer_order_tracking","generated_copy","dsh_client_active_order_tracking","dsh_client_active_order_tracking","","medium","Derived delivery-view screen folded into current tracking truth."
"packages/surfaces/dist/src/dsh/app-client/mobile/auto_dsh_delivery_attempts_list.js","packages","generated_artifact","dsh_delivery_attempts_list","app-client",".js","dsh_customer_order_tracking","generated_copy","dsh_client_active_order_tracking","dsh_client_active_order_tracking","","medium","Derived delivery-view screen folded into current tracking truth."
"packages/surfaces/dist/src/dsh/app-client/mobile/auto_dsh_delivery_attempts_list.js.map","packages","generated_artifact","dsh_delivery_attempts_list","app-client",".map","dsh_customer_order_tracking","generated_copy","dsh_client_active_order_tracking","dsh_client_active_order_tracking","","medium","Derived delivery-view screen folded into current tracking truth."
"packages/surfaces/dist/src/dsh/app-client/mobile/auto_dsh_delivery_attempts_list.tsx","packages","generated_artifact","dsh_delivery_attempts_list","app-client",".tsx","dsh_customer_order_tracking","generated_copy","dsh_client_active_order_tracking","dsh_client_active_order_tracking","","medium","Derived delivery-view screen folded into current tracking truth."
"packages/surfaces/dist/src/dsh/app-client/mobile/auto_dsh_delivery_close.d.ts","packages","generated_artifact","dsh_delivery_close","app-client",".ts","dsh_customer_order_tracking","generated_copy","dsh_client_active_order_tracking","dsh_client_active_order_tracking","","medium","Derived delivery-view screen folded into current tracking truth."
"packages/surfaces/dist/src/dsh/app-client/mobile/auto_dsh_delivery_close.d.ts.map","packages","generated_artifact","dsh_delivery_close","app-client",".map","dsh_customer_order_tracking","generated_copy","dsh_client_active_order_tracking","dsh_client_active_order_tracking","","medium","Derived delivery-view screen folded into current tracking truth."
"packages/surfaces/dist/src/dsh/app-client/mobile/auto_dsh_delivery_close.js","packages","generated_artifact","dsh_delivery_close","app-client",".js","dsh_customer_order_tracking","generated_copy","dsh_client_active_order_tracking","dsh_client_active_order_tracking","","medium","Derived delivery-view screen folded into current tracking truth."
"packages/surfaces/dist/src/dsh/app-client/mobile/auto_dsh_delivery_close.js.map","packages","generated_artifact","dsh_delivery_close","app-client",".map","dsh_customer_order_tracking","generated_copy","dsh_client_active_order_tracking","dsh_client_active_order_tracking","","medium","Derived delivery-view screen folded into current tracking truth."
"packages/surfaces/dist/src/dsh/app-client/mobile/auto_dsh_delivery_close.tsx","packages","generated_artifact","dsh_delivery_close","app-client",".tsx","dsh_customer_order_tracking","generated_copy","dsh_client_active_order_tracking","dsh_client_active_order_tracking","","medium","Derived delivery-view screen folded into current tracking truth."
"packages/surfaces/dist/src/dsh/app-client/mobile/auto_dsh_delivery_eta_get.d.ts","packages","generated_artifact","dsh_delivery_eta_get","app-client",".ts","dsh_customer_order_tracking","generated_copy","dsh_client_active_order_tracking|dsh_captain_proof_capture","dsh_client_active_order_tracking|dsh_captain_proof_capture","","low","Support operation that affects completion or visibility without a standalone current-screen identity."
"packages/surfaces/dist/src/dsh/app-client/mobile/auto_dsh_delivery_eta_get.d.ts.map","packages","generated_artifact","dsh_delivery_eta_get","app-client",".map","dsh_customer_order_tracking","generated_copy","dsh_client_active_order_tracking|dsh_captain_proof_capture","dsh_client_active_order_tracking|dsh_captain_proof_capture","","low","Support operation that affects completion or visibility without a standalone current-screen identity."
"packages/surfaces/dist/src/dsh/app-client/mobile/auto_dsh_delivery_eta_get.js","packages","generated_artifact","dsh_delivery_eta_get","app-client",".js","dsh_customer_order_tracking","generated_copy","dsh_client_active_order_tracking|dsh_captain_proof_capture","dsh_client_active_order_tracking|dsh_captain_proof_capture","","low","Support operation that affects completion or visibility without a standalone current-screen identity."
"packages/surfaces/dist/src/dsh/app-client/mobile/auto_dsh_delivery_eta_get.js.map","packages","generated_artifact","dsh_delivery_eta_get","app-client",".map","dsh_customer_order_tracking","generated_copy","dsh_client_active_order_tracking|dsh_captain_proof_capture","dsh_client_active_order_tracking|dsh_captain_proof_capture","","low","Support operation that affects completion or visibility without a standalone current-screen identity."
"packages/surfaces/dist/src/dsh/app-client/mobile/auto_dsh_delivery_eta_get.tsx","packages","generated_artifact","dsh_delivery_eta_get","app-client",".tsx","dsh_customer_order_tracking","generated_copy","dsh_client_active_order_tracking|dsh_captain_proof_capture","dsh_client_active_order_tracking|dsh_captain_proof_capture","","low","Support operation that affects completion or visibility without a standalone current-screen identity."
"packages/surfaces/dist/src/dsh/app-client/mobile/auto_dsh_delivery_get.d.ts","packages","generated_artifact","dsh_delivery_get","app-client",".ts","dsh_customer_order_tracking","generated_copy","dsh_client_active_order_tracking","dsh_client_active_order_tracking","","medium","Derived delivery-view screen folded into current tracking truth."
"packages/surfaces/dist/src/dsh/app-client/mobile/auto_dsh_delivery_get.d.ts.map","packages","generated_artifact","dsh_delivery_get","app-client",".map","dsh_customer_order_tracking","generated_copy","dsh_client_active_order_tracking","dsh_client_active_order_tracking","","medium","Derived delivery-view screen folded into current tracking truth."
"packages/surfaces/dist/src/dsh/app-client/mobile/auto_dsh_delivery_get.js","packages","generated_artifact","dsh_delivery_get","app-client",".js","dsh_customer_order_tracking","generated_copy","dsh_client_active_order_tracking","dsh_client_active_order_tracking","","medium","Derived delivery-view screen folded into current tracking truth."
"packages/surfaces/dist/src/dsh/app-client/mobile/auto_dsh_delivery_get.js.map","packages","generated_artifact","dsh_delivery_get","app-client",".map","dsh_customer_order_tracking","generated_copy","dsh_client_active_order_tracking","dsh_client_active_order_tracking","","medium","Derived delivery-view screen folded into current tracking truth."
"packages/surfaces/dist/src/dsh/app-client/mobile/auto_dsh_delivery_get.tsx","packages","generated_artifact","dsh_delivery_get","app-client",".tsx","dsh_customer_order_tracking","generated_copy","dsh_client_active_order_tracking","dsh_client_active_order_tracking","","medium","Derived delivery-view screen folded into current tracking truth."
"packages/surfaces/dist/src/dsh/app-client/mobile/auto_dsh_delivery_reassign.d.ts","packages","generated_artifact","dsh_delivery_reassign","app-client",".ts","dsh_ops_governance_controls","generated_copy","dsh_ops_order_detail_exception_workspace|dsh_ops_orders_board","dsh_ops_order_detail_exception_workspace","","medium","Derived delivery-control screen sits in exception or oversight space."
"packages/surfaces/dist/src/dsh/app-client/mobile/auto_dsh_delivery_reassign.d.ts.map","packages","generated_artifact","dsh_delivery_reassign","app-client",".map","dsh_ops_governance_controls","generated_copy","dsh_ops_order_detail_exception_workspace|dsh_ops_orders_board","dsh_ops_order_detail_exception_workspace","","medium","Derived delivery-control screen sits in exception or oversight space."
"packages/surfaces/dist/src/dsh/app-client/mobile/auto_dsh_delivery_reassign.js","packages","generated_artifact","dsh_delivery_reassign","app-client",".js","dsh_ops_governance_controls","generated_copy","dsh_ops_order_detail_exception_workspace|dsh_ops_orders_board","dsh_ops_order_detail_exception_workspace","","medium","Derived delivery-control screen sits in exception or oversight space."
"packages/surfaces/dist/src/dsh/app-client/mobile/auto_dsh_delivery_reassign.js.map","packages","generated_artifact","dsh_delivery_reassign","app-client",".map","dsh_ops_governance_controls","generated_copy","dsh_ops_order_detail_exception_workspace|dsh_ops_orders_board","dsh_ops_order_detail_exception_workspace","","medium","Derived delivery-control screen sits in exception or oversight space."
"packages/surfaces/dist/src/dsh/app-client/mobile/auto_dsh_delivery_reassign.tsx","packages","generated_artifact","dsh_delivery_reassign","app-client",".tsx","dsh_ops_governance_controls","generated_copy","dsh_ops_order_detail_exception_workspace|dsh_ops_orders_board","dsh_ops_order_detail_exception_workspace","","medium","Derived delivery-control screen sits in exception or oversight space."
"packages/surfaces/dist/src/dsh/app-client/mobile/auto_dsh_delivery_track_get.d.ts","packages","generated_artifact","dsh_delivery_track_get","app-client",".ts","dsh_customer_order_tracking","generated_copy","dsh_client_active_order_tracking","dsh_client_active_order_tracking","","high","Customer-visible order tracking family."
"packages/surfaces/dist/src/dsh/app-client/mobile/auto_dsh_delivery_track_get.d.ts.map","packages","generated_artifact","dsh_delivery_track_get","app-client",".map","dsh_customer_order_tracking","generated_copy","dsh_client_active_order_tracking","dsh_client_active_order_tracking","","high","Customer-visible order tracking family."
"packages/surfaces/dist/src/dsh/app-client/mobile/auto_dsh_delivery_track_get.js","packages","generated_artifact","dsh_delivery_track_get","app-client",".js","dsh_customer_order_tracking","generated_copy","dsh_client_active_order_tracking","dsh_client_active_order_tracking","","high","Customer-visible order tracking family."
"packages/surfaces/dist/src/dsh/app-client/mobile/auto_dsh_delivery_track_get.js.map","packages","generated_artifact","dsh_delivery_track_get","app-client",".map","dsh_customer_order_tracking","generated_copy","dsh_client_active_order_tracking","dsh_client_active_order_tracking","","high","Customer-visible order tracking family."
"packages/surfaces/dist/src/dsh/app-client/mobile/auto_dsh_delivery_track_get.tsx","packages","generated_artifact","dsh_delivery_track_get","app-client",".tsx","dsh_customer_order_tracking","generated_copy","dsh_client_active_order_tracking","dsh_client_active_order_tracking","Keep","high","Customer-visible order tracking family."
"packages/surfaces/dist/src/dsh/app-client/mobile/auto_dsh_entitlements_get.d.ts","packages","generated_artifact","dsh_entitlements_get","app-client",".ts","dsh_store_discovery","generated_copy","dsh_client_entry_discovery_home|dsh_client_category_or_store_detail","dsh_client_entry_discovery_home|dsh_client_category_or_store_detail","","medium","Discovery and detail-support operation family."
"packages/surfaces/dist/src/dsh/app-client/mobile/auto_dsh_entitlements_get.d.ts.map","packages","generated_artifact","dsh_entitlements_get","app-client",".map","dsh_store_discovery","generated_copy","dsh_client_entry_discovery_home|dsh_client_category_or_store_detail","dsh_client_entry_discovery_home|dsh_client_category_or_store_detail","","medium","Discovery and detail-support operation family."
"packages/surfaces/dist/src/dsh/app-client/mobile/auto_dsh_entitlements_get.js","packages","generated_artifact","dsh_entitlements_get","app-client",".js","dsh_store_discovery","generated_copy","dsh_client_entry_discovery_home|dsh_client_category_or_store_detail","dsh_client_entry_discovery_home|dsh_client_category_or_store_detail","","medium","Discovery and detail-support operation family."
"packages/surfaces/dist/src/dsh/app-client/mobile/auto_dsh_entitlements_get.js.map","packages","generated_artifact","dsh_entitlements_get","app-client",".map","dsh_store_discovery","generated_copy","dsh_client_entry_discovery_home|dsh_client_category_or_store_detail","dsh_client_entry_discovery_home|dsh_client_category_or_store_detail","","medium","Discovery and detail-support operation family."
"packages/surfaces/dist/src/dsh/app-client/mobile/auto_dsh_entitlements_get.tsx","packages","generated_artifact","dsh_entitlements_get","app-client",".tsx","dsh_store_discovery","generated_copy","dsh_client_entry_discovery_home|dsh_client_category_or_store_detail","dsh_client_entry_discovery_home|dsh_client_category_or_store_detail","","medium","Discovery and detail-support operation family."
"packages/surfaces/dist/src/dsh/app-client/mobile/auto_dsh_estimate_create.d.ts","packages","generated_artifact","dsh_estimate_create","app-client",".ts","dsh_order_submit","generated_copy","dsh_client_checkout_confirm","dsh_client_checkout_confirm","","medium","Submission-side operation supporting the confirmed order handoff."
"packages/surfaces/dist/src/dsh/app-client/mobile/auto_dsh_estimate_create.d.ts.map","packages","generated_artifact","dsh_estimate_create","app-client",".map","dsh_order_submit","generated_copy","dsh_client_checkout_confirm","dsh_client_checkout_confirm","","medium","Submission-side operation supporting the confirmed order handoff."
"packages/surfaces/dist/src/dsh/app-client/mobile/auto_dsh_estimate_create.js","packages","generated_artifact","dsh_estimate_create","app-client",".js","dsh_order_submit","generated_copy","dsh_client_checkout_confirm","dsh_client_checkout_confirm","","medium","Submission-side operation supporting the confirmed order handoff."
"packages/surfaces/dist/src/dsh/app-client/mobile/auto_dsh_estimate_create.js.map","packages","generated_artifact","dsh_estimate_create","app-client",".map","dsh_order_submit","generated_copy","dsh_client_checkout_confirm","dsh_client_checkout_confirm","","medium","Submission-side operation supporting the confirmed order handoff."
"packages/surfaces/dist/src/dsh/app-client/mobile/auto_dsh_estimate_create.tsx","packages","generated_artifact","dsh_estimate_create","app-client",".tsx","dsh_order_submit","generated_copy","dsh_client_checkout_confirm","dsh_client_checkout_confirm","","medium","Submission-side operation supporting the confirmed order handoff."
"packages/surfaces/dist/src/dsh/app-client/mobile/auto_dsh_estimate_get.d.ts","packages","generated_artifact","dsh_estimate_get","app-client",".ts","dsh_order_submit","generated_copy","dsh_client_checkout_confirm","dsh_client_checkout_confirm","","medium","Submission-side operation supporting the confirmed order handoff."
"packages/surfaces/dist/src/dsh/app-client/mobile/auto_dsh_estimate_get.d.ts.map","packages","generated_artifact","dsh_estimate_get","app-client",".map","dsh_order_submit","generated_copy","dsh_client_checkout_confirm","dsh_client_checkout_confirm","","medium","Submission-side operation supporting the confirmed order handoff."
"packages/surfaces/dist/src/dsh/app-client/mobile/auto_dsh_estimate_get.js","packages","generated_artifact","dsh_estimate_get","app-client",".js","dsh_order_submit","generated_copy","dsh_client_checkout_confirm","dsh_client_checkout_confirm","","medium","Submission-side operation supporting the confirmed order handoff."
"packages/surfaces/dist/src/dsh/app-client/mobile/auto_dsh_estimate_get.js.map","packages","generated_artifact","dsh_estimate_get","app-client",".map","dsh_order_submit","generated_copy","dsh_client_checkout_confirm","dsh_client_checkout_confirm","","medium","Submission-side operation supporting the confirmed order handoff."
"packages/surfaces/dist/src/dsh/app-client/mobile/auto_dsh_estimate_get.tsx","packages","generated_artifact","dsh_estimate_get","app-client",".tsx","dsh_order_submit","generated_copy","dsh_client_checkout_confirm","dsh_client_checkout_confirm","","medium","Submission-side operation supporting the confirmed order handoff."
"packages/surfaces/dist/src/dsh/app-client/mobile/auto_dsh_external_order_create.d.ts","packages","generated_artifact","dsh_external_order_create","app-client",".ts","dsh_proxy_request_flow","generated_copy","dsh_client_proxy_request_entry|dsh_client_proxy_request_tracking|dsh_proxy_requests_list|dsh_proxy_request_review_workspace|dsh_proxy_schedule_companion","dsh_client_proxy_request_entry|dsh_client_proxy_request_tracking|dsh_proxy_requests_list|dsh_proxy_request_review_workspace","","high","Proxy exception family with customer entry and internal review."
"packages/surfaces/dist/src/dsh/app-client/mobile/auto_dsh_external_order_create.d.ts.map","packages","generated_artifact","dsh_external_order_create","app-client",".map","dsh_proxy_request_flow","generated_copy","dsh_client_proxy_request_entry|dsh_client_proxy_request_tracking|dsh_proxy_requests_list|dsh_proxy_request_review_workspace|dsh_proxy_schedule_companion","dsh_client_proxy_request_entry|dsh_client_proxy_request_tracking|dsh_proxy_requests_list|dsh_proxy_request_review_workspace","","high","Proxy exception family with customer entry and internal review."
"packages/surfaces/dist/src/dsh/app-client/mobile/auto_dsh_external_order_create.js","packages","generated_artifact","dsh_external_order_create","app-client",".js","dsh_proxy_request_flow","generated_copy","dsh_client_proxy_request_entry|dsh_client_proxy_request_tracking|dsh_proxy_requests_list|dsh_proxy_request_review_workspace|dsh_proxy_schedule_companion","dsh_client_proxy_request_entry|dsh_client_proxy_request_tracking|dsh_proxy_requests_list|dsh_proxy_request_review_workspace","","high","Proxy exception family with customer entry and internal review."
"packages/surfaces/dist/src/dsh/app-client/mobile/auto_dsh_external_order_create.js.map","packages","generated_artifact","dsh_external_order_create","app-client",".map","dsh_proxy_request_flow","generated_copy","dsh_client_proxy_request_entry|dsh_client_proxy_request_tracking|dsh_proxy_requests_list|dsh_proxy_request_review_workspace|dsh_proxy_schedule_companion","dsh_client_proxy_request_entry|dsh_client_proxy_request_tracking|dsh_proxy_requests_list|dsh_proxy_request_review_workspace","","high","Proxy exception family with customer entry and internal review."
"packages/surfaces/dist/src/dsh/app-client/mobile/auto_dsh_external_order_create.tsx","packages","generated_artifact","dsh_external_order_create","app-client",".tsx","dsh_proxy_request_flow","generated_copy","dsh_client_proxy_request_entry|dsh_client_proxy_request_tracking|dsh_proxy_requests_list|dsh_proxy_request_review_workspace|dsh_proxy_schedule_companion","dsh_client_proxy_request_entry|dsh_client_proxy_request_tracking|dsh_proxy_requests_list|dsh_proxy_request_review_workspace","","high","Proxy exception family with customer entry and internal review."
"packages/surfaces/dist/src/dsh/app-client/mobile/auto_dsh_favorite_toggle.d.ts","packages","generated_artifact","dsh_favorite_toggle","app-client",".ts","UNMAPPED","generated_copy","","","","low","No current deterministic clean mapping rule found."
"packages/surfaces/dist/src/dsh/app-client/mobile/auto_dsh_favorite_toggle.d.ts.map","packages","generated_artifact","dsh_favorite_toggle","app-client",".map","UNMAPPED","generated_copy","","","","low","No current deterministic clean mapping rule found."
"packages/surfaces/dist/src/dsh/app-client/mobile/auto_dsh_favorite_toggle.js","packages","generated_artifact","dsh_favorite_toggle","app-client",".js","UNMAPPED","generated_copy","","","","low","No current deterministic clean mapping rule found."
"packages/surfaces/dist/src/dsh/app-client/mobile/auto_dsh_favorite_toggle.js.map","packages","generated_artifact","dsh_favorite_toggle","app-client",".map","UNMAPPED","generated_copy","","","","low","No current deterministic clean mapping rule found."
"packages/surfaces/dist/src/dsh/app-client/mobile/auto_dsh_favorite_toggle.tsx","packages","generated_artifact","dsh_favorite_toggle","app-client",".tsx","UNMAPPED","generated_copy","dsh_client_loyalty_subscription_marketing_cluster","legacy_or_future_scope","Move to Legacy","low","No current deterministic clean mapping rule found."
"packages/surfaces/dist/src/dsh/app-client/mobile/auto_dsh_favorites_list.d.ts","packages","generated_artifact","dsh_favorites_list","app-client",".ts","UNMAPPED","generated_copy","","","","low","No current deterministic clean mapping rule found."
"packages/surfaces/dist/src/dsh/app-client/mobile/auto_dsh_favorites_list.d.ts.map","packages","generated_artifact","dsh_favorites_list","app-client",".map","UNMAPPED","generated_copy","","","","low","No current deterministic clean mapping rule found."
"packages/surfaces/dist/src/dsh/app-client/mobile/auto_dsh_favorites_list.js","packages","generated_artifact","dsh_favorites_list","app-client",".js","UNMAPPED","generated_copy","","","","low","No current deterministic clean mapping rule found."
"packages/surfaces/dist/src/dsh/app-client/mobile/auto_dsh_favorites_list.js.map","packages","generated_artifact","dsh_favorites_list","app-client",".map","UNMAPPED","generated_copy","","","","low","No current deterministic clean mapping rule found."
"packages/surfaces/dist/src/dsh/app-client/mobile/auto_dsh_favorites_list.tsx","packages","generated_artifact","dsh_favorites_list","app-client",".tsx","UNMAPPED","generated_copy","dsh_client_loyalty_subscription_marketing_cluster","legacy_or_future_scope","Move to Legacy","low","No current deterministic clean mapping rule found."
"packages/surfaces/dist/src/dsh/app-client/mobile/auto_dsh_gas_refill_order_create.d.ts","packages","generated_artifact","dsh_gas_refill_order_create","app-client",".ts","legacy_non_current_order_vertical","generated_copy","legacy_or_future_scope","","","high","This donor vertical is outside current DSH first-service truth."
"packages/surfaces/dist/src/dsh/app-client/mobile/auto_dsh_gas_refill_order_create.d.ts.map","packages","generated_artifact","dsh_gas_refill_order_create","app-client",".map","legacy_non_current_order_vertical","generated_copy","legacy_or_future_scope","","","high","This donor vertical is outside current DSH first-service truth."
"packages/surfaces/dist/src/dsh/app-client/mobile/auto_dsh_gas_refill_order_create.js","packages","generated_artifact","dsh_gas_refill_order_create","app-client",".js","legacy_non_current_order_vertical","generated_copy","legacy_or_future_scope","","","high","This donor vertical is outside current DSH first-service truth."
"packages/surfaces/dist/src/dsh/app-client/mobile/auto_dsh_gas_refill_order_create.js.map","packages","generated_artifact","dsh_gas_refill_order_create","app-client",".map","legacy_non_current_order_vertical","generated_copy","legacy_or_future_scope","","","high","This donor vertical is outside current DSH first-service truth."
"packages/surfaces/dist/src/dsh/app-client/mobile/auto_dsh_gas_refill_order_create.tsx","packages","generated_artifact","dsh_gas_refill_order_create","app-client",".tsx","legacy_non_current_order_vertical","generated_copy","legacy_or_future_scope","","","high","This donor vertical is outside current DSH first-service truth."
"packages/surfaces/dist/src/dsh/app-client/mobile/auto_dsh_home_get.d.ts","packages","generated_artifact","dsh_home_get","app-client",".ts","UNMAPPED","generated_copy","","","","low","No current deterministic clean mapping rule found."
"packages/surfaces/dist/src/dsh/app-client/mobile/auto_dsh_home_get.d.ts.map","packages","generated_artifact","dsh_home_get","app-client",".map","UNMAPPED","generated_copy","","","","low","No current deterministic clean mapping rule found."
"packages/surfaces/dist/src/dsh/app-client/mobile/auto_dsh_home_get.js","packages","generated_artifact","dsh_home_get","app-client",".js","UNMAPPED","generated_copy","","","","low","No current deterministic clean mapping rule found."
"packages/surfaces/dist/src/dsh/app-client/mobile/auto_dsh_home_get.js.map","packages","generated_artifact","dsh_home_get","app-client",".map","UNMAPPED","generated_copy","","","","low","No current deterministic clean mapping rule found."
"packages/surfaces/dist/src/dsh/app-client/mobile/auto_dsh_home_get.tsx","packages","generated_artifact","dsh_home_get","app-client",".tsx","UNMAPPED","generated_copy","dsh_client_discovery_split_variants|dsh_client_entry_discovery_home","dsh_client_entry_discovery_home|dsh_client_entry_discovery_home|dsh_client_category_or_store_detail","Keep|Merge","low","No current deterministic clean mapping rule found."
"packages/surfaces/dist/src/dsh/app-client/mobile/auto_dsh_listing_status_update.d.ts","packages","generated_artifact","dsh_listing_status_update","app-client",".ts","dsh_ops_governance_controls","generated_copy","dsh_ops_orders_board|dsh_ops_order_detail_exception_workspace|dsh_ops_peak_mode_control","dsh_ops_orders_board|dsh_ops_order_detail_exception_workspace|dsh_ops_peak_mode_control","","medium","Internal oversight or exception handling family."
"packages/surfaces/dist/src/dsh/app-client/mobile/auto_dsh_listing_status_update.d.ts.map","packages","generated_artifact","dsh_listing_status_update","app-client",".map","dsh_ops_governance_controls","generated_copy","dsh_ops_orders_board|dsh_ops_order_detail_exception_workspace|dsh_ops_peak_mode_control","dsh_ops_orders_board|dsh_ops_order_detail_exception_workspace|dsh_ops_peak_mode_control","","medium","Internal oversight or exception handling family."
"packages/surfaces/dist/src/dsh/app-client/mobile/auto_dsh_listing_status_update.js","packages","generated_artifact","dsh_listing_status_update","app-client",".js","dsh_ops_governance_controls","generated_copy","dsh_ops_orders_board|dsh_ops_order_detail_exception_workspace|dsh_ops_peak_mode_control","dsh_ops_orders_board|dsh_ops_order_detail_exception_workspace|dsh_ops_peak_mode_control","","medium","Internal oversight or exception handling family."
"packages/surfaces/dist/src/dsh/app-client/mobile/auto_dsh_listing_status_update.js.map","packages","generated_artifact","dsh_listing_status_update","app-client",".map","dsh_ops_governance_controls","generated_copy","dsh_ops_orders_board|dsh_ops_order_detail_exception_workspace|dsh_ops_peak_mode_control","dsh_ops_orders_board|dsh_ops_order_detail_exception_workspace|dsh_ops_peak_mode_control","","medium","Internal oversight or exception handling family."
"packages/surfaces/dist/src/dsh/app-client/mobile/auto_dsh_listing_status_update.tsx","packages","generated_artifact","dsh_listing_status_update","app-client",".tsx","dsh_ops_governance_controls","generated_copy","dsh_ops_orders_board|dsh_ops_order_detail_exception_workspace|dsh_ops_peak_mode_control","dsh_ops_orders_board|dsh_ops_order_detail_exception_workspace|dsh_ops_peak_mode_control","","medium","Internal oversight or exception handling family."
"packages/surfaces/dist/src/dsh/app-client/mobile/auto_dsh_loyalty_points_redeem.d.ts","packages","generated_artifact","dsh_loyalty_points_redeem","app-client",".ts","legacy_client_loyalty_subscription_marketing","generated_copy","dsh_client_loyalty_subscription_marketing_cluster","","","high","Loyalty, promo, and subscription extras are outside current first-service truth."
"packages/surfaces/dist/src/dsh/app-client/mobile/auto_dsh_loyalty_points_redeem.d.ts.map","packages","generated_artifact","dsh_loyalty_points_redeem","app-client",".map","legacy_client_loyalty_subscription_marketing","generated_copy","dsh_client_loyalty_subscription_marketing_cluster","","","high","Loyalty, promo, and subscription extras are outside current first-service truth."
"packages/surfaces/dist/src/dsh/app-client/mobile/auto_dsh_loyalty_points_redeem.js","packages","generated_artifact","dsh_loyalty_points_redeem","app-client",".js","legacy_client_loyalty_subscription_marketing","generated_copy","dsh_client_loyalty_subscription_marketing_cluster","","","high","Loyalty, promo, and subscription extras are outside current first-service truth."
"packages/surfaces/dist/src/dsh/app-client/mobile/auto_dsh_loyalty_points_redeem.js.map","packages","generated_artifact","dsh_loyalty_points_redeem","app-client",".map","legacy_client_loyalty_subscription_marketing","generated_copy","dsh_client_loyalty_subscription_marketing_cluster","","","high","Loyalty, promo, and subscription extras are outside current first-service truth."
"packages/surfaces/dist/src/dsh/app-client/mobile/auto_dsh_loyalty_points_redeem.tsx","packages","generated_artifact","dsh_loyalty_points_redeem","app-client",".tsx","legacy_client_loyalty_subscription_marketing","generated_copy","dsh_client_loyalty_subscription_marketing_cluster","legacy_or_future_scope","Move to Legacy","high","Loyalty, promo, and subscription extras are outside current first-service truth."
"packages/surfaces/dist/src/dsh/app-client/mobile/auto_dsh_loyalty_points_user_balance.d.ts","packages","generated_artifact","dsh_loyalty_points_user_balance","app-client",".ts","legacy_client_loyalty_subscription_marketing","generated_copy","dsh_client_loyalty_subscription_marketing_cluster","","","high","Loyalty, promo, and subscription extras are outside current first-service truth."
"packages/surfaces/dist/src/dsh/app-client/mobile/auto_dsh_loyalty_points_user_balance.d.ts.map","packages","generated_artifact","dsh_loyalty_points_user_balance","app-client",".map","legacy_client_loyalty_subscription_marketing","generated_copy","dsh_client_loyalty_subscription_marketing_cluster","","","high","Loyalty, promo, and subscription extras are outside current first-service truth."
"packages/surfaces/dist/src/dsh/app-client/mobile/auto_dsh_loyalty_points_user_balance.js","packages","generated_artifact","dsh_loyalty_points_user_balance","app-client",".js","legacy_client_loyalty_subscription_marketing","generated_copy","dsh_client_loyalty_subscription_marketing_cluster","","","high","Loyalty, promo, and subscription extras are outside current first-service truth."
"packages/surfaces/dist/src/dsh/app-client/mobile/auto_dsh_loyalty_points_user_balance.js.map","packages","generated_artifact","dsh_loyalty_points_user_balance","app-client",".map","legacy_client_loyalty_subscription_marketing","generated_copy","dsh_client_loyalty_subscription_marketing_cluster","","","high","Loyalty, promo, and subscription extras are outside current first-service truth."
"packages/surfaces/dist/src/dsh/app-client/mobile/auto_dsh_loyalty_points_user_balance.tsx","packages","generated_artifact","dsh_loyalty_points_user_balance","app-client",".tsx","legacy_client_loyalty_subscription_marketing","generated_copy","dsh_client_loyalty_subscription_marketing_cluster","legacy_or_future_scope","Move to Legacy","high","Loyalty, promo, and subscription extras are outside current first-service truth."
"packages/surfaces/dist/src/dsh/app-client/mobile/auto_dsh_loyalty_points_user_history.d.ts","packages","generated_artifact","dsh_loyalty_points_user_history","app-client",".ts","legacy_client_loyalty_subscription_marketing","generated_copy","dsh_client_loyalty_subscription_marketing_cluster","","","high","Loyalty, promo, and subscription extras are outside current first-service truth."
"packages/surfaces/dist/src/dsh/app-client/mobile/auto_dsh_loyalty_points_user_history.d.ts.map","packages","generated_artifact","dsh_loyalty_points_user_history","app-client",".map","legacy_client_loyalty_subscription_marketing","generated_copy","dsh_client_loyalty_subscription_marketing_cluster","","","high","Loyalty, promo, and subscription extras are outside current first-service truth."
"packages/surfaces/dist/src/dsh/app-client/mobile/auto_dsh_loyalty_points_user_history.js","packages","generated_artifact","dsh_loyalty_points_user_history","app-client",".js","legacy_client_loyalty_subscription_marketing","generated_copy","dsh_client_loyalty_subscription_marketing_cluster","","","high","Loyalty, promo, and subscription extras are outside current first-service truth."
"packages/surfaces/dist/src/dsh/app-client/mobile/auto_dsh_loyalty_points_user_history.js.map","packages","generated_artifact","dsh_loyalty_points_user_history","app-client",".map","legacy_client_loyalty_subscription_marketing","generated_copy","dsh_client_loyalty_subscription_marketing_cluster","","","high","Loyalty, promo, and subscription extras are outside current first-service truth."
"packages/surfaces/dist/src/dsh/app-client/mobile/auto_dsh_loyalty_points_user_history.tsx","packages","generated_artifact","dsh_loyalty_points_user_history","app-client",".tsx","legacy_client_loyalty_subscription_marketing","generated_copy","dsh_client_loyalty_subscription_marketing_cluster","legacy_or_future_scope","Move to Legacy","high","Loyalty, promo, and subscription extras are outside current first-service truth."
"packages/surfaces/dist/src/dsh/app-client/mobile/auto_dsh_order_accept.d.ts","packages","generated_artifact","dsh_order_accept","app-client",".ts","dsh_order_submit","generated_copy","dsh_client_checkout_confirm","dsh_client_checkout_confirm","","medium","Submission-side operation supporting the confirmed order handoff."
"packages/surfaces/dist/src/dsh/app-client/mobile/auto_dsh_order_accept.d.ts.map","packages","generated_artifact","dsh_order_accept","app-client",".map","dsh_order_submit","generated_copy","dsh_client_checkout_confirm","dsh_client_checkout_confirm","","medium","Submission-side operation supporting the confirmed order handoff."
"packages/surfaces/dist/src/dsh/app-client/mobile/auto_dsh_order_accept.js","packages","generated_artifact","dsh_order_accept","app-client",".js","dsh_order_submit","generated_copy","dsh_client_checkout_confirm","dsh_client_checkout_confirm","","medium","Submission-side operation supporting the confirmed order handoff."
"packages/surfaces/dist/src/dsh/app-client/mobile/auto_dsh_order_accept.js.map","packages","generated_artifact","dsh_order_accept","app-client",".map","dsh_order_submit","generated_copy","dsh_client_checkout_confirm","dsh_client_checkout_confirm","","medium","Submission-side operation supporting the confirmed order handoff."
"packages/surfaces/dist/src/dsh/app-client/mobile/auto_dsh_order_accept.tsx","packages","generated_artifact","dsh_order_accept","app-client",".tsx","dsh_order_submit","generated_copy","dsh_client_checkout_confirm","dsh_client_checkout_confirm","","medium","Submission-side operation supporting the confirmed order handoff."
"packages/surfaces/dist/src/dsh/app-client/mobile/auto_dsh_order_cancel.d.ts","packages","generated_artifact","dsh_order_cancel","app-client",".ts","dsh_customer_order_tracking","generated_copy","dsh_client_active_order_tracking","dsh_client_active_order_tracking","","high","Cancellation is reflected through tracking rather than a separate clean screen family."
"packages/surfaces/dist/src/dsh/app-client/mobile/auto_dsh_order_cancel.d.ts.map","packages","generated_artifact","dsh_order_cancel","app-client",".map","dsh_customer_order_tracking","generated_copy","dsh_client_active_order_tracking","dsh_client_active_order_tracking","","high","Cancellation is reflected through tracking rather than a separate clean screen family."
"packages/surfaces/dist/src/dsh/app-client/mobile/auto_dsh_order_cancel.js","packages","generated_artifact","dsh_order_cancel","app-client",".js","dsh_customer_order_tracking","generated_copy","dsh_client_active_order_tracking","dsh_client_active_order_tracking","","high","Cancellation is reflected through tracking rather than a separate clean screen family."
"packages/surfaces/dist/src/dsh/app-client/mobile/auto_dsh_order_cancel.js.map","packages","generated_artifact","dsh_order_cancel","app-client",".map","dsh_customer_order_tracking","generated_copy","dsh_client_active_order_tracking","dsh_client_active_order_tracking","","high","Cancellation is reflected through tracking rather than a separate clean screen family."
"packages/surfaces/dist/src/dsh/app-client/mobile/auto_dsh_order_cancel.tsx","packages","generated_artifact","dsh_order_cancel","app-client",".tsx","dsh_customer_order_tracking","generated_copy","dsh_client_active_order_tracking","dsh_client_active_order_tracking","","high","Cancellation is reflected through tracking rather than a separate clean screen family."
"packages/surfaces/dist/src/dsh/app-client/mobile/auto_dsh_order_complete.d.ts","packages","generated_artifact","dsh_order_complete","app-client",".ts","dsh_customer_order_tracking","generated_copy","dsh_client_active_order_tracking|dsh_captain_proof_capture","dsh_client_active_order_tracking|dsh_captain_proof_capture","","low","Support operation that affects completion or visibility without a standalone current-screen identity."
"packages/surfaces/dist/src/dsh/app-client/mobile/auto_dsh_order_complete.d.ts.map","packages","generated_artifact","dsh_order_complete","app-client",".map","dsh_customer_order_tracking","generated_copy","dsh_client_active_order_tracking|dsh_captain_proof_capture","dsh_client_active_order_tracking|dsh_captain_proof_capture","","low","Support operation that affects completion or visibility without a standalone current-screen identity."
"packages/surfaces/dist/src/dsh/app-client/mobile/auto_dsh_order_complete.js","packages","generated_artifact","dsh_order_complete","app-client",".js","dsh_customer_order_tracking","generated_copy","dsh_client_active_order_tracking|dsh_captain_proof_capture","dsh_client_active_order_tracking|dsh_captain_proof_capture","","low","Support operation that affects completion or visibility without a standalone current-screen identity."
"packages/surfaces/dist/src/dsh/app-client/mobile/auto_dsh_order_complete.js.map","packages","generated_artifact","dsh_order_complete","app-client",".map","dsh_customer_order_tracking","generated_copy","dsh_client_active_order_tracking|dsh_captain_proof_capture","dsh_client_active_order_tracking|dsh_captain_proof_capture","","low","Support operation that affects completion or visibility without a standalone current-screen identity."
"packages/surfaces/dist/src/dsh/app-client/mobile/auto_dsh_order_complete.tsx","packages","generated_artifact","dsh_order_complete","app-client",".tsx","dsh_customer_order_tracking","generated_copy","dsh_client_active_order_tracking|dsh_captain_proof_capture","dsh_client_active_order_tracking|dsh_captain_proof_capture","","low","Support operation that affects completion or visibility without a standalone current-screen identity."
"packages/surfaces/dist/src/dsh/app-client/mobile/auto_dsh_order_create.d.ts","packages","generated_artifact","dsh_order_create","app-client",".ts","dsh_order_submit","generated_copy","dsh_client_checkout_confirm","dsh_client_checkout_confirm","","medium","Submission-side operation supporting the confirmed order handoff."
"packages/surfaces/dist/src/dsh/app-client/mobile/auto_dsh_order_create.d.ts.map","packages","generated_artifact","dsh_order_create","app-client",".map","dsh_order_submit","generated_copy","dsh_client_checkout_confirm","dsh_client_checkout_confirm","","medium","Submission-side operation supporting the confirmed order handoff."
"packages/surfaces/dist/src/dsh/app-client/mobile/auto_dsh_order_create.js","packages","generated_artifact","dsh_order_create","app-client",".js","dsh_order_submit","generated_copy","dsh_client_checkout_confirm","dsh_client_checkout_confirm","","medium","Submission-side operation supporting the confirmed order handoff."
"packages/surfaces/dist/src/dsh/app-client/mobile/auto_dsh_order_create.js.map","packages","generated_artifact","dsh_order_create","app-client",".map","dsh_order_submit","generated_copy","dsh_client_checkout_confirm","dsh_client_checkout_confirm","","medium","Submission-side operation supporting the confirmed order handoff."
"packages/surfaces/dist/src/dsh/app-client/mobile/auto_dsh_order_create.tsx","packages","generated_artifact","dsh_order_create","app-client",".tsx","dsh_order_submit","generated_copy","dsh_client_checkout_confirm","dsh_client_checkout_confirm","","medium","Submission-side operation supporting the confirmed order handoff."
"packages/surfaces/dist/src/dsh/app-client/mobile/auto_dsh_order_escrow_hold.d.ts","packages","generated_artifact","dsh_order_escrow_hold","app-client",".ts","legacy_finance_leakage","generated_copy","finance_or_wlt_deferred","","","high","Escrow actions are finance-adjacent and remain outside current DSH first-service truth."
"packages/surfaces/dist/src/dsh/app-client/mobile/auto_dsh_order_escrow_hold.d.ts.map","packages","generated_artifact","dsh_order_escrow_hold","app-client",".map","legacy_finance_leakage","generated_copy","finance_or_wlt_deferred","","","high","Escrow actions are finance-adjacent and remain outside current DSH first-service truth."
"packages/surfaces/dist/src/dsh/app-client/mobile/auto_dsh_order_escrow_hold.js","packages","generated_artifact","dsh_order_escrow_hold","app-client",".js","legacy_finance_leakage","generated_copy","finance_or_wlt_deferred","","","high","Escrow actions are finance-adjacent and remain outside current DSH first-service truth."
"packages/surfaces/dist/src/dsh/app-client/mobile/auto_dsh_order_escrow_hold.js.map","packages","generated_artifact","dsh_order_escrow_hold","app-client",".map","legacy_finance_leakage","generated_copy","finance_or_wlt_deferred","","","high","Escrow actions are finance-adjacent and remain outside current DSH first-service truth."
"packages/surfaces/dist/src/dsh/app-client/mobile/auto_dsh_order_escrow_hold.tsx","packages","generated_artifact","dsh_order_escrow_hold","app-client",".tsx","legacy_finance_leakage","generated_copy","finance_or_wlt_deferred","","","high","Escrow actions are finance-adjacent and remain outside current DSH first-service truth."
"packages/surfaces/dist/src/dsh/app-client/mobile/auto_dsh_order_escrow_release.d.ts","packages","generated_artifact","dsh_order_escrow_release","app-client",".ts","legacy_finance_leakage","generated_copy","finance_or_wlt_deferred","","","high","Escrow actions are finance-adjacent and remain outside current DSH first-service truth."
"packages/surfaces/dist/src/dsh/app-client/mobile/auto_dsh_order_escrow_release.d.ts.map","packages","generated_artifact","dsh_order_escrow_release","app-client",".map","legacy_finance_leakage","generated_copy","finance_or_wlt_deferred","","","high","Escrow actions are finance-adjacent and remain outside current DSH first-service truth."
"packages/surfaces/dist/src/dsh/app-client/mobile/auto_dsh_order_escrow_release.js","packages","generated_artifact","dsh_order_escrow_release","app-client",".js","legacy_finance_leakage","generated_copy","finance_or_wlt_deferred","","","high","Escrow actions are finance-adjacent and remain outside current DSH first-service truth."
"packages/surfaces/dist/src/dsh/app-client/mobile/auto_dsh_order_escrow_release.js.map","packages","generated_artifact","dsh_order_escrow_release","app-client",".map","legacy_finance_leakage","generated_copy","finance_or_wlt_deferred","","","high","Escrow actions are finance-adjacent and remain outside current DSH first-service truth."
"packages/surfaces/dist/src/dsh/app-client/mobile/auto_dsh_order_escrow_release.tsx","packages","generated_artifact","dsh_order_escrow_release","app-client",".tsx","legacy_finance_leakage","generated_copy","finance_or_wlt_deferred","","","high","Escrow actions are finance-adjacent and remain outside current DSH first-service truth."
"packages/surfaces/dist/src/dsh/app-client/mobile/auto_dsh_order_get.d.ts","packages","generated_artifact","dsh_order_get","app-client",".ts","UNMAPPED","generated_copy","","","","low","No current deterministic clean mapping rule found."
"packages/surfaces/dist/src/dsh/app-client/mobile/auto_dsh_order_get.d.ts.map","packages","generated_artifact","dsh_order_get","app-client",".map","UNMAPPED","generated_copy","","","","low","No current deterministic clean mapping rule found."
"packages/surfaces/dist/src/dsh/app-client/mobile/auto_dsh_order_get.js","packages","generated_artifact","dsh_order_get","app-client",".js","UNMAPPED","generated_copy","","","","low","No current deterministic clean mapping rule found."
"packages/surfaces/dist/src/dsh/app-client/mobile/auto_dsh_order_get.js.map","packages","generated_artifact","dsh_order_get","app-client",".map","UNMAPPED","generated_copy","","","","low","No current deterministic clean mapping rule found."
"packages/surfaces/dist/src/dsh/app-client/mobile/auto_dsh_order_get.tsx","packages","generated_artifact","dsh_order_get","app-client",".tsx","UNMAPPED","generated_copy","dsh_client_active_order_tracking","dsh_client_active_order_tracking","Keep","low","No current deterministic clean mapping rule found."
"packages/surfaces/dist/src/dsh/app-client/mobile/auto_dsh_order_issue_flag.d.ts","packages","generated_artifact","dsh_order_issue_flag","app-client",".ts","dsh_ops_governance_controls","generated_copy","dsh_ops_orders_board|dsh_ops_order_detail_exception_workspace|dsh_ops_peak_mode_control","dsh_ops_orders_board|dsh_ops_order_detail_exception_workspace|dsh_ops_peak_mode_control","","medium","Internal oversight or exception handling family."
"packages/surfaces/dist/src/dsh/app-client/mobile/auto_dsh_order_issue_flag.d.ts.map","packages","generated_artifact","dsh_order_issue_flag","app-client",".map","dsh_ops_governance_controls","generated_copy","dsh_ops_orders_board|dsh_ops_order_detail_exception_workspace|dsh_ops_peak_mode_control","dsh_ops_orders_board|dsh_ops_order_detail_exception_workspace|dsh_ops_peak_mode_control","","medium","Internal oversight or exception handling family."
"packages/surfaces/dist/src/dsh/app-client/mobile/auto_dsh_order_issue_flag.js","packages","generated_artifact","dsh_order_issue_flag","app-client",".js","dsh_ops_governance_controls","generated_copy","dsh_ops_orders_board|dsh_ops_order_detail_exception_workspace|dsh_ops_peak_mode_control","dsh_ops_orders_board|dsh_ops_order_detail_exception_workspace|dsh_ops_peak_mode_control","","medium","Internal oversight or exception handling family."
"packages/surfaces/dist/src/dsh/app-client/mobile/auto_dsh_order_issue_flag.js.map","packages","generated_artifact","dsh_order_issue_flag","app-client",".map","dsh_ops_governance_controls","generated_copy","dsh_ops_orders_board|dsh_ops_order_detail_exception_workspace|dsh_ops_peak_mode_control","dsh_ops_orders_board|dsh_ops_order_detail_exception_workspace|dsh_ops_peak_mode_control","","medium","Internal oversight or exception handling family."
"packages/surfaces/dist/src/dsh/app-client/mobile/auto_dsh_order_issue_flag.tsx","packages","generated_artifact","dsh_order_issue_flag","app-client",".tsx","dsh_ops_governance_controls","generated_copy","dsh_ops_orders_board|dsh_ops_order_detail_exception_workspace|dsh_ops_peak_mode_control","dsh_ops_orders_board|dsh_ops_order_detail_exception_workspace|dsh_ops_peak_mode_control","","medium","Internal oversight or exception handling family."
"packages/surfaces/dist/src/dsh/app-client/mobile/auto_dsh_order_proof_code_generate.d.ts","packages","generated_artifact","dsh_order_proof_code_generate","app-client",".ts","dsh_customer_order_tracking","generated_copy","dsh_client_active_order_tracking|dsh_captain_proof_capture","dsh_client_active_order_tracking|dsh_captain_proof_capture","","low","Support operation that affects completion or visibility without a standalone current-screen identity."
"packages/surfaces/dist/src/dsh/app-client/mobile/auto_dsh_order_proof_code_generate.d.ts.map","packages","generated_artifact","dsh_order_proof_code_generate","app-client",".map","dsh_customer_order_tracking","generated_copy","dsh_client_active_order_tracking|dsh_captain_proof_capture","dsh_client_active_order_tracking|dsh_captain_proof_capture","","low","Support operation that affects completion or visibility without a standalone current-screen identity."
"packages/surfaces/dist/src/dsh/app-client/mobile/auto_dsh_order_proof_code_generate.js","packages","generated_artifact","dsh_order_proof_code_generate","app-client",".js","dsh_customer_order_tracking","generated_copy","dsh_client_active_order_tracking|dsh_captain_proof_capture","dsh_client_active_order_tracking|dsh_captain_proof_capture","","low","Support operation that affects completion or visibility without a standalone current-screen identity."
"packages/surfaces/dist/src/dsh/app-client/mobile/auto_dsh_order_proof_code_generate.js.map","packages","generated_artifact","dsh_order_proof_code_generate","app-client",".map","dsh_customer_order_tracking","generated_copy","dsh_client_active_order_tracking|dsh_captain_proof_capture","dsh_client_active_order_tracking|dsh_captain_proof_capture","","low","Support operation that affects completion or visibility without a standalone current-screen identity."
"packages/surfaces/dist/src/dsh/app-client/mobile/auto_dsh_order_proof_code_generate.tsx","packages","generated_artifact","dsh_order_proof_code_generate","app-client",".tsx","dsh_customer_order_tracking","generated_copy","dsh_client_active_order_tracking|dsh_captain_proof_capture","dsh_client_active_order_tracking|dsh_captain_proof_capture","","low","Support operation that affects completion or visibility without a standalone current-screen identity."
"packages/surfaces/dist/src/dsh/app-client/mobile/auto_dsh_order_proof_verify.d.ts","packages","generated_artifact","dsh_order_proof_verify","app-client",".ts","dsh_customer_order_tracking","generated_copy","dsh_client_active_order_tracking|dsh_captain_proof_capture","dsh_client_active_order_tracking|dsh_captain_proof_capture","","low","Support operation that affects completion or visibility without a standalone current-screen identity."
"packages/surfaces/dist/src/dsh/app-client/mobile/auto_dsh_order_proof_verify.d.ts.map","packages","generated_artifact","dsh_order_proof_verify","app-client",".map","dsh_customer_order_tracking","generated_copy","dsh_client_active_order_tracking|dsh_captain_proof_capture","dsh_client_active_order_tracking|dsh_captain_proof_capture","","low","Support operation that affects completion or visibility without a standalone current-screen identity."
"packages/surfaces/dist/src/dsh/app-client/mobile/auto_dsh_order_proof_verify.js","packages","generated_artifact","dsh_order_proof_verify","app-client",".js","dsh_customer_order_tracking","generated_copy","dsh_client_active_order_tracking|dsh_captain_proof_capture","dsh_client_active_order_tracking|dsh_captain_proof_capture","","low","Support operation that affects completion or visibility without a standalone current-screen identity."
"packages/surfaces/dist/src/dsh/app-client/mobile/auto_dsh_order_proof_verify.js.map","packages","generated_artifact","dsh_order_proof_verify","app-client",".map","dsh_customer_order_tracking","generated_copy","dsh_client_active_order_tracking|dsh_captain_proof_capture","dsh_client_active_order_tracking|dsh_captain_proof_capture","","low","Support operation that affects completion or visibility without a standalone current-screen identity."
"packages/surfaces/dist/src/dsh/app-client/mobile/auto_dsh_order_proof_verify.tsx","packages","generated_artifact","dsh_order_proof_verify","app-client",".tsx","dsh_customer_order_tracking","generated_copy","dsh_client_active_order_tracking|dsh_captain_proof_capture","dsh_client_active_order_tracking|dsh_captain_proof_capture","","low","Support operation that affects completion or visibility without a standalone current-screen identity."
"packages/surfaces/dist/src/dsh/app-client/mobile/auto_dsh_order_rate.d.ts","packages","generated_artifact","dsh_order_rate","app-client",".ts","legacy_client_receipt_rating","generated_copy","dsh_client_receipt_rating_cluster","","","high","Post-completion rating and receipt cluster is currently deferred."
"packages/surfaces/dist/src/dsh/app-client/mobile/auto_dsh_order_rate.d.ts.map","packages","generated_artifact","dsh_order_rate","app-client",".map","legacy_client_receipt_rating","generated_copy","dsh_client_receipt_rating_cluster","","","high","Post-completion rating and receipt cluster is currently deferred."
"packages/surfaces/dist/src/dsh/app-client/mobile/auto_dsh_order_rate.js","packages","generated_artifact","dsh_order_rate","app-client",".js","legacy_client_receipt_rating","generated_copy","dsh_client_receipt_rating_cluster","","","high","Post-completion rating and receipt cluster is currently deferred."
"packages/surfaces/dist/src/dsh/app-client/mobile/auto_dsh_order_rate.js.map","packages","generated_artifact","dsh_order_rate","app-client",".map","legacy_client_receipt_rating","generated_copy","dsh_client_receipt_rating_cluster","","","high","Post-completion rating and receipt cluster is currently deferred."
"packages/surfaces/dist/src/dsh/app-client/mobile/auto_dsh_order_rate.tsx","packages","generated_artifact","dsh_order_rate","app-client",".tsx","legacy_client_receipt_rating","generated_copy","dsh_client_receipt_rating_cluster","legacy_or_future_scope","Move to Legacy","high","Post-completion rating and receipt cluster is currently deferred."
"packages/surfaces/dist/src/dsh/app-client/mobile/auto_dsh_order_receipt_get.d.ts","packages","generated_artifact","dsh_order_receipt_get","app-client",".ts","legacy_client_receipt_rating","generated_copy","dsh_client_receipt_rating_cluster","","","high","Post-completion rating and receipt cluster is currently deferred."
"packages/surfaces/dist/src/dsh/app-client/mobile/auto_dsh_order_receipt_get.d.ts.map","packages","generated_artifact","dsh_order_receipt_get","app-client",".map","legacy_client_receipt_rating","generated_copy","dsh_client_receipt_rating_cluster","","","high","Post-completion rating and receipt cluster is currently deferred."
"packages/surfaces/dist/src/dsh/app-client/mobile/auto_dsh_order_receipt_get.js","packages","generated_artifact","dsh_order_receipt_get","app-client",".js","legacy_client_receipt_rating","generated_copy","dsh_client_receipt_rating_cluster","","","high","Post-completion rating and receipt cluster is currently deferred."
"packages/surfaces/dist/src/dsh/app-client/mobile/auto_dsh_order_receipt_get.js.map","packages","generated_artifact","dsh_order_receipt_get","app-client",".map","legacy_client_receipt_rating","generated_copy","dsh_client_receipt_rating_cluster","","","high","Post-completion rating and receipt cluster is currently deferred."
"packages/surfaces/dist/src/dsh/app-client/mobile/auto_dsh_order_receipt_get.tsx","packages","generated_artifact","dsh_order_receipt_get","app-client",".tsx","legacy_client_receipt_rating","generated_copy","dsh_client_receipt_rating_cluster","legacy_or_future_scope","Move to Legacy","high","Post-completion rating and receipt cluster is currently deferred."
"packages/surfaces/dist/src/dsh/app-client/mobile/auto_dsh_order_status_get.d.ts","packages","generated_artifact","dsh_order_status_get","app-client",".ts","UNMAPPED","generated_copy","","","","low","No current deterministic clean mapping rule found."
"packages/surfaces/dist/src/dsh/app-client/mobile/auto_dsh_order_status_get.d.ts.map","packages","generated_artifact","dsh_order_status_get","app-client",".map","UNMAPPED","generated_copy","","","","low","No current deterministic clean mapping rule found."
"packages/surfaces/dist/src/dsh/app-client/mobile/auto_dsh_order_status_get.js","packages","generated_artifact","dsh_order_status_get","app-client",".js","UNMAPPED","generated_copy","","","","low","No current deterministic clean mapping rule found."
"packages/surfaces/dist/src/dsh/app-client/mobile/auto_dsh_order_status_get.js.map","packages","generated_artifact","dsh_order_status_get","app-client",".map","UNMAPPED","generated_copy","","","","low","No current deterministic clean mapping rule found."
"packages/surfaces/dist/src/dsh/app-client/mobile/auto_dsh_order_status_get.tsx","packages","generated_artifact","dsh_order_status_get","app-client",".tsx","UNMAPPED","generated_copy","dsh_client_active_order_tracking","dsh_client_active_order_tracking","Keep","low","No current deterministic clean mapping rule found."
"packages/surfaces/dist/src/dsh/app-client/mobile/auto_dsh_order_status_update.d.ts","packages","generated_artifact","dsh_order_status_update","app-client",".ts","dsh_customer_order_tracking","generated_copy","dsh_client_active_order_tracking","dsh_client_active_order_tracking","","high","Customer-visible order tracking family."
"packages/surfaces/dist/src/dsh/app-client/mobile/auto_dsh_order_status_update.d.ts.map","packages","generated_artifact","dsh_order_status_update","app-client",".map","dsh_customer_order_tracking","generated_copy","dsh_client_active_order_tracking","dsh_client_active_order_tracking","","high","Customer-visible order tracking family."
"packages/surfaces/dist/src/dsh/app-client/mobile/auto_dsh_order_status_update.js","packages","generated_artifact","dsh_order_status_update","app-client",".js","dsh_customer_order_tracking","generated_copy","dsh_client_active_order_tracking","dsh_client_active_order_tracking","","high","Customer-visible order tracking family."
"packages/surfaces/dist/src/dsh/app-client/mobile/auto_dsh_order_status_update.js.map","packages","generated_artifact","dsh_order_status_update","app-client",".map","dsh_customer_order_tracking","generated_copy","dsh_client_active_order_tracking","dsh_client_active_order_tracking","","high","Customer-visible order tracking family."
"packages/surfaces/dist/src/dsh/app-client/mobile/auto_dsh_order_status_update.tsx","packages","generated_artifact","dsh_order_status_update","app-client",".tsx","dsh_customer_order_tracking","generated_copy","dsh_client_active_order_tracking","dsh_client_active_order_tracking","","high","Customer-visible order tracking family."
"packages/surfaces/dist/src/dsh/app-client/mobile/auto_dsh_orders_list.d.ts","packages","generated_artifact","dsh_orders_list","app-client",".ts","dsh_customer_order_tracking","generated_copy","dsh_client_active_order_tracking","dsh_client_active_order_tracking","","high","Customer-visible order tracking family."
"packages/surfaces/dist/src/dsh/app-client/mobile/auto_dsh_orders_list.d.ts.map","packages","generated_artifact","dsh_orders_list","app-client",".map","dsh_customer_order_tracking","generated_copy","dsh_client_active_order_tracking","dsh_client_active_order_tracking","","high","Customer-visible order tracking family."
"packages/surfaces/dist/src/dsh/app-client/mobile/auto_dsh_orders_list.js","packages","generated_artifact","dsh_orders_list","app-client",".js","dsh_customer_order_tracking","generated_copy","dsh_client_active_order_tracking","dsh_client_active_order_tracking","","high","Customer-visible order tracking family."
"packages/surfaces/dist/src/dsh/app-client/mobile/auto_dsh_orders_list.js.map","packages","generated_artifact","dsh_orders_list","app-client",".map","dsh_customer_order_tracking","generated_copy","dsh_client_active_order_tracking","dsh_client_active_order_tracking","","high","Customer-visible order tracking family."
"packages/surfaces/dist/src/dsh/app-client/mobile/auto_dsh_orders_list.tsx","packages","generated_artifact","dsh_orders_list","app-client",".tsx","dsh_customer_order_tracking","generated_copy","dsh_client_active_order_tracking","dsh_client_active_order_tracking","Keep","high","Customer-visible order tracking family."
"packages/surfaces/dist/src/dsh/app-client/mobile/auto_dsh_pricing_preview.d.ts","packages","generated_artifact","dsh_pricing_preview","app-client",".ts","dsh_cart_checkout_gate","generated_copy","dsh_client_cart_review|dsh_client_checkout_confirm|dsh_client_checkout_block_state","dsh_client_cart_review|dsh_client_checkout_confirm","","high","Cart and checkout gating family."
"packages/surfaces/dist/src/dsh/app-client/mobile/auto_dsh_pricing_preview.d.ts.map","packages","generated_artifact","dsh_pricing_preview","app-client",".map","dsh_cart_checkout_gate","generated_copy","dsh_client_cart_review|dsh_client_checkout_confirm|dsh_client_checkout_block_state","dsh_client_cart_review|dsh_client_checkout_confirm","","high","Cart and checkout gating family."
"packages/surfaces/dist/src/dsh/app-client/mobile/auto_dsh_pricing_preview.js","packages","generated_artifact","dsh_pricing_preview","app-client",".js","dsh_cart_checkout_gate","generated_copy","dsh_client_cart_review|dsh_client_checkout_confirm|dsh_client_checkout_block_state","dsh_client_cart_review|dsh_client_checkout_confirm","","high","Cart and checkout gating family."
"packages/surfaces/dist/src/dsh/app-client/mobile/auto_dsh_pricing_preview.js.map","packages","generated_artifact","dsh_pricing_preview","app-client",".map","dsh_cart_checkout_gate","generated_copy","dsh_client_cart_review|dsh_client_checkout_confirm|dsh_client_checkout_block_state","dsh_client_cart_review|dsh_client_checkout_confirm","","high","Cart and checkout gating family."
"packages/surfaces/dist/src/dsh/app-client/mobile/auto_dsh_pricing_preview.tsx","packages","generated_artifact","dsh_pricing_preview","app-client",".tsx","dsh_cart_checkout_gate","generated_copy","dsh_client_checkout_confirm","dsh_client_checkout_confirm","Keep","high","Cart and checkout gating family."
"packages/surfaces/dist/src/dsh/app-client/mobile/auto_dsh_pricing_snapshot_get.d.ts","packages","generated_artifact","dsh_pricing_snapshot_get","app-client",".ts","dsh_store_discovery","generated_copy","dsh_client_entry_discovery_home|dsh_client_category_or_store_detail","dsh_client_entry_discovery_home|dsh_client_category_or_store_detail","","medium","Discovery and detail-support operation family."
"packages/surfaces/dist/src/dsh/app-client/mobile/auto_dsh_pricing_snapshot_get.d.ts.map","packages","generated_artifact","dsh_pricing_snapshot_get","app-client",".map","dsh_store_discovery","generated_copy","dsh_client_entry_discovery_home|dsh_client_category_or_store_detail","dsh_client_entry_discovery_home|dsh_client_category_or_store_detail","","medium","Discovery and detail-support operation family."
"packages/surfaces/dist/src/dsh/app-client/mobile/auto_dsh_pricing_snapshot_get.js","packages","generated_artifact","dsh_pricing_snapshot_get","app-client",".js","dsh_store_discovery","generated_copy","dsh_client_entry_discovery_home|dsh_client_category_or_store_detail","dsh_client_entry_discovery_home|dsh_client_category_or_store_detail","","medium","Discovery and detail-support operation family."
"packages/surfaces/dist/src/dsh/app-client/mobile/auto_dsh_pricing_snapshot_get.js.map","packages","generated_artifact","dsh_pricing_snapshot_get","app-client",".map","dsh_store_discovery","generated_copy","dsh_client_entry_discovery_home|dsh_client_category_or_store_detail","dsh_client_entry_discovery_home|dsh_client_category_or_store_detail","","medium","Discovery and detail-support operation family."
"packages/surfaces/dist/src/dsh/app-client/mobile/auto_dsh_pricing_snapshot_get.tsx","packages","generated_artifact","dsh_pricing_snapshot_get","app-client",".tsx","dsh_store_discovery","generated_copy","dsh_client_entry_discovery_home|dsh_client_category_or_store_detail","dsh_client_entry_discovery_home|dsh_client_category_or_store_detail","","medium","Discovery and detail-support operation family."
"packages/surfaces/dist/src/dsh/app-client/mobile/auto_dsh_promo_apply.d.ts","packages","generated_artifact","dsh_promo_apply","app-client",".ts","legacy_client_loyalty_subscription_marketing","generated_copy","dsh_client_loyalty_subscription_marketing_cluster","","","high","Loyalty, promo, and subscription extras are outside current first-service truth."
"packages/surfaces/dist/src/dsh/app-client/mobile/auto_dsh_promo_apply.d.ts.map","packages","generated_artifact","dsh_promo_apply","app-client",".map","legacy_client_loyalty_subscription_marketing","generated_copy","dsh_client_loyalty_subscription_marketing_cluster","","","high","Loyalty, promo, and subscription extras are outside current first-service truth."
"packages/surfaces/dist/src/dsh/app-client/mobile/auto_dsh_promo_apply.js","packages","generated_artifact","dsh_promo_apply","app-client",".js","legacy_client_loyalty_subscription_marketing","generated_copy","dsh_client_loyalty_subscription_marketing_cluster","","","high","Loyalty, promo, and subscription extras are outside current first-service truth."
"packages/surfaces/dist/src/dsh/app-client/mobile/auto_dsh_promo_apply.js.map","packages","generated_artifact","dsh_promo_apply","app-client",".map","legacy_client_loyalty_subscription_marketing","generated_copy","dsh_client_loyalty_subscription_marketing_cluster","","","high","Loyalty, promo, and subscription extras are outside current first-service truth."
"packages/surfaces/dist/src/dsh/app-client/mobile/auto_dsh_promo_apply.tsx","packages","generated_artifact","dsh_promo_apply","app-client",".tsx","legacy_client_loyalty_subscription_marketing","generated_copy","dsh_client_loyalty_subscription_marketing_cluster","legacy_or_future_scope","Move to Legacy","high","Loyalty, promo, and subscription extras are outside current first-service truth."
"packages/surfaces/dist/src/dsh/app-client/mobile/auto_dsh_proxy_request_approve.d.ts","packages","generated_artifact","dsh_proxy_request_approve","app-client",".ts","dsh_proxy_request_flow","generated_copy","dsh_client_proxy_request_entry|dsh_client_proxy_request_tracking|dsh_proxy_requests_list|dsh_proxy_request_review_workspace|dsh_proxy_schedule_companion","dsh_client_proxy_request_entry|dsh_client_proxy_request_tracking|dsh_proxy_requests_list|dsh_proxy_request_review_workspace","","high","Proxy exception family with customer entry and internal review."
"packages/surfaces/dist/src/dsh/app-client/mobile/auto_dsh_proxy_request_approve.d.ts.map","packages","generated_artifact","dsh_proxy_request_approve","app-client",".map","dsh_proxy_request_flow","generated_copy","dsh_client_proxy_request_entry|dsh_client_proxy_request_tracking|dsh_proxy_requests_list|dsh_proxy_request_review_workspace|dsh_proxy_schedule_companion","dsh_client_proxy_request_entry|dsh_client_proxy_request_tracking|dsh_proxy_requests_list|dsh_proxy_request_review_workspace","","high","Proxy exception family with customer entry and internal review."
"packages/surfaces/dist/src/dsh/app-client/mobile/auto_dsh_proxy_request_approve.js","packages","generated_artifact","dsh_proxy_request_approve","app-client",".js","dsh_proxy_request_flow","generated_copy","dsh_client_proxy_request_entry|dsh_client_proxy_request_tracking|dsh_proxy_requests_list|dsh_proxy_request_review_workspace|dsh_proxy_schedule_companion","dsh_client_proxy_request_entry|dsh_client_proxy_request_tracking|dsh_proxy_requests_list|dsh_proxy_request_review_workspace","","high","Proxy exception family with customer entry and internal review."
"packages/surfaces/dist/src/dsh/app-client/mobile/auto_dsh_proxy_request_approve.js.map","packages","generated_artifact","dsh_proxy_request_approve","app-client",".map","dsh_proxy_request_flow","generated_copy","dsh_client_proxy_request_entry|dsh_client_proxy_request_tracking|dsh_proxy_requests_list|dsh_proxy_request_review_workspace|dsh_proxy_schedule_companion","dsh_client_proxy_request_entry|dsh_client_proxy_request_tracking|dsh_proxy_requests_list|dsh_proxy_request_review_workspace","","high","Proxy exception family with customer entry and internal review."
"packages/surfaces/dist/src/dsh/app-client/mobile/auto_dsh_proxy_request_approve.tsx","packages","generated_artifact","dsh_proxy_request_approve","app-client",".tsx","dsh_proxy_request_flow","generated_copy","dsh_client_proxy_request_entry|dsh_client_proxy_request_tracking|dsh_proxy_requests_list|dsh_proxy_request_review_workspace|dsh_proxy_schedule_companion","dsh_client_proxy_request_entry|dsh_client_proxy_request_tracking|dsh_proxy_requests_list|dsh_proxy_request_review_workspace","","high","Proxy exception family with customer entry and internal review."
"packages/surfaces/dist/src/dsh/app-client/mobile/auto_dsh_proxy_request_review.d.ts","packages","generated_artifact","dsh_proxy_request_review","app-client",".ts","dsh_proxy_request_flow","generated_copy","dsh_client_proxy_request_entry|dsh_client_proxy_request_tracking|dsh_proxy_requests_list|dsh_proxy_request_review_workspace|dsh_proxy_schedule_companion","dsh_client_proxy_request_entry|dsh_client_proxy_request_tracking|dsh_proxy_requests_list|dsh_proxy_request_review_workspace","","high","Proxy exception family with customer entry and internal review."
"packages/surfaces/dist/src/dsh/app-client/mobile/auto_dsh_proxy_request_review.d.ts.map","packages","generated_artifact","dsh_proxy_request_review","app-client",".map","dsh_proxy_request_flow","generated_copy","dsh_client_proxy_request_entry|dsh_client_proxy_request_tracking|dsh_proxy_requests_list|dsh_proxy_request_review_workspace|dsh_proxy_schedule_companion","dsh_client_proxy_request_entry|dsh_client_proxy_request_tracking|dsh_proxy_requests_list|dsh_proxy_request_review_workspace","","high","Proxy exception family with customer entry and internal review."
"packages/surfaces/dist/src/dsh/app-client/mobile/auto_dsh_proxy_request_review.js","packages","generated_artifact","dsh_proxy_request_review","app-client",".js","dsh_proxy_request_flow","generated_copy","dsh_client_proxy_request_entry|dsh_client_proxy_request_tracking|dsh_proxy_requests_list|dsh_proxy_request_review_workspace|dsh_proxy_schedule_companion","dsh_client_proxy_request_entry|dsh_client_proxy_request_tracking|dsh_proxy_requests_list|dsh_proxy_request_review_workspace","","high","Proxy exception family with customer entry and internal review."
"packages/surfaces/dist/src/dsh/app-client/mobile/auto_dsh_proxy_request_review.js.map","packages","generated_artifact","dsh_proxy_request_review","app-client",".map","dsh_proxy_request_flow","generated_copy","dsh_client_proxy_request_entry|dsh_client_proxy_request_tracking|dsh_proxy_requests_list|dsh_proxy_request_review_workspace|dsh_proxy_schedule_companion","dsh_client_proxy_request_entry|dsh_client_proxy_request_tracking|dsh_proxy_requests_list|dsh_proxy_request_review_workspace","","high","Proxy exception family with customer entry and internal review."
"packages/surfaces/dist/src/dsh/app-client/mobile/auto_dsh_proxy_request_review.tsx","packages","generated_artifact","dsh_proxy_request_review","app-client",".tsx","dsh_proxy_request_flow","generated_copy","dsh_client_proxy_request_entry","dsh_client_proxy_request_entry","Keep","high","Proxy exception family with customer entry and internal review."
"packages/surfaces/dist/src/dsh/app-client/mobile/auto_dsh_proxy_request_tracking.d.ts","packages","generated_artifact","dsh_proxy_request_tracking","app-client",".ts","dsh_proxy_request_flow","generated_copy","dsh_client_proxy_request_entry|dsh_client_proxy_request_tracking|dsh_proxy_requests_list|dsh_proxy_request_review_workspace|dsh_proxy_schedule_companion","dsh_client_proxy_request_entry|dsh_client_proxy_request_tracking|dsh_proxy_requests_list|dsh_proxy_request_review_workspace","","high","Proxy exception family with customer entry and internal review."
"packages/surfaces/dist/src/dsh/app-client/mobile/auto_dsh_proxy_request_tracking.d.ts.map","packages","generated_artifact","dsh_proxy_request_tracking","app-client",".map","dsh_proxy_request_flow","generated_copy","dsh_client_proxy_request_entry|dsh_client_proxy_request_tracking|dsh_proxy_requests_list|dsh_proxy_request_review_workspace|dsh_proxy_schedule_companion","dsh_client_proxy_request_entry|dsh_client_proxy_request_tracking|dsh_proxy_requests_list|dsh_proxy_request_review_workspace","","high","Proxy exception family with customer entry and internal review."
"packages/surfaces/dist/src/dsh/app-client/mobile/auto_dsh_proxy_request_tracking.js","packages","generated_artifact","dsh_proxy_request_tracking","app-client",".js","dsh_proxy_request_flow","generated_copy","dsh_client_proxy_request_entry|dsh_client_proxy_request_tracking|dsh_proxy_requests_list|dsh_proxy_request_review_workspace|dsh_proxy_schedule_companion","dsh_client_proxy_request_entry|dsh_client_proxy_request_tracking|dsh_proxy_requests_list|dsh_proxy_request_review_workspace","","high","Proxy exception family with customer entry and internal review."
"packages/surfaces/dist/src/dsh/app-client/mobile/auto_dsh_proxy_request_tracking.js.map","packages","generated_artifact","dsh_proxy_request_tracking","app-client",".map","dsh_proxy_request_flow","generated_copy","dsh_client_proxy_request_entry|dsh_client_proxy_request_tracking|dsh_proxy_requests_list|dsh_proxy_request_review_workspace|dsh_proxy_schedule_companion","dsh_client_proxy_request_entry|dsh_client_proxy_request_tracking|dsh_proxy_requests_list|dsh_proxy_request_review_workspace","","high","Proxy exception family with customer entry and internal review."
"packages/surfaces/dist/src/dsh/app-client/mobile/auto_dsh_proxy_request_tracking.tsx","packages","generated_artifact","dsh_proxy_request_tracking","app-client",".tsx","dsh_proxy_request_flow","generated_copy","dsh_client_proxy_request_tracking","dsh_client_proxy_request_tracking","Keep","high","Proxy exception family with customer entry and internal review."
"packages/surfaces/dist/src/dsh/app-client/mobile/auto_dsh_review_create.d.ts","packages","generated_artifact","dsh_review_create","app-client",".ts","legacy_client_receipt_rating","generated_copy","dsh_client_receipt_rating_cluster","","","high","Post-completion rating and receipt cluster is currently deferred."
"packages/surfaces/dist/src/dsh/app-client/mobile/auto_dsh_review_create.d.ts.map","packages","generated_artifact","dsh_review_create","app-client",".map","legacy_client_receipt_rating","generated_copy","dsh_client_receipt_rating_cluster","","","high","Post-completion rating and receipt cluster is currently deferred."
"packages/surfaces/dist/src/dsh/app-client/mobile/auto_dsh_review_create.js","packages","generated_artifact","dsh_review_create","app-client",".js","legacy_client_receipt_rating","generated_copy","dsh_client_receipt_rating_cluster","","","high","Post-completion rating and receipt cluster is currently deferred."
"packages/surfaces/dist/src/dsh/app-client/mobile/auto_dsh_review_create.js.map","packages","generated_artifact","dsh_review_create","app-client",".map","legacy_client_receipt_rating","generated_copy","dsh_client_receipt_rating_cluster","","","high","Post-completion rating and receipt cluster is currently deferred."
"packages/surfaces/dist/src/dsh/app-client/mobile/auto_dsh_review_create.tsx","packages","generated_artifact","dsh_review_create","app-client",".tsx","legacy_client_receipt_rating","generated_copy","dsh_client_receipt_rating_cluster","legacy_or_future_scope","Move to Legacy","high","Post-completion rating and receipt cluster is currently deferred."
"packages/surfaces/dist/src/dsh/app-client/mobile/auto_dsh_reviews_list.d.ts","packages","generated_artifact","dsh_reviews_list","app-client",".ts","UNMAPPED","generated_copy","","","","low","No current deterministic clean mapping rule found."
"packages/surfaces/dist/src/dsh/app-client/mobile/auto_dsh_reviews_list.d.ts.map","packages","generated_artifact","dsh_reviews_list","app-client",".map","UNMAPPED","generated_copy","","","","low","No current deterministic clean mapping rule found."
"packages/surfaces/dist/src/dsh/app-client/mobile/auto_dsh_reviews_list.js","packages","generated_artifact","dsh_reviews_list","app-client",".js","UNMAPPED","generated_copy","","","","low","No current deterministic clean mapping rule found."
"packages/surfaces/dist/src/dsh/app-client/mobile/auto_dsh_reviews_list.js.map","packages","generated_artifact","dsh_reviews_list","app-client",".map","UNMAPPED","generated_copy","","","","low","No current deterministic clean mapping rule found."
"packages/surfaces/dist/src/dsh/app-client/mobile/auto_dsh_reviews_list.tsx","packages","generated_artifact","dsh_reviews_list","app-client",".tsx","UNMAPPED","generated_copy","dsh_client_receipt_rating_cluster","legacy_or_future_scope","Move to Legacy","low","No current deterministic clean mapping rule found."
"packages/surfaces/dist/src/dsh/app-client/mobile/auto_dsh_search.d.ts","packages","generated_artifact","dsh_search","app-client",".ts","dsh_store_discovery","generated_copy","dsh_client_entry_discovery_home|dsh_client_category_or_store_detail","dsh_client_entry_discovery_home|dsh_client_category_or_store_detail","","medium","Search support is folded into discovery."
"packages/surfaces/dist/src/dsh/app-client/mobile/auto_dsh_search.d.ts.map","packages","generated_artifact","dsh_search","app-client",".map","dsh_store_discovery","generated_copy","dsh_client_entry_discovery_home|dsh_client_category_or_store_detail","dsh_client_entry_discovery_home|dsh_client_category_or_store_detail","","medium","Search support is folded into discovery."
"packages/surfaces/dist/src/dsh/app-client/mobile/auto_dsh_search.js","packages","generated_artifact","dsh_search","app-client",".js","dsh_store_discovery","generated_copy","dsh_client_entry_discovery_home|dsh_client_category_or_store_detail","dsh_client_entry_discovery_home|dsh_client_category_or_store_detail","","medium","Search support is folded into discovery."
"packages/surfaces/dist/src/dsh/app-client/mobile/auto_dsh_search.js.map","packages","generated_artifact","dsh_search","app-client",".map","dsh_store_discovery","generated_copy","dsh_client_entry_discovery_home|dsh_client_category_or_store_detail","dsh_client_entry_discovery_home|dsh_client_category_or_store_detail","","medium","Search support is folded into discovery."
"packages/surfaces/dist/src/dsh/app-client/mobile/auto_dsh_search.tsx","packages","generated_artifact","dsh_search","app-client",".tsx","dsh_store_discovery","generated_copy","dsh_client_entry_discovery_home|dsh_client_category_or_store_detail","dsh_client_entry_discovery_home|dsh_client_category_or_store_detail","","medium","Search support is folded into discovery."
"packages/surfaces/dist/src/dsh/app-client/mobile/auto_dsh_service_modes_resolve.d.ts","packages","generated_artifact","dsh_service_modes_resolve","app-client",".ts","dsh_store_discovery","generated_copy","dsh_client_entry_discovery_home|dsh_client_category_or_store_detail","dsh_client_entry_discovery_home|dsh_client_category_or_store_detail","","medium","Discovery and detail-support operation family."
"packages/surfaces/dist/src/dsh/app-client/mobile/auto_dsh_service_modes_resolve.d.ts.map","packages","generated_artifact","dsh_service_modes_resolve","app-client",".map","dsh_store_discovery","generated_copy","dsh_client_entry_discovery_home|dsh_client_category_or_store_detail","dsh_client_entry_discovery_home|dsh_client_category_or_store_detail","","medium","Discovery and detail-support operation family."
"packages/surfaces/dist/src/dsh/app-client/mobile/auto_dsh_service_modes_resolve.js","packages","generated_artifact","dsh_service_modes_resolve","app-client",".js","dsh_store_discovery","generated_copy","dsh_client_entry_discovery_home|dsh_client_category_or_store_detail","dsh_client_entry_discovery_home|dsh_client_category_or_store_detail","","medium","Discovery and detail-support operation family."
"packages/surfaces/dist/src/dsh/app-client/mobile/auto_dsh_service_modes_resolve.js.map","packages","generated_artifact","dsh_service_modes_resolve","app-client",".map","dsh_store_discovery","generated_copy","dsh_client_entry_discovery_home|dsh_client_category_or_store_detail","dsh_client_entry_discovery_home|dsh_client_category_or_store_detail","","medium","Discovery and detail-support operation family."
"packages/surfaces/dist/src/dsh/app-client/mobile/auto_dsh_service_modes_resolve.tsx","packages","generated_artifact","dsh_service_modes_resolve","app-client",".tsx","dsh_store_discovery","generated_copy","dsh_client_entry_discovery_home|dsh_client_category_or_store_detail","dsh_client_entry_discovery_home|dsh_client_category_or_store_detail","","medium","Discovery and detail-support operation family."
"packages/surfaces/dist/src/dsh/app-client/mobile/auto_dsh_shein_info.d.ts","packages","generated_artifact","dsh_shein_info","app-client",".ts","UNMAPPED","generated_copy","","","","low","No current deterministic clean mapping rule found."
"packages/surfaces/dist/src/dsh/app-client/mobile/auto_dsh_shein_info.d.ts.map","packages","generated_artifact","dsh_shein_info","app-client",".map","UNMAPPED","generated_copy","","","","low","No current deterministic clean mapping rule found."
"packages/surfaces/dist/src/dsh/app-client/mobile/auto_dsh_shein_info.js","packages","generated_artifact","dsh_shein_info","app-client",".js","UNMAPPED","generated_copy","","","","low","No current deterministic clean mapping rule found."
"packages/surfaces/dist/src/dsh/app-client/mobile/auto_dsh_shein_info.js.map","packages","generated_artifact","dsh_shein_info","app-client",".map","UNMAPPED","generated_copy","","","","low","No current deterministic clean mapping rule found."
"packages/surfaces/dist/src/dsh/app-client/mobile/auto_dsh_shein_info.tsx","packages","generated_artifact","dsh_shein_info","app-client",".tsx","UNMAPPED","generated_copy","dsh_client_proxy_request_entry","dsh_client_proxy_request_entry","Keep","low","No current deterministic clean mapping rule found."
"packages/surfaces/dist/src/dsh/app-client/mobile/auto_dsh_store_get.d.ts","packages","generated_artifact","dsh_store_get","app-client",".ts","UNMAPPED","generated_copy","","","","low","No current deterministic clean mapping rule found."
"packages/surfaces/dist/src/dsh/app-client/mobile/auto_dsh_store_get.d.ts.map","packages","generated_artifact","dsh_store_get","app-client",".map","UNMAPPED","generated_copy","","","","low","No current deterministic clean mapping rule found."
"packages/surfaces/dist/src/dsh/app-client/mobile/auto_dsh_store_get.js","packages","generated_artifact","dsh_store_get","app-client",".js","UNMAPPED","generated_copy","","","","low","No current deterministic clean mapping rule found."
"packages/surfaces/dist/src/dsh/app-client/mobile/auto_dsh_store_get.js.map","packages","generated_artifact","dsh_store_get","app-client",".map","UNMAPPED","generated_copy","","","","low","No current deterministic clean mapping rule found."
"packages/surfaces/dist/src/dsh/app-client/mobile/auto_dsh_store_get.tsx","packages","generated_artifact","dsh_store_get","app-client",".tsx","UNMAPPED","generated_copy","dsh_client_category_or_store_detail|dsh_client_discovery_split_variants","dsh_client_category_or_store_detail|dsh_client_entry_discovery_home|dsh_client_category_or_store_detail","Keep|Merge","low","No current deterministic clean mapping rule found."
"packages/surfaces/dist/src/dsh/app-client/mobile/auto_dsh_store_items_list.d.ts","packages","generated_artifact","dsh_store_items_list","app-client",".ts","UNMAPPED","generated_copy","","","","low","No current deterministic clean mapping rule found."
"packages/surfaces/dist/src/dsh/app-client/mobile/auto_dsh_store_items_list.d.ts.map","packages","generated_artifact","dsh_store_items_list","app-client",".map","UNMAPPED","generated_copy","","","","low","No current deterministic clean mapping rule found."
"packages/surfaces/dist/src/dsh/app-client/mobile/auto_dsh_store_items_list.js","packages","generated_artifact","dsh_store_items_list","app-client",".js","UNMAPPED","generated_copy","","","","low","No current deterministic clean mapping rule found."
"packages/surfaces/dist/src/dsh/app-client/mobile/auto_dsh_store_items_list.js.map","packages","generated_artifact","dsh_store_items_list","app-client",".map","UNMAPPED","generated_copy","","","","low","No current deterministic clean mapping rule found."
"packages/surfaces/dist/src/dsh/app-client/mobile/auto_dsh_store_items_list.tsx","packages","generated_artifact","dsh_store_items_list","app-client",".tsx","UNMAPPED","generated_copy","dsh_client_category_or_store_detail|dsh_client_discovery_split_variants","dsh_client_category_or_store_detail|dsh_client_entry_discovery_home|dsh_client_category_or_store_detail","Keep|Merge","low","No current deterministic clean mapping rule found."
"packages/surfaces/dist/src/dsh/app-client/mobile/auto_dsh_stores_list.d.ts","packages","generated_artifact","dsh_stores_list","app-client",".ts","UNMAPPED","generated_copy","","","","low","No current deterministic clean mapping rule found."
"packages/surfaces/dist/src/dsh/app-client/mobile/auto_dsh_stores_list.d.ts.map","packages","generated_artifact","dsh_stores_list","app-client",".map","UNMAPPED","generated_copy","","","","low","No current deterministic clean mapping rule found."
"packages/surfaces/dist/src/dsh/app-client/mobile/auto_dsh_stores_list.js","packages","generated_artifact","dsh_stores_list","app-client",".js","UNMAPPED","generated_copy","","","","low","No current deterministic clean mapping rule found."
"packages/surfaces/dist/src/dsh/app-client/mobile/auto_dsh_stores_list.js.map","packages","generated_artifact","dsh_stores_list","app-client",".map","UNMAPPED","generated_copy","","","","low","No current deterministic clean mapping rule found."
"packages/surfaces/dist/src/dsh/app-client/mobile/auto_dsh_stores_list.tsx","packages","generated_artifact","dsh_stores_list","app-client",".tsx","UNMAPPED","generated_copy","dsh_client_discovery_split_variants|dsh_client_entry_discovery_home","dsh_client_entry_discovery_home|dsh_client_entry_discovery_home|dsh_client_category_or_store_detail","Keep|Merge","low","No current deterministic clean mapping rule found."
"packages/surfaces/dist/src/dsh/app-client/mobile/auto_dsh_subscription_family_get.d.ts","packages","generated_artifact","dsh_subscription_family_get","app-client",".ts","legacy_client_loyalty_subscription_marketing","generated_copy","dsh_client_loyalty_subscription_marketing_cluster","","","high","Loyalty, promo, and subscription extras are outside current first-service truth."
"packages/surfaces/dist/src/dsh/app-client/mobile/auto_dsh_subscription_family_get.d.ts.map","packages","generated_artifact","dsh_subscription_family_get","app-client",".map","legacy_client_loyalty_subscription_marketing","generated_copy","dsh_client_loyalty_subscription_marketing_cluster","","","high","Loyalty, promo, and subscription extras are outside current first-service truth."
"packages/surfaces/dist/src/dsh/app-client/mobile/auto_dsh_subscription_family_get.js","packages","generated_artifact","dsh_subscription_family_get","app-client",".js","legacy_client_loyalty_subscription_marketing","generated_copy","dsh_client_loyalty_subscription_marketing_cluster","","","high","Loyalty, promo, and subscription extras are outside current first-service truth."
"packages/surfaces/dist/src/dsh/app-client/mobile/auto_dsh_subscription_family_get.js.map","packages","generated_artifact","dsh_subscription_family_get","app-client",".map","legacy_client_loyalty_subscription_marketing","generated_copy","dsh_client_loyalty_subscription_marketing_cluster","","","high","Loyalty, promo, and subscription extras are outside current first-service truth."
"packages/surfaces/dist/src/dsh/app-client/mobile/auto_dsh_subscription_family_get.tsx","packages","generated_artifact","dsh_subscription_family_get","app-client",".tsx","legacy_client_loyalty_subscription_marketing","generated_copy","dsh_client_loyalty_subscription_marketing_cluster","legacy_or_future_scope","Move to Legacy","high","Loyalty, promo, and subscription extras are outside current first-service truth."
"packages/surfaces/dist/src/dsh/app-client/mobile/auto_dsh_subscription_family_members_get.d.ts","packages","generated_artifact","dsh_subscription_family_members_get","app-client",".ts","legacy_client_loyalty_subscription_marketing","generated_copy","dsh_client_loyalty_subscription_marketing_cluster","","","high","Loyalty, promo, and subscription extras are outside current first-service truth."
"packages/surfaces/dist/src/dsh/app-client/mobile/auto_dsh_subscription_family_members_get.d.ts.map","packages","generated_artifact","dsh_subscription_family_members_get","app-client",".map","legacy_client_loyalty_subscription_marketing","generated_copy","dsh_client_loyalty_subscription_marketing_cluster","","","high","Loyalty, promo, and subscription extras are outside current first-service truth."
"packages/surfaces/dist/src/dsh/app-client/mobile/auto_dsh_subscription_family_members_get.js","packages","generated_artifact","dsh_subscription_family_members_get","app-client",".js","legacy_client_loyalty_subscription_marketing","generated_copy","dsh_client_loyalty_subscription_marketing_cluster","","","high","Loyalty, promo, and subscription extras are outside current first-service truth."
"packages/surfaces/dist/src/dsh/app-client/mobile/auto_dsh_subscription_family_members_get.js.map","packages","generated_artifact","dsh_subscription_family_members_get","app-client",".map","legacy_client_loyalty_subscription_marketing","generated_copy","dsh_client_loyalty_subscription_marketing_cluster","","","high","Loyalty, promo, and subscription extras are outside current first-service truth."
"packages/surfaces/dist/src/dsh/app-client/mobile/auto_dsh_subscription_family_members_get.tsx","packages","generated_artifact","dsh_subscription_family_members_get","app-client",".tsx","legacy_client_loyalty_subscription_marketing","generated_copy","dsh_client_loyalty_subscription_marketing_cluster","legacy_or_future_scope","Move to Legacy","high","Loyalty, promo, and subscription extras are outside current first-service truth."
"packages/surfaces/dist/src/dsh/app-client/mobile/auto_dsh_subscription_family_members_post.d.ts","packages","generated_artifact","dsh_subscription_family_members_post","app-client",".ts","legacy_client_loyalty_subscription_marketing","generated_copy","dsh_client_loyalty_subscription_marketing_cluster","","","high","Loyalty, promo, and subscription extras are outside current first-service truth."
"packages/surfaces/dist/src/dsh/app-client/mobile/auto_dsh_subscription_family_members_post.d.ts.map","packages","generated_artifact","dsh_subscription_family_members_post","app-client",".map","legacy_client_loyalty_subscription_marketing","generated_copy","dsh_client_loyalty_subscription_marketing_cluster","","","high","Loyalty, promo, and subscription extras are outside current first-service truth."
"packages/surfaces/dist/src/dsh/app-client/mobile/auto_dsh_subscription_family_members_post.js","packages","generated_artifact","dsh_subscription_family_members_post","app-client",".js","legacy_client_loyalty_subscription_marketing","generated_copy","dsh_client_loyalty_subscription_marketing_cluster","","","high","Loyalty, promo, and subscription extras are outside current first-service truth."
"packages/surfaces/dist/src/dsh/app-client/mobile/auto_dsh_subscription_family_members_post.js.map","packages","generated_artifact","dsh_subscription_family_members_post","app-client",".map","legacy_client_loyalty_subscription_marketing","generated_copy","dsh_client_loyalty_subscription_marketing_cluster","","","high","Loyalty, promo, and subscription extras are outside current first-service truth."
"packages/surfaces/dist/src/dsh/app-client/mobile/auto_dsh_subscription_family_members_post.tsx","packages","generated_artifact","dsh_subscription_family_members_post","app-client",".tsx","legacy_client_loyalty_subscription_marketing","generated_copy","dsh_client_loyalty_subscription_marketing_cluster","legacy_or_future_scope","Move to Legacy","high","Loyalty, promo, and subscription extras are outside current first-service truth."
"packages/surfaces/dist/src/dsh/app-client/mobile/auto_dsh_subscription_pro_catalog.d.ts","packages","generated_artifact","dsh_subscription_pro_catalog","app-client",".ts","legacy_client_loyalty_subscription_marketing","generated_copy","dsh_client_loyalty_subscription_marketing_cluster","","","high","Loyalty, promo, and subscription extras are outside current first-service truth."
"packages/surfaces/dist/src/dsh/app-client/mobile/auto_dsh_subscription_pro_catalog.d.ts.map","packages","generated_artifact","dsh_subscription_pro_catalog","app-client",".map","legacy_client_loyalty_subscription_marketing","generated_copy","dsh_client_loyalty_subscription_marketing_cluster","","","high","Loyalty, promo, and subscription extras are outside current first-service truth."
"packages/surfaces/dist/src/dsh/app-client/mobile/auto_dsh_subscription_pro_catalog.js","packages","generated_artifact","dsh_subscription_pro_catalog","app-client",".js","legacy_client_loyalty_subscription_marketing","generated_copy","dsh_client_loyalty_subscription_marketing_cluster","","","high","Loyalty, promo, and subscription extras are outside current first-service truth."
"packages/surfaces/dist/src/dsh/app-client/mobile/auto_dsh_subscription_pro_catalog.js.map","packages","generated_artifact","dsh_subscription_pro_catalog","app-client",".map","legacy_client_loyalty_subscription_marketing","generated_copy","dsh_client_loyalty_subscription_marketing_cluster","","","high","Loyalty, promo, and subscription extras are outside current first-service truth."
"packages/surfaces/dist/src/dsh/app-client/mobile/auto_dsh_subscription_pro_catalog.tsx","packages","generated_artifact","dsh_subscription_pro_catalog","app-client",".tsx","legacy_client_loyalty_subscription_marketing","generated_copy","dsh_client_loyalty_subscription_marketing_cluster","","","high","Loyalty, promo, and subscription extras are outside current first-service truth."
"packages/surfaces/dist/src/dsh/app-client/mobile/auto_dsh_subscription_sync.d.ts","packages","generated_artifact","dsh_subscription_sync","app-client",".ts","legacy_client_loyalty_subscription_marketing","generated_copy","dsh_client_loyalty_subscription_marketing_cluster","","","high","Loyalty, promo, and subscription extras are outside current first-service truth."
"packages/surfaces/dist/src/dsh/app-client/mobile/auto_dsh_subscription_sync.d.ts.map","packages","generated_artifact","dsh_subscription_sync","app-client",".map","legacy_client_loyalty_subscription_marketing","generated_copy","dsh_client_loyalty_subscription_marketing_cluster","","","high","Loyalty, promo, and subscription extras are outside current first-service truth."
"packages/surfaces/dist/src/dsh/app-client/mobile/auto_dsh_subscription_sync.js","packages","generated_artifact","dsh_subscription_sync","app-client",".js","legacy_client_loyalty_subscription_marketing","generated_copy","dsh_client_loyalty_subscription_marketing_cluster","","","high","Loyalty, promo, and subscription extras are outside current first-service truth."
"packages/surfaces/dist/src/dsh/app-client/mobile/auto_dsh_subscription_sync.js.map","packages","generated_artifact","dsh_subscription_sync","app-client",".map","legacy_client_loyalty_subscription_marketing","generated_copy","dsh_client_loyalty_subscription_marketing_cluster","","","high","Loyalty, promo, and subscription extras are outside current first-service truth."
"packages/surfaces/dist/src/dsh/app-client/mobile/auto_dsh_subscription_sync.tsx","packages","generated_artifact","dsh_subscription_sync","app-client",".tsx","legacy_client_loyalty_subscription_marketing","generated_copy","dsh_client_loyalty_subscription_marketing_cluster","legacy_or_future_scope","Move to Legacy","high","Loyalty, promo, and subscription extras are outside current first-service truth."
"packages/surfaces/dist/src/dsh/app-client/mobile/auto_dsh_subscription_tier_get.d.ts","packages","generated_artifact","dsh_subscription_tier_get","app-client",".ts","legacy_client_loyalty_subscription_marketing","generated_copy","dsh_client_loyalty_subscription_marketing_cluster","","","high","Loyalty, promo, and subscription extras are outside current first-service truth."
"packages/surfaces/dist/src/dsh/app-client/mobile/auto_dsh_subscription_tier_get.d.ts.map","packages","generated_artifact","dsh_subscription_tier_get","app-client",".map","legacy_client_loyalty_subscription_marketing","generated_copy","dsh_client_loyalty_subscription_marketing_cluster","","","high","Loyalty, promo, and subscription extras are outside current first-service truth."
"packages/surfaces/dist/src/dsh/app-client/mobile/auto_dsh_subscription_tier_get.js","packages","generated_artifact","dsh_subscription_tier_get","app-client",".js","legacy_client_loyalty_subscription_marketing","generated_copy","dsh_client_loyalty_subscription_marketing_cluster","","","high","Loyalty, promo, and subscription extras are outside current first-service truth."
"packages/surfaces/dist/src/dsh/app-client/mobile/auto_dsh_subscription_tier_get.js.map","packages","generated_artifact","dsh_subscription_tier_get","app-client",".map","legacy_client_loyalty_subscription_marketing","generated_copy","dsh_client_loyalty_subscription_marketing_cluster","","","high","Loyalty, promo, and subscription extras are outside current first-service truth."
"packages/surfaces/dist/src/dsh/app-client/mobile/auto_dsh_subscription_tier_get.tsx","packages","generated_artifact","dsh_subscription_tier_get","app-client",".tsx","legacy_client_loyalty_subscription_marketing","generated_copy","dsh_client_loyalty_subscription_marketing_cluster","legacy_or_future_scope","Move to Legacy","high","Loyalty, promo, and subscription extras are outside current first-service truth."
"packages/surfaces/dist/src/dsh/app-client/mobile/auto_dsh_subscription_upgrade_post.d.ts","packages","generated_artifact","dsh_subscription_upgrade_post","app-client",".ts","legacy_client_loyalty_subscription_marketing","generated_copy","dsh_client_loyalty_subscription_marketing_cluster","","","high","Loyalty, promo, and subscription extras are outside current first-service truth."
"packages/surfaces/dist/src/dsh/app-client/mobile/auto_dsh_subscription_upgrade_post.d.ts.map","packages","generated_artifact","dsh_subscription_upgrade_post","app-client",".map","legacy_client_loyalty_subscription_marketing","generated_copy","dsh_client_loyalty_subscription_marketing_cluster","","","high","Loyalty, promo, and subscription extras are outside current first-service truth."
"packages/surfaces/dist/src/dsh/app-client/mobile/auto_dsh_subscription_upgrade_post.js","packages","generated_artifact","dsh_subscription_upgrade_post","app-client",".js","legacy_client_loyalty_subscription_marketing","generated_copy","dsh_client_loyalty_subscription_marketing_cluster","","","high","Loyalty, promo, and subscription extras are outside current first-service truth."
"packages/surfaces/dist/src/dsh/app-client/mobile/auto_dsh_subscription_upgrade_post.js.map","packages","generated_artifact","dsh_subscription_upgrade_post","app-client",".map","legacy_client_loyalty_subscription_marketing","generated_copy","dsh_client_loyalty_subscription_marketing_cluster","","","high","Loyalty, promo, and subscription extras are outside current first-service truth."
"packages/surfaces/dist/src/dsh/app-client/mobile/auto_dsh_subscription_upgrade_post.tsx","packages","generated_artifact","dsh_subscription_upgrade_post","app-client",".tsx","legacy_client_loyalty_subscription_marketing","generated_copy","dsh_client_loyalty_subscription_marketing_cluster","legacy_or_future_scope","Move to Legacy","high","Loyalty, promo, and subscription extras are outside current first-service truth."
"packages/surfaces/dist/src/dsh/app-client/mobile/auto_dsh_zone_set.d.ts","packages","generated_artifact","dsh_zone_set","app-client",".ts","legacy_ops_store_admin","generated_copy","dsh_partner_store_maintenance_workspace|dsh_ops_store_items_and_zone_admin_cluster","dsh_partner_store_maintenance_workspace","","medium","Donor mixes partner and CONTROL_PANEL/admin ownership here; clean target model narrows or defers it."
"packages/surfaces/dist/src/dsh/app-client/mobile/auto_dsh_zone_set.d.ts.map","packages","generated_artifact","dsh_zone_set","app-client",".map","legacy_ops_store_admin","generated_copy","dsh_partner_store_maintenance_workspace|dsh_ops_store_items_and_zone_admin_cluster","dsh_partner_store_maintenance_workspace","","medium","Donor mixes partner and CONTROL_PANEL/admin ownership here; clean target model narrows or defers it."
"packages/surfaces/dist/src/dsh/app-client/mobile/auto_dsh_zone_set.js","packages","generated_artifact","dsh_zone_set","app-client",".js","legacy_ops_store_admin","generated_copy","dsh_partner_store_maintenance_workspace|dsh_ops_store_items_and_zone_admin_cluster","dsh_partner_store_maintenance_workspace","","medium","Donor mixes partner and CONTROL_PANEL/admin ownership here; clean target model narrows or defers it."
"packages/surfaces/dist/src/dsh/app-client/mobile/auto_dsh_zone_set.js.map","packages","generated_artifact","dsh_zone_set","app-client",".map","legacy_ops_store_admin","generated_copy","dsh_partner_store_maintenance_workspace|dsh_ops_store_items_and_zone_admin_cluster","dsh_partner_store_maintenance_workspace","","medium","Donor mixes partner and CONTROL_PANEL/admin ownership here; clean target model narrows or defers it."
"packages/surfaces/dist/src/dsh/app-client/mobile/auto_dsh_zone_set.tsx","packages","generated_artifact","dsh_zone_set","app-client",".tsx","legacy_ops_store_admin","generated_copy","dsh_partner_store_maintenance_workspace|dsh_ops_store_items_and_zone_admin_cluster","dsh_partner_store_maintenance_workspace","","medium","Donor mixes partner and CONTROL_PANEL/admin ownership here; clean target model narrows or defers it."
"packages/surfaces/dist/src/dsh/app-client/mobile/banner-carousel.runtime.json","packages","generated_artifact","","app-client",".json","","generated_copy","","","","n/a","Supporting or cluster-level file without a single operation identity."
"packages/surfaces/dist/src/dsh/app-client/mobile/CategoryClockDial.d.ts","packages","generated_artifact","","app-client",".ts","","generated_copy","","","","n/a","Supporting or cluster-level file without a single operation identity."
"packages/surfaces/dist/src/dsh/app-client/mobile/CategoryClockDial.d.ts.map","packages","generated_artifact","","app-client",".map","","generated_copy","","","","n/a","Supporting or cluster-level file without a single operation identity."
"packages/surfaces/dist/src/dsh/app-client/mobile/CategoryClockDial.js","packages","generated_artifact","","app-client",".js","","generated_copy","","","","n/a","Supporting or cluster-level file without a single operation identity."
"packages/surfaces/dist/src/dsh/app-client/mobile/CategoryClockDial.js.map","packages","generated_artifact","","app-client",".map","","generated_copy","","","","n/a","Supporting or cluster-level file without a single operation identity."
"packages/surfaces/dist/src/dsh/app-client/mobile/CategoryClockDial.tsx","packages","generated_artifact","","app-client",".tsx","","generated_copy","","","","n/a","Supporting or cluster-level file without a single operation identity."
"packages/surfaces/dist/src/dsh/app-client/mobile/index.d.ts","packages","generated_artifact","","app-client",".ts","","generated_copy","","","","n/a","Supporting or cluster-level file without a single operation identity."
"packages/surfaces/dist/src/dsh/app-client/mobile/index.d.ts.map","packages","generated_artifact","","app-client",".map","","generated_copy","","","","n/a","Supporting or cluster-level file without a single operation identity."
"packages/surfaces/dist/src/dsh/app-client/mobile/index.js","packages","generated_artifact","","app-client",".js","","generated_copy","","","","n/a","Supporting or cluster-level file without a single operation identity."
"packages/surfaces/dist/src/dsh/app-client/mobile/index.js.map","packages","generated_artifact","","app-client",".map","","generated_copy","","","","n/a","Supporting or cluster-level file without a single operation identity."
"packages/surfaces/dist/src/dsh/app-client/mobile/index.ts","packages","generated_artifact","","app-client",".ts","","generated_copy","","","","n/a","Supporting or cluster-level file without a single operation identity."
"packages/surfaces/dist/src/dsh/app-client/mobile/UltimateBannerCarousel.d.ts","packages","generated_artifact","","app-client",".ts","","generated_copy","","","","n/a","Supporting or cluster-level file without a single operation identity."
"packages/surfaces/dist/src/dsh/app-client/mobile/UltimateBannerCarousel.d.ts.map","packages","generated_artifact","","app-client",".map","","generated_copy","","","","n/a","Supporting or cluster-level file without a single operation identity."
"packages/surfaces/dist/src/dsh/app-client/mobile/UltimateBannerCarousel.js","packages","generated_artifact","","app-client",".js","","generated_copy","","","","n/a","Supporting or cluster-level file without a single operation identity."
"packages/surfaces/dist/src/dsh/app-client/mobile/UltimateBannerCarousel.js.map","packages","generated_artifact","","app-client",".map","","generated_copy","","","","n/a","Supporting or cluster-level file without a single operation identity."
"packages/surfaces/dist/src/dsh/app-client/mobile/UltimateBannerCarousel.tsx","packages","generated_artifact","","app-client",".tsx","","generated_copy","","","","n/a","Supporting or cluster-level file without a single operation identity."
"packages/surfaces/dist/src/dsh/checkoutConstants.d.ts","packages","generated_artifact","","",".ts","","generated_copy","","","","n/a","Supporting or cluster-level file without a single operation identity."
"packages/surfaces/dist/src/dsh/checkoutConstants.d.ts.map","packages","generated_artifact","","",".map","","generated_copy","","","","n/a","Supporting or cluster-level file without a single operation identity."
"packages/surfaces/dist/src/dsh/checkoutConstants.js","packages","generated_artifact","","",".js","","generated_copy","","","","n/a","Supporting or cluster-level file without a single operation identity."
"packages/surfaces/dist/src/dsh/checkoutConstants.js.map","packages","generated_artifact","","",".map","","generated_copy","","","","n/a","Supporting or cluster-level file without a single operation identity."
"packages/surfaces/dist/src/dsh/checkoutConstants.ts","packages","generated_artifact","","",".ts","","generated_copy","","","","n/a","Supporting or cluster-level file without a single operation identity."
"packages/surfaces/dist/src/dsh/components/ArrivalBellCaptainBlock.d.ts","packages","generated_artifact","","",".ts","","generated_copy","","","","n/a","Supporting or cluster-level file without a single operation identity."
"packages/surfaces/dist/src/dsh/components/ArrivalBellCaptainBlock.d.ts.map","packages","generated_artifact","","",".map","","generated_copy","","","","n/a","Supporting or cluster-level file without a single operation identity."
"packages/surfaces/dist/src/dsh/components/ArrivalBellCaptainBlock.js","packages","generated_artifact","","",".js","","generated_copy","","","","n/a","Supporting or cluster-level file without a single operation identity."
"packages/surfaces/dist/src/dsh/components/ArrivalBellCaptainBlock.js.map","packages","generated_artifact","","",".map","","generated_copy","","","","n/a","Supporting or cluster-level file without a single operation identity."
"packages/surfaces/dist/src/dsh/components/ArrivalBellCaptainBlock.tsx","packages","generated_artifact","","",".tsx","","generated_copy","","","","n/a","Supporting or cluster-level file without a single operation identity."
"packages/surfaces/dist/src/dsh/components/ArrivalBellCustomerBlock.d.ts","packages","generated_artifact","","",".ts","","generated_copy","","","","n/a","Supporting or cluster-level file without a single operation identity."
"packages/surfaces/dist/src/dsh/components/ArrivalBellCustomerBlock.d.ts.map","packages","generated_artifact","","",".map","","generated_copy","","","","n/a","Supporting or cluster-level file without a single operation identity."
"packages/surfaces/dist/src/dsh/components/ArrivalBellCustomerBlock.js","packages","generated_artifact","","",".js","","generated_copy","","","","n/a","Supporting or cluster-level file without a single operation identity."
"packages/surfaces/dist/src/dsh/components/ArrivalBellCustomerBlock.js.map","packages","generated_artifact","","",".map","","generated_copy","","","","n/a","Supporting or cluster-level file without a single operation identity."
"packages/surfaces/dist/src/dsh/components/ArrivalBellCustomerBlock.tsx","packages","generated_artifact","","",".tsx","","generated_copy","","","","n/a","Supporting or cluster-level file without a single operation identity."
"packages/surfaces/dist/src/dsh/components/DshStoreItemsList.d.ts","packages","generated_artifact","","",".ts","","generated_copy","","","","n/a","Supporting or cluster-level file without a single operation identity."
"packages/surfaces/dist/src/dsh/components/DshStoreItemsList.d.ts.map","packages","generated_artifact","","",".map","","generated_copy","","","","n/a","Supporting or cluster-level file without a single operation identity."
"packages/surfaces/dist/src/dsh/components/DshStoreItemsList.js","packages","generated_artifact","","",".js","","generated_copy","","","","n/a","Supporting or cluster-level file without a single operation identity."
"packages/surfaces/dist/src/dsh/components/DshStoreItemsList.js.map","packages","generated_artifact","","",".map","","generated_copy","","","","n/a","Supporting or cluster-level file without a single operation identity."
"packages/surfaces/dist/src/dsh/components/DshStoreItemsList.tsx","packages","generated_artifact","","",".tsx","","generated_copy","","","","n/a","Supporting or cluster-level file without a single operation identity."
"packages/surfaces/dist/src/dsh/components/StoreCardPremium.d.ts","packages","generated_artifact","","",".ts","","generated_copy","","","","n/a","Supporting or cluster-level file without a single operation identity."
"packages/surfaces/dist/src/dsh/components/StoreCardPremium.d.ts.map","packages","generated_artifact","","",".map","","generated_copy","","","","n/a","Supporting or cluster-level file without a single operation identity."
"packages/surfaces/dist/src/dsh/components/StoreCardPremium.js","packages","generated_artifact","","",".js","","generated_copy","","","","n/a","Supporting or cluster-level file without a single operation identity."
"packages/surfaces/dist/src/dsh/components/StoreCardPremium.js.map","packages","generated_artifact","","",".map","","generated_copy","","","","n/a","Supporting or cluster-level file without a single operation identity."
"packages/surfaces/dist/src/dsh/components/StoreCardPremium.tsx","packages","generated_artifact","","",".tsx","","generated_copy","","","","n/a","Supporting or cluster-level file without a single operation identity."
"packages/surfaces/dist/src/dsh/data/dshHomeApi.d.ts","packages","generated_artifact","","",".ts","","generated_copy","","","","n/a","Supporting or cluster-level file without a single operation identity."
"packages/surfaces/dist/src/dsh/data/dshHomeApi.d.ts.map","packages","generated_artifact","","",".map","","generated_copy","","","","n/a","Supporting or cluster-level file without a single operation identity."
"packages/surfaces/dist/src/dsh/data/dshHomeApi.js","packages","generated_artifact","","",".js","","generated_copy","","","","n/a","Supporting or cluster-level file without a single operation identity."
"packages/surfaces/dist/src/dsh/data/dshHomeApi.js.map","packages","generated_artifact","","",".map","","generated_copy","","","","n/a","Supporting or cluster-level file without a single operation identity."
"packages/surfaces/dist/src/dsh/data/dshHomeApi.ts","packages","generated_artifact","","",".ts","","generated_copy","","","","n/a","Supporting or cluster-level file without a single operation identity."
"packages/surfaces/dist/src/dsh/data/dshHomeRepository.d.ts","packages","generated_artifact","","",".ts","","generated_copy","","","","n/a","Supporting or cluster-level file without a single operation identity."
"packages/surfaces/dist/src/dsh/data/dshHomeRepository.d.ts.map","packages","generated_artifact","","",".map","","generated_copy","","","","n/a","Supporting or cluster-level file without a single operation identity."
"packages/surfaces/dist/src/dsh/data/dshHomeRepository.js","packages","generated_artifact","","",".js","","generated_copy","","","","n/a","Supporting or cluster-level file without a single operation identity."
"packages/surfaces/dist/src/dsh/data/dshHomeRepository.js.map","packages","generated_artifact","","",".map","","generated_copy","","","","n/a","Supporting or cluster-level file without a single operation identity."
"packages/surfaces/dist/src/dsh/data/dshHomeRepository.ts","packages","generated_artifact","","",".ts","","generated_copy","","","","n/a","Supporting or cluster-level file without a single operation identity."
"packages/surfaces/dist/src/dsh/data/dshHomeSeed.d.ts","packages","generated_artifact","","",".ts","","generated_copy","","","","n/a","Supporting or cluster-level file without a single operation identity."
"packages/surfaces/dist/src/dsh/data/dshHomeSeed.d.ts.map","packages","generated_artifact","","",".map","","generated_copy","","","","n/a","Supporting or cluster-level file without a single operation identity."
"packages/surfaces/dist/src/dsh/data/dshHomeSeed.js","packages","generated_artifact","","",".js","","generated_copy","","","","n/a","Supporting or cluster-level file without a single operation identity."
"packages/surfaces/dist/src/dsh/data/dshHomeSeed.js.map","packages","generated_artifact","","",".map","","generated_copy","","","","n/a","Supporting or cluster-level file without a single operation identity."
"packages/surfaces/dist/src/dsh/data/dshHomeSeed.ts","packages","generated_artifact","","",".ts","","generated_copy","","","","n/a","Supporting or cluster-level file without a single operation identity."
"packages/surfaces/dist/src/dsh/data/dshHomeTypes.d.ts","packages","generated_artifact","","",".ts","","generated_copy","","","","n/a","Supporting or cluster-level file without a single operation identity."
"packages/surfaces/dist/src/dsh/data/dshHomeTypes.d.ts.map","packages","generated_artifact","","",".map","","generated_copy","","","","n/a","Supporting or cluster-level file without a single operation identity."
"packages/surfaces/dist/src/dsh/data/dshHomeTypes.js","packages","generated_artifact","","",".js","","generated_copy","","","","n/a","Supporting or cluster-level file without a single operation identity."
"packages/surfaces/dist/src/dsh/data/dshHomeTypes.js.map","packages","generated_artifact","","",".map","","generated_copy","","","","n/a","Supporting or cluster-level file without a single operation identity."
"packages/surfaces/dist/src/dsh/data/dshHomeTypes.ts","packages","generated_artifact","","",".ts","","generated_copy","","","","n/a","Supporting or cluster-level file without a single operation identity."
"packages/surfaces/dist/src/dsh/deliveryModes.d.ts","packages","generated_artifact","","",".ts","","generated_copy","","","","n/a","Supporting or cluster-level file without a single operation identity."
"packages/surfaces/dist/src/dsh/deliveryModes.d.ts.map","packages","generated_artifact","","",".map","","generated_copy","","","","n/a","Supporting or cluster-level file without a single operation identity."
"packages/surfaces/dist/src/dsh/deliveryModes.js","packages","generated_artifact","","",".js","","generated_copy","","","","n/a","Supporting or cluster-level file without a single operation identity."
"packages/surfaces/dist/src/dsh/deliveryModes.js.map","packages","generated_artifact","","",".map","","generated_copy","","","","n/a","Supporting or cluster-level file without a single operation identity."
"packages/surfaces/dist/src/dsh/deliveryModes.ts","packages","generated_artifact","","",".ts","","generated_copy","","","","n/a","Supporting or cluster-level file without a single operation identity."
"packages/surfaces/dist/src/dsh/DshBannersList.d.ts","packages","generated_artifact","","",".ts","","generated_copy","","","","n/a","Supporting or cluster-level file without a single operation identity."
"packages/surfaces/dist/src/dsh/DshBannersList.d.ts.map","packages","generated_artifact","","",".map","","generated_copy","","","","n/a","Supporting or cluster-level file without a single operation identity."
"packages/surfaces/dist/src/dsh/DshBannersList.js","packages","generated_artifact","","",".js","","generated_copy","","","","n/a","Supporting or cluster-level file without a single operation identity."
"packages/surfaces/dist/src/dsh/DshBannersList.js.map","packages","generated_artifact","","",".map","","generated_copy","","","","n/a","Supporting or cluster-level file without a single operation identity."
"packages/surfaces/dist/src/dsh/DshBannersList.tsx","packages","generated_artifact","","",".tsx","","generated_copy","","","","n/a","Supporting or cluster-level file without a single operation identity."
"packages/surfaces/dist/src/dsh/DshCartPrice.d.ts","packages","generated_artifact","","",".ts","","generated_copy","","","","n/a","Supporting or cluster-level file without a single operation identity."
"packages/surfaces/dist/src/dsh/DshCartPrice.d.ts.map","packages","generated_artifact","","",".map","","generated_copy","","","","n/a","Supporting or cluster-level file without a single operation identity."
"packages/surfaces/dist/src/dsh/DshCartPrice.js","packages","generated_artifact","","",".js","","generated_copy","","","","n/a","Supporting or cluster-level file without a single operation identity."
"packages/surfaces/dist/src/dsh/DshCartPrice.js.map","packages","generated_artifact","","",".map","","generated_copy","","","","n/a","Supporting or cluster-level file without a single operation identity."
"packages/surfaces/dist/src/dsh/DshCartPrice.tsx","packages","generated_artifact","","",".tsx","","generated_copy","","","","n/a","Supporting or cluster-level file without a single operation identity."
"packages/surfaces/dist/src/dsh/DshCategoriesList.d.ts","packages","generated_artifact","","",".ts","","generated_copy","","","","n/a","Supporting or cluster-level file without a single operation identity."
"packages/surfaces/dist/src/dsh/DshCategoriesList.d.ts.map","packages","generated_artifact","","",".map","","generated_copy","","","","n/a","Supporting or cluster-level file without a single operation identity."
"packages/surfaces/dist/src/dsh/DshCategoriesList.js","packages","generated_artifact","","",".js","","generated_copy","","","","n/a","Supporting or cluster-level file without a single operation identity."
"packages/surfaces/dist/src/dsh/DshCategoriesList.js.map","packages","generated_artifact","","",".map","","generated_copy","","","","n/a","Supporting or cluster-level file without a single operation identity."
"packages/surfaces/dist/src/dsh/DshCategoriesList.tsx","packages","generated_artifact","","",".tsx","","generated_copy","dsh_client_discovery_split_variants","dsh_client_entry_discovery_home|dsh_client_category_or_store_detail","Merge","n/a","Supporting or cluster-level file without a single operation identity."
"packages/surfaces/dist/src/dsh/dshCategoriesSeed.d.ts","packages","generated_artifact","","",".ts","","generated_copy","","","","n/a","Supporting or cluster-level file without a single operation identity."
"packages/surfaces/dist/src/dsh/dshCategoriesSeed.d.ts.map","packages","generated_artifact","","",".map","","generated_copy","","","","n/a","Supporting or cluster-level file without a single operation identity."
"packages/surfaces/dist/src/dsh/dshCategoriesSeed.js","packages","generated_artifact","","",".js","","generated_copy","","","","n/a","Supporting or cluster-level file without a single operation identity."
"packages/surfaces/dist/src/dsh/dshCategoriesSeed.js.map","packages","generated_artifact","","",".map","","generated_copy","","","","n/a","Supporting or cluster-level file without a single operation identity."
"packages/surfaces/dist/src/dsh/dshCategoriesSeed.ts","packages","generated_artifact","","",".ts","","generated_copy","","","","n/a","Supporting or cluster-level file without a single operation identity."
"packages/surfaces/dist/src/dsh/DshCategoryDetail.d.ts","packages","generated_artifact","","",".ts","","generated_copy","","","","n/a","Supporting or cluster-level file without a single operation identity."
"packages/surfaces/dist/src/dsh/DshCategoryDetail.d.ts.map","packages","generated_artifact","","",".map","","generated_copy","","","","n/a","Supporting or cluster-level file without a single operation identity."
"packages/surfaces/dist/src/dsh/DshCategoryDetail.js","packages","generated_artifact","","",".js","","generated_copy","","","","n/a","Supporting or cluster-level file without a single operation identity."
"packages/surfaces/dist/src/dsh/DshCategoryDetail.js.map","packages","generated_artifact","","",".map","","generated_copy","","","","n/a","Supporting or cluster-level file without a single operation identity."
"packages/surfaces/dist/src/dsh/DshCategoryDetail.tsx","packages","generated_artifact","","",".tsx","","generated_copy","dsh_client_category_or_store_detail","dsh_client_category_or_store_detail","Keep","n/a","Supporting or cluster-level file without a single operation identity."
"packages/surfaces/dist/src/dsh/DshCheckoutPaymentMethodSelect.d.ts","packages","generated_artifact","","",".ts","","generated_copy","","","","n/a","Supporting or cluster-level file without a single operation identity."
"packages/surfaces/dist/src/dsh/DshCheckoutPaymentMethodSelect.d.ts.map","packages","generated_artifact","","",".map","","generated_copy","","","","n/a","Supporting or cluster-level file without a single operation identity."
"packages/surfaces/dist/src/dsh/DshCheckoutPaymentMethodSelect.js","packages","generated_artifact","","",".js","","generated_copy","","","","n/a","Supporting or cluster-level file without a single operation identity."
"packages/surfaces/dist/src/dsh/DshCheckoutPaymentMethodSelect.js.map","packages","generated_artifact","","",".map","","generated_copy","","","","n/a","Supporting or cluster-level file without a single operation identity."
"packages/surfaces/dist/src/dsh/DshCheckoutPaymentMethodSelect.tsx","packages","generated_artifact","","",".tsx","","generated_copy","dsh_client_checkout_confirm","dsh_client_checkout_confirm","Keep","n/a","Supporting or cluster-level file without a single operation identity."
"packages/surfaces/dist/src/dsh/DshCustomerPreferencesDetail.d.ts","packages","generated_artifact","","",".ts","","generated_copy","","","","n/a","Supporting or cluster-level file without a single operation identity."
"packages/surfaces/dist/src/dsh/DshCustomerPreferencesDetail.d.ts.map","packages","generated_artifact","","",".map","","generated_copy","","","","n/a","Supporting or cluster-level file without a single operation identity."
"packages/surfaces/dist/src/dsh/DshCustomerPreferencesDetail.js","packages","generated_artifact","","",".js","","generated_copy","","","","n/a","Supporting or cluster-level file without a single operation identity."
"packages/surfaces/dist/src/dsh/DshCustomerPreferencesDetail.js.map","packages","generated_artifact","","",".map","","generated_copy","","","","n/a","Supporting or cluster-level file without a single operation identity."
"packages/surfaces/dist/src/dsh/DshCustomerPreferencesDetail.tsx","packages","generated_artifact","","",".tsx","","generated_copy","dsh_client_profile_preferences_cluster","legacy_or_future_scope","Move to Legacy","n/a","Supporting or cluster-level file without a single operation identity."
"packages/surfaces/dist/src/dsh/DshCustomerProfileDetail.d.ts","packages","generated_artifact","","",".ts","","generated_copy","","","","n/a","Supporting or cluster-level file without a single operation identity."
"packages/surfaces/dist/src/dsh/DshCustomerProfileDetail.d.ts.map","packages","generated_artifact","","",".map","","generated_copy","","","","n/a","Supporting or cluster-level file without a single operation identity."
"packages/surfaces/dist/src/dsh/DshCustomerProfileDetail.js","packages","generated_artifact","","",".js","","generated_copy","","","","n/a","Supporting or cluster-level file without a single operation identity."
"packages/surfaces/dist/src/dsh/DshCustomerProfileDetail.js.map","packages","generated_artifact","","",".map","","generated_copy","","","","n/a","Supporting or cluster-level file without a single operation identity."
"packages/surfaces/dist/src/dsh/DshCustomerProfileDetail.tsx","packages","generated_artifact","","",".tsx","","generated_copy","dsh_client_profile_preferences_cluster","legacy_or_future_scope","Move to Legacy","n/a","Supporting or cluster-level file without a single operation identity."
"packages/surfaces/dist/src/dsh/DshCustomerProfileUpdate.d.ts","packages","generated_artifact","","",".ts","","generated_copy","","","","n/a","Supporting or cluster-level file without a single operation identity."
"packages/surfaces/dist/src/dsh/DshCustomerProfileUpdate.d.ts.map","packages","generated_artifact","","",".map","","generated_copy","","","","n/a","Supporting or cluster-level file without a single operation identity."
"packages/surfaces/dist/src/dsh/DshCustomerProfileUpdate.js","packages","generated_artifact","","",".js","","generated_copy","","","","n/a","Supporting or cluster-level file without a single operation identity."
"packages/surfaces/dist/src/dsh/DshCustomerProfileUpdate.js.map","packages","generated_artifact","","",".map","","generated_copy","","","","n/a","Supporting or cluster-level file without a single operation identity."
"packages/surfaces/dist/src/dsh/DshCustomerProfileUpdate.tsx","packages","generated_artifact","","",".tsx","","generated_copy","dsh_client_profile_preferences_cluster","legacy_or_future_scope","Move to Legacy","n/a","Supporting or cluster-level file without a single operation identity."
"packages/surfaces/dist/src/dsh/DshPartnerOrdersList.d.ts","packages","generated_artifact","","",".ts","","generated_copy","","","","n/a","Supporting or cluster-level file without a single operation identity."
"packages/surfaces/dist/src/dsh/DshPartnerOrdersList.d.ts.map","packages","generated_artifact","","",".map","","generated_copy","","","","n/a","Supporting or cluster-level file without a single operation identity."
"packages/surfaces/dist/src/dsh/DshPartnerOrdersList.js","packages","generated_artifact","","",".js","","generated_copy","","","","n/a","Supporting or cluster-level file without a single operation identity."
"packages/surfaces/dist/src/dsh/DshPartnerOrdersList.js.map","packages","generated_artifact","","",".map","","generated_copy","","","","n/a","Supporting or cluster-level file without a single operation identity."
"packages/surfaces/dist/src/dsh/DshPartnerOrdersList.tsx","packages","generated_artifact","","",".tsx","","generated_copy","","","","n/a","Supporting or cluster-level file without a single operation identity."
"packages/surfaces/dist/src/dsh/expo-location.d.ts","packages","generated_artifact","","",".ts","","generated_copy","","","","n/a","Supporting or cluster-level file without a single operation identity."
"packages/surfaces/dist/src/dsh/fixtures/captainEarningsHistory.d.ts","packages","generated_artifact","","",".ts","","generated_copy","","","","n/a","Supporting or cluster-level file without a single operation identity."
"packages/surfaces/dist/src/dsh/fixtures/captainEarningsHistory.d.ts.map","packages","generated_artifact","","",".map","","generated_copy","","","","n/a","Supporting or cluster-level file without a single operation identity."
"packages/surfaces/dist/src/dsh/fixtures/captainEarningsHistory.js","packages","generated_artifact","","",".js","","generated_copy","","","","n/a","Supporting or cluster-level file without a single operation identity."
"packages/surfaces/dist/src/dsh/fixtures/captainEarningsHistory.js.map","packages","generated_artifact","","",".map","","generated_copy","","","","n/a","Supporting or cluster-level file without a single operation identity."
"packages/surfaces/dist/src/dsh/fixtures/captainEarningsHistory.ts","packages","generated_artifact","","",".ts","","generated_copy","","","","n/a","Supporting or cluster-level file without a single operation identity."
"packages/surfaces/dist/src/dsh/fixtures/captainFinancialReports.d.ts","packages","generated_artifact","","",".ts","","generated_copy","","","","n/a","Supporting or cluster-level file without a single operation identity."
"packages/surfaces/dist/src/dsh/fixtures/captainFinancialReports.d.ts.map","packages","generated_artifact","","",".map","","generated_copy","","","","n/a","Supporting or cluster-level file without a single operation identity."
"packages/surfaces/dist/src/dsh/fixtures/captainFinancialReports.js","packages","generated_artifact","","",".js","","generated_copy","","","","n/a","Supporting or cluster-level file without a single operation identity."
"packages/surfaces/dist/src/dsh/fixtures/captainFinancialReports.js.map","packages","generated_artifact","","",".map","","generated_copy","","","","n/a","Supporting or cluster-level file without a single operation identity."
"packages/surfaces/dist/src/dsh/fixtures/captainFinancialReports.ts","packages","generated_artifact","","",".ts","","generated_copy","","","","n/a","Supporting or cluster-level file without a single operation identity."
"packages/surfaces/dist/src/dsh/fixtures/captainOrderDetails.d.ts","packages","generated_artifact","","",".ts","","generated_copy","","","","n/a","Supporting or cluster-level file without a single operation identity."
"packages/surfaces/dist/src/dsh/fixtures/captainOrderDetails.d.ts.map","packages","generated_artifact","","",".map","","generated_copy","","","","n/a","Supporting or cluster-level file without a single operation identity."
"packages/surfaces/dist/src/dsh/fixtures/captainOrderDetails.js","packages","generated_artifact","","",".js","","generated_copy","","","","n/a","Supporting or cluster-level file without a single operation identity."
"packages/surfaces/dist/src/dsh/fixtures/captainOrderDetails.js.map","packages","generated_artifact","","",".map","","generated_copy","","","","n/a","Supporting or cluster-level file without a single operation identity."
"packages/surfaces/dist/src/dsh/fixtures/captainOrderDetails.ts","packages","generated_artifact","","",".ts","","generated_copy","","","","n/a","Supporting or cluster-level file without a single operation identity."
"packages/surfaces/dist/src/dsh/fixtures/captainOrders.d.ts","packages","generated_artifact","","",".ts","","generated_copy","","","","n/a","Supporting or cluster-level file without a single operation identity."
"packages/surfaces/dist/src/dsh/fixtures/captainOrders.d.ts.map","packages","generated_artifact","","",".map","","generated_copy","","","","n/a","Supporting or cluster-level file without a single operation identity."
"packages/surfaces/dist/src/dsh/fixtures/captainOrders.js","packages","generated_artifact","","",".js","","generated_copy","","","","n/a","Supporting or cluster-level file without a single operation identity."
"packages/surfaces/dist/src/dsh/fixtures/captainOrders.js.map","packages","generated_artifact","","",".map","","generated_copy","","","","n/a","Supporting or cluster-level file without a single operation identity."
"packages/surfaces/dist/src/dsh/fixtures/captainOrders.ts","packages","generated_artifact","","",".ts","","generated_copy","","","","n/a","Supporting or cluster-level file without a single operation identity."
"packages/surfaces/dist/src/dsh/fixtures/captainPayments.d.ts","packages","generated_artifact","","",".ts","","generated_copy","","","","n/a","Supporting or cluster-level file without a single operation identity."
"packages/surfaces/dist/src/dsh/fixtures/captainPayments.d.ts.map","packages","generated_artifact","","",".map","","generated_copy","","","","n/a","Supporting or cluster-level file without a single operation identity."
"packages/surfaces/dist/src/dsh/fixtures/captainPayments.js","packages","generated_artifact","","",".js","","generated_copy","","","","n/a","Supporting or cluster-level file without a single operation identity."
"packages/surfaces/dist/src/dsh/fixtures/captainPayments.js.map","packages","generated_artifact","","",".map","","generated_copy","","","","n/a","Supporting or cluster-level file without a single operation identity."
"packages/surfaces/dist/src/dsh/fixtures/captainPayments.ts","packages","generated_artifact","","",".ts","","generated_copy","","","","n/a","Supporting or cluster-level file without a single operation identity."
"packages/surfaces/dist/src/dsh/fixtures/captainSettlements.d.ts","packages","generated_artifact","","",".ts","","generated_copy","","","","n/a","Supporting or cluster-level file without a single operation identity."
"packages/surfaces/dist/src/dsh/fixtures/captainSettlements.d.ts.map","packages","generated_artifact","","",".map","","generated_copy","","","","n/a","Supporting or cluster-level file without a single operation identity."
"packages/surfaces/dist/src/dsh/fixtures/captainSettlements.js","packages","generated_artifact","","",".js","","generated_copy","","","","n/a","Supporting or cluster-level file without a single operation identity."
"packages/surfaces/dist/src/dsh/fixtures/captainSettlements.js.map","packages","generated_artifact","","",".map","","generated_copy","","","","n/a","Supporting or cluster-level file without a single operation identity."
"packages/surfaces/dist/src/dsh/fixtures/captainSettlements.ts","packages","generated_artifact","","",".ts","","generated_copy","","","","n/a","Supporting or cluster-level file without a single operation identity."
"packages/surfaces/dist/src/dsh/fixtures/captainTierInfo.d.ts","packages","generated_artifact","","",".ts","","generated_copy","","","","n/a","Supporting or cluster-level file without a single operation identity."
"packages/surfaces/dist/src/dsh/fixtures/captainTierInfo.d.ts.map","packages","generated_artifact","","",".map","","generated_copy","","","","n/a","Supporting or cluster-level file without a single operation identity."
"packages/surfaces/dist/src/dsh/fixtures/captainTierInfo.js","packages","generated_artifact","","",".js","","generated_copy","","","","n/a","Supporting or cluster-level file without a single operation identity."
"packages/surfaces/dist/src/dsh/fixtures/captainTierInfo.js.map","packages","generated_artifact","","",".map","","generated_copy","","","","n/a","Supporting or cluster-level file without a single operation identity."
"packages/surfaces/dist/src/dsh/fixtures/captainTierInfo.ts","packages","generated_artifact","","",".ts","","generated_copy","","","","n/a","Supporting or cluster-level file without a single operation identity."
"packages/surfaces/dist/src/dsh/fixtures/captainWallet.d.ts","packages","generated_artifact","","",".ts","","generated_copy","","","","n/a","Supporting or cluster-level file without a single operation identity."
"packages/surfaces/dist/src/dsh/fixtures/captainWallet.d.ts.map","packages","generated_artifact","","",".map","","generated_copy","","","","n/a","Supporting or cluster-level file without a single operation identity."
"packages/surfaces/dist/src/dsh/fixtures/captainWallet.js","packages","generated_artifact","","",".js","","generated_copy","","","","n/a","Supporting or cluster-level file without a single operation identity."
"packages/surfaces/dist/src/dsh/fixtures/captainWallet.js.map","packages","generated_artifact","","",".map","","generated_copy","","","","n/a","Supporting or cluster-level file without a single operation identity."
"packages/surfaces/dist/src/dsh/fixtures/captainWallet.ts","packages","generated_artifact","","",".ts","","generated_copy","","","","n/a","Supporting or cluster-level file without a single operation identity."
"packages/surfaces/dist/src/dsh/fixtures/categoryGet.d.ts","packages","generated_artifact","","",".ts","","generated_copy","","","","n/a","Supporting or cluster-level file without a single operation identity."
"packages/surfaces/dist/src/dsh/fixtures/categoryGet.d.ts.map","packages","generated_artifact","","",".map","","generated_copy","","","","n/a","Supporting or cluster-level file without a single operation identity."
"packages/surfaces/dist/src/dsh/fixtures/categoryGet.js","packages","generated_artifact","","",".js","","generated_copy","","","","n/a","Supporting or cluster-level file without a single operation identity."
"packages/surfaces/dist/src/dsh/fixtures/categoryGet.js.map","packages","generated_artifact","","",".map","","generated_copy","","","","n/a","Supporting or cluster-level file without a single operation identity."
"packages/surfaces/dist/src/dsh/fixtures/categoryGet.ts","packages","generated_artifact","","",".ts","","generated_copy","","","","n/a","Supporting or cluster-level file without a single operation identity."
"packages/surfaces/dist/src/dsh/fixtures/chatSend.d.ts","packages","generated_artifact","","",".ts","","generated_copy","","","","n/a","Supporting or cluster-level file without a single operation identity."
"packages/surfaces/dist/src/dsh/fixtures/chatSend.d.ts.map","packages","generated_artifact","","",".map","","generated_copy","","","","n/a","Supporting or cluster-level file without a single operation identity."
"packages/surfaces/dist/src/dsh/fixtures/chatSend.js","packages","generated_artifact","","",".js","","generated_copy","","","","n/a","Supporting or cluster-level file without a single operation identity."
"packages/surfaces/dist/src/dsh/fixtures/chatSend.js.map","packages","generated_artifact","","",".map","","generated_copy","","","","n/a","Supporting or cluster-level file without a single operation identity."
"packages/surfaces/dist/src/dsh/fixtures/chatSend.ts","packages","generated_artifact","","",".ts","","generated_copy","","","","n/a","Supporting or cluster-level file without a single operation identity."
"packages/surfaces/dist/src/dsh/fixtures/checkoutGate.d.ts","packages","generated_artifact","","",".ts","","generated_copy","","","","n/a","Supporting or cluster-level file without a single operation identity."
"packages/surfaces/dist/src/dsh/fixtures/checkoutGate.d.ts.map","packages","generated_artifact","","",".map","","generated_copy","","","","n/a","Supporting or cluster-level file without a single operation identity."
"packages/surfaces/dist/src/dsh/fixtures/checkoutGate.js","packages","generated_artifact","","",".js","","generated_copy","","","","n/a","Supporting or cluster-level file without a single operation identity."
"packages/surfaces/dist/src/dsh/fixtures/checkoutGate.js.map","packages","generated_artifact","","",".map","","generated_copy","","","","n/a","Supporting or cluster-level file without a single operation identity."
"packages/surfaces/dist/src/dsh/fixtures/checkoutGate.ts","packages","generated_artifact","","",".ts","","generated_copy","","","","n/a","Supporting or cluster-level file without a single operation identity."
"packages/surfaces/dist/src/dsh/fixtures/favoritesList.d.ts","packages","generated_artifact","","",".ts","","generated_copy","","","","n/a","Supporting or cluster-level file without a single operation identity."
"packages/surfaces/dist/src/dsh/fixtures/favoritesList.d.ts.map","packages","generated_artifact","","",".map","","generated_copy","","","","n/a","Supporting or cluster-level file without a single operation identity."
"packages/surfaces/dist/src/dsh/fixtures/favoritesList.js","packages","generated_artifact","","",".js","","generated_copy","","","","n/a","Supporting or cluster-level file without a single operation identity."
"packages/surfaces/dist/src/dsh/fixtures/favoritesList.js.map","packages","generated_artifact","","",".map","","generated_copy","","","","n/a","Supporting or cluster-level file without a single operation identity."
"packages/surfaces/dist/src/dsh/fixtures/favoritesList.ts","packages","generated_artifact","","",".ts","","generated_copy","","","","n/a","Supporting or cluster-level file without a single operation identity."
"packages/surfaces/dist/src/dsh/fixtures/gasRefill.d.ts","packages","generated_artifact","","",".ts","","generated_copy","","","","n/a","Supporting or cluster-level file without a single operation identity."
"packages/surfaces/dist/src/dsh/fixtures/gasRefill.d.ts.map","packages","generated_artifact","","",".map","","generated_copy","","","","n/a","Supporting or cluster-level file without a single operation identity."
"packages/surfaces/dist/src/dsh/fixtures/gasRefill.js","packages","generated_artifact","","",".js","","generated_copy","","","","n/a","Supporting or cluster-level file without a single operation identity."
"packages/surfaces/dist/src/dsh/fixtures/gasRefill.js.map","packages","generated_artifact","","",".map","","generated_copy","","","","n/a","Supporting or cluster-level file without a single operation identity."
"packages/surfaces/dist/src/dsh/fixtures/gasRefill.ts","packages","generated_artifact","","",".ts","","generated_copy","","","","n/a","Supporting or cluster-level file without a single operation identity."
"packages/surfaces/dist/src/dsh/fixtures/home.d.ts","packages","generated_artifact","","",".ts","","generated_copy","","","","n/a","Supporting or cluster-level file without a single operation identity."
"packages/surfaces/dist/src/dsh/fixtures/home.d.ts.map","packages","generated_artifact","","",".map","","generated_copy","","","","n/a","Supporting or cluster-level file without a single operation identity."
"packages/surfaces/dist/src/dsh/fixtures/home.js","packages","generated_artifact","","",".js","","generated_copy","","","","n/a","Supporting or cluster-level file without a single operation identity."
"packages/surfaces/dist/src/dsh/fixtures/home.js.map","packages","generated_artifact","","",".map","","generated_copy","","","","n/a","Supporting or cluster-level file without a single operation identity."
"packages/surfaces/dist/src/dsh/fixtures/home.ts","packages","generated_artifact","","",".ts","","generated_copy","","","","n/a","Supporting or cluster-level file without a single operation identity."
"packages/surfaces/dist/src/dsh/fixtures/orderCancel.d.ts","packages","generated_artifact","","",".ts","","generated_copy","","","","n/a","Supporting or cluster-level file without a single operation identity."
"packages/surfaces/dist/src/dsh/fixtures/orderCancel.d.ts.map","packages","generated_artifact","","",".map","","generated_copy","","","","n/a","Supporting or cluster-level file without a single operation identity."
"packages/surfaces/dist/src/dsh/fixtures/orderCancel.js","packages","generated_artifact","","",".js","","generated_copy","","","","n/a","Supporting or cluster-level file without a single operation identity."
"packages/surfaces/dist/src/dsh/fixtures/orderCancel.js.map","packages","generated_artifact","","",".map","","generated_copy","","","","n/a","Supporting or cluster-level file without a single operation identity."
"packages/surfaces/dist/src/dsh/fixtures/orderCancel.ts","packages","generated_artifact","","",".ts","","generated_copy","","","","n/a","Supporting or cluster-level file without a single operation identity."
"packages/surfaces/dist/src/dsh/fixtures/orderGet.d.ts","packages","generated_artifact","","",".ts","","generated_copy","","","","n/a","Supporting or cluster-level file without a single operation identity."
"packages/surfaces/dist/src/dsh/fixtures/orderGet.d.ts.map","packages","generated_artifact","","",".map","","generated_copy","","","","n/a","Supporting or cluster-level file without a single operation identity."
"packages/surfaces/dist/src/dsh/fixtures/orderGet.js","packages","generated_artifact","","",".js","","generated_copy","","","","n/a","Supporting or cluster-level file without a single operation identity."
"packages/surfaces/dist/src/dsh/fixtures/orderGet.js.map","packages","generated_artifact","","",".map","","generated_copy","","","","n/a","Supporting or cluster-level file without a single operation identity."
"packages/surfaces/dist/src/dsh/fixtures/orderGet.ts","packages","generated_artifact","","",".ts","","generated_copy","","","","n/a","Supporting or cluster-level file without a single operation identity."
"packages/surfaces/dist/src/dsh/fixtures/partnerStaff.d.ts","packages","generated_artifact","","",".ts","","generated_copy","","","","n/a","Supporting or cluster-level file without a single operation identity."
"packages/surfaces/dist/src/dsh/fixtures/partnerStaff.d.ts.map","packages","generated_artifact","","",".map","","generated_copy","","","","n/a","Supporting or cluster-level file without a single operation identity."
"packages/surfaces/dist/src/dsh/fixtures/partnerStaff.js","packages","generated_artifact","","",".js","","generated_copy","","","","n/a","Supporting or cluster-level file without a single operation identity."
"packages/surfaces/dist/src/dsh/fixtures/partnerStaff.js.map","packages","generated_artifact","","",".map","","generated_copy","","","","n/a","Supporting or cluster-level file without a single operation identity."
"packages/surfaces/dist/src/dsh/fixtures/partnerStaff.ts","packages","generated_artifact","","",".ts","","generated_copy","","","","n/a","Supporting or cluster-level file without a single operation identity."
"packages/surfaces/dist/src/dsh/fixtures/partnerZoneSet.d.ts","packages","generated_artifact","","",".ts","","generated_copy","","","","n/a","Supporting or cluster-level file without a single operation identity."
"packages/surfaces/dist/src/dsh/fixtures/partnerZoneSet.d.ts.map","packages","generated_artifact","","",".map","","generated_copy","","","","n/a","Supporting or cluster-level file without a single operation identity."
"packages/surfaces/dist/src/dsh/fixtures/partnerZoneSet.js","packages","generated_artifact","","",".js","","generated_copy","","","","n/a","Supporting or cluster-level file without a single operation identity."
"packages/surfaces/dist/src/dsh/fixtures/partnerZoneSet.js.map","packages","generated_artifact","","",".map","","generated_copy","","","","n/a","Supporting or cluster-level file without a single operation identity."
"packages/surfaces/dist/src/dsh/fixtures/partnerZoneSet.ts","packages","generated_artifact","","",".ts","","generated_copy","","","","n/a","Supporting or cluster-level file without a single operation identity."
"packages/surfaces/dist/src/dsh/fixtures/reviewsList.d.ts","packages","generated_artifact","","",".ts","","generated_copy","","","","n/a","Supporting or cluster-level file without a single operation identity."
"packages/surfaces/dist/src/dsh/fixtures/reviewsList.d.ts.map","packages","generated_artifact","","",".map","","generated_copy","","","","n/a","Supporting or cluster-level file without a single operation identity."
"packages/surfaces/dist/src/dsh/fixtures/reviewsList.js","packages","generated_artifact","","",".js","","generated_copy","","","","n/a","Supporting or cluster-level file without a single operation identity."
"packages/surfaces/dist/src/dsh/fixtures/reviewsList.js.map","packages","generated_artifact","","",".map","","generated_copy","","","","n/a","Supporting or cluster-level file without a single operation identity."
"packages/surfaces/dist/src/dsh/fixtures/reviewsList.ts","packages","generated_artifact","","",".ts","","generated_copy","","","","n/a","Supporting or cluster-level file without a single operation identity."
"packages/surfaces/dist/src/dsh/fixtures/search.d.ts","packages","generated_artifact","","",".ts","","generated_copy","","","","n/a","Supporting or cluster-level file without a single operation identity."
"packages/surfaces/dist/src/dsh/fixtures/search.d.ts.map","packages","generated_artifact","","",".map","","generated_copy","","","","n/a","Supporting or cluster-level file without a single operation identity."
"packages/surfaces/dist/src/dsh/fixtures/search.js","packages","generated_artifact","","",".js","","generated_copy","","","","n/a","Supporting or cluster-level file without a single operation identity."
"packages/surfaces/dist/src/dsh/fixtures/search.js.map","packages","generated_artifact","","",".map","","generated_copy","","","","n/a","Supporting or cluster-level file without a single operation identity."
"packages/surfaces/dist/src/dsh/fixtures/search.ts","packages","generated_artifact","","",".ts","","generated_copy","","","","n/a","Supporting or cluster-level file without a single operation identity."
"packages/surfaces/dist/src/dsh/fixtures/storeGet.d.ts","packages","generated_artifact","","",".ts","","generated_copy","","","","n/a","Supporting or cluster-level file without a single operation identity."
"packages/surfaces/dist/src/dsh/fixtures/storeGet.d.ts.map","packages","generated_artifact","","",".map","","generated_copy","","","","n/a","Supporting or cluster-level file without a single operation identity."
"packages/surfaces/dist/src/dsh/fixtures/storeGet.js","packages","generated_artifact","","",".js","","generated_copy","","","","n/a","Supporting or cluster-level file without a single operation identity."
"packages/surfaces/dist/src/dsh/fixtures/storeGet.js.map","packages","generated_artifact","","",".map","","generated_copy","","","","n/a","Supporting or cluster-level file without a single operation identity."
"packages/surfaces/dist/src/dsh/fixtures/storeGet.ts","packages","generated_artifact","","",".ts","","generated_copy","","","","n/a","Supporting or cluster-level file without a single operation identity."
"packages/surfaces/dist/src/dsh/fixtures/subscriptionSync.d.ts","packages","generated_artifact","","",".ts","","generated_copy","","","","n/a","Supporting or cluster-level file without a single operation identity."
"packages/surfaces/dist/src/dsh/fixtures/subscriptionSync.d.ts.map","packages","generated_artifact","","",".map","","generated_copy","","","","n/a","Supporting or cluster-level file without a single operation identity."
"packages/surfaces/dist/src/dsh/fixtures/subscriptionSync.js","packages","generated_artifact","","",".js","","generated_copy","","","","n/a","Supporting or cluster-level file without a single operation identity."
"packages/surfaces/dist/src/dsh/fixtures/subscriptionSync.js.map","packages","generated_artifact","","",".map","","generated_copy","","","","n/a","Supporting or cluster-level file without a single operation identity."
"packages/surfaces/dist/src/dsh/fixtures/subscriptionSync.ts","packages","generated_artifact","","",".ts","","generated_copy","","","","n/a","Supporting or cluster-level file without a single operation identity."
"packages/surfaces/dist/src/dsh/fixtures/zoneSet.d.ts","packages","generated_artifact","","",".ts","","generated_copy","","","","n/a","Supporting or cluster-level file without a single operation identity."
"packages/surfaces/dist/src/dsh/fixtures/zoneSet.d.ts.map","packages","generated_artifact","","",".map","","generated_copy","","","","n/a","Supporting or cluster-level file without a single operation identity."
"packages/surfaces/dist/src/dsh/fixtures/zoneSet.js","packages","generated_artifact","","",".js","","generated_copy","","","","n/a","Supporting or cluster-level file without a single operation identity."
"packages/surfaces/dist/src/dsh/fixtures/zoneSet.js.map","packages","generated_artifact","","",".map","","generated_copy","","","","n/a","Supporting or cluster-level file without a single operation identity."
"packages/surfaces/dist/src/dsh/fixtures/zoneSet.ts","packages","generated_artifact","","",".ts","","generated_copy","","","","n/a","Supporting or cluster-level file without a single operation identity."
"packages/surfaces/dist/src/dsh/getDshCategoryIconUrl.d.ts","packages","generated_artifact","","",".ts","","generated_copy","","","","n/a","Supporting or cluster-level file without a single operation identity."
"packages/surfaces/dist/src/dsh/getDshCategoryIconUrl.d.ts.map","packages","generated_artifact","","",".map","","generated_copy","","","","n/a","Supporting or cluster-level file without a single operation identity."
"packages/surfaces/dist/src/dsh/getDshCategoryIconUrl.js","packages","generated_artifact","","",".js","","generated_copy","","","","n/a","Supporting or cluster-level file without a single operation identity."
"packages/surfaces/dist/src/dsh/getDshCategoryIconUrl.js.map","packages","generated_artifact","","",".map","","generated_copy","","","","n/a","Supporting or cluster-level file without a single operation identity."
"packages/surfaces/dist/src/dsh/getDshCategoryIconUrl.ts","packages","generated_artifact","","",".ts","","generated_copy","","","","n/a","Supporting or cluster-level file without a single operation identity."
"packages/surfaces/dist/src/dsh/hooks/index.d.ts","packages","generated_artifact","","",".ts","","generated_copy","","","","n/a","Supporting or cluster-level file without a single operation identity."
"packages/surfaces/dist/src/dsh/hooks/index.d.ts.map","packages","generated_artifact","","",".map","","generated_copy","","","","n/a","Supporting or cluster-level file without a single operation identity."
"packages/surfaces/dist/src/dsh/hooks/index.js","packages","generated_artifact","","",".js","","generated_copy","","","","n/a","Supporting or cluster-level file without a single operation identity."
"packages/surfaces/dist/src/dsh/hooks/index.js.map","packages","generated_artifact","","",".map","","generated_copy","","","","n/a","Supporting or cluster-level file without a single operation identity."
"packages/surfaces/dist/src/dsh/hooks/index.ts","packages","generated_artifact","","",".ts","","generated_copy","","","","n/a","Supporting or cluster-level file without a single operation identity."
"packages/surfaces/dist/src/dsh/hooks/useCaptainEarningsHistory.d.ts","packages","generated_artifact","","",".ts","","generated_copy","","","","n/a","Supporting or cluster-level file without a single operation identity."
"packages/surfaces/dist/src/dsh/hooks/useCaptainEarningsHistory.d.ts.map","packages","generated_artifact","","",".map","","generated_copy","","","","n/a","Supporting or cluster-level file without a single operation identity."
"packages/surfaces/dist/src/dsh/hooks/useCaptainEarningsHistory.js","packages","generated_artifact","","",".js","","generated_copy","","","","n/a","Supporting or cluster-level file without a single operation identity."
"packages/surfaces/dist/src/dsh/hooks/useCaptainEarningsHistory.js.map","packages","generated_artifact","","",".map","","generated_copy","","","","n/a","Supporting or cluster-level file without a single operation identity."
"packages/surfaces/dist/src/dsh/hooks/useCaptainEarningsHistory.ts","packages","generated_artifact","","",".ts","","generated_copy","","","","n/a","Supporting or cluster-level file without a single operation identity."
"packages/surfaces/dist/src/dsh/hooks/useCaptainFinancialReports.d.ts","packages","generated_artifact","","",".ts","","generated_copy","","","","n/a","Supporting or cluster-level file without a single operation identity."
"packages/surfaces/dist/src/dsh/hooks/useCaptainFinancialReports.d.ts.map","packages","generated_artifact","","",".map","","generated_copy","","","","n/a","Supporting or cluster-level file without a single operation identity."
"packages/surfaces/dist/src/dsh/hooks/useCaptainFinancialReports.js","packages","generated_artifact","","",".js","","generated_copy","","","","n/a","Supporting or cluster-level file without a single operation identity."
"packages/surfaces/dist/src/dsh/hooks/useCaptainFinancialReports.js.map","packages","generated_artifact","","",".map","","generated_copy","","","","n/a","Supporting or cluster-level file without a single operation identity."
"packages/surfaces/dist/src/dsh/hooks/useCaptainFinancialReports.ts","packages","generated_artifact","","",".ts","","generated_copy","","","","n/a","Supporting or cluster-level file without a single operation identity."
"packages/surfaces/dist/src/dsh/hooks/useCaptainOrderDetails.d.ts","packages","generated_artifact","","",".ts","","generated_copy","","","","n/a","Supporting or cluster-level file without a single operation identity."
"packages/surfaces/dist/src/dsh/hooks/useCaptainOrderDetails.d.ts.map","packages","generated_artifact","","",".map","","generated_copy","","","","n/a","Supporting or cluster-level file without a single operation identity."
"packages/surfaces/dist/src/dsh/hooks/useCaptainOrderDetails.js","packages","generated_artifact","","",".js","","generated_copy","","","","n/a","Supporting or cluster-level file without a single operation identity."
"packages/surfaces/dist/src/dsh/hooks/useCaptainOrderDetails.js.map","packages","generated_artifact","","",".map","","generated_copy","","","","n/a","Supporting or cluster-level file without a single operation identity."
"packages/surfaces/dist/src/dsh/hooks/useCaptainOrderDetails.ts","packages","generated_artifact","","",".ts","","generated_copy","","","","n/a","Supporting or cluster-level file without a single operation identity."
"packages/surfaces/dist/src/dsh/hooks/useCaptainOrders.d.ts","packages","generated_artifact","","",".ts","","generated_copy","","","","n/a","Supporting or cluster-level file without a single operation identity."
"packages/surfaces/dist/src/dsh/hooks/useCaptainOrders.d.ts.map","packages","generated_artifact","","",".map","","generated_copy","","","","n/a","Supporting or cluster-level file without a single operation identity."
"packages/surfaces/dist/src/dsh/hooks/useCaptainOrders.js","packages","generated_artifact","","",".js","","generated_copy","","","","n/a","Supporting or cluster-level file without a single operation identity."
"packages/surfaces/dist/src/dsh/hooks/useCaptainOrders.js.map","packages","generated_artifact","","",".map","","generated_copy","","","","n/a","Supporting or cluster-level file without a single operation identity."
"packages/surfaces/dist/src/dsh/hooks/useCaptainOrders.ts","packages","generated_artifact","","",".ts","","generated_copy","","","","n/a","Supporting or cluster-level file without a single operation identity."
"packages/surfaces/dist/src/dsh/hooks/useCaptainPayments.d.ts","packages","generated_artifact","","",".ts","","generated_copy","","","","n/a","Supporting or cluster-level file without a single operation identity."
"packages/surfaces/dist/src/dsh/hooks/useCaptainPayments.d.ts.map","packages","generated_artifact","","",".map","","generated_copy","","","","n/a","Supporting or cluster-level file without a single operation identity."
"packages/surfaces/dist/src/dsh/hooks/useCaptainPayments.js","packages","generated_artifact","","",".js","","generated_copy","","","","n/a","Supporting or cluster-level file without a single operation identity."
"packages/surfaces/dist/src/dsh/hooks/useCaptainPayments.js.map","packages","generated_artifact","","",".map","","generated_copy","","","","n/a","Supporting or cluster-level file without a single operation identity."
"packages/surfaces/dist/src/dsh/hooks/useCaptainPayments.ts","packages","generated_artifact","","",".ts","","generated_copy","","","","n/a","Supporting or cluster-level file without a single operation identity."
"packages/surfaces/dist/src/dsh/hooks/useCaptainSettlements.d.ts","packages","generated_artifact","","",".ts","","generated_copy","","","","n/a","Supporting or cluster-level file without a single operation identity."
"packages/surfaces/dist/src/dsh/hooks/useCaptainSettlements.d.ts.map","packages","generated_artifact","","",".map","","generated_copy","","","","n/a","Supporting or cluster-level file without a single operation identity."
"packages/surfaces/dist/src/dsh/hooks/useCaptainSettlements.js","packages","generated_artifact","","",".js","","generated_copy","","","","n/a","Supporting or cluster-level file without a single operation identity."
"packages/surfaces/dist/src/dsh/hooks/useCaptainSettlements.js.map","packages","generated_artifact","","",".map","","generated_copy","","","","n/a","Supporting or cluster-level file without a single operation identity."
"packages/surfaces/dist/src/dsh/hooks/useCaptainSettlements.ts","packages","generated_artifact","","",".ts","","generated_copy","","","","n/a","Supporting or cluster-level file without a single operation identity."
"packages/surfaces/dist/src/dsh/hooks/useCaptainTierInfo.d.ts","packages","generated_artifact","","",".ts","","generated_copy","","","","n/a","Supporting or cluster-level file without a single operation identity."
"packages/surfaces/dist/src/dsh/hooks/useCaptainTierInfo.d.ts.map","packages","generated_artifact","","",".map","","generated_copy","","","","n/a","Supporting or cluster-level file without a single operation identity."
"packages/surfaces/dist/src/dsh/hooks/useCaptainTierInfo.js","packages","generated_artifact","","",".js","","generated_copy","","","","n/a","Supporting or cluster-level file without a single operation identity."
"packages/surfaces/dist/src/dsh/hooks/useCaptainTierInfo.js.map","packages","generated_artifact","","",".map","","generated_copy","","","","n/a","Supporting or cluster-level file without a single operation identity."
"packages/surfaces/dist/src/dsh/hooks/useCaptainTierInfo.ts","packages","generated_artifact","","",".ts","","generated_copy","","","","n/a","Supporting or cluster-level file without a single operation identity."
"packages/surfaces/dist/src/dsh/hooks/useCaptainWallet.d.ts","packages","generated_artifact","","",".ts","","generated_copy","","","","n/a","Supporting or cluster-level file without a single operation identity."
"packages/surfaces/dist/src/dsh/hooks/useCaptainWallet.d.ts.map","packages","generated_artifact","","",".map","","generated_copy","","","","n/a","Supporting or cluster-level file without a single operation identity."
"packages/surfaces/dist/src/dsh/hooks/useCaptainWallet.js","packages","generated_artifact","","",".js","","generated_copy","","","","n/a","Supporting or cluster-level file without a single operation identity."
"packages/surfaces/dist/src/dsh/hooks/useCaptainWallet.js.map","packages","generated_artifact","","",".map","","generated_copy","","","","n/a","Supporting or cluster-level file without a single operation identity."
"packages/surfaces/dist/src/dsh/hooks/useCaptainWallet.ts","packages","generated_artifact","","",".ts","","generated_copy","","","","n/a","Supporting or cluster-level file without a single operation identity."
"packages/surfaces/dist/src/dsh/hooks/useDshCategoryGet.d.ts","packages","generated_artifact","","",".ts","","generated_copy","","","","n/a","Supporting or cluster-level file without a single operation identity."
"packages/surfaces/dist/src/dsh/hooks/useDshCategoryGet.d.ts.map","packages","generated_artifact","","",".map","","generated_copy","","","","n/a","Supporting or cluster-level file without a single operation identity."
"packages/surfaces/dist/src/dsh/hooks/useDshCategoryGet.js","packages","generated_artifact","","",".js","","generated_copy","","","","n/a","Supporting or cluster-level file without a single operation identity."
"packages/surfaces/dist/src/dsh/hooks/useDshCategoryGet.js.map","packages","generated_artifact","","",".map","","generated_copy","","","","n/a","Supporting or cluster-level file without a single operation identity."
"packages/surfaces/dist/src/dsh/hooks/useDshCategoryGet.ts","packages","generated_artifact","","",".ts","","generated_copy","","","","n/a","Supporting or cluster-level file without a single operation identity."
"packages/surfaces/dist/src/dsh/hooks/useDshChatSend.d.ts","packages","generated_artifact","","",".ts","","generated_copy","","","","n/a","Supporting or cluster-level file without a single operation identity."
"packages/surfaces/dist/src/dsh/hooks/useDshChatSend.d.ts.map","packages","generated_artifact","","",".map","","generated_copy","","","","n/a","Supporting or cluster-level file without a single operation identity."
"packages/surfaces/dist/src/dsh/hooks/useDshChatSend.js","packages","generated_artifact","","",".js","","generated_copy","","","","n/a","Supporting or cluster-level file without a single operation identity."
"packages/surfaces/dist/src/dsh/hooks/useDshChatSend.js.map","packages","generated_artifact","","",".map","","generated_copy","","","","n/a","Supporting or cluster-level file without a single operation identity."
"packages/surfaces/dist/src/dsh/hooks/useDshChatSend.ts","packages","generated_artifact","","",".ts","","generated_copy","","","","n/a","Supporting or cluster-level file without a single operation identity."
"packages/surfaces/dist/src/dsh/hooks/useDshCheckoutGate.d.ts","packages","generated_artifact","","",".ts","","generated_copy","","","","n/a","Supporting or cluster-level file without a single operation identity."
"packages/surfaces/dist/src/dsh/hooks/useDshCheckoutGate.d.ts.map","packages","generated_artifact","","",".map","","generated_copy","","","","n/a","Supporting or cluster-level file without a single operation identity."
"packages/surfaces/dist/src/dsh/hooks/useDshCheckoutGate.js","packages","generated_artifact","","",".js","","generated_copy","","","","n/a","Supporting or cluster-level file without a single operation identity."
"packages/surfaces/dist/src/dsh/hooks/useDshCheckoutGate.js.map","packages","generated_artifact","","",".map","","generated_copy","","","","n/a","Supporting or cluster-level file without a single operation identity."
"packages/surfaces/dist/src/dsh/hooks/useDshCheckoutGate.ts","packages","generated_artifact","","",".ts","","generated_copy","","","","n/a","Supporting or cluster-level file without a single operation identity."
"packages/surfaces/dist/src/dsh/hooks/useDshFavoritesList.d.ts","packages","generated_artifact","","",".ts","","generated_copy","","","","n/a","Supporting or cluster-level file without a single operation identity."
"packages/surfaces/dist/src/dsh/hooks/useDshFavoritesList.d.ts.map","packages","generated_artifact","","",".map","","generated_copy","","","","n/a","Supporting or cluster-level file without a single operation identity."
"packages/surfaces/dist/src/dsh/hooks/useDshFavoritesList.js","packages","generated_artifact","","",".js","","generated_copy","","","","n/a","Supporting or cluster-level file without a single operation identity."
"packages/surfaces/dist/src/dsh/hooks/useDshFavoritesList.js.map","packages","generated_artifact","","",".map","","generated_copy","","","","n/a","Supporting or cluster-level file without a single operation identity."
"packages/surfaces/dist/src/dsh/hooks/useDshFavoritesList.ts","packages","generated_artifact","","",".ts","","generated_copy","","","","n/a","Supporting or cluster-level file without a single operation identity."
"packages/surfaces/dist/src/dsh/hooks/useDshGasRefill.d.ts","packages","generated_artifact","","",".ts","","generated_copy","","","","n/a","Supporting or cluster-level file without a single operation identity."
"packages/surfaces/dist/src/dsh/hooks/useDshGasRefill.d.ts.map","packages","generated_artifact","","",".map","","generated_copy","","","","n/a","Supporting or cluster-level file without a single operation identity."
"packages/surfaces/dist/src/dsh/hooks/useDshGasRefill.js","packages","generated_artifact","","",".js","","generated_copy","","","","n/a","Supporting or cluster-level file without a single operation identity."
"packages/surfaces/dist/src/dsh/hooks/useDshGasRefill.js.map","packages","generated_artifact","","",".map","","generated_copy","","","","n/a","Supporting or cluster-level file without a single operation identity."
"packages/surfaces/dist/src/dsh/hooks/useDshGasRefill.ts","packages","generated_artifact","","",".ts","","generated_copy","","","","n/a","Supporting or cluster-level file without a single operation identity."
"packages/surfaces/dist/src/dsh/hooks/useDshHome.d.ts","packages","generated_artifact","","",".ts","","generated_copy","","","","n/a","Supporting or cluster-level file without a single operation identity."
"packages/surfaces/dist/src/dsh/hooks/useDshHome.d.ts.map","packages","generated_artifact","","",".map","","generated_copy","","","","n/a","Supporting or cluster-level file without a single operation identity."
"packages/surfaces/dist/src/dsh/hooks/useDshHome.js","packages","generated_artifact","","",".js","","generated_copy","","","","n/a","Supporting or cluster-level file without a single operation identity."
"packages/surfaces/dist/src/dsh/hooks/useDshHome.js.map","packages","generated_artifact","","",".map","","generated_copy","","","","n/a","Supporting or cluster-level file without a single operation identity."
"packages/surfaces/dist/src/dsh/hooks/useDshHome.ts","packages","generated_artifact","","",".ts","","generated_copy","","","","n/a","Supporting or cluster-level file without a single operation identity."
"packages/surfaces/dist/src/dsh/hooks/useDshOrderCancel.d.ts","packages","generated_artifact","","",".ts","","generated_copy","","","","n/a","Supporting or cluster-level file without a single operation identity."
"packages/surfaces/dist/src/dsh/hooks/useDshOrderCancel.d.ts.map","packages","generated_artifact","","",".map","","generated_copy","","","","n/a","Supporting or cluster-level file without a single operation identity."
"packages/surfaces/dist/src/dsh/hooks/useDshOrderCancel.js","packages","generated_artifact","","",".js","","generated_copy","","","","n/a","Supporting or cluster-level file without a single operation identity."
"packages/surfaces/dist/src/dsh/hooks/useDshOrderCancel.js.map","packages","generated_artifact","","",".map","","generated_copy","","","","n/a","Supporting or cluster-level file without a single operation identity."
"packages/surfaces/dist/src/dsh/hooks/useDshOrderCancel.ts","packages","generated_artifact","","",".ts","","generated_copy","","","","n/a","Supporting or cluster-level file without a single operation identity."
"packages/surfaces/dist/src/dsh/hooks/useDshOrderGet.d.ts","packages","generated_artifact","","",".ts","","generated_copy","","","","n/a","Supporting or cluster-level file without a single operation identity."
"packages/surfaces/dist/src/dsh/hooks/useDshOrderGet.d.ts.map","packages","generated_artifact","","",".map","","generated_copy","","","","n/a","Supporting or cluster-level file without a single operation identity."
"packages/surfaces/dist/src/dsh/hooks/useDshOrderGet.js","packages","generated_artifact","","",".js","","generated_copy","","","","n/a","Supporting or cluster-level file without a single operation identity."
"packages/surfaces/dist/src/dsh/hooks/useDshOrderGet.js.map","packages","generated_artifact","","",".map","","generated_copy","","","","n/a","Supporting or cluster-level file without a single operation identity."
"packages/surfaces/dist/src/dsh/hooks/useDshOrderGet.ts","packages","generated_artifact","","",".ts","","generated_copy","","","","n/a","Supporting or cluster-level file without a single operation identity."
"packages/surfaces/dist/src/dsh/hooks/useDshPartnerZoneSet.d.ts","packages","generated_artifact","","",".ts","","generated_copy","","","","n/a","Supporting or cluster-level file without a single operation identity."
"packages/surfaces/dist/src/dsh/hooks/useDshPartnerZoneSet.d.ts.map","packages","generated_artifact","","",".map","","generated_copy","","","","n/a","Supporting or cluster-level file without a single operation identity."
"packages/surfaces/dist/src/dsh/hooks/useDshPartnerZoneSet.js","packages","generated_artifact","","",".js","","generated_copy","","","","n/a","Supporting or cluster-level file without a single operation identity."
"packages/surfaces/dist/src/dsh/hooks/useDshPartnerZoneSet.js.map","packages","generated_artifact","","",".map","","generated_copy","","","","n/a","Supporting or cluster-level file without a single operation identity."
"packages/surfaces/dist/src/dsh/hooks/useDshPartnerZoneSet.ts","packages","generated_artifact","","",".ts","","generated_copy","","","","n/a","Supporting or cluster-level file without a single operation identity."
"packages/surfaces/dist/src/dsh/hooks/useDshReviewsList.d.ts","packages","generated_artifact","","",".ts","","generated_copy","","","","n/a","Supporting or cluster-level file without a single operation identity."
"packages/surfaces/dist/src/dsh/hooks/useDshReviewsList.d.ts.map","packages","generated_artifact","","",".map","","generated_copy","","","","n/a","Supporting or cluster-level file without a single operation identity."
"packages/surfaces/dist/src/dsh/hooks/useDshReviewsList.js","packages","generated_artifact","","",".js","","generated_copy","","","","n/a","Supporting or cluster-level file without a single operation identity."
"packages/surfaces/dist/src/dsh/hooks/useDshReviewsList.js.map","packages","generated_artifact","","",".map","","generated_copy","","","","n/a","Supporting or cluster-level file without a single operation identity."
"packages/surfaces/dist/src/dsh/hooks/useDshReviewsList.ts","packages","generated_artifact","","",".ts","","generated_copy","","","","n/a","Supporting or cluster-level file without a single operation identity."
"packages/surfaces/dist/src/dsh/hooks/useDshSearch.d.ts","packages","generated_artifact","","",".ts","","generated_copy","","","","n/a","Supporting or cluster-level file without a single operation identity."
"packages/surfaces/dist/src/dsh/hooks/useDshSearch.d.ts.map","packages","generated_artifact","","",".map","","generated_copy","","","","n/a","Supporting or cluster-level file without a single operation identity."
"packages/surfaces/dist/src/dsh/hooks/useDshSearch.js","packages","generated_artifact","","",".js","","generated_copy","","","","n/a","Supporting or cluster-level file without a single operation identity."
"packages/surfaces/dist/src/dsh/hooks/useDshSearch.js.map","packages","generated_artifact","","",".map","","generated_copy","","","","n/a","Supporting or cluster-level file without a single operation identity."
"packages/surfaces/dist/src/dsh/hooks/useDshSearch.ts","packages","generated_artifact","","",".ts","","generated_copy","","","","n/a","Supporting or cluster-level file without a single operation identity."
"packages/surfaces/dist/src/dsh/hooks/useDshStoreGet.d.ts","packages","generated_artifact","","",".ts","","generated_copy","","","","n/a","Supporting or cluster-level file without a single operation identity."
"packages/surfaces/dist/src/dsh/hooks/useDshStoreGet.d.ts.map","packages","generated_artifact","","",".map","","generated_copy","","","","n/a","Supporting or cluster-level file without a single operation identity."
"packages/surfaces/dist/src/dsh/hooks/useDshStoreGet.js","packages","generated_artifact","","",".js","","generated_copy","","","","n/a","Supporting or cluster-level file without a single operation identity."
"packages/surfaces/dist/src/dsh/hooks/useDshStoreGet.js.map","packages","generated_artifact","","",".map","","generated_copy","","","","n/a","Supporting or cluster-level file without a single operation identity."
"packages/surfaces/dist/src/dsh/hooks/useDshStoreGet.ts","packages","generated_artifact","","",".ts","","generated_copy","","","","n/a","Supporting or cluster-level file without a single operation identity."
"packages/surfaces/dist/src/dsh/hooks/useDshSubscriptionSync.d.ts","packages","generated_artifact","","",".ts","","generated_copy","","","","n/a","Supporting or cluster-level file without a single operation identity."
"packages/surfaces/dist/src/dsh/hooks/useDshSubscriptionSync.d.ts.map","packages","generated_artifact","","",".map","","generated_copy","","","","n/a","Supporting or cluster-level file without a single operation identity."
"packages/surfaces/dist/src/dsh/hooks/useDshSubscriptionSync.js","packages","generated_artifact","","",".js","","generated_copy","","","","n/a","Supporting or cluster-level file without a single operation identity."
"packages/surfaces/dist/src/dsh/hooks/useDshSubscriptionSync.js.map","packages","generated_artifact","","",".map","","generated_copy","","","","n/a","Supporting or cluster-level file without a single operation identity."
"packages/surfaces/dist/src/dsh/hooks/useDshSubscriptionSync.ts","packages","generated_artifact","","",".ts","","generated_copy","","","","n/a","Supporting or cluster-level file without a single operation identity."
"packages/surfaces/dist/src/dsh/hooks/useDshZoneSet.d.ts","packages","generated_artifact","","",".ts","","generated_copy","","","","n/a","Supporting or cluster-level file without a single operation identity."
"packages/surfaces/dist/src/dsh/hooks/useDshZoneSet.d.ts.map","packages","generated_artifact","","",".map","","generated_copy","","","","n/a","Supporting or cluster-level file without a single operation identity."
"packages/surfaces/dist/src/dsh/hooks/useDshZoneSet.js","packages","generated_artifact","","",".js","","generated_copy","","","","n/a","Supporting or cluster-level file without a single operation identity."
"packages/surfaces/dist/src/dsh/hooks/useDshZoneSet.js.map","packages","generated_artifact","","",".map","","generated_copy","","","","n/a","Supporting or cluster-level file without a single operation identity."
"packages/surfaces/dist/src/dsh/hooks/useDshZoneSet.ts","packages","generated_artifact","","",".ts","","generated_copy","","","","n/a","Supporting or cluster-level file without a single operation identity."
"packages/surfaces/dist/src/dsh/index.d.ts","packages","generated_artifact","","",".ts","","generated_copy","","","","n/a","Supporting or cluster-level file without a single operation identity."
"packages/surfaces/dist/src/dsh/index.d.ts.map","packages","generated_artifact","","",".map","","generated_copy","","","","n/a","Supporting or cluster-level file without a single operation identity."
"packages/surfaces/dist/src/dsh/index.js","packages","generated_artifact","","",".js","","generated_copy","","","","n/a","Supporting or cluster-level file without a single operation identity."
"packages/surfaces/dist/src/dsh/index.js.map","packages","generated_artifact","","",".map","","generated_copy","","","","n/a","Supporting or cluster-level file without a single operation identity."
"packages/surfaces/dist/src/dsh/index.ts","packages","generated_artifact","","",".ts","","generated_copy","","","","n/a","Supporting or cluster-level file without a single operation identity."
"packages/surfaces/dist/src/dsh/loadExpoLocation.d.ts","packages","generated_artifact","","",".ts","","generated_copy","","","","n/a","Supporting or cluster-level file without a single operation identity."
"packages/surfaces/dist/src/dsh/loadExpoLocation.d.ts.map","packages","generated_artifact","","",".map","","generated_copy","","","","n/a","Supporting or cluster-level file without a single operation identity."
"packages/surfaces/dist/src/dsh/loadExpoLocation.js","packages","generated_artifact","","",".js","","generated_copy","","","","n/a","Supporting or cluster-level file without a single operation identity."
"packages/surfaces/dist/src/dsh/loadExpoLocation.js.map","packages","generated_artifact","","",".map","","generated_copy","","","","n/a","Supporting or cluster-level file without a single operation identity."
"packages/surfaces/dist/src/dsh/loadExpoLocation.ts","packages","generated_artifact","","",".ts","","generated_copy","","","","n/a","Supporting or cluster-level file without a single operation identity."
"packages/surfaces/dist/src/dsh/mobile/dsh/DshOrdersCreateScreen.d.ts","packages","generated_artifact","","",".ts","","generated_copy","","","","n/a","Supporting or cluster-level file without a single operation identity."
"packages/surfaces/dist/src/dsh/mobile/dsh/DshOrdersCreateScreen.d.ts.map","packages","generated_artifact","","",".map","","generated_copy","","","","n/a","Supporting or cluster-level file without a single operation identity."
"packages/surfaces/dist/src/dsh/mobile/dsh/DshOrdersCreateScreen.js","packages","generated_artifact","","",".js","","generated_copy","","","","n/a","Supporting or cluster-level file without a single operation identity."
"packages/surfaces/dist/src/dsh/mobile/dsh/DshOrdersCreateScreen.js.map","packages","generated_artifact","","",".map","","generated_copy","","","","n/a","Supporting or cluster-level file without a single operation identity."
"packages/surfaces/dist/src/dsh/mobile/dsh/DshOrdersCreateScreen.tsx","packages","generated_artifact","","",".tsx","","generated_copy","","","","n/a","Supporting or cluster-level file without a single operation identity."
"packages/surfaces/dist/src/dsh/mobile/dsh/DshPartnerOrderAcceptAltScreen.d.ts","packages","generated_artifact","","",".ts","","generated_copy","","","","n/a","Supporting or cluster-level file without a single operation identity."
"packages/surfaces/dist/src/dsh/mobile/dsh/DshPartnerOrderAcceptAltScreen.d.ts.map","packages","generated_artifact","","",".map","","generated_copy","","","","n/a","Supporting or cluster-level file without a single operation identity."
"packages/surfaces/dist/src/dsh/mobile/dsh/DshPartnerOrderAcceptAltScreen.js","packages","generated_artifact","","",".js","","generated_copy","","","","n/a","Supporting or cluster-level file without a single operation identity."
"packages/surfaces/dist/src/dsh/mobile/dsh/DshPartnerOrderAcceptAltScreen.js.map","packages","generated_artifact","","",".map","","generated_copy","","","","n/a","Supporting or cluster-level file without a single operation identity."
"packages/surfaces/dist/src/dsh/mobile/dsh/DshPartnerOrderAcceptAltScreen.tsx","packages","generated_artifact","","",".tsx","","generated_copy","","","","n/a","Supporting or cluster-level file without a single operation identity."
"packages/surfaces/dist/src/dsh/mobile/dsh/DshPartnerOrderChatMessageCreateScreen.d.ts","packages","generated_artifact","","",".ts","","generated_copy","","","","n/a","Supporting or cluster-level file without a single operation identity."
"packages/surfaces/dist/src/dsh/mobile/dsh/DshPartnerOrderChatMessageCreateScreen.d.ts.map","packages","generated_artifact","","",".map","","generated_copy","","","","n/a","Supporting or cluster-level file without a single operation identity."
"packages/surfaces/dist/src/dsh/mobile/dsh/DshPartnerOrderChatMessageCreateScreen.js","packages","generated_artifact","","",".js","","generated_copy","","","","n/a","Supporting or cluster-level file without a single operation identity."
"packages/surfaces/dist/src/dsh/mobile/dsh/DshPartnerOrderChatMessageCreateScreen.js.map","packages","generated_artifact","","",".map","","generated_copy","","","","n/a","Supporting or cluster-level file without a single operation identity."
"packages/surfaces/dist/src/dsh/mobile/dsh/DshPartnerOrderChatMessageCreateScreen.tsx","packages","generated_artifact","","",".tsx","","generated_copy","","","","n/a","Supporting or cluster-level file without a single operation identity."
"packages/surfaces/dist/src/dsh/mobile/dsh/DshPartnerOrderChatMessagesListScreen.d.ts","packages","generated_artifact","","",".ts","","generated_copy","","","","n/a","Supporting or cluster-level file without a single operation identity."
"packages/surfaces/dist/src/dsh/mobile/dsh/DshPartnerOrderChatMessagesListScreen.d.ts.map","packages","generated_artifact","","",".map","","generated_copy","","","","n/a","Supporting or cluster-level file without a single operation identity."
"packages/surfaces/dist/src/dsh/mobile/dsh/DshPartnerOrderChatMessagesListScreen.js","packages","generated_artifact","","",".js","","generated_copy","","","","n/a","Supporting or cluster-level file without a single operation identity."
"packages/surfaces/dist/src/dsh/mobile/dsh/DshPartnerOrderChatMessagesListScreen.js.map","packages","generated_artifact","","",".map","","generated_copy","","","","n/a","Supporting or cluster-level file without a single operation identity."
"packages/surfaces/dist/src/dsh/mobile/dsh/DshPartnerOrderChatMessagesListScreen.tsx","packages","generated_artifact","","",".tsx","","generated_copy","","","","n/a","Supporting or cluster-level file without a single operation identity."
"packages/surfaces/dist/src/dsh/mobile/dsh/DshPartnerOrderChatReadAckScreen.d.ts","packages","generated_artifact","","",".ts","","generated_copy","","","","n/a","Supporting or cluster-level file without a single operation identity."
"packages/surfaces/dist/src/dsh/mobile/dsh/DshPartnerOrderChatReadAckScreen.d.ts.map","packages","generated_artifact","","",".map","","generated_copy","","","","n/a","Supporting or cluster-level file without a single operation identity."
"packages/surfaces/dist/src/dsh/mobile/dsh/DshPartnerOrderChatReadAckScreen.js","packages","generated_artifact","","",".js","","generated_copy","","","","n/a","Supporting or cluster-level file without a single operation identity."
"packages/surfaces/dist/src/dsh/mobile/dsh/DshPartnerOrderChatReadAckScreen.js.map","packages","generated_artifact","","",".map","","generated_copy","","","","n/a","Supporting or cluster-level file without a single operation identity."
"packages/surfaces/dist/src/dsh/mobile/dsh/DshPartnerOrderChatReadAckScreen.tsx","packages","generated_artifact","","",".tsx","","generated_copy","","","","n/a","Supporting or cluster-level file without a single operation identity."
"packages/surfaces/dist/src/dsh/mobile/index.d.ts","packages","generated_artifact","","",".ts","","generated_copy","","","","n/a","Supporting or cluster-level file without a single operation identity."
"packages/surfaces/dist/src/dsh/mobile/index.d.ts.map","packages","generated_artifact","","",".map","","generated_copy","","","","n/a","Supporting or cluster-level file without a single operation identity."
"packages/surfaces/dist/src/dsh/mobile/index.js","packages","generated_artifact","","",".js","","generated_copy","","","","n/a","Supporting or cluster-level file without a single operation identity."
"packages/surfaces/dist/src/dsh/mobile/index.js.map","packages","generated_artifact","","",".map","","generated_copy","","","","n/a","Supporting or cluster-level file without a single operation identity."
"packages/surfaces/dist/src/dsh/mobile/index.ts","packages","generated_artifact","","",".ts","","generated_copy","","","","n/a","Supporting or cluster-level file without a single operation identity."
"packages/surfaces/dist/src/dsh/partnerStoreSwitcherFixtures.d.ts","packages","generated_artifact","","",".ts","","generated_copy","","","","n/a","Supporting or cluster-level file without a single operation identity."
"packages/surfaces/dist/src/dsh/partnerStoreSwitcherFixtures.d.ts.map","packages","generated_artifact","","",".map","","generated_copy","","","","n/a","Supporting or cluster-level file without a single operation identity."
"packages/surfaces/dist/src/dsh/partnerStoreSwitcherFixtures.js","packages","generated_artifact","","",".js","","generated_copy","","","","n/a","Supporting or cluster-level file without a single operation identity."
"packages/surfaces/dist/src/dsh/partnerStoreSwitcherFixtures.js.map","packages","generated_artifact","","",".map","","generated_copy","","","","n/a","Supporting or cluster-level file without a single operation identity."
"packages/surfaces/dist/src/dsh/partnerStoreSwitcherFixtures.ts","packages","generated_artifact","","",".ts","","generated_copy","","","","n/a","Supporting or cluster-level file without a single operation identity."
"packages/surfaces/dist/src/dsh/types.d.ts","packages","generated_artifact","","",".ts","","generated_copy","","","","n/a","Supporting or cluster-level file without a single operation identity."
"packages/surfaces/dist/src/dsh/types.d.ts.map","packages","generated_artifact","","",".map","","generated_copy","","","","n/a","Supporting or cluster-level file without a single operation identity."
"packages/surfaces/dist/src/dsh/types.js","packages","generated_artifact","","",".js","","generated_copy","","","","n/a","Supporting or cluster-level file without a single operation identity."
"packages/surfaces/dist/src/dsh/types.js.map","packages","generated_artifact","","",".map","","generated_copy","","","","n/a","Supporting or cluster-level file without a single operation identity."
"packages/surfaces/dist/src/dsh/types.ts","packages","generated_artifact","","",".ts","","generated_copy","","","","n/a","Supporting or cluster-level file without a single operation identity."
"packages/surfaces/dist/src/dsh/WHAT_TO_ADD.md","packages","generated_artifact","","",".md","","generated_copy","","","","n/a","Supporting or cluster-level file without a single operation identity."
"packages/surfaces/dist/src/dsh/wrappers.d.ts","packages","generated_artifact","","",".ts","","generated_copy","","","","n/a","Supporting or cluster-level file without a single operation identity."
"packages/surfaces/dist/src/dsh/wrappers.d.ts.map","packages","generated_artifact","","",".map","","generated_copy","","","","n/a","Supporting or cluster-level file without a single operation identity."
"packages/surfaces/dist/src/dsh/wrappers.js","packages","generated_artifact","","",".js","","generated_copy","","","","n/a","Supporting or cluster-level file without a single operation identity."
"packages/surfaces/dist/src/dsh/wrappers.js.map","packages","generated_artifact","","",".map","","generated_copy","","","","n/a","Supporting or cluster-level file without a single operation identity."
"packages/surfaces/dist/src/dsh/wrappers.ts","packages","generated_artifact","","",".ts","","generated_copy","","","","n/a","Supporting or cluster-level file without a single operation identity."
"packages/surfaces/dist/src/partner/DshPartnerHomeUnified.d.ts","packages","generated_artifact","","",".ts","","generated_copy","","","","n/a","Supporting or cluster-level file without a single operation identity."
"packages/surfaces/dist/src/partner/DshPartnerHomeUnified.d.ts.map","packages","generated_artifact","","",".map","","generated_copy","","","","n/a","Supporting or cluster-level file without a single operation identity."
"packages/surfaces/dist/src/partner/DshPartnerHomeUnified.js","packages","generated_artifact","","",".js","","generated_copy","","","","n/a","Supporting or cluster-level file without a single operation identity."
"packages/surfaces/dist/src/partner/DshPartnerHomeUnified.js.map","packages","generated_artifact","","",".map","","generated_copy","","","","n/a","Supporting or cluster-level file without a single operation identity."
"packages/surfaces/dist/src/partner/DshPartnerHomeUnified.tsx","packages","generated_artifact","","",".tsx","","generated_copy","","","","n/a","Supporting or cluster-level file without a single operation identity."
"packages/surfaces/dist/src/snd/app-client/mobile/components/_sndSheetLayout.d.ts","packages","generated_artifact","","app-client",".ts","","generated_copy","","","","n/a","Supporting or cluster-level file without a single operation identity."
"packages/surfaces/dist/src/snd/app-client/mobile/components/_sndSheetLayout.d.ts.map","packages","generated_artifact","","app-client",".map","","generated_copy","","","","n/a","Supporting or cluster-level file without a single operation identity."
"packages/surfaces/dist/src/snd/app-client/mobile/components/_sndSheetLayout.js","packages","generated_artifact","","app-client",".js","","generated_copy","","","","n/a","Supporting or cluster-level file without a single operation identity."
"packages/surfaces/dist/src/snd/app-client/mobile/components/_sndSheetLayout.js.map","packages","generated_artifact","","app-client",".map","","generated_copy","","","","n/a","Supporting or cluster-level file without a single operation identity."
"packages/surfaces/dist/src/snd/app-client/mobile/components/_sndSheetLayout.ts","packages","generated_artifact","","app-client",".ts","","generated_copy","","","","n/a","Supporting or cluster-level file without a single operation identity."
"packages/surfaces/dist/src/web/control-panel/analytics/ControlPanelDshAnalyticsScreen.d.ts","packages","generated_artifact","","control-panel",".ts","","generated_copy","","","","n/a","Supporting or cluster-level file without a single operation identity."
"packages/surfaces/dist/src/web/control-panel/analytics/ControlPanelDshAnalyticsScreen.d.ts.map","packages","generated_artifact","","control-panel",".map","","generated_copy","","","","n/a","Supporting or cluster-level file without a single operation identity."
"packages/surfaces/dist/src/web/control-panel/analytics/ControlPanelDshAnalyticsScreen.js","packages","generated_artifact","","control-panel",".js","","generated_copy","","","","n/a","Supporting or cluster-level file without a single operation identity."
"packages/surfaces/dist/src/web/control-panel/analytics/ControlPanelDshAnalyticsScreen.js.map","packages","generated_artifact","","control-panel",".map","","generated_copy","","","","n/a","Supporting or cluster-level file without a single operation identity."
"packages/surfaces/dist/src/web/control-panel/analytics/ControlPanelDshAnalyticsScreen.tsx","packages","generated_artifact","","control-panel",".tsx","","generated_copy","","","","n/a","Supporting or cluster-level file without a single operation identity."
"packages/surfaces/dist/src/web/control-panel/finance/ControlPanelDshFinanceScreen.d.ts","packages","generated_artifact","","control-panel",".ts","","generated_copy","","","","n/a","Supporting or cluster-level file without a single operation identity."
"packages/surfaces/dist/src/web/control-panel/finance/ControlPanelDshFinanceScreen.d.ts.map","packages","generated_artifact","","control-panel",".map","","generated_copy","","","","n/a","Supporting or cluster-level file without a single operation identity."
"packages/surfaces/dist/src/web/control-panel/finance/ControlPanelDshFinanceScreen.js","packages","generated_artifact","","control-panel",".js","","generated_copy","","","","n/a","Supporting or cluster-level file without a single operation identity."
"packages/surfaces/dist/src/web/control-panel/finance/ControlPanelDshFinanceScreen.js.map","packages","generated_artifact","","control-panel",".map","","generated_copy","","","","n/a","Supporting or cluster-level file without a single operation identity."
"packages/surfaces/dist/src/web/control-panel/finance/ControlPanelDshFinanceScreen.tsx","packages","generated_artifact","","control-panel",".tsx","","generated_copy","","","","n/a","Supporting or cluster-level file without a single operation identity."
"packages/surfaces/dist/src/web/control-panel/operations/APP_ORDERS_DSHCARTITEMUPDATE.d.ts","packages","generated_artifact","","control-panel",".ts","","generated_copy","","","","n/a","Supporting or cluster-level file without a single operation identity."
"packages/surfaces/dist/src/web/control-panel/operations/APP_ORDERS_DSHCARTITEMUPDATE.d.ts.map","packages","generated_artifact","","control-panel",".map","","generated_copy","","","","n/a","Supporting or cluster-level file without a single operation identity."
"packages/surfaces/dist/src/web/control-panel/operations/APP_ORDERS_DSHCARTITEMUPDATE.js","packages","generated_artifact","","control-panel",".js","","generated_copy","","","","n/a","Supporting or cluster-level file without a single operation identity."
"packages/surfaces/dist/src/web/control-panel/operations/APP_ORDERS_DSHCARTITEMUPDATE.js.map","packages","generated_artifact","","control-panel",".map","","generated_copy","","","","n/a","Supporting or cluster-level file without a single operation identity."
"packages/surfaces/dist/src/web/control-panel/operations/APP_ORDERS_DSHCARTITEMUPDATE.tsx","packages","generated_artifact","","control-panel",".tsx","","generated_copy","","","","n/a","Supporting or cluster-level file without a single operation identity."
"packages/surfaces/dist/src/web/control-panel/operations/APP_THWANI_DSHPARTNERORDERCHATMESSAGECREATE.d.ts","packages","generated_artifact","","control-panel",".ts","","generated_copy","","","","n/a","Supporting or cluster-level file without a single operation identity."
"packages/surfaces/dist/src/web/control-panel/operations/APP_THWANI_DSHPARTNERORDERCHATMESSAGECREATE.d.ts.map","packages","generated_artifact","","control-panel",".map","","generated_copy","","","","n/a","Supporting or cluster-level file without a single operation identity."
"packages/surfaces/dist/src/web/control-panel/operations/APP_THWANI_DSHPARTNERORDERCHATMESSAGECREATE.js","packages","generated_artifact","","control-panel",".js","","generated_copy","","","","n/a","Supporting or cluster-level file without a single operation identity."
"packages/surfaces/dist/src/web/control-panel/operations/APP_THWANI_DSHPARTNERORDERCHATMESSAGECREATE.js.map","packages","generated_artifact","","control-panel",".map","","generated_copy","","","","n/a","Supporting or cluster-level file without a single operation identity."
"packages/surfaces/dist/src/web/control-panel/operations/APP_THWANI_DSHPARTNERORDERCHATMESSAGECREATE.tsx","packages","generated_artifact","","control-panel",".tsx","","generated_copy","","","","n/a","Supporting or cluster-level file without a single operation identity."
"packages/surfaces/dist/src/web/control-panel/operations/APP_THWANI_DSHPARTNERORDERCHATREADACK.d.ts","packages","generated_artifact","","control-panel",".ts","","generated_copy","","","","n/a","Supporting or cluster-level file without a single operation identity."
"packages/surfaces/dist/src/web/control-panel/operations/APP_THWANI_DSHPARTNERORDERCHATREADACK.d.ts.map","packages","generated_artifact","","control-panel",".map","","generated_copy","","","","n/a","Supporting or cluster-level file without a single operation identity."
"packages/surfaces/dist/src/web/control-panel/operations/APP_THWANI_DSHPARTNERORDERCHATREADACK.js","packages","generated_artifact","","control-panel",".js","","generated_copy","","","","n/a","Supporting or cluster-level file without a single operation identity."
"packages/surfaces/dist/src/web/control-panel/operations/APP_THWANI_DSHPARTNERORDERCHATREADACK.js.map","packages","generated_artifact","","control-panel",".map","","generated_copy","","","","n/a","Supporting or cluster-level file without a single operation identity."
"packages/surfaces/dist/src/web/control-panel/operations/APP_THWANI_DSHPARTNERORDERCHATREADACK.tsx","packages","generated_artifact","","control-panel",".tsx","","generated_copy","","","","n/a","Supporting or cluster-level file without a single operation identity."
"packages/surfaces/dist/src/web/control-panel/operations/dsh/AdminDshStoreItemsListScreen.d.ts","packages","generated_artifact","","control-panel",".ts","","generated_copy","","","","n/a","Supporting or cluster-level file without a single operation identity."
"packages/surfaces/dist/src/web/control-panel/operations/dsh/AdminDshStoreItemsListScreen.d.ts.map","packages","generated_artifact","","control-panel",".map","","generated_copy","","","","n/a","Supporting or cluster-level file without a single operation identity."
"packages/surfaces/dist/src/web/control-panel/operations/dsh/AdminDshStoreItemsListScreen.js","packages","generated_artifact","","control-panel",".js","","generated_copy","","","","n/a","Supporting or cluster-level file without a single operation identity."
"packages/surfaces/dist/src/web/control-panel/operations/dsh/AdminDshStoreItemsListScreen.js.map","packages","generated_artifact","","control-panel",".map","","generated_copy","","","","n/a","Supporting or cluster-level file without a single operation identity."
"packages/surfaces/dist/src/web/control-panel/operations/dsh/AdminDshStoreItemsListScreen.tsx","packages","generated_artifact","","control-panel",".tsx","","generated_copy","dsh_ops_store_items_and_zone_admin_cluster","legacy_or_future_scope","Move to Legacy","n/a","Supporting or cluster-level file without a single operation identity."
"packages/surfaces/dist/src/web/control-panel/operations/dsh/DshCartItemAddScreen.d.ts","packages","generated_artifact","","control-panel",".ts","","generated_copy","","","","n/a","Supporting or cluster-level file without a single operation identity."
"packages/surfaces/dist/src/web/control-panel/operations/dsh/DshCartItemAddScreen.d.ts.map","packages","generated_artifact","","control-panel",".map","","generated_copy","","","","n/a","Supporting or cluster-level file without a single operation identity."
"packages/surfaces/dist/src/web/control-panel/operations/dsh/DshCartItemAddScreen.js","packages","generated_artifact","","control-panel",".js","","generated_copy","","","","n/a","Supporting or cluster-level file without a single operation identity."
"packages/surfaces/dist/src/web/control-panel/operations/dsh/DshCartItemAddScreen.js.map","packages","generated_artifact","","control-panel",".map","","generated_copy","","","","n/a","Supporting or cluster-level file without a single operation identity."
"packages/surfaces/dist/src/web/control-panel/operations/dsh/DshCartItemAddScreen.tsx","packages","generated_artifact","","control-panel",".tsx","","generated_copy","","","","n/a","Supporting or cluster-level file without a single operation identity."
"packages/surfaces/dist/src/web/control-panel/operations/dsh/DshDeliveryReassignScreen.d.ts","packages","generated_artifact","","control-panel",".ts","","generated_copy","","","","n/a","Supporting or cluster-level file without a single operation identity."
"packages/surfaces/dist/src/web/control-panel/operations/dsh/DshDeliveryReassignScreen.d.ts.map","packages","generated_artifact","","control-panel",".map","","generated_copy","","","","n/a","Supporting or cluster-level file without a single operation identity."
"packages/surfaces/dist/src/web/control-panel/operations/dsh/DshDeliveryReassignScreen.js","packages","generated_artifact","","control-panel",".js","","generated_copy","","","","n/a","Supporting or cluster-level file without a single operation identity."
"packages/surfaces/dist/src/web/control-panel/operations/dsh/DshDeliveryReassignScreen.js.map","packages","generated_artifact","","control-panel",".map","","generated_copy","","","","n/a","Supporting or cluster-level file without a single operation identity."
"packages/surfaces/dist/src/web/control-panel/operations/dsh/DshDeliveryReassignScreen.tsx","packages","generated_artifact","","control-panel",".tsx","","generated_copy","","","","n/a","Supporting or cluster-level file without a single operation identity."
"packages/surfaces/dist/src/web/control-panel/operations/dsh/DshOperationsHubSurface.d.ts","packages","generated_artifact","","control-panel",".ts","","generated_copy","","","","n/a","Supporting or cluster-level file without a single operation identity."
"packages/surfaces/dist/src/web/control-panel/operations/dsh/DshOperationsHubSurface.d.ts.map","packages","generated_artifact","","control-panel",".map","","generated_copy","","","","n/a","Supporting or cluster-level file without a single operation identity."
"packages/surfaces/dist/src/web/control-panel/operations/dsh/DshOperationsHubSurface.js","packages","generated_artifact","","control-panel",".js","","generated_copy","","","","n/a","Supporting or cluster-level file without a single operation identity."
"packages/surfaces/dist/src/web/control-panel/operations/dsh/DshOperationsHubSurface.js.map","packages","generated_artifact","","control-panel",".map","","generated_copy","","","","n/a","Supporting or cluster-level file without a single operation identity."
"packages/surfaces/dist/src/web/control-panel/operations/dsh/DshOperationsHubSurface.tsx","packages","generated_artifact","","control-panel",".tsx","","generated_copy","dsh_ops_entry_split_variants|dsh_ops_orders_board","dsh_ops_orders_board","Keep|Merge","n/a","Supporting or cluster-level file without a single operation identity."
"packages/surfaces/dist/src/web/control-panel/operations/dsh/DshPeakModeScreen.d.ts","packages","generated_artifact","","control-panel",".ts","","generated_copy","","","","n/a","Supporting or cluster-level file without a single operation identity."
"packages/surfaces/dist/src/web/control-panel/operations/dsh/DshPeakModeScreen.d.ts.map","packages","generated_artifact","","control-panel",".map","","generated_copy","","","","n/a","Supporting or cluster-level file without a single operation identity."
"packages/surfaces/dist/src/web/control-panel/operations/dsh/DshPeakModeScreen.js","packages","generated_artifact","","control-panel",".js","","generated_copy","","","","n/a","Supporting or cluster-level file without a single operation identity."
"packages/surfaces/dist/src/web/control-panel/operations/dsh/DshPeakModeScreen.js.map","packages","generated_artifact","","control-panel",".map","","generated_copy","","","","n/a","Supporting or cluster-level file without a single operation identity."
"packages/surfaces/dist/src/web/control-panel/operations/dsh/DshPeakModeScreen.tsx","packages","generated_artifact","","control-panel",".tsx","","generated_copy","dsh_ops_peak_mode_control","dsh_ops_peak_mode_control","Keep","n/a","Supporting or cluster-level file without a single operation identity."
"packages/surfaces/dist/src/web/control-panel/operations/dsh/DshZoneSetScreen.d.ts","packages","generated_artifact","","control-panel",".ts","","generated_copy","","","","n/a","Supporting or cluster-level file without a single operation identity."
"packages/surfaces/dist/src/web/control-panel/operations/dsh/DshZoneSetScreen.d.ts.map","packages","generated_artifact","","control-panel",".map","","generated_copy","","","","n/a","Supporting or cluster-level file without a single operation identity."
"packages/surfaces/dist/src/web/control-panel/operations/dsh/DshZoneSetScreen.js","packages","generated_artifact","","control-panel",".js","","generated_copy","","","","n/a","Supporting or cluster-level file without a single operation identity."
"packages/surfaces/dist/src/web/control-panel/operations/dsh/DshZoneSetScreen.js.map","packages","generated_artifact","","control-panel",".map","","generated_copy","","","","n/a","Supporting or cluster-level file without a single operation identity."
"packages/surfaces/dist/src/web/control-panel/operations/dsh/DshZoneSetScreen.tsx","packages","generated_artifact","","control-panel",".tsx","","generated_copy","dsh_ops_store_items_and_zone_admin_cluster","legacy_or_future_scope","Move to Legacy","n/a","Supporting or cluster-level file without a single operation identity."
"packages/surfaces/dist/src/web/control-panel/operations/dsh/index.d.ts","packages","generated_artifact","","control-panel",".ts","","generated_copy","","","","n/a","Supporting or cluster-level file without a single operation identity."
"packages/surfaces/dist/src/web/control-panel/operations/dsh/index.d.ts.map","packages","generated_artifact","","control-panel",".map","","generated_copy","","","","n/a","Supporting or cluster-level file without a single operation identity."
"packages/surfaces/dist/src/web/control-panel/operations/dsh/index.js","packages","generated_artifact","","control-panel",".js","","generated_copy","","","","n/a","Supporting or cluster-level file without a single operation identity."
"packages/surfaces/dist/src/web/control-panel/operations/dsh/index.js.map","packages","generated_artifact","","control-panel",".map","","generated_copy","","","","n/a","Supporting or cluster-level file without a single operation identity."
"packages/surfaces/dist/src/web/control-panel/operations/dsh/index.ts","packages","generated_artifact","","control-panel",".ts","","generated_copy","","","","n/a","Supporting or cluster-level file without a single operation identity."
"packages/surfaces/dist/src/web/control-panel/operations/dsh/ControlPanelArrivalBellSettingsScreen.d.ts","packages","generated_artifact","","control-panel",".ts","","generated_copy","","","","n/a","Supporting or cluster-level file without a single operation identity."
"packages/surfaces/dist/src/web/control-panel/operations/dsh/ControlPanelArrivalBellSettingsScreen.d.ts.map","packages","generated_artifact","","control-panel",".map","","generated_copy","","","","n/a","Supporting or cluster-level file without a single operation identity."
"packages/surfaces/dist/src/web/control-panel/operations/dsh/ControlPanelArrivalBellSettingsScreen.js","packages","generated_artifact","","control-panel",".js","","generated_copy","","","","n/a","Supporting or cluster-level file without a single operation identity."
"packages/surfaces/dist/src/web/control-panel/operations/dsh/ControlPanelArrivalBellSettingsScreen.js.map","packages","generated_artifact","","control-panel",".map","","generated_copy","","","","n/a","Supporting or cluster-level file without a single operation identity."
"packages/surfaces/dist/src/web/control-panel/operations/dsh/ControlPanelArrivalBellSettingsScreen.tsx","packages","generated_artifact","","control-panel",".tsx","","generated_copy","dsh_ops_arrival_bell_and_misc_cluster","legacy_or_future_scope","Move to Legacy","n/a","Supporting or cluster-level file without a single operation identity."
"packages/surfaces/dist/src/web/control-panel/operations/dsh/ControlPanelDshOperationsScreen.d.ts","packages","generated_artifact","","control-panel",".ts","","generated_copy","","","","n/a","Supporting or cluster-level file without a single operation identity."
"packages/surfaces/dist/src/web/control-panel/operations/dsh/ControlPanelDshOperationsScreen.d.ts.map","packages","generated_artifact","","control-panel",".map","","generated_copy","","","","n/a","Supporting or cluster-level file without a single operation identity."
"packages/surfaces/dist/src/web/control-panel/operations/dsh/ControlPanelDshOperationsScreen.js","packages","generated_artifact","","control-panel",".js","","generated_copy","","","","n/a","Supporting or cluster-level file without a single operation identity."
"packages/surfaces/dist/src/web/control-panel/operations/dsh/ControlPanelDshOperationsScreen.js.map","packages","generated_artifact","","control-panel",".map","","generated_copy","","","","n/a","Supporting or cluster-level file without a single operation identity."
"packages/surfaces/dist/src/web/control-panel/operations/dsh/ControlPanelDshOperationsScreen.tsx","packages","generated_artifact","","control-panel",".tsx","","generated_copy","dsh_ops_entry_split_variants|dsh_ops_orders_board","dsh_ops_orders_board","Keep|Merge","n/a","Supporting or cluster-level file without a single operation identity."
"packages/surfaces/dist/src/web/control-panel/operations/dsh/ControlPanelDshOrderDetailScreen.d.ts","packages","generated_artifact","","control-panel",".ts","","generated_copy","","","","n/a","Supporting or cluster-level file without a single operation identity."
"packages/surfaces/dist/src/web/control-panel/operations/dsh/ControlPanelDshOrderDetailScreen.d.ts.map","packages","generated_artifact","","control-panel",".map","","generated_copy","","","","n/a","Supporting or cluster-level file without a single operation identity."
"packages/surfaces/dist/src/web/control-panel/operations/dsh/ControlPanelDshOrderDetailScreen.js","packages","generated_artifact","","control-panel",".js","","generated_copy","","","","n/a","Supporting or cluster-level file without a single operation identity."
"packages/surfaces/dist/src/web/control-panel/operations/dsh/ControlPanelDshOrderDetailScreen.js.map","packages","generated_artifact","","control-panel",".map","","generated_copy","","","","n/a","Supporting or cluster-level file without a single operation identity."
"packages/surfaces/dist/src/web/control-panel/operations/dsh/ControlPanelDshOrderDetailScreen.tsx","packages","generated_artifact","","control-panel",".tsx","","generated_copy","dsh_ops_order_detail_exception_workspace","dsh_ops_order_detail_exception_workspace","Keep","n/a","Supporting or cluster-level file without a single operation identity."
"packages/surfaces/dist/src/web/control-panel/operations/dsh/ControlPanelDshOrdersScreen.d.ts","packages","generated_artifact","","control-panel",".ts","","generated_copy","","","","n/a","Supporting or cluster-level file without a single operation identity."
"packages/surfaces/dist/src/web/control-panel/operations/dsh/ControlPanelDshOrdersScreen.d.ts.map","packages","generated_artifact","","control-panel",".map","","generated_copy","","","","n/a","Supporting or cluster-level file without a single operation identity."
"packages/surfaces/dist/src/web/control-panel/operations/dsh/ControlPanelDshOrdersScreen.js","packages","generated_artifact","","control-panel",".js","","generated_copy","","","","n/a","Supporting or cluster-level file without a single operation identity."
"packages/surfaces/dist/src/web/control-panel/operations/dsh/ControlPanelDshOrdersScreen.js.map","packages","generated_artifact","","control-panel",".map","","generated_copy","","","","n/a","Supporting or cluster-level file without a single operation identity."
"packages/surfaces/dist/src/web/control-panel/operations/dsh/ControlPanelDshOrdersScreen.tsx","packages","generated_artifact","","control-panel",".tsx","","generated_copy","dsh_ops_entry_split_variants|dsh_ops_orders_board","dsh_ops_orders_board","Keep|Merge","n/a","Supporting or cluster-level file without a single operation identity."
"packages/surfaces/dist/src/web/control-panel/operations/dsh/shein-proxy/index.d.ts","packages","generated_artifact","","control-panel",".ts","","generated_copy","","","","n/a","Supporting or cluster-level file without a single operation identity."
"packages/surfaces/dist/src/web/control-panel/operations/dsh/shein-proxy/index.d.ts.map","packages","generated_artifact","","control-panel",".map","","generated_copy","","","","n/a","Supporting or cluster-level file without a single operation identity."
"packages/surfaces/dist/src/web/control-panel/operations/dsh/shein-proxy/index.js","packages","generated_artifact","","control-panel",".js","","generated_copy","","","","n/a","Supporting or cluster-level file without a single operation identity."
"packages/surfaces/dist/src/web/control-panel/operations/dsh/shein-proxy/index.js.map","packages","generated_artifact","","control-panel",".map","","generated_copy","","","","n/a","Supporting or cluster-level file without a single operation identity."
"packages/surfaces/dist/src/web/control-panel/operations/dsh/shein-proxy/index.ts","packages","generated_artifact","","control-panel",".ts","","generated_copy","","","","n/a","Supporting or cluster-level file without a single operation identity."
"packages/surfaces/dist/src/web/control-panel/operations/dsh/shein-proxy/shein-proxy-request-details.d.ts","packages","generated_artifact","","control-panel",".ts","","generated_copy","","","","n/a","Supporting or cluster-level file without a single operation identity."
"packages/surfaces/dist/src/web/control-panel/operations/dsh/shein-proxy/shein-proxy-request-details.d.ts.map","packages","generated_artifact","","control-panel",".map","","generated_copy","","","","n/a","Supporting or cluster-level file without a single operation identity."
"packages/surfaces/dist/src/web/control-panel/operations/dsh/shein-proxy/shein-proxy-request-details.js","packages","generated_artifact","","control-panel",".js","","generated_copy","","","","n/a","Supporting or cluster-level file without a single operation identity."
"packages/surfaces/dist/src/web/control-panel/operations/dsh/shein-proxy/shein-proxy-request-details.js.map","packages","generated_artifact","","control-panel",".map","","generated_copy","","","","n/a","Supporting or cluster-level file without a single operation identity."
"packages/surfaces/dist/src/web/control-panel/operations/dsh/shein-proxy/shein-proxy-request-details.tsx","packages","generated_artifact","","control-panel",".tsx","","generated_copy","dsh_proxy_request_review_workspace|dsh_proxy_review_split_variants","dsh_proxy_request_review_workspace","Keep|Merge","n/a","Supporting or cluster-level file without a single operation identity."
"packages/surfaces/dist/src/web/control-panel/operations/dsh/shein-proxy/shein-proxy-request-estimate-and-offer.d.ts","packages","generated_artifact","","control-panel",".ts","","generated_copy","","","","n/a","Supporting or cluster-level file without a single operation identity."
"packages/surfaces/dist/src/web/control-panel/operations/dsh/shein-proxy/shein-proxy-request-estimate-and-offer.d.ts.map","packages","generated_artifact","","control-panel",".map","","generated_copy","","","","n/a","Supporting or cluster-level file without a single operation identity."
"packages/surfaces/dist/src/web/control-panel/operations/dsh/shein-proxy/shein-proxy-request-estimate-and-offer.js","packages","generated_artifact","","control-panel",".js","","generated_copy","","","","n/a","Supporting or cluster-level file without a single operation identity."
"packages/surfaces/dist/src/web/control-panel/operations/dsh/shein-proxy/shein-proxy-request-estimate-and-offer.js.map","packages","generated_artifact","","control-panel",".map","","generated_copy","","","","n/a","Supporting or cluster-level file without a single operation identity."
"packages/surfaces/dist/src/web/control-panel/operations/dsh/shein-proxy/shein-proxy-request-estimate-and-offer.tsx","packages","generated_artifact","","control-panel",".tsx","","generated_copy","dsh_proxy_request_review_workspace|dsh_proxy_review_split_variants","dsh_proxy_request_review_workspace","Keep|Merge","n/a","Supporting or cluster-level file without a single operation identity."
"packages/surfaces/dist/src/web/control-panel/operations/dsh/shein-proxy/shein-proxy-request-estimate.d.ts","packages","generated_artifact","","control-panel",".ts","","generated_copy","","","","n/a","Supporting or cluster-level file without a single operation identity."
"packages/surfaces/dist/src/web/control-panel/operations/dsh/shein-proxy/shein-proxy-request-estimate.d.ts.map","packages","generated_artifact","","control-panel",".map","","generated_copy","","","","n/a","Supporting or cluster-level file without a single operation identity."
"packages/surfaces/dist/src/web/control-panel/operations/dsh/shein-proxy/shein-proxy-request-estimate.js","packages","generated_artifact","","control-panel",".js","","generated_copy","","","","n/a","Supporting or cluster-level file without a single operation identity."
"packages/surfaces/dist/src/web/control-panel/operations/dsh/shein-proxy/shein-proxy-request-estimate.js.map","packages","generated_artifact","","control-panel",".map","","generated_copy","","","","n/a","Supporting or cluster-level file without a single operation identity."
"packages/surfaces/dist/src/web/control-panel/operations/dsh/shein-proxy/shein-proxy-request-estimate.tsx","packages","generated_artifact","","control-panel",".tsx","","generated_copy","dsh_proxy_request_review_workspace|dsh_proxy_review_split_variants","dsh_proxy_request_review_workspace","Keep|Merge","n/a","Supporting or cluster-level file without a single operation identity."
"packages/surfaces/dist/src/web/control-panel/operations/dsh/shein-proxy/shein-proxy-request-offer.d.ts","packages","generated_artifact","","control-panel",".ts","","generated_copy","","","","n/a","Supporting or cluster-level file without a single operation identity."
"packages/surfaces/dist/src/web/control-panel/operations/dsh/shein-proxy/shein-proxy-request-offer.d.ts.map","packages","generated_artifact","","control-panel",".map","","generated_copy","","","","n/a","Supporting or cluster-level file without a single operation identity."
"packages/surfaces/dist/src/web/control-panel/operations/dsh/shein-proxy/shein-proxy-request-offer.js","packages","generated_artifact","","control-panel",".js","","generated_copy","","","","n/a","Supporting or cluster-level file without a single operation identity."
"packages/surfaces/dist/src/web/control-panel/operations/dsh/shein-proxy/shein-proxy-request-offer.js.map","packages","generated_artifact","","control-panel",".map","","generated_copy","","","","n/a","Supporting or cluster-level file without a single operation identity."
"packages/surfaces/dist/src/web/control-panel/operations/dsh/shein-proxy/shein-proxy-request-offer.tsx","packages","generated_artifact","","control-panel",".tsx","","generated_copy","dsh_proxy_request_review_workspace|dsh_proxy_review_split_variants","dsh_proxy_request_review_workspace","Keep|Merge","n/a","Supporting or cluster-level file without a single operation identity."
"packages/surfaces/dist/src/web/control-panel/operations/dsh/shein-proxy/shein-proxy-request-schedule.d.ts","packages","generated_artifact","","control-panel",".ts","","generated_copy","","","","n/a","Supporting or cluster-level file without a single operation identity."
"packages/surfaces/dist/src/web/control-panel/operations/dsh/shein-proxy/shein-proxy-request-schedule.d.ts.map","packages","generated_artifact","","control-panel",".map","","generated_copy","","","","n/a","Supporting or cluster-level file without a single operation identity."
"packages/surfaces/dist/src/web/control-panel/operations/dsh/shein-proxy/shein-proxy-request-schedule.js","packages","generated_artifact","","control-panel",".js","","generated_copy","","","","n/a","Supporting or cluster-level file without a single operation identity."
"packages/surfaces/dist/src/web/control-panel/operations/dsh/shein-proxy/shein-proxy-request-schedule.js.map","packages","generated_artifact","","control-panel",".map","","generated_copy","","","","n/a","Supporting or cluster-level file without a single operation identity."
"packages/surfaces/dist/src/web/control-panel/operations/dsh/shein-proxy/shein-proxy-request-schedule.tsx","packages","generated_artifact","","control-panel",".tsx","","generated_copy","dsh_proxy_schedule_companion","dsh_proxy_request_review_workspace","Convert","n/a","Supporting or cluster-level file without a single operation identity."
"packages/surfaces/dist/src/web/control-panel/operations/dsh/shein-proxy/shein-proxy-requests-list.d.ts","packages","generated_artifact","","control-panel",".ts","","generated_copy","","","","n/a","Supporting or cluster-level file without a single operation identity."
"packages/surfaces/dist/src/web/control-panel/operations/dsh/shein-proxy/shein-proxy-requests-list.d.ts.map","packages","generated_artifact","","control-panel",".map","","generated_copy","","","","n/a","Supporting or cluster-level file without a single operation identity."
"packages/surfaces/dist/src/web/control-panel/operations/dsh/shein-proxy/shein-proxy-requests-list.js","packages","generated_artifact","","control-panel",".js","","generated_copy","","","","n/a","Supporting or cluster-level file without a single operation identity."
"packages/surfaces/dist/src/web/control-panel/operations/dsh/shein-proxy/shein-proxy-requests-list.js.map","packages","generated_artifact","","control-panel",".map","","generated_copy","","","","n/a","Supporting or cluster-level file without a single operation identity."
"packages/surfaces/dist/src/web/control-panel/operations/dsh/shein-proxy/shein-proxy-requests-list.tsx","packages","generated_artifact","","control-panel",".tsx","","generated_copy","dsh_proxy_requests_list","dsh_proxy_requests_list","Keep","n/a","Supporting or cluster-level file without a single operation identity."
"packages/surfaces/dist/src/web/control-panel/support/APP_SUPPORT_DSHSUPPORTCHAT.d.ts","packages","generated_artifact","","control-panel",".ts","","generated_copy","","","","n/a","Supporting or cluster-level file without a single operation identity."
"packages/surfaces/dist/src/web/control-panel/support/APP_SUPPORT_DSHSUPPORTCHAT.d.ts.map","packages","generated_artifact","","control-panel",".map","","generated_copy","","","","n/a","Supporting or cluster-level file without a single operation identity."
"packages/surfaces/dist/src/web/control-panel/support/APP_SUPPORT_DSHSUPPORTCHAT.js","packages","generated_artifact","","control-panel",".js","","generated_copy","","","","n/a","Supporting or cluster-level file without a single operation identity."
"packages/surfaces/dist/src/web/control-panel/support/APP_SUPPORT_DSHSUPPORTCHAT.js.map","packages","generated_artifact","","control-panel",".map","","generated_copy","","","","n/a","Supporting or cluster-level file without a single operation identity."
"packages/surfaces/dist/src/web/control-panel/support/APP_SUPPORT_DSHSUPPORTCHAT.tsx","packages","generated_artifact","","control-panel",".tsx","","generated_copy","","","","n/a","Supporting or cluster-level file without a single operation identity."
"packages/surfaces/dist/src/web/control-panel/support/DshSupportChatScreen.d.ts","packages","generated_artifact","","control-panel",".ts","","generated_copy","","","","n/a","Supporting or cluster-level file without a single operation identity."
"packages/surfaces/dist/src/web/control-panel/support/DshSupportChatScreen.d.ts.map","packages","generated_artifact","","control-panel",".map","","generated_copy","","","","n/a","Supporting or cluster-level file without a single operation identity."
"packages/surfaces/dist/src/web/control-panel/support/DshSupportChatScreen.js","packages","generated_artifact","","control-panel",".js","","generated_copy","","","","n/a","Supporting or cluster-level file without a single operation identity."
"packages/surfaces/dist/src/web/control-panel/support/DshSupportChatScreen.js.map","packages","generated_artifact","","control-panel",".map","","generated_copy","","","","n/a","Supporting or cluster-level file without a single operation identity."
"packages/surfaces/dist/src/web/control-panel/support/DshSupportChatScreen.tsx","packages","generated_artifact","","control-panel",".tsx","","generated_copy","","","","n/a","Supporting or cluster-level file without a single operation identity."
"packages/surfaces/src/dsh/__tests__/pattern_unification.test.ts","packages","surface_component","","",".ts","","support_only","","","","n/a","Supporting or cluster-level file without a single operation identity."
"packages/surfaces/src/dsh/app-captain/hooks/useDshCaptainDeliveryPositionPing.ts","packages","surface_component","","app-captain",".ts","","support_only","","","","n/a","Supporting or cluster-level file without a single operation identity."
"packages/surfaces/src/dsh/app-captain/mobile/auto_captain_earnings_history.tsx","packages","surface_component","","app-captain",".tsx","","support_only","dsh_captain_finance_and_tier_cluster","legacy_or_future_scope","Move to Legacy","n/a","Supporting or cluster-level file without a single operation identity."
"packages/surfaces/src/dsh/app-captain/mobile/auto_captain_financial_reports.tsx","packages","surface_component","","app-captain",".tsx","","support_only","dsh_captain_finance_and_tier_cluster","legacy_or_future_scope","Move to Legacy","n/a","Supporting or cluster-level file without a single operation identity."
"packages/surfaces/src/dsh/app-captain/mobile/auto_captain_payments.tsx","packages","surface_component","","app-captain",".tsx","","support_only","dsh_captain_finance_and_tier_cluster","legacy_or_future_scope","Move to Legacy","n/a","Supporting or cluster-level file without a single operation identity."
"packages/surfaces/src/dsh/app-captain/mobile/auto_captain_settlements.tsx","packages","surface_component","","app-captain",".tsx","","support_only","dsh_captain_finance_and_tier_cluster","legacy_or_future_scope","Move to Legacy","n/a","Supporting or cluster-level file without a single operation identity."
"packages/surfaces/src/dsh/app-captain/mobile/auto_captain_wallet.tsx","packages","surface_component","","app-captain",".tsx","","support_only","dsh_captain_finance_and_tier_cluster","legacy_or_future_scope","Move to Legacy","n/a","Supporting or cluster-level file without a single operation identity."
"packages/surfaces/src/dsh/app-captain/mobile/auto_dsh_captain_chat_read_ack.tsx","packages","surface_component","dsh_captain_chat_read_ack","app-captain",".tsx","dsh_customer_order_chat","converted_companion","dsh_captain_chat_companion","dsh_captain_execution_workspace","Convert","high","Captain chat is kept as a companion interaction."
"packages/surfaces/src/dsh/app-captain/mobile/auto_dsh_captain_chat_send.tsx","packages","surface_component","dsh_captain_chat_send","app-captain",".tsx","dsh_customer_order_chat","converted_companion","dsh_captain_chat_companion","dsh_captain_execution_workspace","Convert","high","Captain chat is kept as a companion interaction."
"packages/surfaces/src/dsh/app-captain/mobile/auto_dsh_captain_cod_balance.tsx","packages","surface_component","dsh_captain_cod_balance","app-captain",".tsx","legacy_captain_finance_tier","move_to_legacy","dsh_captain_finance_and_tier_cluster","legacy_or_future_scope","Move to Legacy","high","Finance and tier material sits outside current first-service truth."
"packages/surfaces/src/dsh/app-captain/mobile/auto_dsh_captain_job_reject.tsx","packages","surface_component","dsh_captain_job_reject","app-captain",".tsx","dsh_captain_offer_and_acceptance","converted_companion","dsh_captain_execution_workspace|dsh_captain_order_step_variants|dsh_captain_reject_action","dsh_captain_execution_workspace","Convert|Keep|Merge","high","Reject action is subordinate to captain execution."
"packages/surfaces/src/dsh/app-captain/mobile/auto_dsh_captain_order_accept.tsx","packages","surface_component","dsh_captain_order_accept","app-captain",".tsx","UNMAPPED","candidate_keep|candidate_merge","dsh_captain_execution_workspace|dsh_captain_order_step_variants","dsh_captain_execution_workspace","Keep|Merge","low","No current deterministic clean mapping rule found."
"packages/surfaces/src/dsh/app-captain/mobile/auto_dsh_captain_order_deliver.tsx","packages","surface_component","dsh_captain_order_deliver","app-captain",".tsx","UNMAPPED","candidate_keep|candidate_merge","dsh_captain_execution_workspace|dsh_captain_order_step_variants","dsh_captain_execution_workspace","Keep|Merge","low","No current deterministic clean mapping rule found."
"packages/surfaces/src/dsh/app-captain/mobile/auto_dsh_captain_order_details.tsx","packages","surface_component","dsh_captain_order_details","app-captain",".tsx","UNMAPPED","candidate_keep|candidate_merge","dsh_captain_execution_workspace|dsh_captain_order_step_variants","dsh_captain_execution_workspace","Keep|Merge","low","No current deterministic clean mapping rule found."
"packages/surfaces/src/dsh/app-captain/mobile/auto_dsh_captain_order_get.tsx","packages","surface_component","dsh_captain_order_get","app-captain",".tsx","UNMAPPED","candidate_keep","dsh_captain_execution_workspace","dsh_captain_execution_workspace","Keep","low","No current deterministic clean mapping rule found."
"packages/surfaces/src/dsh/app-captain/mobile/auto_dsh_captain_order_pickup.tsx","packages","surface_component","dsh_captain_order_pickup","app-captain",".tsx","UNMAPPED","candidate_keep|candidate_merge","dsh_captain_execution_workspace|dsh_captain_order_step_variants","dsh_captain_execution_workspace","Keep|Merge","low","No current deterministic clean mapping rule found."
"packages/surfaces/src/dsh/app-captain/mobile/auto_dsh_captain_orders_list.tsx","packages","surface_component","dsh_captain_orders_list","app-captain",".tsx","UNMAPPED","candidate_keep","dsh_captain_offers_list","dsh_captain_offers_list","Keep","low","No current deterministic clean mapping rule found."
"packages/surfaces/src/dsh/app-captain/mobile/auto_dsh_captain_orders_offers_list.tsx","packages","surface_component","dsh_captain_orders_offers_list","app-captain",".tsx","UNMAPPED","candidate_keep","dsh_captain_offers_list","dsh_captain_offers_list","Keep","low","No current deterministic clean mapping rule found."
"packages/surfaces/src/dsh/app-captain/mobile/auto_dsh_captain_profile_get.tsx","packages","surface_component","dsh_captain_profile_get","app-captain",".tsx","legacy_actor_profile_support","move_to_legacy","legacy_or_future_scope","","","high","Actor profile support is outside the current DSH operational screen truth."
"packages/surfaces/src/dsh/app-captain/mobile/auto_dsh_captain_proof_upload.tsx","packages","surface_component","dsh_captain_proof_upload","app-captain",".tsx","dsh_delivery_proof_and_verification","covered","dsh_captain_proof_capture","dsh_captain_proof_capture","Keep","high","Proof capture is an explicit completion gate."
"packages/surfaces/src/dsh/app-captain/mobile/auto_dsh_captain_tier_evaluate.tsx","packages","surface_component","dsh_captain_tier_evaluate","app-captain",".tsx","legacy_captain_finance_tier","move_to_legacy","dsh_captain_finance_and_tier_cluster","legacy_or_future_scope","Move to Legacy","high","Finance and tier material sits outside current first-service truth."
"packages/surfaces/src/dsh/app-captain/mobile/auto_dsh_captain_tier_info.tsx","packages","surface_component","dsh_captain_tier_info","app-captain",".tsx","legacy_captain_finance_tier","move_to_legacy","dsh_captain_finance_and_tier_cluster","legacy_or_future_scope","Move to Legacy","high","Finance and tier material sits outside current first-service truth."
"packages/surfaces/src/dsh/app-captain/mobile/index.ts","packages","surface_component","","app-captain",".ts","","support_only","","","","n/a","Supporting or cluster-level file without a single operation identity."
"packages/surfaces/src/dsh/app-field/mobile/auto_dsh_field_store_activation_request.tsx","packages","surface_component","dsh_field_store_activation_request","app-field",".tsx","dsh_field_activation_support","covered","dsh_field_activation_workspace","dsh_field_activation_workspace","Keep","high","Field support branch remains optional."
"packages/surfaces/src/dsh/app-field/mobile/auto_dsh_field_store_geo_pin.tsx","packages","surface_component","dsh_field_store_geo_pin","app-field",".tsx","dsh_field_activation_support","covered","dsh_field_geo_pin_companion","dsh_field_activation_workspace","Convert","high","Field support branch remains optional."
"packages/surfaces/src/dsh/app-field/mobile/auto_dsh_field_store_visit_log.tsx","packages","surface_component","dsh_field_store_visit_log","app-field",".tsx","dsh_field_activation_support","covered","dsh_field_visit_log_companion","dsh_field_activation_workspace","Convert","high","Field support branch remains optional."
"packages/surfaces/src/dsh/app-field/mobile/index.ts","packages","surface_component","","app-field",".ts","","support_only","","","","n/a","Supporting or cluster-level file without a single operation identity."
"packages/surfaces/src/dsh/app-partner/mobile/auto_dsh_partner_auction_status_update.tsx","packages","surface_component","dsh_partner_auction_status_update","app-partner",".tsx","dsh_ops_governance_controls","internal_or_support","dsh_ops_orders_board|dsh_ops_order_detail_exception_workspace|dsh_ops_peak_mode_control","dsh_ops_orders_board|dsh_ops_order_detail_exception_workspace|dsh_ops_peak_mode_control","","medium","Partner-facing status admin is treated as governance spillover, not a canonical partner screen family."
"packages/surfaces/src/dsh/app-partner/mobile/auto_dsh_partner_audience_insights_get.tsx","packages","surface_component","dsh_partner_audience_insights_get","app-partner",".tsx","UNMAPPED","move_to_legacy","dsh_partner_subscription_analytics_cluster","legacy_or_future_scope","Move to Legacy","low","No current deterministic clean mapping rule found."
"packages/surfaces/src/dsh/app-partner/mobile/auto_dsh_partner_chat_read_ack.tsx","packages","surface_component","dsh_partner_chat_read_ack","app-partner",".tsx","dsh_customer_order_chat","converted_companion","dsh_partner_chat_companion","dsh_partner_order_workspace","Convert","high","Partner chat is kept as a companion interaction."
"packages/surfaces/src/dsh/app-partner/mobile/auto_dsh_partner_chat_send.tsx","packages","surface_component","dsh_partner_chat_send","app-partner",".tsx","dsh_customer_order_chat","converted_companion","dsh_partner_chat_companion","dsh_partner_order_workspace","Convert","high","Partner chat is kept as a companion interaction."
"packages/surfaces/src/dsh/app-partner/mobile/auto_dsh_partner_commission_by_mode_get.tsx","packages","surface_component","dsh_partner_commission_by_mode_get","app-partner",".tsx","legacy_ops_store_admin","move_to_legacy","dsh_ops_store_items_and_zone_admin_cluster","","","high","Commission-by-mode is admin or finance spillover outside current truth."
"packages/surfaces/src/dsh/app-partner/mobile/auto_dsh_partner_delivery_ops_board.tsx","packages","surface_component","dsh_partner_delivery_ops_board","app-partner",".tsx","UNMAPPED","candidate_keep","dsh_partner_orders_board","dsh_partner_orders_board","Keep","low","No current deterministic clean mapping rule found."
"packages/surfaces/src/dsh/app-partner/mobile/auto_dsh_partner_delivery_zones_update.tsx","packages","surface_component","dsh_partner_delivery_zones_update","app-partner",".tsx","dsh_partner_store_maintenance","covered","dsh_partner_store_maintenance_workspace","dsh_partner_store_maintenance_workspace","Keep","high","Partner store readiness and configuration family."
"packages/surfaces/src/dsh/app-partner/mobile/auto_dsh_partner_doc_upload.tsx","packages","surface_component","dsh_partner_doc_upload","app-partner",".tsx","legacy_partner_identity_staff","move_to_legacy","dsh_partner_identity_staff_cluster","legacy_or_future_scope","Move to Legacy","high","Partner onboarding and admin extras remain outside current operational truth."
"packages/surfaces/src/dsh/app-partner/mobile/auto_dsh_partner_hours_update.tsx","packages","surface_component","dsh_partner_hours_update","app-partner",".tsx","dsh_partner_store_maintenance","covered","dsh_partner_store_maintenance_workspace","dsh_partner_store_maintenance_workspace","","high","Partner hours remain part of store-readiness maintenance."
"packages/surfaces/src/dsh/app-partner/mobile/auto_dsh_partner_identity_submit.tsx","packages","surface_component","dsh_partner_identity_submit","app-partner",".tsx","legacy_partner_identity_staff","move_to_legacy","dsh_partner_identity_staff_cluster","legacy_or_future_scope","Move to Legacy","high","Partner onboarding and admin extras remain outside current operational truth."
"packages/surfaces/src/dsh/app-partner/mobile/auto_dsh_partner_intake_start.tsx","packages","surface_component","dsh_partner_intake_start","app-partner",".tsx","legacy_partner_identity_staff","move_to_legacy","dsh_partner_identity_staff_cluster","legacy_or_future_scope","Move to Legacy","high","Partner onboarding and admin extras remain outside current operational truth."
"packages/surfaces/src/dsh/app-partner/mobile/auto_dsh_partner_inventory_adjust.tsx","packages","surface_component","dsh_partner_inventory_adjust","app-partner",".tsx","dsh_partner_store_maintenance","covered","dsh_partner_store_maintenance_workspace","dsh_partner_store_maintenance_workspace","Keep","high","Partner store readiness and configuration family."
"packages/surfaces/src/dsh/app-partner/mobile/auto_dsh_partner_inventory_update.tsx","packages","surface_component","dsh_partner_inventory_update","app-partner",".tsx","dsh_partner_store_maintenance","covered","dsh_partner_store_maintenance_workspace","dsh_partner_store_maintenance_workspace","Keep","high","Partner store readiness and configuration family."
"packages/surfaces/src/dsh/app-partner/mobile/auto_dsh_partner_items_upsert.tsx","packages","surface_component","dsh_partner_items_upsert","app-partner",".tsx","dsh_partner_store_maintenance","covered","dsh_partner_store_maintenance_workspace","dsh_partner_store_maintenance_workspace","Keep","high","Partner store readiness and configuration family."
"packages/surfaces/src/dsh/app-partner/mobile/auto_dsh_partner_listing_status_update.tsx","packages","surface_component","dsh_partner_listing_status_update","app-partner",".tsx","dsh_ops_governance_controls","internal_or_support","dsh_ops_orders_board|dsh_ops_order_detail_exception_workspace|dsh_ops_peak_mode_control","dsh_ops_orders_board|dsh_ops_order_detail_exception_workspace|dsh_ops_peak_mode_control","","medium","Partner-facing status admin is treated as governance spillover, not a canonical partner screen family."
"packages/surfaces/src/dsh/app-partner/mobile/auto_dsh_partner_manager_invite.tsx","packages","surface_component","dsh_partner_manager_invite","app-partner",".tsx","legacy_partner_identity_staff","move_to_legacy","dsh_partner_identity_staff_cluster","legacy_or_future_scope","Move to Legacy","high","Partner onboarding and admin extras remain outside current operational truth."
"packages/surfaces/src/dsh/app-partner/mobile/auto_dsh_partner_order_accept.tsx","packages","surface_component","dsh_partner_order_accept","app-partner",".tsx","UNMAPPED","candidate_keep|candidate_merge","dsh_partner_order_step_variants|dsh_partner_order_workspace","dsh_partner_order_workspace","Keep|Merge","low","No current deterministic clean mapping rule found."
"packages/surfaces/src/dsh/app-partner/mobile/auto_dsh_partner_order_get.tsx","packages","surface_component","dsh_partner_order_get","app-partner",".tsx","UNMAPPED","candidate_keep","dsh_partner_order_workspace","dsh_partner_order_workspace","Keep","low","No current deterministic clean mapping rule found."
"packages/surfaces/src/dsh/app-partner/mobile/auto_dsh_partner_order_handoff.tsx","packages","surface_component","dsh_partner_order_handoff","app-partner",".tsx","dsh_partner_order_handling","covered","dsh_partner_handoff_action|dsh_partner_order_step_variants|dsh_partner_order_workspace","dsh_partner_order_workspace","Convert|Keep|Merge","high","Partner execution stays inside one workspace."
"packages/surfaces/src/dsh/app-partner/mobile/auto_dsh_partner_order_issue_queue.tsx","packages","surface_component","dsh_partner_order_issue_queue","app-partner",".tsx","UNMAPPED","internal_only","dsh_partner_order_issue_queue","dsh_partner_order_issue_queue","Internal","low","No current deterministic clean mapping rule found."
"packages/surfaces/src/dsh/app-partner/mobile/auto_dsh_partner_order_out_for_delivery.tsx","packages","surface_component","dsh_partner_order_out_for_delivery","app-partner",".tsx","dsh_partner_order_handling","covered","dsh_partner_order_workspace|dsh_partner_handoff_action","dsh_partner_order_workspace","","high","Partner execution stays inside one workspace."
"packages/surfaces/src/dsh/app-partner/mobile/auto_dsh_partner_order_prepare.tsx","packages","surface_component","dsh_partner_order_prepare","app-partner",".tsx","UNMAPPED","candidate_keep|candidate_merge","dsh_partner_order_step_variants|dsh_partner_order_workspace","dsh_partner_order_workspace","Keep|Merge","low","No current deterministic clean mapping rule found."
"packages/surfaces/src/dsh/app-partner/mobile/auto_dsh_partner_order_ready.tsx","packages","surface_component","dsh_partner_order_ready","app-partner",".tsx","UNMAPPED","candidate_keep|candidate_merge","dsh_partner_order_step_variants|dsh_partner_order_workspace","dsh_partner_order_workspace","Keep|Merge","low","No current deterministic clean mapping rule found."
"packages/surfaces/src/dsh/app-partner/mobile/auto_dsh_partner_order_reject.tsx","packages","surface_component","dsh_partner_order_reject","app-partner",".tsx","UNMAPPED","candidate_keep|candidate_merge","dsh_partner_order_step_variants|dsh_partner_order_workspace","dsh_partner_order_workspace","Keep|Merge","low","No current deterministic clean mapping rule found."
"packages/surfaces/src/dsh/app-partner/mobile/auto_dsh_partner_order_store_delivered.tsx","packages","surface_component","dsh_partner_order_store_delivered","app-partner",".tsx","dsh_partner_order_handling","covered","dsh_partner_order_step_variants|dsh_partner_order_workspace","dsh_partner_order_workspace","Keep|Merge","high","Partner execution stays inside one workspace."
"packages/surfaces/src/dsh/app-partner/mobile/auto_dsh_partner_orders_list.tsx","packages","surface_component","dsh_partner_orders_list","app-partner",".tsx","UNMAPPED","candidate_keep","dsh_partner_orders_board","dsh_partner_orders_board","Keep","low","No current deterministic clean mapping rule found."
"packages/surfaces/src/dsh/app-partner/mobile/auto_dsh_partner_profile_get.tsx","packages","surface_component","dsh_partner_profile_get","app-partner",".tsx","legacy_actor_profile_support","move_to_legacy","legacy_or_future_scope","","","high","Actor profile support is outside the current DSH operational screen truth."
"packages/surfaces/src/dsh/app-partner/mobile/auto_dsh_partner_quick_reply_config_get.tsx","packages","surface_component","dsh_partner_quick_reply_config_get","app-partner",".tsx","dsh_customer_order_chat","converted_companion","dsh_partner_chat_companion","dsh_partner_order_workspace","Convert","medium","Quick replies stay subordinate to partner workspace communication."
"packages/surfaces/src/dsh/app-partner/mobile/auto_dsh_partner_quick_reply_settings.tsx","packages","surface_component","dsh_partner_quick_reply_settings","app-partner",".tsx","dsh_customer_order_chat","converted_companion","dsh_partner_chat_companion","dsh_partner_order_workspace","Convert","medium","Quick replies stay subordinate to partner workspace communication."
"packages/surfaces/src/dsh/app-partner/mobile/auto_dsh_partner_quick_reply_setup.tsx","packages","surface_component","dsh_partner_quick_reply_setup","app-partner",".tsx","dsh_customer_order_chat","converted_companion","dsh_partner_chat_companion","dsh_partner_order_workspace","Convert","medium","Quick replies stay subordinate to partner workspace communication."
"packages/surfaces/src/dsh/app-partner/mobile/auto_dsh_partner_staff_analytics_get.tsx","packages","surface_component","dsh_partner_staff_analytics_get","app-partner",".tsx","UNMAPPED","move_to_legacy","dsh_partner_subscription_analytics_cluster","legacy_or_future_scope","Move to Legacy","low","No current deterministic clean mapping rule found."
"packages/surfaces/src/dsh/app-partner/mobile/auto_dsh_partner_store_get.tsx","packages","surface_component","dsh_partner_store_get","app-partner",".tsx","dsh_partner_store_maintenance","covered","dsh_partner_store_maintenance_workspace","dsh_partner_store_maintenance_workspace","Keep","high","Partner store readiness and configuration family."
"packages/surfaces/src/dsh/app-partner/mobile/auto_dsh_partner_store_nomination.tsx","packages","surface_component","dsh_partner_store_nomination","app-partner",".tsx","UNMAPPED","move_to_legacy","dsh_partner_identity_staff_cluster","legacy_or_future_scope","Move to Legacy","low","No current deterministic clean mapping rule found."
"packages/surfaces/src/dsh/app-partner/mobile/auto_dsh_partner_store_service_modes_update.tsx","packages","surface_component","dsh_partner_store_service_modes_update","app-partner",".tsx","dsh_partner_store_maintenance","covered","dsh_partner_store_maintenance_workspace","dsh_partner_store_maintenance_workspace","Keep","high","Partner store readiness and configuration family."
"packages/surfaces/src/dsh/app-partner/mobile/auto_dsh_partner_store_status_update.tsx","packages","surface_component","dsh_partner_store_status_update","app-partner",".tsx","dsh_partner_store_maintenance","covered","dsh_partner_store_maintenance_workspace","dsh_partner_store_maintenance_workspace","Keep","high","Partner store readiness and configuration family."
"packages/surfaces/src/dsh/app-partner/mobile/auto_dsh_partner_store_update.tsx","packages","surface_component","dsh_partner_store_update","app-partner",".tsx","dsh_partner_store_maintenance","covered","dsh_partner_store_maintenance_workspace","dsh_partner_store_maintenance_workspace","Keep","high","Partner store readiness and configuration family."
"packages/surfaces/src/dsh/app-partner/mobile/auto_dsh_partner_subscription.tsx","packages","surface_component","dsh_partner_subscription","app-partner",".tsx","UNMAPPED","move_to_legacy","dsh_partner_subscription_analytics_cluster","legacy_or_future_scope","Move to Legacy","low","No current deterministic clean mapping rule found."
"packages/surfaces/src/dsh/app-partner/mobile/auto_dsh_partner_zone_set.tsx","packages","surface_component","dsh_partner_zone_set","app-partner",".tsx","UNMAPPED","candidate_keep","dsh_partner_store_maintenance_workspace","dsh_partner_store_maintenance_workspace","Keep","low","No current deterministic clean mapping rule found."
"packages/surfaces/src/dsh/app-partner/mobile/index.ts","packages","surface_component","","app-partner",".ts","","support_only","","","","n/a","Supporting or cluster-level file without a single operation identity."
"packages/surfaces/src/dsh/app-client/mobile/assets/banners/README.md","packages","other","","app-client",".md","","support_only","","","","n/a","Supporting or cluster-level file without a single operation identity."
"packages/surfaces/src/dsh/app-client/mobile/assets/categories/README.md","packages","other","","app-client",".md","","support_only","","","","n/a","Supporting or cluster-level file without a single operation identity."
"packages/surfaces/src/dsh/app-client/mobile/auto_dsh_awnak_order_create.tsx","packages","surface_component","dsh_awnak_order_create","app-client",".tsx","legacy_non_current_order_vertical","move_to_legacy","legacy_or_future_scope","","","high","This donor vertical is outside current DSH first-service truth."
"packages/surfaces/src/dsh/app-client/mobile/auto_dsh_booking_create.tsx","packages","surface_component","dsh_booking_create","app-client",".tsx","dsh_order_submit","covered_or_folded","dsh_client_checkout_confirm","dsh_client_checkout_confirm","","medium","Submission-side operation supporting the confirmed order handoff."
"packages/surfaces/src/dsh/app-client/mobile/auto_dsh_cart_get.tsx","packages","surface_component","dsh_cart_get","app-client",".tsx","dsh_cart_checkout_gate","covered","dsh_client_cart_review","dsh_client_cart_review","Keep","high","Cart and checkout gating family."
"packages/surfaces/src/dsh/app-client/mobile/auto_dsh_cart_init.tsx","packages","surface_component","dsh_cart_init","app-client",".tsx","dsh_cart_checkout_gate","covered","dsh_client_cart_review","dsh_client_cart_review","Keep","high","Cart and checkout gating family."
"packages/surfaces/src/dsh/app-client/mobile/auto_dsh_cart_item_add.tsx","packages","surface_component","dsh_cart_item_add","app-client",".tsx","dsh_cart_checkout_gate","covered","dsh_client_cart_review","dsh_client_cart_review","Keep","high","Cart and checkout gating family."
"packages/surfaces/src/dsh/app-client/mobile/auto_dsh_cart_item_remove.tsx","packages","surface_component","dsh_cart_item_remove","app-client",".tsx","dsh_cart_checkout_gate","covered","dsh_client_cart_review","dsh_client_cart_review","Keep","high","Cart and checkout gating family."
"packages/surfaces/src/dsh/app-client/mobile/auto_dsh_cart_item_update.tsx","packages","surface_component","dsh_cart_item_update","app-client",".tsx","dsh_cart_checkout_gate","covered","dsh_client_cart_review","dsh_client_cart_review","Keep","high","Cart and checkout gating family."
"packages/surfaces/src/dsh/app-client/mobile/auto_dsh_categories_list.tsx","packages","surface_component","dsh_categories_list","app-client",".tsx","UNMAPPED","candidate_keep|candidate_merge","dsh_client_discovery_split_variants|dsh_client_entry_discovery_home","dsh_client_entry_discovery_home|dsh_client_entry_discovery_home|dsh_client_category_or_store_detail","Keep|Merge","low","No current deterministic clean mapping rule found."
"packages/surfaces/src/dsh/app-client/mobile/auto_dsh_category_get.tsx","packages","surface_component","dsh_category_get","app-client",".tsx","UNMAPPED","candidate_keep|candidate_merge","dsh_client_category_or_store_detail|dsh_client_discovery_split_variants","dsh_client_category_or_store_detail|dsh_client_entry_discovery_home|dsh_client_category_or_store_detail","Keep|Merge","low","No current deterministic clean mapping rule found."
"packages/surfaces/src/dsh/app-client/mobile/auto_dsh_chat_read_ack.tsx","packages","surface_component","dsh_chat_read_ack","app-client",".tsx","dsh_customer_order_chat","converted_companion","dsh_client_order_chat_companion","dsh_client_active_order_tracking","Convert","high","Customer chat is subordinate to active tracking."
"packages/surfaces/src/dsh/app-client/mobile/auto_dsh_chat_send.tsx","packages","surface_component","dsh_chat_send","app-client",".tsx","dsh_customer_order_chat","converted_companion","dsh_client_order_chat_companion","dsh_client_active_order_tracking","Convert","high","Customer chat is subordinate to active tracking."
"packages/surfaces/src/dsh/app-client/mobile/auto_dsh_checkout_gate.tsx","packages","surface_component","dsh_checkout_gate","app-client",".tsx","dsh_cart_checkout_gate","covered","dsh_client_checkout_confirm","dsh_client_checkout_confirm","Keep","high","Cart and checkout gating family."
"packages/surfaces/src/dsh/app-client/mobile/auto_dsh_delivery_attempt_create.tsx","packages","surface_component","dsh_delivery_attempt_create","app-client",".tsx","dsh_customer_order_tracking","support_folded","dsh_client_active_order_tracking|dsh_captain_proof_capture","dsh_client_active_order_tracking|dsh_captain_proof_capture","","low","Support operation that affects completion or visibility without a standalone current-screen identity."
"packages/surfaces/src/dsh/app-client/mobile/auto_dsh_delivery_attempts_list.tsx","packages","surface_component","dsh_delivery_attempts_list","app-client",".tsx","dsh_customer_order_tracking","support_folded","dsh_client_active_order_tracking","dsh_client_active_order_tracking","","medium","Derived delivery-view screen folded into current tracking truth."
"packages/surfaces/src/dsh/app-client/mobile/auto_dsh_delivery_close.tsx","packages","surface_component","dsh_delivery_close","app-client",".tsx","dsh_customer_order_tracking","support_folded","dsh_client_active_order_tracking","dsh_client_active_order_tracking","","medium","Derived delivery-view screen folded into current tracking truth."
"packages/surfaces/src/dsh/app-client/mobile/auto_dsh_delivery_eta_get.tsx","packages","surface_component","dsh_delivery_eta_get","app-client",".tsx","dsh_customer_order_tracking","support_folded","dsh_client_active_order_tracking|dsh_captain_proof_capture","dsh_client_active_order_tracking|dsh_captain_proof_capture","","low","Support operation that affects completion or visibility without a standalone current-screen identity."
"packages/surfaces/src/dsh/app-client/mobile/auto_dsh_delivery_get.tsx","packages","surface_component","dsh_delivery_get","app-client",".tsx","dsh_customer_order_tracking","support_folded","dsh_client_active_order_tracking","dsh_client_active_order_tracking","","medium","Derived delivery-view screen folded into current tracking truth."
"packages/surfaces/src/dsh/app-client/mobile/auto_dsh_delivery_reassign.tsx","packages","surface_component","dsh_delivery_reassign","app-client",".tsx","dsh_ops_governance_controls","internal_or_support","dsh_ops_order_detail_exception_workspace|dsh_ops_orders_board","dsh_ops_order_detail_exception_workspace","","medium","Derived delivery-control screen sits in exception or oversight space."
"packages/surfaces/src/dsh/app-client/mobile/auto_dsh_delivery_track_get.tsx","packages","surface_component","dsh_delivery_track_get","app-client",".tsx","dsh_customer_order_tracking","covered","dsh_client_active_order_tracking","dsh_client_active_order_tracking","Keep","high","Customer-visible order tracking family."
"packages/surfaces/src/dsh/app-client/mobile/auto_dsh_entitlements_get.tsx","packages","surface_component","dsh_entitlements_get","app-client",".tsx","dsh_store_discovery","support_folded","dsh_client_entry_discovery_home|dsh_client_category_or_store_detail","dsh_client_entry_discovery_home|dsh_client_category_or_store_detail","","medium","Discovery and detail-support operation family."
"packages/surfaces/src/dsh/app-client/mobile/auto_dsh_estimate_create.tsx","packages","surface_component","dsh_estimate_create","app-client",".tsx","dsh_order_submit","covered_or_folded","dsh_client_checkout_confirm","dsh_client_checkout_confirm","","medium","Submission-side operation supporting the confirmed order handoff."
"packages/surfaces/src/dsh/app-client/mobile/auto_dsh_estimate_get.tsx","packages","surface_component","dsh_estimate_get","app-client",".tsx","dsh_order_submit","covered_or_folded","dsh_client_checkout_confirm","dsh_client_checkout_confirm","","medium","Submission-side operation supporting the confirmed order handoff."
"packages/surfaces/src/dsh/app-client/mobile/auto_dsh_external_order_create.tsx","packages","surface_component","dsh_external_order_create","app-client",".tsx","dsh_proxy_request_flow","covered","dsh_client_proxy_request_entry|dsh_client_proxy_request_tracking|dsh_proxy_requests_list|dsh_proxy_request_review_workspace|dsh_proxy_schedule_companion","dsh_client_proxy_request_entry|dsh_client_proxy_request_tracking|dsh_proxy_requests_list|dsh_proxy_request_review_workspace","","high","Proxy exception family with customer entry and internal review."
"packages/surfaces/src/dsh/app-client/mobile/auto_dsh_favorite_toggle.tsx","packages","surface_component","dsh_favorite_toggle","app-client",".tsx","UNMAPPED","move_to_legacy","dsh_client_loyalty_subscription_marketing_cluster","legacy_or_future_scope","Move to Legacy","low","No current deterministic clean mapping rule found."
"packages/surfaces/src/dsh/app-client/mobile/auto_dsh_favorites_list.tsx","packages","surface_component","dsh_favorites_list","app-client",".tsx","UNMAPPED","move_to_legacy","dsh_client_loyalty_subscription_marketing_cluster","legacy_or_future_scope","Move to Legacy","low","No current deterministic clean mapping rule found."
"packages/surfaces/src/dsh/app-client/mobile/auto_dsh_gas_refill_order_create.tsx","packages","surface_component","dsh_gas_refill_order_create","app-client",".tsx","legacy_non_current_order_vertical","move_to_legacy","legacy_or_future_scope","","","high","This donor vertical is outside current DSH first-service truth."
"packages/surfaces/src/dsh/app-client/mobile/auto_dsh_home_get.tsx","packages","surface_component","dsh_home_get","app-client",".tsx","UNMAPPED","candidate_keep|candidate_merge","dsh_client_discovery_split_variants|dsh_client_entry_discovery_home","dsh_client_entry_discovery_home|dsh_client_entry_discovery_home|dsh_client_category_or_store_detail","Keep|Merge","low","No current deterministic clean mapping rule found."
"packages/surfaces/src/dsh/app-client/mobile/auto_dsh_listing_status_update.tsx","packages","surface_component","dsh_listing_status_update","app-client",".tsx","dsh_ops_governance_controls","internal_or_support","dsh_ops_orders_board|dsh_ops_order_detail_exception_workspace|dsh_ops_peak_mode_control","dsh_ops_orders_board|dsh_ops_order_detail_exception_workspace|dsh_ops_peak_mode_control","","medium","Internal oversight or exception handling family."
"packages/surfaces/src/dsh/app-client/mobile/auto_dsh_loyalty_points_redeem.tsx","packages","surface_component","dsh_loyalty_points_redeem","app-client",".tsx","legacy_client_loyalty_subscription_marketing","move_to_legacy","dsh_client_loyalty_subscription_marketing_cluster","legacy_or_future_scope","Move to Legacy","high","Loyalty, promo, and subscription extras are outside current first-service truth."
"packages/surfaces/src/dsh/app-client/mobile/auto_dsh_loyalty_points_user_balance.tsx","packages","surface_component","dsh_loyalty_points_user_balance","app-client",".tsx","legacy_client_loyalty_subscription_marketing","move_to_legacy","dsh_client_loyalty_subscription_marketing_cluster","legacy_or_future_scope","Move to Legacy","high","Loyalty, promo, and subscription extras are outside current first-service truth."
"packages/surfaces/src/dsh/app-client/mobile/auto_dsh_loyalty_points_user_history.tsx","packages","surface_component","dsh_loyalty_points_user_history","app-client",".tsx","legacy_client_loyalty_subscription_marketing","move_to_legacy","dsh_client_loyalty_subscription_marketing_cluster","legacy_or_future_scope","Move to Legacy","high","Loyalty, promo, and subscription extras are outside current first-service truth."
"packages/surfaces/src/dsh/app-client/mobile/auto_dsh_order_accept.tsx","packages","surface_component","dsh_order_accept","app-client",".tsx","dsh_order_submit","covered_or_folded","dsh_client_checkout_confirm","dsh_client_checkout_confirm","","medium","Submission-side operation supporting the confirmed order handoff."
"packages/surfaces/src/dsh/app-client/mobile/auto_dsh_order_cancel.tsx","packages","surface_component","dsh_order_cancel","app-client",".tsx","dsh_customer_order_tracking","support_folded","dsh_client_active_order_tracking","dsh_client_active_order_tracking","","high","Cancellation is reflected through tracking rather than a separate clean screen family."
"packages/surfaces/src/dsh/app-client/mobile/auto_dsh_order_complete.tsx","packages","surface_component","dsh_order_complete","app-client",".tsx","dsh_customer_order_tracking","support_folded","dsh_client_active_order_tracking|dsh_captain_proof_capture","dsh_client_active_order_tracking|dsh_captain_proof_capture","","low","Support operation that affects completion or visibility without a standalone current-screen identity."
"packages/surfaces/src/dsh/app-client/mobile/auto_dsh_order_create.tsx","packages","surface_component","dsh_order_create","app-client",".tsx","dsh_order_submit","covered_or_folded","dsh_client_checkout_confirm","dsh_client_checkout_confirm","","medium","Submission-side operation supporting the confirmed order handoff."
"packages/surfaces/src/dsh/app-client/mobile/auto_dsh_order_escrow_hold.tsx","packages","surface_component","dsh_order_escrow_hold","app-client",".tsx","legacy_finance_leakage","move_to_legacy","finance_or_wlt_deferred","","","high","Escrow actions are finance-adjacent and remain outside current DSH first-service truth."
"packages/surfaces/src/dsh/app-client/mobile/auto_dsh_order_escrow_release.tsx","packages","surface_component","dsh_order_escrow_release","app-client",".tsx","legacy_finance_leakage","move_to_legacy","finance_or_wlt_deferred","","","high","Escrow actions are finance-adjacent and remain outside current DSH first-service truth."
"packages/surfaces/src/dsh/app-client/mobile/auto_dsh_order_get.tsx","packages","surface_component","dsh_order_get","app-client",".tsx","UNMAPPED","candidate_keep","dsh_client_active_order_tracking","dsh_client_active_order_tracking","Keep","low","No current deterministic clean mapping rule found."
"packages/surfaces/src/dsh/app-client/mobile/auto_dsh_order_issue_flag.tsx","packages","surface_component","dsh_order_issue_flag","app-client",".tsx","dsh_ops_governance_controls","internal_or_support","dsh_ops_orders_board|dsh_ops_order_detail_exception_workspace|dsh_ops_peak_mode_control","dsh_ops_orders_board|dsh_ops_order_detail_exception_workspace|dsh_ops_peak_mode_control","","medium","Internal oversight or exception handling family."
"packages/surfaces/src/dsh/app-client/mobile/auto_dsh_order_proof_code_generate.tsx","packages","surface_component","dsh_order_proof_code_generate","app-client",".tsx","dsh_customer_order_tracking","support_folded","dsh_client_active_order_tracking|dsh_captain_proof_capture","dsh_client_active_order_tracking|dsh_captain_proof_capture","","low","Support operation that affects completion or visibility without a standalone current-screen identity."
"packages/surfaces/src/dsh/app-client/mobile/auto_dsh_order_proof_verify.tsx","packages","surface_component","dsh_order_proof_verify","app-client",".tsx","dsh_customer_order_tracking","support_folded","dsh_client_active_order_tracking|dsh_captain_proof_capture","dsh_client_active_order_tracking|dsh_captain_proof_capture","","low","Support operation that affects completion or visibility without a standalone current-screen identity."
"packages/surfaces/src/dsh/app-client/mobile/auto_dsh_order_rate.tsx","packages","surface_component","dsh_order_rate","app-client",".tsx","legacy_client_receipt_rating","move_to_legacy","dsh_client_receipt_rating_cluster","legacy_or_future_scope","Move to Legacy","high","Post-completion rating and receipt cluster is currently deferred."
"packages/surfaces/src/dsh/app-client/mobile/auto_dsh_order_receipt_get.tsx","packages","surface_component","dsh_order_receipt_get","app-client",".tsx","legacy_client_receipt_rating","move_to_legacy","dsh_client_receipt_rating_cluster","legacy_or_future_scope","Move to Legacy","high","Post-completion rating and receipt cluster is currently deferred."
"packages/surfaces/src/dsh/app-client/mobile/auto_dsh_order_status_get.tsx","packages","surface_component","dsh_order_status_get","app-client",".tsx","UNMAPPED","candidate_keep","dsh_client_active_order_tracking","dsh_client_active_order_tracking","Keep","low","No current deterministic clean mapping rule found."
"packages/surfaces/src/dsh/app-client/mobile/auto_dsh_order_status_update.tsx","packages","surface_component","dsh_order_status_update","app-client",".tsx","dsh_customer_order_tracking","covered","dsh_client_active_order_tracking","dsh_client_active_order_tracking","","high","Customer-visible order tracking family."
"packages/surfaces/src/dsh/app-client/mobile/auto_dsh_orders_list.tsx","packages","surface_component","dsh_orders_list","app-client",".tsx","dsh_customer_order_tracking","covered","dsh_client_active_order_tracking","dsh_client_active_order_tracking","Keep","high","Customer-visible order tracking family."
"packages/surfaces/src/dsh/app-client/mobile/auto_dsh_pricing_preview.tsx","packages","surface_component","dsh_pricing_preview","app-client",".tsx","dsh_cart_checkout_gate","covered","dsh_client_checkout_confirm","dsh_client_checkout_confirm","Keep","high","Cart and checkout gating family."
"packages/surfaces/src/dsh/app-client/mobile/auto_dsh_pricing_snapshot_get.tsx","packages","surface_component","dsh_pricing_snapshot_get","app-client",".tsx","dsh_store_discovery","support_folded","dsh_client_entry_discovery_home|dsh_client_category_or_store_detail","dsh_client_entry_discovery_home|dsh_client_category_or_store_detail","","medium","Discovery and detail-support operation family."
"packages/surfaces/src/dsh/app-client/mobile/auto_dsh_promo_apply.tsx","packages","surface_component","dsh_promo_apply","app-client",".tsx","legacy_client_loyalty_subscription_marketing","move_to_legacy","dsh_client_loyalty_subscription_marketing_cluster","legacy_or_future_scope","Move to Legacy","high","Loyalty, promo, and subscription extras are outside current first-service truth."
"packages/surfaces/src/dsh/app-client/mobile/auto_dsh_proxy_request_approve.tsx","packages","surface_component","dsh_proxy_request_approve","app-client",".tsx","dsh_proxy_request_flow","covered","dsh_client_proxy_request_entry|dsh_client_proxy_request_tracking|dsh_proxy_requests_list|dsh_proxy_request_review_workspace|dsh_proxy_schedule_companion","dsh_client_proxy_request_entry|dsh_client_proxy_request_tracking|dsh_proxy_requests_list|dsh_proxy_request_review_workspace","","high","Proxy exception family with customer entry and internal review."
"packages/surfaces/src/dsh/app-client/mobile/auto_dsh_proxy_request_review.tsx","packages","surface_component","dsh_proxy_request_review","app-client",".tsx","dsh_proxy_request_flow","covered","dsh_client_proxy_request_entry","dsh_client_proxy_request_entry","Keep","high","Proxy exception family with customer entry and internal review."
"packages/surfaces/src/dsh/app-client/mobile/auto_dsh_proxy_request_tracking.tsx","packages","surface_component","dsh_proxy_request_tracking","app-client",".tsx","dsh_proxy_request_flow","covered","dsh_client_proxy_request_tracking","dsh_client_proxy_request_tracking","Keep","high","Proxy exception family with customer entry and internal review."
"packages/surfaces/src/dsh/app-client/mobile/auto_dsh_review_create.tsx","packages","surface_component","dsh_review_create","app-client",".tsx","legacy_client_receipt_rating","move_to_legacy","dsh_client_receipt_rating_cluster","legacy_or_future_scope","Move to Legacy","high","Post-completion rating and receipt cluster is currently deferred."
"packages/surfaces/src/dsh/app-client/mobile/auto_dsh_reviews_list.tsx","packages","surface_component","dsh_reviews_list","app-client",".tsx","UNMAPPED","move_to_legacy","dsh_client_receipt_rating_cluster","legacy_or_future_scope","Move to Legacy","low","No current deterministic clean mapping rule found."
"packages/surfaces/src/dsh/app-client/mobile/auto_dsh_search.tsx","packages","surface_component","dsh_search","app-client",".tsx","dsh_store_discovery","support_folded","dsh_client_entry_discovery_home|dsh_client_category_or_store_detail","dsh_client_entry_discovery_home|dsh_client_category_or_store_detail","","medium","Search support is folded into discovery."
"packages/surfaces/src/dsh/app-client/mobile/auto_dsh_service_modes_resolve.tsx","packages","surface_component","dsh_service_modes_resolve","app-client",".tsx","dsh_store_discovery","support_folded","dsh_client_entry_discovery_home|dsh_client_category_or_store_detail","dsh_client_entry_discovery_home|dsh_client_category_or_store_detail","","medium","Discovery and detail-support operation family."
"packages/surfaces/src/dsh/app-client/mobile/auto_dsh_shein_info.tsx","packages","surface_component","dsh_shein_info","app-client",".tsx","UNMAPPED","candidate_keep","dsh_client_proxy_request_entry","dsh_client_proxy_request_entry","Keep","low","No current deterministic clean mapping rule found."
"packages/surfaces/src/dsh/app-client/mobile/auto_dsh_store_get.tsx","packages","surface_component","dsh_store_get","app-client",".tsx","UNMAPPED","candidate_keep|candidate_merge","dsh_client_category_or_store_detail|dsh_client_discovery_split_variants","dsh_client_category_or_store_detail|dsh_client_entry_discovery_home|dsh_client_category_or_store_detail","Keep|Merge","low","No current deterministic clean mapping rule found."
"packages/surfaces/src/dsh/app-client/mobile/auto_dsh_store_items_list.tsx","packages","surface_component","dsh_store_items_list","app-client",".tsx","UNMAPPED","candidate_keep|candidate_merge","dsh_client_category_or_store_detail|dsh_client_discovery_split_variants","dsh_client_category_or_store_detail|dsh_client_entry_discovery_home|dsh_client_category_or_store_detail","Keep|Merge","low","No current deterministic clean mapping rule found."
"packages/surfaces/src/dsh/app-client/mobile/auto_dsh_stores_list.tsx","packages","surface_component","dsh_stores_list","app-client",".tsx","UNMAPPED","candidate_keep|candidate_merge","dsh_client_discovery_split_variants|dsh_client_entry_discovery_home","dsh_client_entry_discovery_home|dsh_client_entry_discovery_home|dsh_client_category_or_store_detail","Keep|Merge","low","No current deterministic clean mapping rule found."
"packages/surfaces/src/dsh/app-client/mobile/auto_dsh_subscription_family_get.tsx","packages","surface_component","dsh_subscription_family_get","app-client",".tsx","legacy_client_loyalty_subscription_marketing","move_to_legacy","dsh_client_loyalty_subscription_marketing_cluster","legacy_or_future_scope","Move to Legacy","high","Loyalty, promo, and subscription extras are outside current first-service truth."
"packages/surfaces/src/dsh/app-client/mobile/auto_dsh_subscription_family_members_get.tsx","packages","surface_component","dsh_subscription_family_members_get","app-client",".tsx","legacy_client_loyalty_subscription_marketing","move_to_legacy","dsh_client_loyalty_subscription_marketing_cluster","legacy_or_future_scope","Move to Legacy","high","Loyalty, promo, and subscription extras are outside current first-service truth."
"packages/surfaces/src/dsh/app-client/mobile/auto_dsh_subscription_family_members_post.tsx","packages","surface_component","dsh_subscription_family_members_post","app-client",".tsx","legacy_client_loyalty_subscription_marketing","move_to_legacy","dsh_client_loyalty_subscription_marketing_cluster","legacy_or_future_scope","Move to Legacy","high","Loyalty, promo, and subscription extras are outside current first-service truth."
"packages/surfaces/src/dsh/app-client/mobile/auto_dsh_subscription_pro_catalog.tsx","packages","surface_component","dsh_subscription_pro_catalog","app-client",".tsx","legacy_client_loyalty_subscription_marketing","move_to_legacy","dsh_client_loyalty_subscription_marketing_cluster","","","high","Loyalty, promo, and subscription extras are outside current first-service truth."
"packages/surfaces/src/dsh/app-client/mobile/auto_dsh_subscription_sync.tsx","packages","surface_component","dsh_subscription_sync","app-client",".tsx","legacy_client_loyalty_subscription_marketing","move_to_legacy","dsh_client_loyalty_subscription_marketing_cluster","legacy_or_future_scope","Move to Legacy","high","Loyalty, promo, and subscription extras are outside current first-service truth."
"packages/surfaces/src/dsh/app-client/mobile/auto_dsh_subscription_tier_get.tsx","packages","surface_component","dsh_subscription_tier_get","app-client",".tsx","legacy_client_loyalty_subscription_marketing","move_to_legacy","dsh_client_loyalty_subscription_marketing_cluster","legacy_or_future_scope","Move to Legacy","high","Loyalty, promo, and subscription extras are outside current first-service truth."
"packages/surfaces/src/dsh/app-client/mobile/auto_dsh_subscription_upgrade_post.tsx","packages","surface_component","dsh_subscription_upgrade_post","app-client",".tsx","legacy_client_loyalty_subscription_marketing","move_to_legacy","dsh_client_loyalty_subscription_marketing_cluster","legacy_or_future_scope","Move to Legacy","high","Loyalty, promo, and subscription extras are outside current first-service truth."
"packages/surfaces/src/dsh/app-client/mobile/auto_dsh_zone_set.tsx","packages","surface_component","dsh_zone_set","app-client",".tsx","legacy_ops_store_admin","move_to_legacy_or_partner_maintenance","dsh_partner_store_maintenance_workspace|dsh_ops_store_items_and_zone_admin_cluster","dsh_partner_store_maintenance_workspace","","medium","Donor mixes partner and CONTROL_PANEL/admin ownership here; clean target model narrows or defers it."
"packages/surfaces/src/dsh/app-client/mobile/banner-carousel.runtime.json","packages","other","","app-client",".json","","support_only","","","","n/a","Supporting or cluster-level file without a single operation identity."
"packages/surfaces/src/dsh/app-client/mobile/CategoryClockDial.tsx","packages","surface_component","","app-client",".tsx","","support_only","","","","n/a","Supporting or cluster-level file without a single operation identity."
"packages/surfaces/src/dsh/app-client/mobile/index.ts","packages","surface_component","","app-client",".ts","","support_only","","","","n/a","Supporting or cluster-level file without a single operation identity."
"packages/surfaces/src/dsh/app-client/mobile/UltimateBannerCarousel.tsx","packages","surface_component","","app-client",".tsx","","support_only","","","","n/a","Supporting or cluster-level file without a single operation identity."
"packages/surfaces/src/dsh/checkoutConstants.ts","packages","surface_component","","",".ts","","support_only","","","","n/a","Supporting or cluster-level file without a single operation identity."
"packages/surfaces/src/dsh/components/ArrivalBellCaptainBlock.tsx","packages","surface_component","","",".tsx","","support_only","","","","n/a","Supporting or cluster-level file without a single operation identity."
"packages/surfaces/src/dsh/components/ArrivalBellCustomerBlock.tsx","packages","surface_component","","",".tsx","","support_only","","","","n/a","Supporting or cluster-level file without a single operation identity."
"packages/surfaces/src/dsh/components/DshStoreItemsList.tsx","packages","surface_component","","",".tsx","","support_only","","","","n/a","Supporting or cluster-level file without a single operation identity."
"packages/surfaces/src/dsh/components/StoreCardPremium.tsx","packages","surface_component","","",".tsx","","support_only","","","","n/a","Supporting or cluster-level file without a single operation identity."
"packages/surfaces/src/dsh/data/dshHomeApi.ts","packages","surface_component","","",".ts","","support_only","","","","n/a","Supporting or cluster-level file without a single operation identity."
"packages/surfaces/src/dsh/data/dshHomeRepository.ts","packages","surface_component","","",".ts","","support_only","","","","n/a","Supporting or cluster-level file without a single operation identity."
"packages/surfaces/src/dsh/data/dshHomeSeed.ts","packages","surface_component","","",".ts","","support_only","","","","n/a","Supporting or cluster-level file without a single operation identity."
"packages/surfaces/src/dsh/data/dshHomeTypes.ts","packages","surface_component","","",".ts","","support_only","","","","n/a","Supporting or cluster-level file without a single operation identity."
"packages/surfaces/src/dsh/deliveryModes.ts","packages","surface_component","","",".ts","","support_only","","","","n/a","Supporting or cluster-level file without a single operation identity."
"packages/surfaces/src/dsh/DshBannersList.tsx","packages","surface_component","","",".tsx","","support_only","","","","n/a","Supporting or cluster-level file without a single operation identity."
"packages/surfaces/src/dsh/DshCartPrice.tsx","packages","surface_component","","",".tsx","","support_only","","","","n/a","Supporting or cluster-level file without a single operation identity."
"packages/surfaces/src/dsh/DshCategoriesList.tsx","packages","surface_component","","",".tsx","","support_only","dsh_client_discovery_split_variants","dsh_client_entry_discovery_home|dsh_client_category_or_store_detail","Merge","n/a","Supporting or cluster-level file without a single operation identity."
"packages/surfaces/src/dsh/dshCategoriesSeed.ts","packages","surface_component","","",".ts","","support_only","","","","n/a","Supporting or cluster-level file without a single operation identity."
"packages/surfaces/src/dsh/DshCategoryDetail.tsx","packages","surface_component","","",".tsx","","support_only","dsh_client_category_or_store_detail","dsh_client_category_or_store_detail","Keep","n/a","Supporting or cluster-level file without a single operation identity."
"packages/surfaces/src/dsh/DshCheckoutPaymentMethodSelect.tsx","packages","surface_component","","",".tsx","","support_only","dsh_client_checkout_confirm","dsh_client_checkout_confirm","Keep","n/a","Supporting or cluster-level file without a single operation identity."
"packages/surfaces/src/dsh/DshCustomerPreferencesDetail.tsx","packages","surface_component","","",".tsx","","support_only","dsh_client_profile_preferences_cluster","legacy_or_future_scope","Move to Legacy","n/a","Supporting or cluster-level file without a single operation identity."
"packages/surfaces/src/dsh/DshCustomerProfileDetail.tsx","packages","surface_component","","",".tsx","","support_only","dsh_client_profile_preferences_cluster","legacy_or_future_scope","Move to Legacy","n/a","Supporting or cluster-level file without a single operation identity."
"packages/surfaces/src/dsh/DshCustomerProfileUpdate.tsx","packages","surface_component","","",".tsx","","support_only","dsh_client_profile_preferences_cluster","legacy_or_future_scope","Move to Legacy","n/a","Supporting or cluster-level file without a single operation identity."
"packages/surfaces/src/dsh/DshPartnerOrdersList.tsx","packages","surface_component","","",".tsx","","support_only","","","","n/a","Supporting or cluster-level file without a single operation identity."
"packages/surfaces/src/dsh/expo-location.d.ts","packages","generated_artifact","","",".ts","","generated_copy","","","","n/a","Supporting or cluster-level file without a single operation identity."
"packages/surfaces/src/dsh/fixtures/captainEarningsHistory.ts","packages","surface_component","","",".ts","","support_only","","","","n/a","Supporting or cluster-level file without a single operation identity."
"packages/surfaces/src/dsh/fixtures/captainFinancialReports.ts","packages","surface_component","","",".ts","","support_only","","","","n/a","Supporting or cluster-level file without a single operation identity."
"packages/surfaces/src/dsh/fixtures/captainOrderDetails.ts","packages","surface_component","","",".ts","","support_only","","","","n/a","Supporting or cluster-level file without a single operation identity."
"packages/surfaces/src/dsh/fixtures/captainOrders.ts","packages","surface_component","","",".ts","","support_only","","","","n/a","Supporting or cluster-level file without a single operation identity."
"packages/surfaces/src/dsh/fixtures/captainPayments.ts","packages","surface_component","","",".ts","","support_only","","","","n/a","Supporting or cluster-level file without a single operation identity."
"packages/surfaces/src/dsh/fixtures/captainSettlements.ts","packages","surface_component","","",".ts","","support_only","","","","n/a","Supporting or cluster-level file without a single operation identity."
"packages/surfaces/src/dsh/fixtures/captainTierInfo.ts","packages","surface_component","","",".ts","","support_only","","","","n/a","Supporting or cluster-level file without a single operation identity."
"packages/surfaces/src/dsh/fixtures/captainWallet.ts","packages","surface_component","","",".ts","","support_only","","","","n/a","Supporting or cluster-level file without a single operation identity."
"packages/surfaces/src/dsh/fixtures/categoryGet.ts","packages","surface_component","","",".ts","","support_only","","","","n/a","Supporting or cluster-level file without a single operation identity."
"packages/surfaces/src/dsh/fixtures/chatSend.ts","packages","surface_component","","",".ts","","support_only","","","","n/a","Supporting or cluster-level file without a single operation identity."
"packages/surfaces/src/dsh/fixtures/checkoutGate.ts","packages","surface_component","","",".ts","","support_only","","","","n/a","Supporting or cluster-level file without a single operation identity."
"packages/surfaces/src/dsh/fixtures/favoritesList.ts","packages","surface_component","","",".ts","","support_only","","","","n/a","Supporting or cluster-level file without a single operation identity."
"packages/surfaces/src/dsh/fixtures/gasRefill.ts","packages","surface_component","","",".ts","","support_only","","","","n/a","Supporting or cluster-level file without a single operation identity."
"packages/surfaces/src/dsh/fixtures/home.ts","packages","surface_component","","",".ts","","support_only","","","","n/a","Supporting or cluster-level file without a single operation identity."
"packages/surfaces/src/dsh/fixtures/orderCancel.ts","packages","surface_component","","",".ts","","support_only","","","","n/a","Supporting or cluster-level file without a single operation identity."
"packages/surfaces/src/dsh/fixtures/orderGet.ts","packages","surface_component","","",".ts","","support_only","","","","n/a","Supporting or cluster-level file without a single operation identity."
"packages/surfaces/src/dsh/fixtures/partnerStaff.ts","packages","surface_component","","",".ts","","support_only","","","","n/a","Supporting or cluster-level file without a single operation identity."
"packages/surfaces/src/dsh/fixtures/partnerZoneSet.ts","packages","surface_component","","",".ts","","support_only","","","","n/a","Supporting or cluster-level file without a single operation identity."
"packages/surfaces/src/dsh/fixtures/reviewsList.ts","packages","surface_component","","",".ts","","support_only","","","","n/a","Supporting or cluster-level file without a single operation identity."
"packages/surfaces/src/dsh/fixtures/search.ts","packages","surface_component","","",".ts","","support_only","","","","n/a","Supporting or cluster-level file without a single operation identity."
"packages/surfaces/src/dsh/fixtures/storeGet.ts","packages","surface_component","","",".ts","","support_only","","","","n/a","Supporting or cluster-level file without a single operation identity."
"packages/surfaces/src/dsh/fixtures/subscriptionSync.ts","packages","surface_component","","",".ts","","support_only","","","","n/a","Supporting or cluster-level file without a single operation identity."
"packages/surfaces/src/dsh/fixtures/zoneSet.ts","packages","surface_component","","",".ts","","support_only","","","","n/a","Supporting or cluster-level file without a single operation identity."
"packages/surfaces/src/dsh/getDshCategoryIconUrl.ts","packages","surface_component","","",".ts","","support_only","","","","n/a","Supporting or cluster-level file without a single operation identity."
"packages/surfaces/src/dsh/hooks/index.ts","packages","surface_component","","",".ts","","support_only","","","","n/a","Supporting or cluster-level file without a single operation identity."
"packages/surfaces/src/dsh/hooks/useCaptainEarningsHistory.ts","packages","surface_component","","",".ts","","support_only","","","","n/a","Supporting or cluster-level file without a single operation identity."
"packages/surfaces/src/dsh/hooks/useCaptainFinancialReports.ts","packages","surface_component","","",".ts","","support_only","","","","n/a","Supporting or cluster-level file without a single operation identity."
"packages/surfaces/src/dsh/hooks/useCaptainOrderDetails.ts","packages","surface_component","","",".ts","","support_only","","","","n/a","Supporting or cluster-level file without a single operation identity."
"packages/surfaces/src/dsh/hooks/useCaptainOrders.ts","packages","surface_component","","",".ts","","support_only","","","","n/a","Supporting or cluster-level file without a single operation identity."
"packages/surfaces/src/dsh/hooks/useCaptainPayments.ts","packages","surface_component","","",".ts","","support_only","","","","n/a","Supporting or cluster-level file without a single operation identity."
"packages/surfaces/src/dsh/hooks/useCaptainSettlements.ts","packages","surface_component","","",".ts","","support_only","","","","n/a","Supporting or cluster-level file without a single operation identity."
"packages/surfaces/src/dsh/hooks/useCaptainTierInfo.ts","packages","surface_component","","",".ts","","support_only","","","","n/a","Supporting or cluster-level file without a single operation identity."
"packages/surfaces/src/dsh/hooks/useCaptainWallet.ts","packages","surface_component","","",".ts","","support_only","","","","n/a","Supporting or cluster-level file without a single operation identity."
"packages/surfaces/src/dsh/hooks/useDshCategoryGet.ts","packages","surface_component","","",".ts","","support_only","","","","n/a","Supporting or cluster-level file without a single operation identity."
"packages/surfaces/src/dsh/hooks/useDshChatSend.ts","packages","surface_component","","",".ts","","support_only","","","","n/a","Supporting or cluster-level file without a single operation identity."
"packages/surfaces/src/dsh/hooks/useDshCheckoutGate.ts","packages","surface_component","","",".ts","","support_only","","","","n/a","Supporting or cluster-level file without a single operation identity."
"packages/surfaces/src/dsh/hooks/useDshFavoritesList.ts","packages","surface_component","","",".ts","","support_only","","","","n/a","Supporting or cluster-level file without a single operation identity."
"packages/surfaces/src/dsh/hooks/useDshGasRefill.ts","packages","surface_component","","",".ts","","support_only","","","","n/a","Supporting or cluster-level file without a single operation identity."
"packages/surfaces/src/dsh/hooks/useDshHome.ts","packages","surface_component","","",".ts","","support_only","","","","n/a","Supporting or cluster-level file without a single operation identity."
"packages/surfaces/src/dsh/hooks/useDshOrderCancel.ts","packages","surface_component","","",".ts","","support_only","","","","n/a","Supporting or cluster-level file without a single operation identity."
"packages/surfaces/src/dsh/hooks/useDshOrderGet.ts","packages","surface_component","","",".ts","","support_only","","","","n/a","Supporting or cluster-level file without a single operation identity."
"packages/surfaces/src/dsh/hooks/useDshPartnerZoneSet.ts","packages","surface_component","","",".ts","","support_only","","","","n/a","Supporting or cluster-level file without a single operation identity."
"packages/surfaces/src/dsh/hooks/useDshReviewsList.ts","packages","surface_component","","",".ts","","support_only","","","","n/a","Supporting or cluster-level file without a single operation identity."
"packages/surfaces/src/dsh/hooks/useDshSearch.ts","packages","surface_component","","",".ts","","support_only","","","","n/a","Supporting or cluster-level file without a single operation identity."
"packages/surfaces/src/dsh/hooks/useDshStoreGet.ts","packages","surface_component","","",".ts","","support_only","","","","n/a","Supporting or cluster-level file without a single operation identity."
"packages/surfaces/src/dsh/hooks/useDshSubscriptionSync.ts","packages","surface_component","","",".ts","","support_only","","","","n/a","Supporting or cluster-level file without a single operation identity."
"packages/surfaces/src/dsh/hooks/useDshZoneSet.ts","packages","surface_component","","",".ts","","support_only","","","","n/a","Supporting or cluster-level file without a single operation identity."
"packages/surfaces/src/dsh/index.ts","packages","surface_component","","",".ts","","support_only","","","","n/a","Supporting or cluster-level file without a single operation identity."
"packages/surfaces/src/dsh/loadExpoLocation.ts","packages","surface_component","","",".ts","","support_only","","","","n/a","Supporting or cluster-level file without a single operation identity."
"packages/surfaces/src/dsh/mobile/dsh/DshOrdersCreateScreen.tsx","packages","surface_component","","",".tsx","","support_only","","","","n/a","Supporting or cluster-level file without a single operation identity."
"packages/surfaces/src/dsh/mobile/dsh/DshPartnerOrderAcceptAltScreen.tsx","packages","surface_component","","",".tsx","","support_only","","","","n/a","Supporting or cluster-level file without a single operation identity."
"packages/surfaces/src/dsh/mobile/dsh/DshPartnerOrderChatMessageCreateScreen.tsx","packages","surface_component","","",".tsx","","support_only","","","","n/a","Supporting or cluster-level file without a single operation identity."
"packages/surfaces/src/dsh/mobile/dsh/DshPartnerOrderChatMessagesListScreen.tsx","packages","surface_component","","",".tsx","","support_only","","","","n/a","Supporting or cluster-level file without a single operation identity."
"packages/surfaces/src/dsh/mobile/dsh/DshPartnerOrderChatReadAckScreen.tsx","packages","surface_component","","",".tsx","","support_only","","","","n/a","Supporting or cluster-level file without a single operation identity."
"packages/surfaces/src/dsh/mobile/index.ts","packages","surface_component","","",".ts","","support_only","","","","n/a","Supporting or cluster-level file without a single operation identity."
"packages/surfaces/src/dsh/partnerStoreSwitcherFixtures.ts","packages","surface_component","","",".ts","","support_only","","","","n/a","Supporting or cluster-level file without a single operation identity."
"packages/surfaces/src/dsh/types.ts","packages","surface_component","","",".ts","","support_only","","","","n/a","Supporting or cluster-level file without a single operation identity."
"packages/surfaces/src/dsh/WHAT_TO_ADD.md","packages","other","","",".md","","support_only","","","","n/a","Supporting or cluster-level file without a single operation identity."
"packages/surfaces/src/dsh/wrappers.ts","packages","surface_component","","",".ts","","support_only","","","","n/a","Supporting or cluster-level file without a single operation identity."
"packages/surfaces/src/partner/DshPartnerHomeUnified.tsx","packages","other","","",".tsx","","support_only","","","","n/a","Supporting or cluster-level file without a single operation identity."
"packages/surfaces/src/snd/app-client/mobile/components/_sndSheetLayout.ts","packages","other","","app-client",".ts","","support_only","","","","n/a","Supporting or cluster-level file without a single operation identity."
"packages/surfaces/src/web/control-panel/analytics/ControlPanelDshAnalyticsScreen.tsx","packages","control_panel_surface_component","","control-panel",".tsx","","support_only","","","","n/a","Supporting or cluster-level file without a single operation identity."
"packages/surfaces/src/web/control-panel/finance/ControlPanelDshFinanceScreen.tsx","packages","control_panel_surface_component","","control-panel",".tsx","","support_only","","","","n/a","Supporting or cluster-level file without a single operation identity."
"packages/surfaces/src/web/control-panel/operations/APP_ORDERS_DSHCARTITEMUPDATE.tsx","packages","control_panel_surface_component","","control-panel",".tsx","","support_only","","","","n/a","Supporting or cluster-level file without a single operation identity."
"packages/surfaces/src/web/control-panel/operations/APP_THWANI_DSHPARTNERORDERCHATMESSAGECREATE.tsx","packages","control_panel_surface_component","","control-panel",".tsx","","support_only","","","","n/a","Supporting or cluster-level file without a single operation identity."
"packages/surfaces/src/web/control-panel/operations/APP_THWANI_DSHPARTNERORDERCHATREADACK.tsx","packages","control_panel_surface_component","","control-panel",".tsx","","support_only","","","","n/a","Supporting or cluster-level file without a single operation identity."
"packages/surfaces/src/web/control-panel/operations/dsh/AdminDshStoreItemsListScreen.tsx","packages","control_panel_surface_component","","control-panel",".tsx","","support_only","dsh_ops_store_items_and_zone_admin_cluster","legacy_or_future_scope","Move to Legacy","n/a","Supporting or cluster-level file without a single operation identity."
"packages/surfaces/src/web/control-panel/operations/dsh/DshCartItemAddScreen.tsx","packages","control_panel_surface_component","","control-panel",".tsx","","support_only","","","","n/a","Supporting or cluster-level file without a single operation identity."
"packages/surfaces/src/web/control-panel/operations/dsh/DshDeliveryReassignScreen.tsx","packages","control_panel_surface_component","","control-panel",".tsx","","support_only","","","","n/a","Supporting or cluster-level file without a single operation identity."
"packages/surfaces/src/web/control-panel/operations/dsh/DshOperationsHubSurface.tsx","packages","control_panel_surface_component","","control-panel",".tsx","","support_only","dsh_ops_entry_split_variants|dsh_ops_orders_board","dsh_ops_orders_board","Keep|Merge","n/a","Supporting or cluster-level file without a single operation identity."
"packages/surfaces/src/web/control-panel/operations/dsh/DshPeakModeScreen.tsx","packages","control_panel_surface_component","","control-panel",".tsx","","support_only","dsh_ops_peak_mode_control","dsh_ops_peak_mode_control","Keep","n/a","Supporting or cluster-level file without a single operation identity."
"packages/surfaces/src/web/control-panel/operations/dsh/DshZoneSetScreen.tsx","packages","control_panel_surface_component","","control-panel",".tsx","","support_only","dsh_ops_store_items_and_zone_admin_cluster","legacy_or_future_scope","Move to Legacy","n/a","Supporting or cluster-level file without a single operation identity."
"packages/surfaces/src/web/control-panel/operations/dsh/index.ts","packages","control_panel_surface_component","","control-panel",".ts","","support_only","","","","n/a","Supporting or cluster-level file without a single operation identity."
"packages/surfaces/src/web/control-panel/operations/dsh/ControlPanelArrivalBellSettingsScreen.tsx","packages","control_panel_surface_component","","control-panel",".tsx","","support_only","dsh_ops_arrival_bell_and_misc_cluster","legacy_or_future_scope","Move to Legacy","n/a","Supporting or cluster-level file without a single operation identity."
"packages/surfaces/src/web/control-panel/operations/dsh/ControlPanelDshOperationsScreen.tsx","packages","control_panel_surface_component","","control-panel",".tsx","","support_only","dsh_ops_entry_split_variants|dsh_ops_orders_board","dsh_ops_orders_board","Keep|Merge","n/a","Supporting or cluster-level file without a single operation identity."
"packages/surfaces/src/web/control-panel/operations/dsh/ControlPanelDshOrderDetailScreen.tsx","packages","control_panel_surface_component","","control-panel",".tsx","","support_only","dsh_ops_order_detail_exception_workspace","dsh_ops_order_detail_exception_workspace","Keep","n/a","Supporting or cluster-level file without a single operation identity."
"packages/surfaces/src/web/control-panel/operations/dsh/ControlPanelDshOrdersScreen.tsx","packages","control_panel_surface_component","","control-panel",".tsx","","support_only","dsh_ops_entry_split_variants|dsh_ops_orders_board","dsh_ops_orders_board","Keep|Merge","n/a","Supporting or cluster-level file without a single operation identity."
"packages/surfaces/src/web/control-panel/operations/dsh/shein-proxy/index.ts","packages","control_panel_surface_component","","control-panel",".ts","","support_only","","","","n/a","Supporting or cluster-level file without a single operation identity."
"packages/surfaces/src/web/control-panel/operations/dsh/shein-proxy/shein-proxy-request-details.tsx","packages","control_panel_surface_component","","control-panel",".tsx","","support_only","dsh_proxy_request_review_workspace|dsh_proxy_review_split_variants","dsh_proxy_request_review_workspace","Keep|Merge","n/a","Supporting or cluster-level file without a single operation identity."
"packages/surfaces/src/web/control-panel/operations/dsh/shein-proxy/shein-proxy-request-estimate-and-offer.tsx","packages","control_panel_surface_component","","control-panel",".tsx","","support_only","dsh_proxy_request_review_workspace|dsh_proxy_review_split_variants","dsh_proxy_request_review_workspace","Keep|Merge","n/a","Supporting or cluster-level file without a single operation identity."
"packages/surfaces/src/web/control-panel/operations/dsh/shein-proxy/shein-proxy-request-estimate.tsx","packages","control_panel_surface_component","","control-panel",".tsx","","support_only","dsh_proxy_request_review_workspace|dsh_proxy_review_split_variants","dsh_proxy_request_review_workspace","Keep|Merge","n/a","Supporting or cluster-level file without a single operation identity."
"packages/surfaces/src/web/control-panel/operations/dsh/shein-proxy/shein-proxy-request-offer.tsx","packages","control_panel_surface_component","","control-panel",".tsx","","support_only","dsh_proxy_request_review_workspace|dsh_proxy_review_split_variants","dsh_proxy_request_review_workspace","Keep|Merge","n/a","Supporting or cluster-level file without a single operation identity."
"packages/surfaces/src/web/control-panel/operations/dsh/shein-proxy/shein-proxy-request-schedule.tsx","packages","control_panel_surface_component","","control-panel",".tsx","","support_only","dsh_proxy_schedule_companion","dsh_proxy_request_review_workspace","Convert","n/a","Supporting or cluster-level file without a single operation identity."
"packages/surfaces/src/web/control-panel/operations/dsh/shein-proxy/shein-proxy-requests-list.tsx","packages","control_panel_surface_component","","control-panel",".tsx","","support_only","dsh_proxy_requests_list","dsh_proxy_requests_list","Keep","n/a","Supporting or cluster-level file without a single operation identity."
"packages/surfaces/src/web/control-panel/support/APP_SUPPORT_DSHSUPPORTCHAT.tsx","packages","control_panel_surface_component","","control-panel",".tsx","","support_only","","","","n/a","Supporting or cluster-level file without a single operation identity."
"packages/surfaces/src/web/control-panel/support/DshSupportChatScreen.tsx","packages","control_panel_surface_component","","control-panel",".tsx","","support_only","","","","n/a","Supporting or cluster-level file without a single operation identity."
"services/arb/governance/DSH_CLIENT_FIGMA_DESIGN_SPEC.md","services","other","","",".md","","support_only","","","","n/a","Supporting or cluster-level file without a single operation identity."
"services/arb/governance/DSH_CLIENT_HOME_FORENSIC_AND_FINAL_DESIGN.md","services","other","","",".md","","support_only","","","","n/a","Supporting or cluster-level file without a single operation identity."
"services/arb/governance/DSH_CLIENT_IMPLEMENTATION_STATUS.md","services","other","","",".md","","support_only","","","","n/a","Supporting or cluster-level file without a single operation identity."
"services/dsh/governance/.dsh_92_ops.csv","services","other","","",".csv","","support_only","","","","n/a","Supporting or cluster-level file without a single operation identity."
"services/dsh/governance/DSH_APP_CLIENT_BACKLOG.csv","services","other","","",".csv","","support_only","","","","n/a","Supporting or cluster-level file without a single operation identity."
"services/dsh/governance/DSH_COVERAGE_MATRIX.csv","services","service_coverage_matrix","","",".csv","","support_only","","","","n/a","Supporting or cluster-level file without a single operation identity."
"services/dsh/governance/DSH_CONTROL_PANEL_SECTION_MAP.csv","services","service_control_panel_section_map","","",".csv","","support_only","","","","n/a","Supporting or cluster-level file without a single operation identity."
"services/dsh/governance/DSH_OPERATION_CATALOG.csv","services","service_operation_catalog","","",".csv","","support_only","","","","n/a","Supporting or cluster-level file without a single operation identity."
"services/dsh/governance/DSH_RBAC_MATRIX.csv","services","service_rbac_matrix","","",".csv","","support_only","","","","n/a","Supporting or cluster-level file without a single operation identity."
"services/dsh/governance/DSH_RUNTIME_VARS.csv","services","service_runtime_vars","","",".csv","","support_only","","","","n/a","Supporting or cluster-level file without a single operation identity."
"services/dsh/governance/DSH_SERVICE_SCOPE.md","services","service_scope","","",".md","","support_only","","","","n/a","Supporting or cluster-level file without a single operation identity."
"services/dsh/governance/DSH_SERVICE_SEAL_STATUS.yaml","services","service_seal_status","","",".yaml","","support_only","","","","n/a","Supporting or cluster-level file without a single operation identity."
"services/dsh/governance/DSH_SURFACES_PARITY_BACKLOG.md","services","other","","",".md","","support_only","","","","n/a","Supporting or cluster-level file without a single operation identity."
"services/dsh/governance/DSH_TRACEABILITY_MATRIX.csv","services","service_traceability","","",".csv","","support_only","","","","n/a","Supporting or cluster-level file without a single operation identity."
"services/dsh/governance/DSH_TRACEABILITY.csv","services","service_traceability","","",".csv","","support_only","","","","n/a","Supporting or cluster-level file without a single operation identity."
"services/dsh/governance/DSH_UNIFIED_OPERATIONS_REFERENCE.csv","services","service_unified_operations_reference","","",".csv","","support_only","","","","n/a","Supporting or cluster-level file without a single operation identity."
"services/dsh/governance/DSH_UX_FLOW.md","services","other","","",".md","","support_only","","","","n/a","Supporting or cluster-level file without a single operation identity."
"services/dsh/governance/operations/arrival_bell/OP_ACCEPTANCE.md","services","operation_acceptance","","",".md","","support_only","","","","n/a","Supporting or cluster-level file without a single operation identity."
"services/dsh/governance/operations/arrival_bell/OP_ACTIONS_CATALOG.csv","services","operation_actions_catalog","","",".csv","","support_only","","","","n/a","Supporting or cluster-level file without a single operation identity."
"services/dsh/governance/operations/arrival_bell/OP_API_MAP.csv","services","operation_api_map","","",".csv","","support_only","","","","n/a","Supporting or cluster-level file without a single operation identity."
"services/dsh/governance/operations/arrival_bell/OP_EVIDENCE_INDEX.json","services","operation_evidence_index","","",".json","","support_only","","","","n/a","Supporting or cluster-level file without a single operation identity."
"services/dsh/governance/operations/arrival_bell/OP_GAPS.md","services","operation_gaps","","",".md","","support_only","","","","n/a","Supporting or cluster-level file without a single operation identity."
"services/dsh/governance/operations/arrival_bell/OP_CONTROL_PANEL_MAP.csv","services","operation_control_panel_map","","",".csv","","support_only","","","","n/a","Supporting or cluster-level file without a single operation identity."
"services/dsh/governance/operations/arrival_bell/OP_RBAC_ABAC.csv","services","operation_rbac_abac","","",".csv","","support_only","","","","n/a","Supporting or cluster-level file without a single operation identity."
"services/dsh/governance/operations/arrival_bell/OP_RUNTIME_VARS.csv","services","operation_runtime_vars","","",".csv","","support_only","","","","n/a","Supporting or cluster-level file without a single operation identity."
"services/dsh/governance/operations/arrival_bell/OP_SCREENS_MAP.csv","services","operation_screens_map","","",".csv","","support_only","","","","n/a","Supporting or cluster-level file without a single operation identity."
"services/dsh/governance/operations/arrival_bell/OP_SPEC.yaml","services","operation_spec","","",".yaml","","support_only","","","","n/a","Supporting or cluster-level file without a single operation identity."
"services/dsh/governance/operations/dsh_auction_status_update/OP_ACCEPTANCE.md","services","operation_acceptance","dsh_auction_status_update","",".md","dsh_ops_governance_controls","internal_or_support","dsh_ops_orders_board|dsh_ops_order_detail_exception_workspace|dsh_ops_peak_mode_control","dsh_ops_orders_board|dsh_ops_order_detail_exception_workspace|dsh_ops_peak_mode_control","","medium","Internal oversight or exception handling family."
"services/dsh/governance/operations/dsh_auction_status_update/OP_ACTIONS_CATALOG.csv","services","operation_actions_catalog","dsh_auction_status_update","",".csv","dsh_ops_governance_controls","internal_or_support","dsh_ops_orders_board|dsh_ops_order_detail_exception_workspace|dsh_ops_peak_mode_control","dsh_ops_orders_board|dsh_ops_order_detail_exception_workspace|dsh_ops_peak_mode_control","","medium","Internal oversight or exception handling family."
"services/dsh/governance/operations/dsh_auction_status_update/OP_API_MAP.csv","services","operation_api_map","dsh_auction_status_update","",".csv","dsh_ops_governance_controls","internal_or_support","dsh_ops_orders_board|dsh_ops_order_detail_exception_workspace|dsh_ops_peak_mode_control","dsh_ops_orders_board|dsh_ops_order_detail_exception_workspace|dsh_ops_peak_mode_control","","medium","Internal oversight or exception handling family."
"services/dsh/governance/operations/dsh_auction_status_update/OP_EVIDENCE_INDEX.json","services","operation_evidence_index","dsh_auction_status_update","",".json","dsh_ops_governance_controls","internal_or_support","dsh_ops_orders_board|dsh_ops_order_detail_exception_workspace|dsh_ops_peak_mode_control","dsh_ops_orders_board|dsh_ops_order_detail_exception_workspace|dsh_ops_peak_mode_control","","medium","Internal oversight or exception handling family."
"services/dsh/governance/operations/dsh_auction_status_update/OP_GAPS.md","services","operation_gaps","dsh_auction_status_update","",".md","dsh_ops_governance_controls","internal_or_support","dsh_ops_orders_board|dsh_ops_order_detail_exception_workspace|dsh_ops_peak_mode_control","dsh_ops_orders_board|dsh_ops_order_detail_exception_workspace|dsh_ops_peak_mode_control","","medium","Internal oversight or exception handling family."
"services/dsh/governance/operations/dsh_auction_status_update/OP_CONTROL_PANEL_MAP.csv","services","operation_control_panel_map","dsh_auction_status_update","",".csv","dsh_ops_governance_controls","internal_or_support","dsh_ops_orders_board|dsh_ops_order_detail_exception_workspace|dsh_ops_peak_mode_control","dsh_ops_orders_board|dsh_ops_order_detail_exception_workspace|dsh_ops_peak_mode_control","","medium","Internal oversight or exception handling family."
"services/dsh/governance/operations/dsh_auction_status_update/OP_RBAC_ABAC.csv","services","operation_rbac_abac","dsh_auction_status_update","",".csv","dsh_ops_governance_controls","internal_or_support","dsh_ops_orders_board|dsh_ops_order_detail_exception_workspace|dsh_ops_peak_mode_control","dsh_ops_orders_board|dsh_ops_order_detail_exception_workspace|dsh_ops_peak_mode_control","","medium","Internal oversight or exception handling family."
"services/dsh/governance/operations/dsh_auction_status_update/OP_RUNTIME_VARS.csv","services","operation_runtime_vars","dsh_auction_status_update","",".csv","dsh_ops_governance_controls","internal_or_support","dsh_ops_orders_board|dsh_ops_order_detail_exception_workspace|dsh_ops_peak_mode_control","dsh_ops_orders_board|dsh_ops_order_detail_exception_workspace|dsh_ops_peak_mode_control","","medium","Internal oversight or exception handling family."
"services/dsh/governance/operations/dsh_auction_status_update/OP_SCREENS_MAP.csv","services","operation_screens_map","dsh_auction_status_update","",".csv","dsh_ops_governance_controls","internal_or_support","dsh_ops_orders_board|dsh_ops_order_detail_exception_workspace|dsh_ops_peak_mode_control","dsh_ops_orders_board|dsh_ops_order_detail_exception_workspace|dsh_ops_peak_mode_control","","medium","Internal oversight or exception handling family."
"services/dsh/governance/operations/dsh_auction_status_update/OP_SPEC.yaml","services","operation_spec","dsh_auction_status_update","",".yaml","dsh_ops_governance_controls","internal_or_support","dsh_ops_orders_board|dsh_ops_order_detail_exception_workspace|dsh_ops_peak_mode_control","dsh_ops_orders_board|dsh_ops_order_detail_exception_workspace|dsh_ops_peak_mode_control","","medium","Internal oversight or exception handling family."
"services/dsh/governance/operations/dsh_booking_create/OP_ACCEPTANCE.md","services","operation_acceptance","dsh_booking_create","",".md","dsh_order_submit","covered_or_folded","dsh_client_checkout_confirm","dsh_client_checkout_confirm","","medium","Submission-side operation supporting the confirmed order handoff."
"services/dsh/governance/operations/dsh_booking_create/OP_ACTIONS_CATALOG.csv","services","operation_actions_catalog","dsh_booking_create","",".csv","dsh_order_submit","covered_or_folded","dsh_client_checkout_confirm","dsh_client_checkout_confirm","","medium","Submission-side operation supporting the confirmed order handoff."
"services/dsh/governance/operations/dsh_booking_create/OP_API_MAP.csv","services","operation_api_map","dsh_booking_create","",".csv","dsh_order_submit","covered_or_folded","dsh_client_checkout_confirm","dsh_client_checkout_confirm","","medium","Submission-side operation supporting the confirmed order handoff."
"services/dsh/governance/operations/dsh_booking_create/OP_EVIDENCE_INDEX.json","services","operation_evidence_index","dsh_booking_create","",".json","dsh_order_submit","covered_or_folded","dsh_client_checkout_confirm","dsh_client_checkout_confirm","","medium","Submission-side operation supporting the confirmed order handoff."
"services/dsh/governance/operations/dsh_booking_create/OP_GAPS.md","services","operation_gaps","dsh_booking_create","",".md","dsh_order_submit","covered_or_folded","dsh_client_checkout_confirm","dsh_client_checkout_confirm","","medium","Submission-side operation supporting the confirmed order handoff."
"services/dsh/governance/operations/dsh_booking_create/OP_CONTROL_PANEL_MAP.csv","services","operation_control_panel_map","dsh_booking_create","",".csv","dsh_order_submit","covered_or_folded","dsh_client_checkout_confirm","dsh_client_checkout_confirm","","medium","Submission-side operation supporting the confirmed order handoff."
"services/dsh/governance/operations/dsh_booking_create/OP_RBAC_ABAC.csv","services","operation_rbac_abac","dsh_booking_create","",".csv","dsh_order_submit","covered_or_folded","dsh_client_checkout_confirm","dsh_client_checkout_confirm","","medium","Submission-side operation supporting the confirmed order handoff."
"services/dsh/governance/operations/dsh_booking_create/OP_RUNTIME_VARS.csv","services","operation_runtime_vars","dsh_booking_create","",".csv","dsh_order_submit","covered_or_folded","dsh_client_checkout_confirm","dsh_client_checkout_confirm","","medium","Submission-side operation supporting the confirmed order handoff."
"services/dsh/governance/operations/dsh_booking_create/OP_SCREENS_MAP.csv","services","operation_screens_map","dsh_booking_create","",".csv","dsh_order_submit","covered_or_folded","dsh_client_checkout_confirm","dsh_client_checkout_confirm","","medium","Submission-side operation supporting the confirmed order handoff."
"services/dsh/governance/operations/dsh_booking_create/OP_SPEC.yaml","services","operation_spec","dsh_booking_create","",".yaml","dsh_order_submit","covered_or_folded","dsh_client_checkout_confirm","dsh_client_checkout_confirm","","medium","Submission-side operation supporting the confirmed order handoff."
"services/dsh/governance/operations/dsh_captain_chat_read_ack/OP_ACCEPTANCE.md","services","operation_acceptance","dsh_captain_chat_read_ack","",".md","dsh_customer_order_chat","converted_companion","dsh_captain_chat_companion","dsh_captain_execution_workspace","","high","Captain chat is kept as a companion interaction."
"services/dsh/governance/operations/dsh_captain_chat_read_ack/OP_ACTIONS_CATALOG.csv","services","operation_actions_catalog","dsh_captain_chat_read_ack","",".csv","dsh_customer_order_chat","converted_companion","dsh_captain_chat_companion","dsh_captain_execution_workspace","","high","Captain chat is kept as a companion interaction."
"services/dsh/governance/operations/dsh_captain_chat_read_ack/OP_API_MAP.csv","services","operation_api_map","dsh_captain_chat_read_ack","",".csv","dsh_customer_order_chat","converted_companion","dsh_captain_chat_companion","dsh_captain_execution_workspace","","high","Captain chat is kept as a companion interaction."
"services/dsh/governance/operations/dsh_captain_chat_read_ack/OP_EVIDENCE_INDEX.json","services","operation_evidence_index","dsh_captain_chat_read_ack","",".json","dsh_customer_order_chat","converted_companion","dsh_captain_chat_companion","dsh_captain_execution_workspace","","high","Captain chat is kept as a companion interaction."
"services/dsh/governance/operations/dsh_captain_chat_read_ack/OP_GAPS.md","services","operation_gaps","dsh_captain_chat_read_ack","",".md","dsh_customer_order_chat","converted_companion","dsh_captain_chat_companion","dsh_captain_execution_workspace","","high","Captain chat is kept as a companion interaction."
"services/dsh/governance/operations/dsh_captain_chat_read_ack/OP_CONTROL_PANEL_MAP.csv","services","operation_control_panel_map","dsh_captain_chat_read_ack","",".csv","dsh_customer_order_chat","converted_companion","dsh_captain_chat_companion","dsh_captain_execution_workspace","","high","Captain chat is kept as a companion interaction."
"services/dsh/governance/operations/dsh_captain_chat_read_ack/OP_RBAC_ABAC.csv","services","operation_rbac_abac","dsh_captain_chat_read_ack","",".csv","dsh_customer_order_chat","converted_companion","dsh_captain_chat_companion","dsh_captain_execution_workspace","","high","Captain chat is kept as a companion interaction."
"services/dsh/governance/operations/dsh_captain_chat_read_ack/OP_RUNTIME_VARS.csv","services","operation_runtime_vars","dsh_captain_chat_read_ack","",".csv","dsh_customer_order_chat","converted_companion","dsh_captain_chat_companion","dsh_captain_execution_workspace","","high","Captain chat is kept as a companion interaction."
"services/dsh/governance/operations/dsh_captain_chat_read_ack/OP_SCREENS_MAP.csv","services","operation_screens_map","dsh_captain_chat_read_ack","",".csv","dsh_customer_order_chat","converted_companion","dsh_captain_chat_companion","dsh_captain_execution_workspace","","high","Captain chat is kept as a companion interaction."
"services/dsh/governance/operations/dsh_captain_chat_read_ack/OP_SPEC.yaml","services","operation_spec","dsh_captain_chat_read_ack","",".yaml","dsh_customer_order_chat","converted_companion","dsh_captain_chat_companion","dsh_captain_execution_workspace","","high","Captain chat is kept as a companion interaction."
"services/dsh/governance/operations/dsh_captain_chat_send/OP_ACCEPTANCE.md","services","operation_acceptance","dsh_captain_chat_send","",".md","dsh_customer_order_chat","converted_companion","dsh_captain_chat_companion","dsh_captain_execution_workspace","","high","Captain chat is kept as a companion interaction."
"services/dsh/governance/operations/dsh_captain_chat_send/OP_ACTIONS_CATALOG.csv","services","operation_actions_catalog","dsh_captain_chat_send","",".csv","dsh_customer_order_chat","converted_companion","dsh_captain_chat_companion","dsh_captain_execution_workspace","","high","Captain chat is kept as a companion interaction."
"services/dsh/governance/operations/dsh_captain_chat_send/OP_API_MAP.csv","services","operation_api_map","dsh_captain_chat_send","",".csv","dsh_customer_order_chat","converted_companion","dsh_captain_chat_companion","dsh_captain_execution_workspace","","high","Captain chat is kept as a companion interaction."
"services/dsh/governance/operations/dsh_captain_chat_send/OP_EVIDENCE_INDEX.json","services","operation_evidence_index","dsh_captain_chat_send","",".json","dsh_customer_order_chat","converted_companion","dsh_captain_chat_companion","dsh_captain_execution_workspace","","high","Captain chat is kept as a companion interaction."
"services/dsh/governance/operations/dsh_captain_chat_send/OP_GAPS.md","services","operation_gaps","dsh_captain_chat_send","",".md","dsh_customer_order_chat","converted_companion","dsh_captain_chat_companion","dsh_captain_execution_workspace","","high","Captain chat is kept as a companion interaction."
"services/dsh/governance/operations/dsh_captain_chat_send/OP_CONTROL_PANEL_MAP.csv","services","operation_control_panel_map","dsh_captain_chat_send","",".csv","dsh_customer_order_chat","converted_companion","dsh_captain_chat_companion","dsh_captain_execution_workspace","","high","Captain chat is kept as a companion interaction."
"services/dsh/governance/operations/dsh_captain_chat_send/OP_RBAC_ABAC.csv","services","operation_rbac_abac","dsh_captain_chat_send","",".csv","dsh_customer_order_chat","converted_companion","dsh_captain_chat_companion","dsh_captain_execution_workspace","","high","Captain chat is kept as a companion interaction."
"services/dsh/governance/operations/dsh_captain_chat_send/OP_RUNTIME_VARS.csv","services","operation_runtime_vars","dsh_captain_chat_send","",".csv","dsh_customer_order_chat","converted_companion","dsh_captain_chat_companion","dsh_captain_execution_workspace","","high","Captain chat is kept as a companion interaction."
"services/dsh/governance/operations/dsh_captain_chat_send/OP_SCREENS_MAP.csv","services","operation_screens_map","dsh_captain_chat_send","",".csv","dsh_customer_order_chat","converted_companion","dsh_captain_chat_companion","dsh_captain_execution_workspace","","high","Captain chat is kept as a companion interaction."
"services/dsh/governance/operations/dsh_captain_chat_send/OP_SPEC.yaml","services","operation_spec","dsh_captain_chat_send","",".yaml","dsh_customer_order_chat","converted_companion","dsh_captain_chat_companion","dsh_captain_execution_workspace","","high","Captain chat is kept as a companion interaction."
"services/dsh/governance/operations/dsh_captain_cod_balance/OP_ACCEPTANCE.md","services","operation_acceptance","dsh_captain_cod_balance","",".md","legacy_captain_finance_tier","move_to_legacy","dsh_captain_finance_and_tier_cluster","","","high","Finance and tier material sits outside current first-service truth."
"services/dsh/governance/operations/dsh_captain_cod_balance/OP_ACTIONS_CATALOG.csv","services","operation_actions_catalog","dsh_captain_cod_balance","",".csv","legacy_captain_finance_tier","move_to_legacy","dsh_captain_finance_and_tier_cluster","","","high","Finance and tier material sits outside current first-service truth."
"services/dsh/governance/operations/dsh_captain_cod_balance/OP_API_MAP.csv","services","operation_api_map","dsh_captain_cod_balance","",".csv","legacy_captain_finance_tier","move_to_legacy","dsh_captain_finance_and_tier_cluster","","","high","Finance and tier material sits outside current first-service truth."
"services/dsh/governance/operations/dsh_captain_cod_balance/OP_EVIDENCE_INDEX.json","services","operation_evidence_index","dsh_captain_cod_balance","",".json","legacy_captain_finance_tier","move_to_legacy","dsh_captain_finance_and_tier_cluster","","","high","Finance and tier material sits outside current first-service truth."
"services/dsh/governance/operations/dsh_captain_cod_balance/OP_GAPS.md","services","operation_gaps","dsh_captain_cod_balance","",".md","legacy_captain_finance_tier","move_to_legacy","dsh_captain_finance_and_tier_cluster","","","high","Finance and tier material sits outside current first-service truth."
"services/dsh/governance/operations/dsh_captain_cod_balance/OP_CONTROL_PANEL_MAP.csv","services","operation_control_panel_map","dsh_captain_cod_balance","",".csv","legacy_captain_finance_tier","move_to_legacy","dsh_captain_finance_and_tier_cluster","","","high","Finance and tier material sits outside current first-service truth."
"services/dsh/governance/operations/dsh_captain_cod_balance/OP_RBAC_ABAC.csv","services","operation_rbac_abac","dsh_captain_cod_balance","",".csv","legacy_captain_finance_tier","move_to_legacy","dsh_captain_finance_and_tier_cluster","","","high","Finance and tier material sits outside current first-service truth."
"services/dsh/governance/operations/dsh_captain_cod_balance/OP_RUNTIME_VARS.csv","services","operation_runtime_vars","dsh_captain_cod_balance","",".csv","legacy_captain_finance_tier","move_to_legacy","dsh_captain_finance_and_tier_cluster","","","high","Finance and tier material sits outside current first-service truth."
"services/dsh/governance/operations/dsh_captain_cod_balance/OP_SCREENS_MAP.csv","services","operation_screens_map","dsh_captain_cod_balance","",".csv","legacy_captain_finance_tier","move_to_legacy","dsh_captain_finance_and_tier_cluster","","","high","Finance and tier material sits outside current first-service truth."
"services/dsh/governance/operations/dsh_captain_cod_balance/OP_SPEC.yaml","services","operation_spec","dsh_captain_cod_balance","",".yaml","legacy_captain_finance_tier","move_to_legacy","dsh_captain_finance_and_tier_cluster","","","high","Finance and tier material sits outside current first-service truth."
"services/dsh/governance/operations/dsh_captain_job_reject/OP_ACCEPTANCE.md","services","operation_acceptance","dsh_captain_job_reject","",".md","dsh_captain_offer_and_acceptance","converted_companion","dsh_captain_reject_action","dsh_captain_execution_workspace","","high","Reject action is subordinate to captain execution."
"services/dsh/governance/operations/dsh_captain_job_reject/OP_ACTIONS_CATALOG.csv","services","operation_actions_catalog","dsh_captain_job_reject","",".csv","dsh_captain_offer_and_acceptance","converted_companion","dsh_captain_reject_action","dsh_captain_execution_workspace","","high","Reject action is subordinate to captain execution."
"services/dsh/governance/operations/dsh_captain_job_reject/OP_API_MAP.csv","services","operation_api_map","dsh_captain_job_reject","",".csv","dsh_captain_offer_and_acceptance","converted_companion","dsh_captain_reject_action","dsh_captain_execution_workspace","","high","Reject action is subordinate to captain execution."
"services/dsh/governance/operations/dsh_captain_job_reject/OP_EVIDENCE_INDEX.json","services","operation_evidence_index","dsh_captain_job_reject","",".json","dsh_captain_offer_and_acceptance","converted_companion","dsh_captain_reject_action","dsh_captain_execution_workspace","","high","Reject action is subordinate to captain execution."
"services/dsh/governance/operations/dsh_captain_job_reject/OP_GAPS.md","services","operation_gaps","dsh_captain_job_reject","",".md","dsh_captain_offer_and_acceptance","converted_companion","dsh_captain_reject_action","dsh_captain_execution_workspace","","high","Reject action is subordinate to captain execution."
"services/dsh/governance/operations/dsh_captain_job_reject/OP_CONTROL_PANEL_MAP.csv","services","operation_control_panel_map","dsh_captain_job_reject","",".csv","dsh_captain_offer_and_acceptance","converted_companion","dsh_captain_reject_action","dsh_captain_execution_workspace","","high","Reject action is subordinate to captain execution."
"services/dsh/governance/operations/dsh_captain_job_reject/OP_RBAC_ABAC.csv","services","operation_rbac_abac","dsh_captain_job_reject","",".csv","dsh_captain_offer_and_acceptance","converted_companion","dsh_captain_reject_action","dsh_captain_execution_workspace","","high","Reject action is subordinate to captain execution."
"services/dsh/governance/operations/dsh_captain_job_reject/OP_RUNTIME_VARS.csv","services","operation_runtime_vars","dsh_captain_job_reject","",".csv","dsh_captain_offer_and_acceptance","converted_companion","dsh_captain_reject_action","dsh_captain_execution_workspace","","high","Reject action is subordinate to captain execution."
"services/dsh/governance/operations/dsh_captain_job_reject/OP_SCREENS_MAP.csv","services","operation_screens_map","dsh_captain_job_reject","",".csv","dsh_captain_offer_and_acceptance","converted_companion","dsh_captain_reject_action","dsh_captain_execution_workspace","","high","Reject action is subordinate to captain execution."
"services/dsh/governance/operations/dsh_captain_job_reject/OP_SPEC.yaml","services","operation_spec","dsh_captain_job_reject","",".yaml","dsh_captain_offer_and_acceptance","converted_companion","dsh_captain_reject_action","dsh_captain_execution_workspace","","high","Reject action is subordinate to captain execution."
"services/dsh/governance/operations/dsh_captain_proof_upload/OP_ACCEPTANCE.md","services","operation_acceptance","dsh_captain_proof_upload","",".md","dsh_delivery_proof_and_verification","covered","dsh_captain_proof_capture","dsh_captain_proof_capture","","high","Proof capture is an explicit completion gate."
"services/dsh/governance/operations/dsh_captain_proof_upload/OP_ACTIONS_CATALOG.csv","services","operation_actions_catalog","dsh_captain_proof_upload","",".csv","dsh_delivery_proof_and_verification","covered","dsh_captain_proof_capture","dsh_captain_proof_capture","","high","Proof capture is an explicit completion gate."
"services/dsh/governance/operations/dsh_captain_proof_upload/OP_API_MAP.csv","services","operation_api_map","dsh_captain_proof_upload","",".csv","dsh_delivery_proof_and_verification","covered","dsh_captain_proof_capture","dsh_captain_proof_capture","","high","Proof capture is an explicit completion gate."
"services/dsh/governance/operations/dsh_captain_proof_upload/OP_EVIDENCE_INDEX.json","services","operation_evidence_index","dsh_captain_proof_upload","",".json","dsh_delivery_proof_and_verification","covered","dsh_captain_proof_capture","dsh_captain_proof_capture","","high","Proof capture is an explicit completion gate."
"services/dsh/governance/operations/dsh_captain_proof_upload/OP_GAPS.md","services","operation_gaps","dsh_captain_proof_upload","",".md","dsh_delivery_proof_and_verification","covered","dsh_captain_proof_capture","dsh_captain_proof_capture","","high","Proof capture is an explicit completion gate."
"services/dsh/governance/operations/dsh_captain_proof_upload/OP_CONTROL_PANEL_MAP.csv","services","operation_control_panel_map","dsh_captain_proof_upload","",".csv","dsh_delivery_proof_and_verification","covered","dsh_captain_proof_capture","dsh_captain_proof_capture","","high","Proof capture is an explicit completion gate."
"services/dsh/governance/operations/dsh_captain_proof_upload/OP_RBAC_ABAC.csv","services","operation_rbac_abac","dsh_captain_proof_upload","",".csv","dsh_delivery_proof_and_verification","covered","dsh_captain_proof_capture","dsh_captain_proof_capture","","high","Proof capture is an explicit completion gate."
"services/dsh/governance/operations/dsh_captain_proof_upload/OP_RUNTIME_VARS.csv","services","operation_runtime_vars","dsh_captain_proof_upload","",".csv","dsh_delivery_proof_and_verification","covered","dsh_captain_proof_capture","dsh_captain_proof_capture","","high","Proof capture is an explicit completion gate."
"services/dsh/governance/operations/dsh_captain_proof_upload/OP_SCREENS_MAP.csv","services","operation_screens_map","dsh_captain_proof_upload","",".csv","dsh_delivery_proof_and_verification","covered","dsh_captain_proof_capture","dsh_captain_proof_capture","","high","Proof capture is an explicit completion gate."
"services/dsh/governance/operations/dsh_captain_proof_upload/OP_SPEC.yaml","services","operation_spec","dsh_captain_proof_upload","",".yaml","dsh_delivery_proof_and_verification","covered","dsh_captain_proof_capture","dsh_captain_proof_capture","","high","Proof capture is an explicit completion gate."
"services/dsh/governance/operations/dsh_captain_tier_evaluate/OP_ACCEPTANCE.md","services","operation_acceptance","dsh_captain_tier_evaluate","",".md","legacy_captain_finance_tier","move_to_legacy","dsh_captain_finance_and_tier_cluster","","","high","Finance and tier material sits outside current first-service truth."
"services/dsh/governance/operations/dsh_captain_tier_evaluate/OP_ACTIONS_CATALOG.csv","services","operation_actions_catalog","dsh_captain_tier_evaluate","",".csv","legacy_captain_finance_tier","move_to_legacy","dsh_captain_finance_and_tier_cluster","","","high","Finance and tier material sits outside current first-service truth."
"services/dsh/governance/operations/dsh_captain_tier_evaluate/OP_API_MAP.csv","services","operation_api_map","dsh_captain_tier_evaluate","",".csv","legacy_captain_finance_tier","move_to_legacy","dsh_captain_finance_and_tier_cluster","","","high","Finance and tier material sits outside current first-service truth."
"services/dsh/governance/operations/dsh_captain_tier_evaluate/OP_EVIDENCE_INDEX.json","services","operation_evidence_index","dsh_captain_tier_evaluate","",".json","legacy_captain_finance_tier","move_to_legacy","dsh_captain_finance_and_tier_cluster","","","high","Finance and tier material sits outside current first-service truth."
"services/dsh/governance/operations/dsh_captain_tier_evaluate/OP_GAPS.md","services","operation_gaps","dsh_captain_tier_evaluate","",".md","legacy_captain_finance_tier","move_to_legacy","dsh_captain_finance_and_tier_cluster","","","high","Finance and tier material sits outside current first-service truth."
"services/dsh/governance/operations/dsh_captain_tier_evaluate/OP_CONTROL_PANEL_MAP.csv","services","operation_control_panel_map","dsh_captain_tier_evaluate","",".csv","legacy_captain_finance_tier","move_to_legacy","dsh_captain_finance_and_tier_cluster","","","high","Finance and tier material sits outside current first-service truth."
"services/dsh/governance/operations/dsh_captain_tier_evaluate/OP_RBAC_ABAC.csv","services","operation_rbac_abac","dsh_captain_tier_evaluate","",".csv","legacy_captain_finance_tier","move_to_legacy","dsh_captain_finance_and_tier_cluster","","","high","Finance and tier material sits outside current first-service truth."
"services/dsh/governance/operations/dsh_captain_tier_evaluate/OP_RUNTIME_VARS.csv","services","operation_runtime_vars","dsh_captain_tier_evaluate","",".csv","legacy_captain_finance_tier","move_to_legacy","dsh_captain_finance_and_tier_cluster","","","high","Finance and tier material sits outside current first-service truth."
"services/dsh/governance/operations/dsh_captain_tier_evaluate/OP_SCREENS_MAP.csv","services","operation_screens_map","dsh_captain_tier_evaluate","",".csv","legacy_captain_finance_tier","move_to_legacy","dsh_captain_finance_and_tier_cluster","","","high","Finance and tier material sits outside current first-service truth."
"services/dsh/governance/operations/dsh_captain_tier_evaluate/OP_SPEC.yaml","services","operation_spec","dsh_captain_tier_evaluate","",".yaml","legacy_captain_finance_tier","move_to_legacy","dsh_captain_finance_and_tier_cluster","","","high","Finance and tier material sits outside current first-service truth."
"services/dsh/governance/operations/dsh_captain_tier_info/OP_ACCEPTANCE.md","services","operation_acceptance","dsh_captain_tier_info","",".md","legacy_captain_finance_tier","move_to_legacy","dsh_captain_finance_and_tier_cluster","","","high","Finance and tier material sits outside current first-service truth."
"services/dsh/governance/operations/dsh_captain_tier_info/OP_ACTIONS_CATALOG.csv","services","operation_actions_catalog","dsh_captain_tier_info","",".csv","legacy_captain_finance_tier","move_to_legacy","dsh_captain_finance_and_tier_cluster","","","high","Finance and tier material sits outside current first-service truth."
"services/dsh/governance/operations/dsh_captain_tier_info/OP_API_MAP.csv","services","operation_api_map","dsh_captain_tier_info","",".csv","legacy_captain_finance_tier","move_to_legacy","dsh_captain_finance_and_tier_cluster","","","high","Finance and tier material sits outside current first-service truth."
"services/dsh/governance/operations/dsh_captain_tier_info/OP_EVIDENCE_INDEX.json","services","operation_evidence_index","dsh_captain_tier_info","",".json","legacy_captain_finance_tier","move_to_legacy","dsh_captain_finance_and_tier_cluster","","","high","Finance and tier material sits outside current first-service truth."
"services/dsh/governance/operations/dsh_captain_tier_info/OP_GAPS.md","services","operation_gaps","dsh_captain_tier_info","",".md","legacy_captain_finance_tier","move_to_legacy","dsh_captain_finance_and_tier_cluster","","","high","Finance and tier material sits outside current first-service truth."
"services/dsh/governance/operations/dsh_captain_tier_info/OP_CONTROL_PANEL_MAP.csv","services","operation_control_panel_map","dsh_captain_tier_info","",".csv","legacy_captain_finance_tier","move_to_legacy","dsh_captain_finance_and_tier_cluster","","","high","Finance and tier material sits outside current first-service truth."
"services/dsh/governance/operations/dsh_captain_tier_info/OP_RBAC_ABAC.csv","services","operation_rbac_abac","dsh_captain_tier_info","",".csv","legacy_captain_finance_tier","move_to_legacy","dsh_captain_finance_and_tier_cluster","","","high","Finance and tier material sits outside current first-service truth."
"services/dsh/governance/operations/dsh_captain_tier_info/OP_RUNTIME_VARS.csv","services","operation_runtime_vars","dsh_captain_tier_info","",".csv","legacy_captain_finance_tier","move_to_legacy","dsh_captain_finance_and_tier_cluster","","","high","Finance and tier material sits outside current first-service truth."
"services/dsh/governance/operations/dsh_captain_tier_info/OP_SCREENS_MAP.csv","services","operation_screens_map","dsh_captain_tier_info","",".csv","legacy_captain_finance_tier","move_to_legacy","dsh_captain_finance_and_tier_cluster","","","high","Finance and tier material sits outside current first-service truth."
"services/dsh/governance/operations/dsh_captain_tier_info/OP_SPEC.yaml","services","operation_spec","dsh_captain_tier_info","",".yaml","legacy_captain_finance_tier","move_to_legacy","dsh_captain_finance_and_tier_cluster","","","high","Finance and tier material sits outside current first-service truth."
"services/dsh/governance/operations/dsh_cart_get/OP_ACCEPTANCE.md","services","operation_acceptance","dsh_cart_get","",".md","dsh_cart_checkout_gate","covered","dsh_client_cart_review|dsh_client_checkout_confirm|dsh_client_checkout_block_state","dsh_client_cart_review|dsh_client_checkout_confirm","","high","Cart and checkout gating family."
"services/dsh/governance/operations/dsh_cart_get/OP_ACTIONS_CATALOG.csv","services","operation_actions_catalog","dsh_cart_get","",".csv","dsh_cart_checkout_gate","covered","dsh_client_cart_review|dsh_client_checkout_confirm|dsh_client_checkout_block_state","dsh_client_cart_review|dsh_client_checkout_confirm","","high","Cart and checkout gating family."
"services/dsh/governance/operations/dsh_cart_get/OP_API_MAP.csv","services","operation_api_map","dsh_cart_get","",".csv","dsh_cart_checkout_gate","covered","dsh_client_cart_review|dsh_client_checkout_confirm|dsh_client_checkout_block_state","dsh_client_cart_review|dsh_client_checkout_confirm","","high","Cart and checkout gating family."
"services/dsh/governance/operations/dsh_cart_get/OP_EVIDENCE_INDEX.json","services","operation_evidence_index","dsh_cart_get","",".json","dsh_cart_checkout_gate","covered","dsh_client_cart_review|dsh_client_checkout_confirm|dsh_client_checkout_block_state","dsh_client_cart_review|dsh_client_checkout_confirm","","high","Cart and checkout gating family."
"services/dsh/governance/operations/dsh_cart_get/OP_GAPS.md","services","operation_gaps","dsh_cart_get","",".md","dsh_cart_checkout_gate","covered","dsh_client_cart_review|dsh_client_checkout_confirm|dsh_client_checkout_block_state","dsh_client_cart_review|dsh_client_checkout_confirm","","high","Cart and checkout gating family."
"services/dsh/governance/operations/dsh_cart_get/OP_CONTROL_PANEL_MAP.csv","services","operation_control_panel_map","dsh_cart_get","",".csv","dsh_cart_checkout_gate","covered","dsh_client_cart_review|dsh_client_checkout_confirm|dsh_client_checkout_block_state","dsh_client_cart_review|dsh_client_checkout_confirm","","high","Cart and checkout gating family."
"services/dsh/governance/operations/dsh_cart_get/OP_RBAC_ABAC.csv","services","operation_rbac_abac","dsh_cart_get","",".csv","dsh_cart_checkout_gate","covered","dsh_client_cart_review|dsh_client_checkout_confirm|dsh_client_checkout_block_state","dsh_client_cart_review|dsh_client_checkout_confirm","","high","Cart and checkout gating family."
"services/dsh/governance/operations/dsh_cart_get/OP_RUNTIME_VARS.csv","services","operation_runtime_vars","dsh_cart_get","",".csv","dsh_cart_checkout_gate","covered","dsh_client_cart_review|dsh_client_checkout_confirm|dsh_client_checkout_block_state","dsh_client_cart_review|dsh_client_checkout_confirm","","high","Cart and checkout gating family."
"services/dsh/governance/operations/dsh_cart_get/OP_SCREENS_MAP.csv","services","operation_screens_map","dsh_cart_get","",".csv","dsh_cart_checkout_gate","covered","dsh_client_cart_review|dsh_client_checkout_confirm|dsh_client_checkout_block_state","dsh_client_cart_review|dsh_client_checkout_confirm","","high","Cart and checkout gating family."
"services/dsh/governance/operations/dsh_cart_get/OP_SPEC.yaml","services","operation_spec","dsh_cart_get","",".yaml","dsh_cart_checkout_gate","covered","dsh_client_cart_review|dsh_client_checkout_confirm|dsh_client_checkout_block_state","dsh_client_cart_review|dsh_client_checkout_confirm","","high","Cart and checkout gating family."
"services/dsh/governance/operations/dsh_cart_init/OP_ACCEPTANCE.md","services","operation_acceptance","dsh_cart_init","",".md","dsh_cart_checkout_gate","covered","dsh_client_cart_review|dsh_client_checkout_confirm|dsh_client_checkout_block_state","dsh_client_cart_review|dsh_client_checkout_confirm","","high","Cart and checkout gating family."
"services/dsh/governance/operations/dsh_cart_init/OP_ACTIONS_CATALOG.csv","services","operation_actions_catalog","dsh_cart_init","",".csv","dsh_cart_checkout_gate","covered","dsh_client_cart_review|dsh_client_checkout_confirm|dsh_client_checkout_block_state","dsh_client_cart_review|dsh_client_checkout_confirm","","high","Cart and checkout gating family."
"services/dsh/governance/operations/dsh_cart_init/OP_API_MAP.csv","services","operation_api_map","dsh_cart_init","",".csv","dsh_cart_checkout_gate","covered","dsh_client_cart_review|dsh_client_checkout_confirm|dsh_client_checkout_block_state","dsh_client_cart_review|dsh_client_checkout_confirm","","high","Cart and checkout gating family."
"services/dsh/governance/operations/dsh_cart_init/OP_EVIDENCE_INDEX.json","services","operation_evidence_index","dsh_cart_init","",".json","dsh_cart_checkout_gate","covered","dsh_client_cart_review|dsh_client_checkout_confirm|dsh_client_checkout_block_state","dsh_client_cart_review|dsh_client_checkout_confirm","","high","Cart and checkout gating family."
"services/dsh/governance/operations/dsh_cart_init/OP_GAPS.md","services","operation_gaps","dsh_cart_init","",".md","dsh_cart_checkout_gate","covered","dsh_client_cart_review|dsh_client_checkout_confirm|dsh_client_checkout_block_state","dsh_client_cart_review|dsh_client_checkout_confirm","","high","Cart and checkout gating family."
"services/dsh/governance/operations/dsh_cart_init/OP_CONTROL_PANEL_MAP.csv","services","operation_control_panel_map","dsh_cart_init","",".csv","dsh_cart_checkout_gate","covered","dsh_client_cart_review|dsh_client_checkout_confirm|dsh_client_checkout_block_state","dsh_client_cart_review|dsh_client_checkout_confirm","","high","Cart and checkout gating family."
"services/dsh/governance/operations/dsh_cart_init/OP_RBAC_ABAC.csv","services","operation_rbac_abac","dsh_cart_init","",".csv","dsh_cart_checkout_gate","covered","dsh_client_cart_review|dsh_client_checkout_confirm|dsh_client_checkout_block_state","dsh_client_cart_review|dsh_client_checkout_confirm","","high","Cart and checkout gating family."
"services/dsh/governance/operations/dsh_cart_init/OP_RUNTIME_VARS.csv","services","operation_runtime_vars","dsh_cart_init","",".csv","dsh_cart_checkout_gate","covered","dsh_client_cart_review|dsh_client_checkout_confirm|dsh_client_checkout_block_state","dsh_client_cart_review|dsh_client_checkout_confirm","","high","Cart and checkout gating family."
"services/dsh/governance/operations/dsh_cart_init/OP_SCREENS_MAP.csv","services","operation_screens_map","dsh_cart_init","",".csv","dsh_cart_checkout_gate","covered","dsh_client_cart_review|dsh_client_checkout_confirm|dsh_client_checkout_block_state","dsh_client_cart_review|dsh_client_checkout_confirm","","high","Cart and checkout gating family."
"services/dsh/governance/operations/dsh_cart_init/OP_SPEC.yaml","services","operation_spec","dsh_cart_init","",".yaml","dsh_cart_checkout_gate","covered","dsh_client_cart_review|dsh_client_checkout_confirm|dsh_client_checkout_block_state","dsh_client_cart_review|dsh_client_checkout_confirm","","high","Cart and checkout gating family."
"services/dsh/governance/operations/dsh_cart_item_add/OP_ACCEPTANCE.md","services","operation_acceptance","dsh_cart_item_add","",".md","dsh_cart_checkout_gate","covered","dsh_client_cart_review|dsh_client_checkout_confirm|dsh_client_checkout_block_state","dsh_client_cart_review|dsh_client_checkout_confirm","","high","Cart and checkout gating family."
"services/dsh/governance/operations/dsh_cart_item_add/OP_ACTIONS_CATALOG.csv","services","operation_actions_catalog","dsh_cart_item_add","",".csv","dsh_cart_checkout_gate","covered","dsh_client_cart_review|dsh_client_checkout_confirm|dsh_client_checkout_block_state","dsh_client_cart_review|dsh_client_checkout_confirm","","high","Cart and checkout gating family."
"services/dsh/governance/operations/dsh_cart_item_add/OP_API_MAP.csv","services","operation_api_map","dsh_cart_item_add","",".csv","dsh_cart_checkout_gate","covered","dsh_client_cart_review|dsh_client_checkout_confirm|dsh_client_checkout_block_state","dsh_client_cart_review|dsh_client_checkout_confirm","","high","Cart and checkout gating family."
"services/dsh/governance/operations/dsh_cart_item_add/OP_EVIDENCE_INDEX.json","services","operation_evidence_index","dsh_cart_item_add","",".json","dsh_cart_checkout_gate","covered","dsh_client_cart_review|dsh_client_checkout_confirm|dsh_client_checkout_block_state","dsh_client_cart_review|dsh_client_checkout_confirm","","high","Cart and checkout gating family."
"services/dsh/governance/operations/dsh_cart_item_add/OP_GAPS.md","services","operation_gaps","dsh_cart_item_add","",".md","dsh_cart_checkout_gate","covered","dsh_client_cart_review|dsh_client_checkout_confirm|dsh_client_checkout_block_state","dsh_client_cart_review|dsh_client_checkout_confirm","","high","Cart and checkout gating family."
"services/dsh/governance/operations/dsh_cart_item_add/OP_CONTROL_PANEL_MAP.csv","services","operation_control_panel_map","dsh_cart_item_add","",".csv","dsh_cart_checkout_gate","covered","dsh_client_cart_review|dsh_client_checkout_confirm|dsh_client_checkout_block_state","dsh_client_cart_review|dsh_client_checkout_confirm","","high","Cart and checkout gating family."
"services/dsh/governance/operations/dsh_cart_item_add/OP_RBAC_ABAC.csv","services","operation_rbac_abac","dsh_cart_item_add","",".csv","dsh_cart_checkout_gate","covered","dsh_client_cart_review|dsh_client_checkout_confirm|dsh_client_checkout_block_state","dsh_client_cart_review|dsh_client_checkout_confirm","","high","Cart and checkout gating family."
"services/dsh/governance/operations/dsh_cart_item_add/OP_RUNTIME_VARS.csv","services","operation_runtime_vars","dsh_cart_item_add","",".csv","dsh_cart_checkout_gate","covered","dsh_client_cart_review|dsh_client_checkout_confirm|dsh_client_checkout_block_state","dsh_client_cart_review|dsh_client_checkout_confirm","","high","Cart and checkout gating family."
"services/dsh/governance/operations/dsh_cart_item_add/OP_SCREENS_MAP.csv","services","operation_screens_map","dsh_cart_item_add","",".csv","dsh_cart_checkout_gate","covered","dsh_client_cart_review|dsh_client_checkout_confirm|dsh_client_checkout_block_state","dsh_client_cart_review|dsh_client_checkout_confirm","","high","Cart and checkout gating family."
"services/dsh/governance/operations/dsh_cart_item_add/OP_SPEC.yaml","services","operation_spec","dsh_cart_item_add","",".yaml","dsh_cart_checkout_gate","covered","dsh_client_cart_review|dsh_client_checkout_confirm|dsh_client_checkout_block_state","dsh_client_cart_review|dsh_client_checkout_confirm","","high","Cart and checkout gating family."
"services/dsh/governance/operations/dsh_cart_item_remove/OP_ACCEPTANCE.md","services","operation_acceptance","dsh_cart_item_remove","",".md","dsh_cart_checkout_gate","covered","dsh_client_cart_review|dsh_client_checkout_confirm|dsh_client_checkout_block_state","dsh_client_cart_review|dsh_client_checkout_confirm","","high","Cart and checkout gating family."
"services/dsh/governance/operations/dsh_cart_item_remove/OP_ACTIONS_CATALOG.csv","services","operation_actions_catalog","dsh_cart_item_remove","",".csv","dsh_cart_checkout_gate","covered","dsh_client_cart_review|dsh_client_checkout_confirm|dsh_client_checkout_block_state","dsh_client_cart_review|dsh_client_checkout_confirm","","high","Cart and checkout gating family."
"services/dsh/governance/operations/dsh_cart_item_remove/OP_API_MAP.csv","services","operation_api_map","dsh_cart_item_remove","",".csv","dsh_cart_checkout_gate","covered","dsh_client_cart_review|dsh_client_checkout_confirm|dsh_client_checkout_block_state","dsh_client_cart_review|dsh_client_checkout_confirm","","high","Cart and checkout gating family."
"services/dsh/governance/operations/dsh_cart_item_remove/OP_EVIDENCE_INDEX.json","services","operation_evidence_index","dsh_cart_item_remove","",".json","dsh_cart_checkout_gate","covered","dsh_client_cart_review|dsh_client_checkout_confirm|dsh_client_checkout_block_state","dsh_client_cart_review|dsh_client_checkout_confirm","","high","Cart and checkout gating family."
"services/dsh/governance/operations/dsh_cart_item_remove/OP_GAPS.md","services","operation_gaps","dsh_cart_item_remove","",".md","dsh_cart_checkout_gate","covered","dsh_client_cart_review|dsh_client_checkout_confirm|dsh_client_checkout_block_state","dsh_client_cart_review|dsh_client_checkout_confirm","","high","Cart and checkout gating family."
"services/dsh/governance/operations/dsh_cart_item_remove/OP_CONTROL_PANEL_MAP.csv","services","operation_control_panel_map","dsh_cart_item_remove","",".csv","dsh_cart_checkout_gate","covered","dsh_client_cart_review|dsh_client_checkout_confirm|dsh_client_checkout_block_state","dsh_client_cart_review|dsh_client_checkout_confirm","","high","Cart and checkout gating family."
"services/dsh/governance/operations/dsh_cart_item_remove/OP_RBAC_ABAC.csv","services","operation_rbac_abac","dsh_cart_item_remove","",".csv","dsh_cart_checkout_gate","covered","dsh_client_cart_review|dsh_client_checkout_confirm|dsh_client_checkout_block_state","dsh_client_cart_review|dsh_client_checkout_confirm","","high","Cart and checkout gating family."
"services/dsh/governance/operations/dsh_cart_item_remove/OP_RUNTIME_VARS.csv","services","operation_runtime_vars","dsh_cart_item_remove","",".csv","dsh_cart_checkout_gate","covered","dsh_client_cart_review|dsh_client_checkout_confirm|dsh_client_checkout_block_state","dsh_client_cart_review|dsh_client_checkout_confirm","","high","Cart and checkout gating family."
"services/dsh/governance/operations/dsh_cart_item_remove/OP_SCREENS_MAP.csv","services","operation_screens_map","dsh_cart_item_remove","",".csv","dsh_cart_checkout_gate","covered","dsh_client_cart_review|dsh_client_checkout_confirm|dsh_client_checkout_block_state","dsh_client_cart_review|dsh_client_checkout_confirm","","high","Cart and checkout gating family."
"services/dsh/governance/operations/dsh_cart_item_remove/OP_SPEC.yaml","services","operation_spec","dsh_cart_item_remove","",".yaml","dsh_cart_checkout_gate","covered","dsh_client_cart_review|dsh_client_checkout_confirm|dsh_client_checkout_block_state","dsh_client_cart_review|dsh_client_checkout_confirm","","high","Cart and checkout gating family."
"services/dsh/governance/operations/dsh_cart_item_update/OP_ACCEPTANCE.md","services","operation_acceptance","dsh_cart_item_update","",".md","dsh_cart_checkout_gate","covered","dsh_client_cart_review|dsh_client_checkout_confirm|dsh_client_checkout_block_state","dsh_client_cart_review|dsh_client_checkout_confirm","","high","Cart and checkout gating family."
"services/dsh/governance/operations/dsh_cart_item_update/OP_ACTIONS_CATALOG.csv","services","operation_actions_catalog","dsh_cart_item_update","",".csv","dsh_cart_checkout_gate","covered","dsh_client_cart_review|dsh_client_checkout_confirm|dsh_client_checkout_block_state","dsh_client_cart_review|dsh_client_checkout_confirm","","high","Cart and checkout gating family."
"services/dsh/governance/operations/dsh_cart_item_update/OP_API_MAP.csv","services","operation_api_map","dsh_cart_item_update","",".csv","dsh_cart_checkout_gate","covered","dsh_client_cart_review|dsh_client_checkout_confirm|dsh_client_checkout_block_state","dsh_client_cart_review|dsh_client_checkout_confirm","","high","Cart and checkout gating family."
"services/dsh/governance/operations/dsh_cart_item_update/OP_EVIDENCE_INDEX.json","services","operation_evidence_index","dsh_cart_item_update","",".json","dsh_cart_checkout_gate","covered","dsh_client_cart_review|dsh_client_checkout_confirm|dsh_client_checkout_block_state","dsh_client_cart_review|dsh_client_checkout_confirm","","high","Cart and checkout gating family."
"services/dsh/governance/operations/dsh_cart_item_update/OP_GAPS.md","services","operation_gaps","dsh_cart_item_update","",".md","dsh_cart_checkout_gate","covered","dsh_client_cart_review|dsh_client_checkout_confirm|dsh_client_checkout_block_state","dsh_client_cart_review|dsh_client_checkout_confirm","","high","Cart and checkout gating family."
"services/dsh/governance/operations/dsh_cart_item_update/OP_CONTROL_PANEL_MAP.csv","services","operation_control_panel_map","dsh_cart_item_update","",".csv","dsh_cart_checkout_gate","covered","dsh_client_cart_review|dsh_client_checkout_confirm|dsh_client_checkout_block_state","dsh_client_cart_review|dsh_client_checkout_confirm","","high","Cart and checkout gating family."
"services/dsh/governance/operations/dsh_cart_item_update/OP_RBAC_ABAC.csv","services","operation_rbac_abac","dsh_cart_item_update","",".csv","dsh_cart_checkout_gate","covered","dsh_client_cart_review|dsh_client_checkout_confirm|dsh_client_checkout_block_state","dsh_client_cart_review|dsh_client_checkout_confirm","","high","Cart and checkout gating family."
"services/dsh/governance/operations/dsh_cart_item_update/OP_RUNTIME_VARS.csv","services","operation_runtime_vars","dsh_cart_item_update","",".csv","dsh_cart_checkout_gate","covered","dsh_client_cart_review|dsh_client_checkout_confirm|dsh_client_checkout_block_state","dsh_client_cart_review|dsh_client_checkout_confirm","","high","Cart and checkout gating family."
"services/dsh/governance/operations/dsh_cart_item_update/OP_SCREENS_MAP.csv","services","operation_screens_map","dsh_cart_item_update","",".csv","dsh_cart_checkout_gate","covered","dsh_client_cart_review|dsh_client_checkout_confirm|dsh_client_checkout_block_state","dsh_client_cart_review|dsh_client_checkout_confirm","","high","Cart and checkout gating family."
"services/dsh/governance/operations/dsh_cart_item_update/OP_SPEC.yaml","services","operation_spec","dsh_cart_item_update","",".yaml","dsh_cart_checkout_gate","covered","dsh_client_cart_review|dsh_client_checkout_confirm|dsh_client_checkout_block_state","dsh_client_cart_review|dsh_client_checkout_confirm","","high","Cart and checkout gating family."
"services/dsh/governance/operations/dsh_chat_read_ack/OP_ACCEPTANCE.md","services","operation_acceptance","dsh_chat_read_ack","",".md","dsh_customer_order_chat","converted_companion","dsh_client_order_chat_companion","dsh_client_active_order_tracking","","high","Customer chat is subordinate to active tracking."
"services/dsh/governance/operations/dsh_chat_read_ack/OP_ACTIONS_CATALOG.csv","services","operation_actions_catalog","dsh_chat_read_ack","",".csv","dsh_customer_order_chat","converted_companion","dsh_client_order_chat_companion","dsh_client_active_order_tracking","","high","Customer chat is subordinate to active tracking."
"services/dsh/governance/operations/dsh_chat_read_ack/OP_API_MAP.csv","services","operation_api_map","dsh_chat_read_ack","",".csv","dsh_customer_order_chat","converted_companion","dsh_client_order_chat_companion","dsh_client_active_order_tracking","","high","Customer chat is subordinate to active tracking."
"services/dsh/governance/operations/dsh_chat_read_ack/OP_EVIDENCE_INDEX.json","services","operation_evidence_index","dsh_chat_read_ack","",".json","dsh_customer_order_chat","converted_companion","dsh_client_order_chat_companion","dsh_client_active_order_tracking","","high","Customer chat is subordinate to active tracking."
"services/dsh/governance/operations/dsh_chat_read_ack/OP_GAPS.md","services","operation_gaps","dsh_chat_read_ack","",".md","dsh_customer_order_chat","converted_companion","dsh_client_order_chat_companion","dsh_client_active_order_tracking","","high","Customer chat is subordinate to active tracking."
"services/dsh/governance/operations/dsh_chat_read_ack/OP_CONTROL_PANEL_MAP.csv","services","operation_control_panel_map","dsh_chat_read_ack","",".csv","dsh_customer_order_chat","converted_companion","dsh_client_order_chat_companion","dsh_client_active_order_tracking","","high","Customer chat is subordinate to active tracking."
"services/dsh/governance/operations/dsh_chat_read_ack/OP_RBAC_ABAC.csv","services","operation_rbac_abac","dsh_chat_read_ack","",".csv","dsh_customer_order_chat","converted_companion","dsh_client_order_chat_companion","dsh_client_active_order_tracking","","high","Customer chat is subordinate to active tracking."
"services/dsh/governance/operations/dsh_chat_read_ack/OP_RUNTIME_VARS.csv","services","operation_runtime_vars","dsh_chat_read_ack","",".csv","dsh_customer_order_chat","converted_companion","dsh_client_order_chat_companion","dsh_client_active_order_tracking","","high","Customer chat is subordinate to active tracking."
"services/dsh/governance/operations/dsh_chat_read_ack/OP_SCREENS_MAP.csv","services","operation_screens_map","dsh_chat_read_ack","",".csv","dsh_customer_order_chat","converted_companion","dsh_client_order_chat_companion","dsh_client_active_order_tracking","","high","Customer chat is subordinate to active tracking."
"services/dsh/governance/operations/dsh_chat_read_ack/OP_SPEC.yaml","services","operation_spec","dsh_chat_read_ack","",".yaml","dsh_customer_order_chat","converted_companion","dsh_client_order_chat_companion","dsh_client_active_order_tracking","","high","Customer chat is subordinate to active tracking."
"services/dsh/governance/operations/dsh_chat_send/OP_ACCEPTANCE.md","services","operation_acceptance","dsh_chat_send","",".md","dsh_customer_order_chat","converted_companion","dsh_client_order_chat_companion","dsh_client_active_order_tracking","","high","Customer chat is subordinate to active tracking."
"services/dsh/governance/operations/dsh_chat_send/OP_ACTIONS_CATALOG.csv","services","operation_actions_catalog","dsh_chat_send","",".csv","dsh_customer_order_chat","converted_companion","dsh_client_order_chat_companion","dsh_client_active_order_tracking","","high","Customer chat is subordinate to active tracking."
"services/dsh/governance/operations/dsh_chat_send/OP_API_MAP.csv","services","operation_api_map","dsh_chat_send","",".csv","dsh_customer_order_chat","converted_companion","dsh_client_order_chat_companion","dsh_client_active_order_tracking","","high","Customer chat is subordinate to active tracking."
"services/dsh/governance/operations/dsh_chat_send/OP_EVIDENCE_INDEX.json","services","operation_evidence_index","dsh_chat_send","",".json","dsh_customer_order_chat","converted_companion","dsh_client_order_chat_companion","dsh_client_active_order_tracking","","high","Customer chat is subordinate to active tracking."
"services/dsh/governance/operations/dsh_chat_send/OP_GAPS.md","services","operation_gaps","dsh_chat_send","",".md","dsh_customer_order_chat","converted_companion","dsh_client_order_chat_companion","dsh_client_active_order_tracking","","high","Customer chat is subordinate to active tracking."
"services/dsh/governance/operations/dsh_chat_send/OP_CONTROL_PANEL_MAP.csv","services","operation_control_panel_map","dsh_chat_send","",".csv","dsh_customer_order_chat","converted_companion","dsh_client_order_chat_companion","dsh_client_active_order_tracking","","high","Customer chat is subordinate to active tracking."
"services/dsh/governance/operations/dsh_chat_send/OP_RBAC_ABAC.csv","services","operation_rbac_abac","dsh_chat_send","",".csv","dsh_customer_order_chat","converted_companion","dsh_client_order_chat_companion","dsh_client_active_order_tracking","","high","Customer chat is subordinate to active tracking."
"services/dsh/governance/operations/dsh_chat_send/OP_RUNTIME_VARS.csv","services","operation_runtime_vars","dsh_chat_send","",".csv","dsh_customer_order_chat","converted_companion","dsh_client_order_chat_companion","dsh_client_active_order_tracking","","high","Customer chat is subordinate to active tracking."
"services/dsh/governance/operations/dsh_chat_send/OP_SCREENS_MAP.csv","services","operation_screens_map","dsh_chat_send","",".csv","dsh_customer_order_chat","converted_companion","dsh_client_order_chat_companion","dsh_client_active_order_tracking","","high","Customer chat is subordinate to active tracking."
"services/dsh/governance/operations/dsh_chat_send/OP_SPEC.yaml","services","operation_spec","dsh_chat_send","",".yaml","dsh_customer_order_chat","converted_companion","dsh_client_order_chat_companion","dsh_client_active_order_tracking","","high","Customer chat is subordinate to active tracking."
"services/dsh/governance/operations/dsh_checkout_gate/OP_ACCEPTANCE.md","services","operation_acceptance","dsh_checkout_gate","",".md","dsh_cart_checkout_gate","covered","dsh_client_cart_review|dsh_client_checkout_confirm|dsh_client_checkout_block_state","dsh_client_cart_review|dsh_client_checkout_confirm","","high","Cart and checkout gating family."
"services/dsh/governance/operations/dsh_checkout_gate/OP_ACTIONS_CATALOG.csv","services","operation_actions_catalog","dsh_checkout_gate","",".csv","dsh_cart_checkout_gate","covered","dsh_client_cart_review|dsh_client_checkout_confirm|dsh_client_checkout_block_state","dsh_client_cart_review|dsh_client_checkout_confirm","","high","Cart and checkout gating family."
"services/dsh/governance/operations/dsh_checkout_gate/OP_API_MAP.csv","services","operation_api_map","dsh_checkout_gate","",".csv","dsh_cart_checkout_gate","covered","dsh_client_cart_review|dsh_client_checkout_confirm|dsh_client_checkout_block_state","dsh_client_cart_review|dsh_client_checkout_confirm","","high","Cart and checkout gating family."
"services/dsh/governance/operations/dsh_checkout_gate/OP_EVIDENCE_INDEX.json","services","operation_evidence_index","dsh_checkout_gate","",".json","dsh_cart_checkout_gate","covered","dsh_client_cart_review|dsh_client_checkout_confirm|dsh_client_checkout_block_state","dsh_client_cart_review|dsh_client_checkout_confirm","","high","Cart and checkout gating family."
"services/dsh/governance/operations/dsh_checkout_gate/OP_GAPS.md","services","operation_gaps","dsh_checkout_gate","",".md","dsh_cart_checkout_gate","covered","dsh_client_cart_review|dsh_client_checkout_confirm|dsh_client_checkout_block_state","dsh_client_cart_review|dsh_client_checkout_confirm","","high","Cart and checkout gating family."
"services/dsh/governance/operations/dsh_checkout_gate/OP_CONTROL_PANEL_MAP.csv","services","operation_control_panel_map","dsh_checkout_gate","",".csv","dsh_cart_checkout_gate","covered","dsh_client_cart_review|dsh_client_checkout_confirm|dsh_client_checkout_block_state","dsh_client_cart_review|dsh_client_checkout_confirm","","high","Cart and checkout gating family."
"services/dsh/governance/operations/dsh_checkout_gate/OP_RBAC_ABAC.csv","services","operation_rbac_abac","dsh_checkout_gate","",".csv","dsh_cart_checkout_gate","covered","dsh_client_cart_review|dsh_client_checkout_confirm|dsh_client_checkout_block_state","dsh_client_cart_review|dsh_client_checkout_confirm","","high","Cart and checkout gating family."
"services/dsh/governance/operations/dsh_checkout_gate/OP_RUNTIME_VARS.csv","services","operation_runtime_vars","dsh_checkout_gate","",".csv","dsh_cart_checkout_gate","covered","dsh_client_cart_review|dsh_client_checkout_confirm|dsh_client_checkout_block_state","dsh_client_cart_review|dsh_client_checkout_confirm","","high","Cart and checkout gating family."
"services/dsh/governance/operations/dsh_checkout_gate/OP_SCREENS_MAP.csv","services","operation_screens_map","dsh_checkout_gate","",".csv","dsh_cart_checkout_gate","covered","dsh_client_cart_review|dsh_client_checkout_confirm|dsh_client_checkout_block_state","dsh_client_cart_review|dsh_client_checkout_confirm","","high","Cart and checkout gating family."
"services/dsh/governance/operations/dsh_checkout_gate/OP_SPEC.yaml","services","operation_spec","dsh_checkout_gate","",".yaml","dsh_cart_checkout_gate","covered","dsh_client_cart_review|dsh_client_checkout_confirm|dsh_client_checkout_block_state","dsh_client_cart_review|dsh_client_checkout_confirm","","high","Cart and checkout gating family."
"services/dsh/governance/operations/dsh_delivery_attempt_create/OP_ACCEPTANCE.md","services","operation_acceptance","dsh_delivery_attempt_create","",".md","dsh_customer_order_tracking","support_folded","dsh_client_active_order_tracking|dsh_captain_proof_capture","dsh_client_active_order_tracking|dsh_captain_proof_capture","","low","Support operation that affects completion or visibility without a standalone current-screen identity."
"services/dsh/governance/operations/dsh_delivery_attempt_create/OP_ACTIONS_CATALOG.csv","services","operation_actions_catalog","dsh_delivery_attempt_create","",".csv","dsh_customer_order_tracking","support_folded","dsh_client_active_order_tracking|dsh_captain_proof_capture","dsh_client_active_order_tracking|dsh_captain_proof_capture","","low","Support operation that affects completion or visibility without a standalone current-screen identity."
"services/dsh/governance/operations/dsh_delivery_attempt_create/OP_API_MAP.csv","services","operation_api_map","dsh_delivery_attempt_create","",".csv","dsh_customer_order_tracking","support_folded","dsh_client_active_order_tracking|dsh_captain_proof_capture","dsh_client_active_order_tracking|dsh_captain_proof_capture","","low","Support operation that affects completion or visibility without a standalone current-screen identity."
"services/dsh/governance/operations/dsh_delivery_attempt_create/OP_EVIDENCE_INDEX.json","services","operation_evidence_index","dsh_delivery_attempt_create","",".json","dsh_customer_order_tracking","support_folded","dsh_client_active_order_tracking|dsh_captain_proof_capture","dsh_client_active_order_tracking|dsh_captain_proof_capture","","low","Support operation that affects completion or visibility without a standalone current-screen identity."
"services/dsh/governance/operations/dsh_delivery_attempt_create/OP_GAPS.md","services","operation_gaps","dsh_delivery_attempt_create","",".md","dsh_customer_order_tracking","support_folded","dsh_client_active_order_tracking|dsh_captain_proof_capture","dsh_client_active_order_tracking|dsh_captain_proof_capture","","low","Support operation that affects completion or visibility without a standalone current-screen identity."
"services/dsh/governance/operations/dsh_delivery_attempt_create/OP_CONTROL_PANEL_MAP.csv","services","operation_control_panel_map","dsh_delivery_attempt_create","",".csv","dsh_customer_order_tracking","support_folded","dsh_client_active_order_tracking|dsh_captain_proof_capture","dsh_client_active_order_tracking|dsh_captain_proof_capture","","low","Support operation that affects completion or visibility without a standalone current-screen identity."
"services/dsh/governance/operations/dsh_delivery_attempt_create/OP_RBAC_ABAC.csv","services","operation_rbac_abac","dsh_delivery_attempt_create","",".csv","dsh_customer_order_tracking","support_folded","dsh_client_active_order_tracking|dsh_captain_proof_capture","dsh_client_active_order_tracking|dsh_captain_proof_capture","","low","Support operation that affects completion or visibility without a standalone current-screen identity."
"services/dsh/governance/operations/dsh_delivery_attempt_create/OP_RUNTIME_VARS.csv","services","operation_runtime_vars","dsh_delivery_attempt_create","",".csv","dsh_customer_order_tracking","support_folded","dsh_client_active_order_tracking|dsh_captain_proof_capture","dsh_client_active_order_tracking|dsh_captain_proof_capture","","low","Support operation that affects completion or visibility without a standalone current-screen identity."
"services/dsh/governance/operations/dsh_delivery_attempt_create/OP_SCREENS_MAP.csv","services","operation_screens_map","dsh_delivery_attempt_create","",".csv","dsh_customer_order_tracking","support_folded","dsh_client_active_order_tracking|dsh_captain_proof_capture","dsh_client_active_order_tracking|dsh_captain_proof_capture","","low","Support operation that affects completion or visibility without a standalone current-screen identity."
"services/dsh/governance/operations/dsh_delivery_attempt_create/OP_SPEC.yaml","services","operation_spec","dsh_delivery_attempt_create","",".yaml","dsh_customer_order_tracking","support_folded","dsh_client_active_order_tracking|dsh_captain_proof_capture","dsh_client_active_order_tracking|dsh_captain_proof_capture","","low","Support operation that affects completion or visibility without a standalone current-screen identity."
"services/dsh/governance/operations/dsh_delivery_eta_get/OP_ACCEPTANCE.md","services","operation_acceptance","dsh_delivery_eta_get","",".md","dsh_customer_order_tracking","support_folded","dsh_client_active_order_tracking|dsh_captain_proof_capture","dsh_client_active_order_tracking|dsh_captain_proof_capture","","low","Support operation that affects completion or visibility without a standalone current-screen identity."
"services/dsh/governance/operations/dsh_delivery_eta_get/OP_ACTIONS_CATALOG.csv","services","operation_actions_catalog","dsh_delivery_eta_get","",".csv","dsh_customer_order_tracking","support_folded","dsh_client_active_order_tracking|dsh_captain_proof_capture","dsh_client_active_order_tracking|dsh_captain_proof_capture","","low","Support operation that affects completion or visibility without a standalone current-screen identity."
"services/dsh/governance/operations/dsh_delivery_eta_get/OP_API_MAP.csv","services","operation_api_map","dsh_delivery_eta_get","",".csv","dsh_customer_order_tracking","support_folded","dsh_client_active_order_tracking|dsh_captain_proof_capture","dsh_client_active_order_tracking|dsh_captain_proof_capture","","low","Support operation that affects completion or visibility without a standalone current-screen identity."
"services/dsh/governance/operations/dsh_delivery_eta_get/OP_EVIDENCE_INDEX.json","services","operation_evidence_index","dsh_delivery_eta_get","",".json","dsh_customer_order_tracking","support_folded","dsh_client_active_order_tracking|dsh_captain_proof_capture","dsh_client_active_order_tracking|dsh_captain_proof_capture","","low","Support operation that affects completion or visibility without a standalone current-screen identity."
"services/dsh/governance/operations/dsh_delivery_eta_get/OP_GAPS.md","services","operation_gaps","dsh_delivery_eta_get","",".md","dsh_customer_order_tracking","support_folded","dsh_client_active_order_tracking|dsh_captain_proof_capture","dsh_client_active_order_tracking|dsh_captain_proof_capture","","low","Support operation that affects completion or visibility without a standalone current-screen identity."
"services/dsh/governance/operations/dsh_delivery_eta_get/OP_CONTROL_PANEL_MAP.csv","services","operation_control_panel_map","dsh_delivery_eta_get","",".csv","dsh_customer_order_tracking","support_folded","dsh_client_active_order_tracking|dsh_captain_proof_capture","dsh_client_active_order_tracking|dsh_captain_proof_capture","","low","Support operation that affects completion or visibility without a standalone current-screen identity."
"services/dsh/governance/operations/dsh_delivery_eta_get/OP_RBAC_ABAC.csv","services","operation_rbac_abac","dsh_delivery_eta_get","",".csv","dsh_customer_order_tracking","support_folded","dsh_client_active_order_tracking|dsh_captain_proof_capture","dsh_client_active_order_tracking|dsh_captain_proof_capture","","low","Support operation that affects completion or visibility without a standalone current-screen identity."
"services/dsh/governance/operations/dsh_delivery_eta_get/OP_RUNTIME_VARS.csv","services","operation_runtime_vars","dsh_delivery_eta_get","",".csv","dsh_customer_order_tracking","support_folded","dsh_client_active_order_tracking|dsh_captain_proof_capture","dsh_client_active_order_tracking|dsh_captain_proof_capture","","low","Support operation that affects completion or visibility without a standalone current-screen identity."
"services/dsh/governance/operations/dsh_delivery_eta_get/OP_SCREENS_MAP.csv","services","operation_screens_map","dsh_delivery_eta_get","",".csv","dsh_customer_order_tracking","support_folded","dsh_client_active_order_tracking|dsh_captain_proof_capture","dsh_client_active_order_tracking|dsh_captain_proof_capture","","low","Support operation that affects completion or visibility without a standalone current-screen identity."
"services/dsh/governance/operations/dsh_delivery_eta_get/OP_SPEC.yaml","services","operation_spec","dsh_delivery_eta_get","",".yaml","dsh_customer_order_tracking","support_folded","dsh_client_active_order_tracking|dsh_captain_proof_capture","dsh_client_active_order_tracking|dsh_captain_proof_capture","","low","Support operation that affects completion or visibility without a standalone current-screen identity."
"services/dsh/governance/operations/dsh_delivery_position_update/OP_ACCEPTANCE.md","services","operation_acceptance","dsh_delivery_position_update","",".md","orphan_delivery_position","orphan_dossier","","","","high","This dossier exists in donor operations but is not present in the donor inventory catalog."
"services/dsh/governance/operations/dsh_delivery_position_update/OP_ACTIONS_CATALOG.csv","services","operation_actions_catalog","dsh_delivery_position_update","",".csv","orphan_delivery_position","orphan_dossier","","","","high","This dossier exists in donor operations but is not present in the donor inventory catalog."
"services/dsh/governance/operations/dsh_delivery_position_update/OP_API_MAP.csv","services","operation_api_map","dsh_delivery_position_update","",".csv","orphan_delivery_position","orphan_dossier","","","","high","This dossier exists in donor operations but is not present in the donor inventory catalog."
"services/dsh/governance/operations/dsh_delivery_position_update/OP_EVIDENCE_INDEX.json","services","operation_evidence_index","dsh_delivery_position_update","",".json","orphan_delivery_position","orphan_dossier","","","","high","This dossier exists in donor operations but is not present in the donor inventory catalog."
"services/dsh/governance/operations/dsh_delivery_position_update/OP_GAPS.md","services","operation_gaps","dsh_delivery_position_update","",".md","orphan_delivery_position","orphan_dossier","","","","high","This dossier exists in donor operations but is not present in the donor inventory catalog."
"services/dsh/governance/operations/dsh_delivery_position_update/OP_CONTROL_PANEL_MAP.csv","services","operation_control_panel_map","dsh_delivery_position_update","",".csv","orphan_delivery_position","orphan_dossier","","","","high","This dossier exists in donor operations but is not present in the donor inventory catalog."
"services/dsh/governance/operations/dsh_delivery_position_update/OP_RBAC_ABAC.csv","services","operation_rbac_abac","dsh_delivery_position_update","",".csv","orphan_delivery_position","orphan_dossier","","","","high","This dossier exists in donor operations but is not present in the donor inventory catalog."
"services/dsh/governance/operations/dsh_delivery_position_update/OP_RUNTIME_VARS.csv","services","operation_runtime_vars","dsh_delivery_position_update","",".csv","orphan_delivery_position","orphan_dossier","","","","high","This dossier exists in donor operations but is not present in the donor inventory catalog."
"services/dsh/governance/operations/dsh_delivery_position_update/OP_SCREENS_MAP.csv","services","operation_screens_map","dsh_delivery_position_update","",".csv","orphan_delivery_position","orphan_dossier","","","","high","This dossier exists in donor operations but is not present in the donor inventory catalog."
"services/dsh/governance/operations/dsh_delivery_position_update/OP_SPEC.yaml","services","operation_spec","dsh_delivery_position_update","",".yaml","orphan_delivery_position","orphan_dossier","","","","high","This dossier exists in donor operations but is not present in the donor inventory catalog."
"services/dsh/governance/operations/dsh_delivery_reassign_request/OP_ACCEPTANCE.md","services","operation_acceptance","dsh_delivery_reassign_request","",".md","dsh_ops_governance_controls","internal_or_support","dsh_ops_orders_board|dsh_ops_order_detail_exception_workspace|dsh_ops_peak_mode_control","dsh_ops_orders_board|dsh_ops_order_detail_exception_workspace|dsh_ops_peak_mode_control","","medium","Internal oversight or exception handling family."
"services/dsh/governance/operations/dsh_delivery_reassign_request/OP_ACTIONS_CATALOG.csv","services","operation_actions_catalog","dsh_delivery_reassign_request","",".csv","dsh_ops_governance_controls","internal_or_support","dsh_ops_orders_board|dsh_ops_order_detail_exception_workspace|dsh_ops_peak_mode_control","dsh_ops_orders_board|dsh_ops_order_detail_exception_workspace|dsh_ops_peak_mode_control","","medium","Internal oversight or exception handling family."
"services/dsh/governance/operations/dsh_delivery_reassign_request/OP_API_MAP.csv","services","operation_api_map","dsh_delivery_reassign_request","",".csv","dsh_ops_governance_controls","internal_or_support","dsh_ops_orders_board|dsh_ops_order_detail_exception_workspace|dsh_ops_peak_mode_control","dsh_ops_orders_board|dsh_ops_order_detail_exception_workspace|dsh_ops_peak_mode_control","","medium","Internal oversight or exception handling family."
"services/dsh/governance/operations/dsh_delivery_reassign_request/OP_EVIDENCE_INDEX.json","services","operation_evidence_index","dsh_delivery_reassign_request","",".json","dsh_ops_governance_controls","internal_or_support","dsh_ops_orders_board|dsh_ops_order_detail_exception_workspace|dsh_ops_peak_mode_control","dsh_ops_orders_board|dsh_ops_order_detail_exception_workspace|dsh_ops_peak_mode_control","","medium","Internal oversight or exception handling family."
"services/dsh/governance/operations/dsh_delivery_reassign_request/OP_GAPS.md","services","operation_gaps","dsh_delivery_reassign_request","",".md","dsh_ops_governance_controls","internal_or_support","dsh_ops_orders_board|dsh_ops_order_detail_exception_workspace|dsh_ops_peak_mode_control","dsh_ops_orders_board|dsh_ops_order_detail_exception_workspace|dsh_ops_peak_mode_control","","medium","Internal oversight or exception handling family."
"services/dsh/governance/operations/dsh_delivery_reassign_request/OP_CONTROL_PANEL_MAP.csv","services","operation_control_panel_map","dsh_delivery_reassign_request","",".csv","dsh_ops_governance_controls","internal_or_support","dsh_ops_orders_board|dsh_ops_order_detail_exception_workspace|dsh_ops_peak_mode_control","dsh_ops_orders_board|dsh_ops_order_detail_exception_workspace|dsh_ops_peak_mode_control","","medium","Internal oversight or exception handling family."
"services/dsh/governance/operations/dsh_delivery_reassign_request/OP_RBAC_ABAC.csv","services","operation_rbac_abac","dsh_delivery_reassign_request","",".csv","dsh_ops_governance_controls","internal_or_support","dsh_ops_orders_board|dsh_ops_order_detail_exception_workspace|dsh_ops_peak_mode_control","dsh_ops_orders_board|dsh_ops_order_detail_exception_workspace|dsh_ops_peak_mode_control","","medium","Internal oversight or exception handling family."
"services/dsh/governance/operations/dsh_delivery_reassign_request/OP_RUNTIME_VARS.csv","services","operation_runtime_vars","dsh_delivery_reassign_request","",".csv","dsh_ops_governance_controls","internal_or_support","dsh_ops_orders_board|dsh_ops_order_detail_exception_workspace|dsh_ops_peak_mode_control","dsh_ops_orders_board|dsh_ops_order_detail_exception_workspace|dsh_ops_peak_mode_control","","medium","Internal oversight or exception handling family."
"services/dsh/governance/operations/dsh_delivery_reassign_request/OP_SCREENS_MAP.csv","services","operation_screens_map","dsh_delivery_reassign_request","",".csv","dsh_ops_governance_controls","internal_or_support","dsh_ops_orders_board|dsh_ops_order_detail_exception_workspace|dsh_ops_peak_mode_control","dsh_ops_orders_board|dsh_ops_order_detail_exception_workspace|dsh_ops_peak_mode_control","","medium","Internal oversight or exception handling family."
"services/dsh/governance/operations/dsh_delivery_reassign_request/OP_SPEC.yaml","services","operation_spec","dsh_delivery_reassign_request","",".yaml","dsh_ops_governance_controls","internal_or_support","dsh_ops_orders_board|dsh_ops_order_detail_exception_workspace|dsh_ops_peak_mode_control","dsh_ops_orders_board|dsh_ops_order_detail_exception_workspace|dsh_ops_peak_mode_control","","medium","Internal oversight or exception handling family."
"services/dsh/governance/operations/dsh_delivery_track_get/OP_ACCEPTANCE.md","services","operation_acceptance","dsh_delivery_track_get","",".md","dsh_customer_order_tracking","covered","dsh_client_active_order_tracking","dsh_client_active_order_tracking","","high","Customer-visible order tracking family."
"services/dsh/governance/operations/dsh_delivery_track_get/OP_ACTIONS_CATALOG.csv","services","operation_actions_catalog","dsh_delivery_track_get","",".csv","dsh_customer_order_tracking","covered","dsh_client_active_order_tracking","dsh_client_active_order_tracking","","high","Customer-visible order tracking family."
"services/dsh/governance/operations/dsh_delivery_track_get/OP_API_MAP.csv","services","operation_api_map","dsh_delivery_track_get","",".csv","dsh_customer_order_tracking","covered","dsh_client_active_order_tracking","dsh_client_active_order_tracking","","high","Customer-visible order tracking family."
"services/dsh/governance/operations/dsh_delivery_track_get/OP_EVIDENCE_INDEX.json","services","operation_evidence_index","dsh_delivery_track_get","",".json","dsh_customer_order_tracking","covered","dsh_client_active_order_tracking","dsh_client_active_order_tracking","","high","Customer-visible order tracking family."
"services/dsh/governance/operations/dsh_delivery_track_get/OP_GAPS.md","services","operation_gaps","dsh_delivery_track_get","",".md","dsh_customer_order_tracking","covered","dsh_client_active_order_tracking","dsh_client_active_order_tracking","","high","Customer-visible order tracking family."
"services/dsh/governance/operations/dsh_delivery_track_get/OP_CONTROL_PANEL_MAP.csv","services","operation_control_panel_map","dsh_delivery_track_get","",".csv","dsh_customer_order_tracking","covered","dsh_client_active_order_tracking","dsh_client_active_order_tracking","","high","Customer-visible order tracking family."
"services/dsh/governance/operations/dsh_delivery_track_get/OP_RBAC_ABAC.csv","services","operation_rbac_abac","dsh_delivery_track_get","",".csv","dsh_customer_order_tracking","covered","dsh_client_active_order_tracking","dsh_client_active_order_tracking","","high","Customer-visible order tracking family."
"services/dsh/governance/operations/dsh_delivery_track_get/OP_RUNTIME_VARS.csv","services","operation_runtime_vars","dsh_delivery_track_get","",".csv","dsh_customer_order_tracking","covered","dsh_client_active_order_tracking","dsh_client_active_order_tracking","","high","Customer-visible order tracking family."
"services/dsh/governance/operations/dsh_delivery_track_get/OP_SCREENS_MAP.csv","services","operation_screens_map","dsh_delivery_track_get","",".csv","dsh_customer_order_tracking","covered","dsh_client_active_order_tracking","dsh_client_active_order_tracking","","high","Customer-visible order tracking family."
"services/dsh/governance/operations/dsh_delivery_track_get/OP_SPEC.yaml","services","operation_spec","dsh_delivery_track_get","",".yaml","dsh_customer_order_tracking","covered","dsh_client_active_order_tracking","dsh_client_active_order_tracking","","high","Customer-visible order tracking family."
"services/dsh/governance/operations/dsh_entitlements_get/OP_ACCEPTANCE.md","services","operation_acceptance","dsh_entitlements_get","",".md","dsh_store_discovery","support_folded","dsh_client_entry_discovery_home|dsh_client_category_or_store_detail","dsh_client_entry_discovery_home|dsh_client_category_or_store_detail","","medium","Discovery and detail-support operation family."
"services/dsh/governance/operations/dsh_entitlements_get/OP_ACTIONS_CATALOG.csv","services","operation_actions_catalog","dsh_entitlements_get","",".csv","dsh_store_discovery","support_folded","dsh_client_entry_discovery_home|dsh_client_category_or_store_detail","dsh_client_entry_discovery_home|dsh_client_category_or_store_detail","","medium","Discovery and detail-support operation family."
"services/dsh/governance/operations/dsh_entitlements_get/OP_API_MAP.csv","services","operation_api_map","dsh_entitlements_get","",".csv","dsh_store_discovery","support_folded","dsh_client_entry_discovery_home|dsh_client_category_or_store_detail","dsh_client_entry_discovery_home|dsh_client_category_or_store_detail","","medium","Discovery and detail-support operation family."
"services/dsh/governance/operations/dsh_entitlements_get/OP_EVIDENCE_INDEX.json","services","operation_evidence_index","dsh_entitlements_get","",".json","dsh_store_discovery","support_folded","dsh_client_entry_discovery_home|dsh_client_category_or_store_detail","dsh_client_entry_discovery_home|dsh_client_category_or_store_detail","","medium","Discovery and detail-support operation family."
"services/dsh/governance/operations/dsh_entitlements_get/OP_GAPS.md","services","operation_gaps","dsh_entitlements_get","",".md","dsh_store_discovery","support_folded","dsh_client_entry_discovery_home|dsh_client_category_or_store_detail","dsh_client_entry_discovery_home|dsh_client_category_or_store_detail","","medium","Discovery and detail-support operation family."
"services/dsh/governance/operations/dsh_entitlements_get/OP_CONTROL_PANEL_MAP.csv","services","operation_control_panel_map","dsh_entitlements_get","",".csv","dsh_store_discovery","support_folded","dsh_client_entry_discovery_home|dsh_client_category_or_store_detail","dsh_client_entry_discovery_home|dsh_client_category_or_store_detail","","medium","Discovery and detail-support operation family."
"services/dsh/governance/operations/dsh_entitlements_get/OP_RBAC_ABAC.csv","services","operation_rbac_abac","dsh_entitlements_get","",".csv","dsh_store_discovery","support_folded","dsh_client_entry_discovery_home|dsh_client_category_or_store_detail","dsh_client_entry_discovery_home|dsh_client_category_or_store_detail","","medium","Discovery and detail-support operation family."
"services/dsh/governance/operations/dsh_entitlements_get/OP_RUNTIME_VARS.csv","services","operation_runtime_vars","dsh_entitlements_get","",".csv","dsh_store_discovery","support_folded","dsh_client_entry_discovery_home|dsh_client_category_or_store_detail","dsh_client_entry_discovery_home|dsh_client_category_or_store_detail","","medium","Discovery and detail-support operation family."
"services/dsh/governance/operations/dsh_entitlements_get/OP_SCREENS_MAP.csv","services","operation_screens_map","dsh_entitlements_get","",".csv","dsh_store_discovery","support_folded","dsh_client_entry_discovery_home|dsh_client_category_or_store_detail","dsh_client_entry_discovery_home|dsh_client_category_or_store_detail","","medium","Discovery and detail-support operation family."
"services/dsh/governance/operations/dsh_entitlements_get/OP_SPEC.yaml","services","operation_spec","dsh_entitlements_get","",".yaml","dsh_store_discovery","support_folded","dsh_client_entry_discovery_home|dsh_client_category_or_store_detail","dsh_client_entry_discovery_home|dsh_client_category_or_store_detail","","medium","Discovery and detail-support operation family."
"services/dsh/governance/operations/dsh_estimate_create/OP_ACCEPTANCE.md","services","operation_acceptance","dsh_estimate_create","",".md","dsh_order_submit","covered_or_folded","dsh_client_checkout_confirm","dsh_client_checkout_confirm","","medium","Submission-side operation supporting the confirmed order handoff."
"services/dsh/governance/operations/dsh_estimate_create/OP_ACTIONS_CATALOG.csv","services","operation_actions_catalog","dsh_estimate_create","",".csv","dsh_order_submit","covered_or_folded","dsh_client_checkout_confirm","dsh_client_checkout_confirm","","medium","Submission-side operation supporting the confirmed order handoff."
"services/dsh/governance/operations/dsh_estimate_create/OP_API_MAP.csv","services","operation_api_map","dsh_estimate_create","",".csv","dsh_order_submit","covered_or_folded","dsh_client_checkout_confirm","dsh_client_checkout_confirm","","medium","Submission-side operation supporting the confirmed order handoff."
"services/dsh/governance/operations/dsh_estimate_create/OP_EVIDENCE_INDEX.json","services","operation_evidence_index","dsh_estimate_create","",".json","dsh_order_submit","covered_or_folded","dsh_client_checkout_confirm","dsh_client_checkout_confirm","","medium","Submission-side operation supporting the confirmed order handoff."
"services/dsh/governance/operations/dsh_estimate_create/OP_GAPS.md","services","operation_gaps","dsh_estimate_create","",".md","dsh_order_submit","covered_or_folded","dsh_client_checkout_confirm","dsh_client_checkout_confirm","","medium","Submission-side operation supporting the confirmed order handoff."
"services/dsh/governance/operations/dsh_estimate_create/OP_CONTROL_PANEL_MAP.csv","services","operation_control_panel_map","dsh_estimate_create","",".csv","dsh_order_submit","covered_or_folded","dsh_client_checkout_confirm","dsh_client_checkout_confirm","","medium","Submission-side operation supporting the confirmed order handoff."
"services/dsh/governance/operations/dsh_estimate_create/OP_RBAC_ABAC.csv","services","operation_rbac_abac","dsh_estimate_create","",".csv","dsh_order_submit","covered_or_folded","dsh_client_checkout_confirm","dsh_client_checkout_confirm","","medium","Submission-side operation supporting the confirmed order handoff."
"services/dsh/governance/operations/dsh_estimate_create/OP_RUNTIME_VARS.csv","services","operation_runtime_vars","dsh_estimate_create","",".csv","dsh_order_submit","covered_or_folded","dsh_client_checkout_confirm","dsh_client_checkout_confirm","","medium","Submission-side operation supporting the confirmed order handoff."
"services/dsh/governance/operations/dsh_estimate_create/OP_SCREENS_MAP.csv","services","operation_screens_map","dsh_estimate_create","",".csv","dsh_order_submit","covered_or_folded","dsh_client_checkout_confirm","dsh_client_checkout_confirm","","medium","Submission-side operation supporting the confirmed order handoff."
"services/dsh/governance/operations/dsh_estimate_create/OP_SPEC.yaml","services","operation_spec","dsh_estimate_create","",".yaml","dsh_order_submit","covered_or_folded","dsh_client_checkout_confirm","dsh_client_checkout_confirm","","medium","Submission-side operation supporting the confirmed order handoff."
"services/dsh/governance/operations/dsh_estimate_get/OP_ACCEPTANCE.md","services","operation_acceptance","dsh_estimate_get","",".md","dsh_order_submit","covered_or_folded","dsh_client_checkout_confirm","dsh_client_checkout_confirm","","medium","Submission-side operation supporting the confirmed order handoff."
"services/dsh/governance/operations/dsh_estimate_get/OP_ACTIONS_CATALOG.csv","services","operation_actions_catalog","dsh_estimate_get","",".csv","dsh_order_submit","covered_or_folded","dsh_client_checkout_confirm","dsh_client_checkout_confirm","","medium","Submission-side operation supporting the confirmed order handoff."
"services/dsh/governance/operations/dsh_estimate_get/OP_API_MAP.csv","services","operation_api_map","dsh_estimate_get","",".csv","dsh_order_submit","covered_or_folded","dsh_client_checkout_confirm","dsh_client_checkout_confirm","","medium","Submission-side operation supporting the confirmed order handoff."
"services/dsh/governance/operations/dsh_estimate_get/OP_EVIDENCE_INDEX.json","services","operation_evidence_index","dsh_estimate_get","",".json","dsh_order_submit","covered_or_folded","dsh_client_checkout_confirm","dsh_client_checkout_confirm","","medium","Submission-side operation supporting the confirmed order handoff."
"services/dsh/governance/operations/dsh_estimate_get/OP_GAPS.md","services","operation_gaps","dsh_estimate_get","",".md","dsh_order_submit","covered_or_folded","dsh_client_checkout_confirm","dsh_client_checkout_confirm","","medium","Submission-side operation supporting the confirmed order handoff."
"services/dsh/governance/operations/dsh_estimate_get/OP_CONTROL_PANEL_MAP.csv","services","operation_control_panel_map","dsh_estimate_get","",".csv","dsh_order_submit","covered_or_folded","dsh_client_checkout_confirm","dsh_client_checkout_confirm","","medium","Submission-side operation supporting the confirmed order handoff."
"services/dsh/governance/operations/dsh_estimate_get/OP_RBAC_ABAC.csv","services","operation_rbac_abac","dsh_estimate_get","",".csv","dsh_order_submit","covered_or_folded","dsh_client_checkout_confirm","dsh_client_checkout_confirm","","medium","Submission-side operation supporting the confirmed order handoff."
"services/dsh/governance/operations/dsh_estimate_get/OP_RUNTIME_VARS.csv","services","operation_runtime_vars","dsh_estimate_get","",".csv","dsh_order_submit","covered_or_folded","dsh_client_checkout_confirm","dsh_client_checkout_confirm","","medium","Submission-side operation supporting the confirmed order handoff."
"services/dsh/governance/operations/dsh_estimate_get/OP_SCREENS_MAP.csv","services","operation_screens_map","dsh_estimate_get","",".csv","dsh_order_submit","covered_or_folded","dsh_client_checkout_confirm","dsh_client_checkout_confirm","","medium","Submission-side operation supporting the confirmed order handoff."
"services/dsh/governance/operations/dsh_estimate_get/OP_SPEC.yaml","services","operation_spec","dsh_estimate_get","",".yaml","dsh_order_submit","covered_or_folded","dsh_client_checkout_confirm","dsh_client_checkout_confirm","","medium","Submission-side operation supporting the confirmed order handoff."
"services/dsh/governance/operations/dsh_external_order_create/OP_ACCEPTANCE.md","services","operation_acceptance","dsh_external_order_create","",".md","dsh_proxy_request_flow","covered","dsh_client_proxy_request_entry|dsh_client_proxy_request_tracking|dsh_proxy_requests_list|dsh_proxy_request_review_workspace|dsh_proxy_schedule_companion","dsh_client_proxy_request_entry|dsh_client_proxy_request_tracking|dsh_proxy_requests_list|dsh_proxy_request_review_workspace","","high","Proxy exception family with customer entry and internal review."
"services/dsh/governance/operations/dsh_external_order_create/OP_ACTIONS_CATALOG.csv","services","operation_actions_catalog","dsh_external_order_create","",".csv","dsh_proxy_request_flow","covered","dsh_client_proxy_request_entry|dsh_client_proxy_request_tracking|dsh_proxy_requests_list|dsh_proxy_request_review_workspace|dsh_proxy_schedule_companion","dsh_client_proxy_request_entry|dsh_client_proxy_request_tracking|dsh_proxy_requests_list|dsh_proxy_request_review_workspace","","high","Proxy exception family with customer entry and internal review."
"services/dsh/governance/operations/dsh_external_order_create/OP_API_MAP.csv","services","operation_api_map","dsh_external_order_create","",".csv","dsh_proxy_request_flow","covered","dsh_client_proxy_request_entry|dsh_client_proxy_request_tracking|dsh_proxy_requests_list|dsh_proxy_request_review_workspace|dsh_proxy_schedule_companion","dsh_client_proxy_request_entry|dsh_client_proxy_request_tracking|dsh_proxy_requests_list|dsh_proxy_request_review_workspace","","high","Proxy exception family with customer entry and internal review."
"services/dsh/governance/operations/dsh_external_order_create/OP_EVIDENCE_INDEX.json","services","operation_evidence_index","dsh_external_order_create","",".json","dsh_proxy_request_flow","covered","dsh_client_proxy_request_entry|dsh_client_proxy_request_tracking|dsh_proxy_requests_list|dsh_proxy_request_review_workspace|dsh_proxy_schedule_companion","dsh_client_proxy_request_entry|dsh_client_proxy_request_tracking|dsh_proxy_requests_list|dsh_proxy_request_review_workspace","","high","Proxy exception family with customer entry and internal review."
"services/dsh/governance/operations/dsh_external_order_create/OP_GAPS.md","services","operation_gaps","dsh_external_order_create","",".md","dsh_proxy_request_flow","covered","dsh_client_proxy_request_entry|dsh_client_proxy_request_tracking|dsh_proxy_requests_list|dsh_proxy_request_review_workspace|dsh_proxy_schedule_companion","dsh_client_proxy_request_entry|dsh_client_proxy_request_tracking|dsh_proxy_requests_list|dsh_proxy_request_review_workspace","","high","Proxy exception family with customer entry and internal review."
"services/dsh/governance/operations/dsh_external_order_create/OP_CONTROL_PANEL_MAP.csv","services","operation_control_panel_map","dsh_external_order_create","",".csv","dsh_proxy_request_flow","covered","dsh_client_proxy_request_entry|dsh_client_proxy_request_tracking|dsh_proxy_requests_list|dsh_proxy_request_review_workspace|dsh_proxy_schedule_companion","dsh_client_proxy_request_entry|dsh_client_proxy_request_tracking|dsh_proxy_requests_list|dsh_proxy_request_review_workspace","","high","Proxy exception family with customer entry and internal review."
"services/dsh/governance/operations/dsh_external_order_create/OP_RBAC_ABAC.csv","services","operation_rbac_abac","dsh_external_order_create","",".csv","dsh_proxy_request_flow","covered","dsh_client_proxy_request_entry|dsh_client_proxy_request_tracking|dsh_proxy_requests_list|dsh_proxy_request_review_workspace|dsh_proxy_schedule_companion","dsh_client_proxy_request_entry|dsh_client_proxy_request_tracking|dsh_proxy_requests_list|dsh_proxy_request_review_workspace","","high","Proxy exception family with customer entry and internal review."
"services/dsh/governance/operations/dsh_external_order_create/OP_RUNTIME_VARS.csv","services","operation_runtime_vars","dsh_external_order_create","",".csv","dsh_proxy_request_flow","covered","dsh_client_proxy_request_entry|dsh_client_proxy_request_tracking|dsh_proxy_requests_list|dsh_proxy_request_review_workspace|dsh_proxy_schedule_companion","dsh_client_proxy_request_entry|dsh_client_proxy_request_tracking|dsh_proxy_requests_list|dsh_proxy_request_review_workspace","","high","Proxy exception family with customer entry and internal review."
"services/dsh/governance/operations/dsh_external_order_create/OP_SCREENS_MAP.csv","services","operation_screens_map","dsh_external_order_create","",".csv","dsh_proxy_request_flow","covered","dsh_client_proxy_request_entry|dsh_client_proxy_request_tracking|dsh_proxy_requests_list|dsh_proxy_request_review_workspace|dsh_proxy_schedule_companion","dsh_client_proxy_request_entry|dsh_client_proxy_request_tracking|dsh_proxy_requests_list|dsh_proxy_request_review_workspace","","high","Proxy exception family with customer entry and internal review."
"services/dsh/governance/operations/dsh_external_order_create/OP_SPEC.yaml","services","operation_spec","dsh_external_order_create","",".yaml","dsh_proxy_request_flow","covered","dsh_client_proxy_request_entry|dsh_client_proxy_request_tracking|dsh_proxy_requests_list|dsh_proxy_request_review_workspace|dsh_proxy_schedule_companion","dsh_client_proxy_request_entry|dsh_client_proxy_request_tracking|dsh_proxy_requests_list|dsh_proxy_request_review_workspace","","high","Proxy exception family with customer entry and internal review."
"services/dsh/governance/operations/dsh_field_store_activation_request/OP_ACCEPTANCE.md","services","operation_acceptance","dsh_field_store_activation_request","",".md","dsh_field_activation_support","covered","dsh_field_activation_workspace|dsh_field_geo_pin_companion|dsh_field_visit_log_companion","dsh_field_activation_workspace","","high","Field support branch remains optional."
"services/dsh/governance/operations/dsh_field_store_activation_request/OP_ACTIONS_CATALOG.csv","services","operation_actions_catalog","dsh_field_store_activation_request","",".csv","dsh_field_activation_support","covered","dsh_field_activation_workspace|dsh_field_geo_pin_companion|dsh_field_visit_log_companion","dsh_field_activation_workspace","","high","Field support branch remains optional."
"services/dsh/governance/operations/dsh_field_store_activation_request/OP_API_MAP.csv","services","operation_api_map","dsh_field_store_activation_request","",".csv","dsh_field_activation_support","covered","dsh_field_activation_workspace|dsh_field_geo_pin_companion|dsh_field_visit_log_companion","dsh_field_activation_workspace","","high","Field support branch remains optional."
"services/dsh/governance/operations/dsh_field_store_activation_request/OP_EVIDENCE_INDEX.json","services","operation_evidence_index","dsh_field_store_activation_request","",".json","dsh_field_activation_support","covered","dsh_field_activation_workspace|dsh_field_geo_pin_companion|dsh_field_visit_log_companion","dsh_field_activation_workspace","","high","Field support branch remains optional."
"services/dsh/governance/operations/dsh_field_store_activation_request/OP_GAPS.md","services","operation_gaps","dsh_field_store_activation_request","",".md","dsh_field_activation_support","covered","dsh_field_activation_workspace|dsh_field_geo_pin_companion|dsh_field_visit_log_companion","dsh_field_activation_workspace","","high","Field support branch remains optional."
"services/dsh/governance/operations/dsh_field_store_activation_request/OP_CONTROL_PANEL_MAP.csv","services","operation_control_panel_map","dsh_field_store_activation_request","",".csv","dsh_field_activation_support","covered","dsh_field_activation_workspace|dsh_field_geo_pin_companion|dsh_field_visit_log_companion","dsh_field_activation_workspace","","high","Field support branch remains optional."
"services/dsh/governance/operations/dsh_field_store_activation_request/OP_RBAC_ABAC.csv","services","operation_rbac_abac","dsh_field_store_activation_request","",".csv","dsh_field_activation_support","covered","dsh_field_activation_workspace|dsh_field_geo_pin_companion|dsh_field_visit_log_companion","dsh_field_activation_workspace","","high","Field support branch remains optional."
"services/dsh/governance/operations/dsh_field_store_activation_request/OP_RUNTIME_VARS.csv","services","operation_runtime_vars","dsh_field_store_activation_request","",".csv","dsh_field_activation_support","covered","dsh_field_activation_workspace|dsh_field_geo_pin_companion|dsh_field_visit_log_companion","dsh_field_activation_workspace","","high","Field support branch remains optional."
"services/dsh/governance/operations/dsh_field_store_activation_request/OP_SCREENS_MAP.csv","services","operation_screens_map","dsh_field_store_activation_request","",".csv","dsh_field_activation_support","covered","dsh_field_activation_workspace|dsh_field_geo_pin_companion|dsh_field_visit_log_companion","dsh_field_activation_workspace","","high","Field support branch remains optional."
"services/dsh/governance/operations/dsh_field_store_activation_request/OP_SPEC.yaml","services","operation_spec","dsh_field_store_activation_request","",".yaml","dsh_field_activation_support","covered","dsh_field_activation_workspace|dsh_field_geo_pin_companion|dsh_field_visit_log_companion","dsh_field_activation_workspace","","high","Field support branch remains optional."
"services/dsh/governance/operations/dsh_field_store_geo_pin/OP_ACCEPTANCE.md","services","operation_acceptance","dsh_field_store_geo_pin","",".md","dsh_field_activation_support","covered","dsh_field_activation_workspace|dsh_field_geo_pin_companion|dsh_field_visit_log_companion","dsh_field_activation_workspace","","high","Field support branch remains optional."
"services/dsh/governance/operations/dsh_field_store_geo_pin/OP_ACTIONS_CATALOG.csv","services","operation_actions_catalog","dsh_field_store_geo_pin","",".csv","dsh_field_activation_support","covered","dsh_field_activation_workspace|dsh_field_geo_pin_companion|dsh_field_visit_log_companion","dsh_field_activation_workspace","","high","Field support branch remains optional."
"services/dsh/governance/operations/dsh_field_store_geo_pin/OP_API_MAP.csv","services","operation_api_map","dsh_field_store_geo_pin","",".csv","dsh_field_activation_support","covered","dsh_field_activation_workspace|dsh_field_geo_pin_companion|dsh_field_visit_log_companion","dsh_field_activation_workspace","","high","Field support branch remains optional."
"services/dsh/governance/operations/dsh_field_store_geo_pin/OP_EVIDENCE_INDEX.json","services","operation_evidence_index","dsh_field_store_geo_pin","",".json","dsh_field_activation_support","covered","dsh_field_activation_workspace|dsh_field_geo_pin_companion|dsh_field_visit_log_companion","dsh_field_activation_workspace","","high","Field support branch remains optional."
"services/dsh/governance/operations/dsh_field_store_geo_pin/OP_GAPS.md","services","operation_gaps","dsh_field_store_geo_pin","",".md","dsh_field_activation_support","covered","dsh_field_activation_workspace|dsh_field_geo_pin_companion|dsh_field_visit_log_companion","dsh_field_activation_workspace","","high","Field support branch remains optional."
"services/dsh/governance/operations/dsh_field_store_geo_pin/OP_CONTROL_PANEL_MAP.csv","services","operation_control_panel_map","dsh_field_store_geo_pin","",".csv","dsh_field_activation_support","covered","dsh_field_activation_workspace|dsh_field_geo_pin_companion|dsh_field_visit_log_companion","dsh_field_activation_workspace","","high","Field support branch remains optional."
"services/dsh/governance/operations/dsh_field_store_geo_pin/OP_RBAC_ABAC.csv","services","operation_rbac_abac","dsh_field_store_geo_pin","",".csv","dsh_field_activation_support","covered","dsh_field_activation_workspace|dsh_field_geo_pin_companion|dsh_field_visit_log_companion","dsh_field_activation_workspace","","high","Field support branch remains optional."
"services/dsh/governance/operations/dsh_field_store_geo_pin/OP_RUNTIME_VARS.csv","services","operation_runtime_vars","dsh_field_store_geo_pin","",".csv","dsh_field_activation_support","covered","dsh_field_activation_workspace|dsh_field_geo_pin_companion|dsh_field_visit_log_companion","dsh_field_activation_workspace","","high","Field support branch remains optional."
"services/dsh/governance/operations/dsh_field_store_geo_pin/OP_SCREENS_MAP.csv","services","operation_screens_map","dsh_field_store_geo_pin","",".csv","dsh_field_activation_support","covered","dsh_field_activation_workspace|dsh_field_geo_pin_companion|dsh_field_visit_log_companion","dsh_field_activation_workspace","","high","Field support branch remains optional."
"services/dsh/governance/operations/dsh_field_store_geo_pin/OP_SPEC.yaml","services","operation_spec","dsh_field_store_geo_pin","",".yaml","dsh_field_activation_support","covered","dsh_field_activation_workspace|dsh_field_geo_pin_companion|dsh_field_visit_log_companion","dsh_field_activation_workspace","","high","Field support branch remains optional."
"services/dsh/governance/operations/dsh_field_store_visit_log/OP_ACCEPTANCE.md","services","operation_acceptance","dsh_field_store_visit_log","",".md","dsh_field_activation_support","covered","dsh_field_activation_workspace|dsh_field_geo_pin_companion|dsh_field_visit_log_companion","dsh_field_activation_workspace","","high","Field support branch remains optional."
"services/dsh/governance/operations/dsh_field_store_visit_log/OP_ACTIONS_CATALOG.csv","services","operation_actions_catalog","dsh_field_store_visit_log","",".csv","dsh_field_activation_support","covered","dsh_field_activation_workspace|dsh_field_geo_pin_companion|dsh_field_visit_log_companion","dsh_field_activation_workspace","","high","Field support branch remains optional."
"services/dsh/governance/operations/dsh_field_store_visit_log/OP_API_MAP.csv","services","operation_api_map","dsh_field_store_visit_log","",".csv","dsh_field_activation_support","covered","dsh_field_activation_workspace|dsh_field_geo_pin_companion|dsh_field_visit_log_companion","dsh_field_activation_workspace","","high","Field support branch remains optional."
"services/dsh/governance/operations/dsh_field_store_visit_log/OP_EVIDENCE_INDEX.json","services","operation_evidence_index","dsh_field_store_visit_log","",".json","dsh_field_activation_support","covered","dsh_field_activation_workspace|dsh_field_geo_pin_companion|dsh_field_visit_log_companion","dsh_field_activation_workspace","","high","Field support branch remains optional."
"services/dsh/governance/operations/dsh_field_store_visit_log/OP_GAPS.md","services","operation_gaps","dsh_field_store_visit_log","",".md","dsh_field_activation_support","covered","dsh_field_activation_workspace|dsh_field_geo_pin_companion|dsh_field_visit_log_companion","dsh_field_activation_workspace","","high","Field support branch remains optional."
"services/dsh/governance/operations/dsh_field_store_visit_log/OP_CONTROL_PANEL_MAP.csv","services","operation_control_panel_map","dsh_field_store_visit_log","",".csv","dsh_field_activation_support","covered","dsh_field_activation_workspace|dsh_field_geo_pin_companion|dsh_field_visit_log_companion","dsh_field_activation_workspace","","high","Field support branch remains optional."
"services/dsh/governance/operations/dsh_field_store_visit_log/OP_RBAC_ABAC.csv","services","operation_rbac_abac","dsh_field_store_visit_log","",".csv","dsh_field_activation_support","covered","dsh_field_activation_workspace|dsh_field_geo_pin_companion|dsh_field_visit_log_companion","dsh_field_activation_workspace","","high","Field support branch remains optional."
"services/dsh/governance/operations/dsh_field_store_visit_log/OP_RUNTIME_VARS.csv","services","operation_runtime_vars","dsh_field_store_visit_log","",".csv","dsh_field_activation_support","covered","dsh_field_activation_workspace|dsh_field_geo_pin_companion|dsh_field_visit_log_companion","dsh_field_activation_workspace","","high","Field support branch remains optional."
"services/dsh/governance/operations/dsh_field_store_visit_log/OP_SCREENS_MAP.csv","services","operation_screens_map","dsh_field_store_visit_log","",".csv","dsh_field_activation_support","covered","dsh_field_activation_workspace|dsh_field_geo_pin_companion|dsh_field_visit_log_companion","dsh_field_activation_workspace","","high","Field support branch remains optional."
"services/dsh/governance/operations/dsh_field_store_visit_log/OP_SPEC.yaml","services","operation_spec","dsh_field_store_visit_log","",".yaml","dsh_field_activation_support","covered","dsh_field_activation_workspace|dsh_field_geo_pin_companion|dsh_field_visit_log_companion","dsh_field_activation_workspace","","high","Field support branch remains optional."
"services/dsh/governance/operations/dsh_listing_status_update/OP_ACCEPTANCE.md","services","operation_acceptance","dsh_listing_status_update","",".md","dsh_ops_governance_controls","internal_or_support","dsh_ops_orders_board|dsh_ops_order_detail_exception_workspace|dsh_ops_peak_mode_control","dsh_ops_orders_board|dsh_ops_order_detail_exception_workspace|dsh_ops_peak_mode_control","","medium","Internal oversight or exception handling family."
"services/dsh/governance/operations/dsh_listing_status_update/OP_ACTIONS_CATALOG.csv","services","operation_actions_catalog","dsh_listing_status_update","",".csv","dsh_ops_governance_controls","internal_or_support","dsh_ops_orders_board|dsh_ops_order_detail_exception_workspace|dsh_ops_peak_mode_control","dsh_ops_orders_board|dsh_ops_order_detail_exception_workspace|dsh_ops_peak_mode_control","","medium","Internal oversight or exception handling family."
"services/dsh/governance/operations/dsh_listing_status_update/OP_API_MAP.csv","services","operation_api_map","dsh_listing_status_update","",".csv","dsh_ops_governance_controls","internal_or_support","dsh_ops_orders_board|dsh_ops_order_detail_exception_workspace|dsh_ops_peak_mode_control","dsh_ops_orders_board|dsh_ops_order_detail_exception_workspace|dsh_ops_peak_mode_control","","medium","Internal oversight or exception handling family."
"services/dsh/governance/operations/dsh_listing_status_update/OP_EVIDENCE_INDEX.json","services","operation_evidence_index","dsh_listing_status_update","",".json","dsh_ops_governance_controls","internal_or_support","dsh_ops_orders_board|dsh_ops_order_detail_exception_workspace|dsh_ops_peak_mode_control","dsh_ops_orders_board|dsh_ops_order_detail_exception_workspace|dsh_ops_peak_mode_control","","medium","Internal oversight or exception handling family."
"services/dsh/governance/operations/dsh_listing_status_update/OP_GAPS.md","services","operation_gaps","dsh_listing_status_update","",".md","dsh_ops_governance_controls","internal_or_support","dsh_ops_orders_board|dsh_ops_order_detail_exception_workspace|dsh_ops_peak_mode_control","dsh_ops_orders_board|dsh_ops_order_detail_exception_workspace|dsh_ops_peak_mode_control","","medium","Internal oversight or exception handling family."
"services/dsh/governance/operations/dsh_listing_status_update/OP_CONTROL_PANEL_MAP.csv","services","operation_control_panel_map","dsh_listing_status_update","",".csv","dsh_ops_governance_controls","internal_or_support","dsh_ops_orders_board|dsh_ops_order_detail_exception_workspace|dsh_ops_peak_mode_control","dsh_ops_orders_board|dsh_ops_order_detail_exception_workspace|dsh_ops_peak_mode_control","","medium","Internal oversight or exception handling family."
"services/dsh/governance/operations/dsh_listing_status_update/OP_RBAC_ABAC.csv","services","operation_rbac_abac","dsh_listing_status_update","",".csv","dsh_ops_governance_controls","internal_or_support","dsh_ops_orders_board|dsh_ops_order_detail_exception_workspace|dsh_ops_peak_mode_control","dsh_ops_orders_board|dsh_ops_order_detail_exception_workspace|dsh_ops_peak_mode_control","","medium","Internal oversight or exception handling family."
"services/dsh/governance/operations/dsh_listing_status_update/OP_RUNTIME_VARS.csv","services","operation_runtime_vars","dsh_listing_status_update","",".csv","dsh_ops_governance_controls","internal_or_support","dsh_ops_orders_board|dsh_ops_order_detail_exception_workspace|dsh_ops_peak_mode_control","dsh_ops_orders_board|dsh_ops_order_detail_exception_workspace|dsh_ops_peak_mode_control","","medium","Internal oversight or exception handling family."
"services/dsh/governance/operations/dsh_listing_status_update/OP_SCREENS_MAP.csv","services","operation_screens_map","dsh_listing_status_update","",".csv","dsh_ops_governance_controls","internal_or_support","dsh_ops_orders_board|dsh_ops_order_detail_exception_workspace|dsh_ops_peak_mode_control","dsh_ops_orders_board|dsh_ops_order_detail_exception_workspace|dsh_ops_peak_mode_control","","medium","Internal oversight or exception handling family."
"services/dsh/governance/operations/dsh_listing_status_update/OP_SPEC.yaml","services","operation_spec","dsh_listing_status_update","",".yaml","dsh_ops_governance_controls","internal_or_support","dsh_ops_orders_board|dsh_ops_order_detail_exception_workspace|dsh_ops_peak_mode_control","dsh_ops_orders_board|dsh_ops_order_detail_exception_workspace|dsh_ops_peak_mode_control","","medium","Internal oversight or exception handling family."
"services/dsh/governance/operations/dsh_loyalty_points_redeem/OP_ACCEPTANCE.md","services","operation_acceptance","dsh_loyalty_points_redeem","",".md","legacy_client_loyalty_subscription_marketing","move_to_legacy","dsh_client_loyalty_subscription_marketing_cluster","","","high","Loyalty, promo, and subscription extras are outside current first-service truth."
"services/dsh/governance/operations/dsh_loyalty_points_redeem/OP_ACTIONS_CATALOG.csv","services","operation_actions_catalog","dsh_loyalty_points_redeem","",".csv","legacy_client_loyalty_subscription_marketing","move_to_legacy","dsh_client_loyalty_subscription_marketing_cluster","","","high","Loyalty, promo, and subscription extras are outside current first-service truth."
"services/dsh/governance/operations/dsh_loyalty_points_redeem/OP_API_MAP.csv","services","operation_api_map","dsh_loyalty_points_redeem","",".csv","legacy_client_loyalty_subscription_marketing","move_to_legacy","dsh_client_loyalty_subscription_marketing_cluster","","","high","Loyalty, promo, and subscription extras are outside current first-service truth."
"services/dsh/governance/operations/dsh_loyalty_points_redeem/OP_EVIDENCE_INDEX.json","services","operation_evidence_index","dsh_loyalty_points_redeem","",".json","legacy_client_loyalty_subscription_marketing","move_to_legacy","dsh_client_loyalty_subscription_marketing_cluster","","","high","Loyalty, promo, and subscription extras are outside current first-service truth."
"services/dsh/governance/operations/dsh_loyalty_points_redeem/OP_GAPS.md","services","operation_gaps","dsh_loyalty_points_redeem","",".md","legacy_client_loyalty_subscription_marketing","move_to_legacy","dsh_client_loyalty_subscription_marketing_cluster","","","high","Loyalty, promo, and subscription extras are outside current first-service truth."
"services/dsh/governance/operations/dsh_loyalty_points_redeem/OP_CONTROL_PANEL_MAP.csv","services","operation_control_panel_map","dsh_loyalty_points_redeem","",".csv","legacy_client_loyalty_subscription_marketing","move_to_legacy","dsh_client_loyalty_subscription_marketing_cluster","","","high","Loyalty, promo, and subscription extras are outside current first-service truth."
"services/dsh/governance/operations/dsh_loyalty_points_redeem/OP_RBAC_ABAC.csv","services","operation_rbac_abac","dsh_loyalty_points_redeem","",".csv","legacy_client_loyalty_subscription_marketing","move_to_legacy","dsh_client_loyalty_subscription_marketing_cluster","","","high","Loyalty, promo, and subscription extras are outside current first-service truth."
"services/dsh/governance/operations/dsh_loyalty_points_redeem/OP_RUNTIME_VARS.csv","services","operation_runtime_vars","dsh_loyalty_points_redeem","",".csv","legacy_client_loyalty_subscription_marketing","move_to_legacy","dsh_client_loyalty_subscription_marketing_cluster","","","high","Loyalty, promo, and subscription extras are outside current first-service truth."
"services/dsh/governance/operations/dsh_loyalty_points_redeem/OP_SCREENS_MAP.csv","services","operation_screens_map","dsh_loyalty_points_redeem","",".csv","legacy_client_loyalty_subscription_marketing","move_to_legacy","dsh_client_loyalty_subscription_marketing_cluster","","","high","Loyalty, promo, and subscription extras are outside current first-service truth."
"services/dsh/governance/operations/dsh_loyalty_points_redeem/OP_SPEC.yaml","services","operation_spec","dsh_loyalty_points_redeem","",".yaml","legacy_client_loyalty_subscription_marketing","move_to_legacy","dsh_client_loyalty_subscription_marketing_cluster","","","high","Loyalty, promo, and subscription extras are outside current first-service truth."
"services/dsh/governance/operations/dsh_loyalty_points_user_balance/OP_ACCEPTANCE.md","services","operation_acceptance","dsh_loyalty_points_user_balance","",".md","legacy_client_loyalty_subscription_marketing","move_to_legacy","dsh_client_loyalty_subscription_marketing_cluster","","","high","Loyalty, promo, and subscription extras are outside current first-service truth."
"services/dsh/governance/operations/dsh_loyalty_points_user_balance/OP_ACTIONS_CATALOG.csv","services","operation_actions_catalog","dsh_loyalty_points_user_balance","",".csv","legacy_client_loyalty_subscription_marketing","move_to_legacy","dsh_client_loyalty_subscription_marketing_cluster","","","high","Loyalty, promo, and subscription extras are outside current first-service truth."
"services/dsh/governance/operations/dsh_loyalty_points_user_balance/OP_API_MAP.csv","services","operation_api_map","dsh_loyalty_points_user_balance","",".csv","legacy_client_loyalty_subscription_marketing","move_to_legacy","dsh_client_loyalty_subscription_marketing_cluster","","","high","Loyalty, promo, and subscription extras are outside current first-service truth."
"services/dsh/governance/operations/dsh_loyalty_points_user_balance/OP_EVIDENCE_INDEX.json","services","operation_evidence_index","dsh_loyalty_points_user_balance","",".json","legacy_client_loyalty_subscription_marketing","move_to_legacy","dsh_client_loyalty_subscription_marketing_cluster","","","high","Loyalty, promo, and subscription extras are outside current first-service truth."
"services/dsh/governance/operations/dsh_loyalty_points_user_balance/OP_GAPS.md","services","operation_gaps","dsh_loyalty_points_user_balance","",".md","legacy_client_loyalty_subscription_marketing","move_to_legacy","dsh_client_loyalty_subscription_marketing_cluster","","","high","Loyalty, promo, and subscription extras are outside current first-service truth."
"services/dsh/governance/operations/dsh_loyalty_points_user_balance/OP_CONTROL_PANEL_MAP.csv","services","operation_control_panel_map","dsh_loyalty_points_user_balance","",".csv","legacy_client_loyalty_subscription_marketing","move_to_legacy","dsh_client_loyalty_subscription_marketing_cluster","","","high","Loyalty, promo, and subscription extras are outside current first-service truth."
"services/dsh/governance/operations/dsh_loyalty_points_user_balance/OP_RBAC_ABAC.csv","services","operation_rbac_abac","dsh_loyalty_points_user_balance","",".csv","legacy_client_loyalty_subscription_marketing","move_to_legacy","dsh_client_loyalty_subscription_marketing_cluster","","","high","Loyalty, promo, and subscription extras are outside current first-service truth."
"services/dsh/governance/operations/dsh_loyalty_points_user_balance/OP_RUNTIME_VARS.csv","services","operation_runtime_vars","dsh_loyalty_points_user_balance","",".csv","legacy_client_loyalty_subscription_marketing","move_to_legacy","dsh_client_loyalty_subscription_marketing_cluster","","","high","Loyalty, promo, and subscription extras are outside current first-service truth."
"services/dsh/governance/operations/dsh_loyalty_points_user_balance/OP_SCREENS_MAP.csv","services","operation_screens_map","dsh_loyalty_points_user_balance","",".csv","legacy_client_loyalty_subscription_marketing","move_to_legacy","dsh_client_loyalty_subscription_marketing_cluster","","","high","Loyalty, promo, and subscription extras are outside current first-service truth."
"services/dsh/governance/operations/dsh_loyalty_points_user_balance/OP_SPEC.yaml","services","operation_spec","dsh_loyalty_points_user_balance","",".yaml","legacy_client_loyalty_subscription_marketing","move_to_legacy","dsh_client_loyalty_subscription_marketing_cluster","","","high","Loyalty, promo, and subscription extras are outside current first-service truth."
"services/dsh/governance/operations/dsh_loyalty_points_user_history/OP_ACCEPTANCE.md","services","operation_acceptance","dsh_loyalty_points_user_history","",".md","legacy_client_loyalty_subscription_marketing","move_to_legacy","dsh_client_loyalty_subscription_marketing_cluster","","","high","Loyalty, promo, and subscription extras are outside current first-service truth."
"services/dsh/governance/operations/dsh_loyalty_points_user_history/OP_ACTIONS_CATALOG.csv","services","operation_actions_catalog","dsh_loyalty_points_user_history","",".csv","legacy_client_loyalty_subscription_marketing","move_to_legacy","dsh_client_loyalty_subscription_marketing_cluster","","","high","Loyalty, promo, and subscription extras are outside current first-service truth."
"services/dsh/governance/operations/dsh_loyalty_points_user_history/OP_API_MAP.csv","services","operation_api_map","dsh_loyalty_points_user_history","",".csv","legacy_client_loyalty_subscription_marketing","move_to_legacy","dsh_client_loyalty_subscription_marketing_cluster","","","high","Loyalty, promo, and subscription extras are outside current first-service truth."
"services/dsh/governance/operations/dsh_loyalty_points_user_history/OP_EVIDENCE_INDEX.json","services","operation_evidence_index","dsh_loyalty_points_user_history","",".json","legacy_client_loyalty_subscription_marketing","move_to_legacy","dsh_client_loyalty_subscription_marketing_cluster","","","high","Loyalty, promo, and subscription extras are outside current first-service truth."
"services/dsh/governance/operations/dsh_loyalty_points_user_history/OP_GAPS.md","services","operation_gaps","dsh_loyalty_points_user_history","",".md","legacy_client_loyalty_subscription_marketing","move_to_legacy","dsh_client_loyalty_subscription_marketing_cluster","","","high","Loyalty, promo, and subscription extras are outside current first-service truth."
"services/dsh/governance/operations/dsh_loyalty_points_user_history/OP_CONTROL_PANEL_MAP.csv","services","operation_control_panel_map","dsh_loyalty_points_user_history","",".csv","legacy_client_loyalty_subscription_marketing","move_to_legacy","dsh_client_loyalty_subscription_marketing_cluster","","","high","Loyalty, promo, and subscription extras are outside current first-service truth."
"services/dsh/governance/operations/dsh_loyalty_points_user_history/OP_RBAC_ABAC.csv","services","operation_rbac_abac","dsh_loyalty_points_user_history","",".csv","legacy_client_loyalty_subscription_marketing","move_to_legacy","dsh_client_loyalty_subscription_marketing_cluster","","","high","Loyalty, promo, and subscription extras are outside current first-service truth."
"services/dsh/governance/operations/dsh_loyalty_points_user_history/OP_RUNTIME_VARS.csv","services","operation_runtime_vars","dsh_loyalty_points_user_history","",".csv","legacy_client_loyalty_subscription_marketing","move_to_legacy","dsh_client_loyalty_subscription_marketing_cluster","","","high","Loyalty, promo, and subscription extras are outside current first-service truth."
"services/dsh/governance/operations/dsh_loyalty_points_user_history/OP_SCREENS_MAP.csv","services","operation_screens_map","dsh_loyalty_points_user_history","",".csv","legacy_client_loyalty_subscription_marketing","move_to_legacy","dsh_client_loyalty_subscription_marketing_cluster","","","high","Loyalty, promo, and subscription extras are outside current first-service truth."
"services/dsh/governance/operations/dsh_loyalty_points_user_history/OP_SPEC.yaml","services","operation_spec","dsh_loyalty_points_user_history","",".yaml","legacy_client_loyalty_subscription_marketing","move_to_legacy","dsh_client_loyalty_subscription_marketing_cluster","","","high","Loyalty, promo, and subscription extras are outside current first-service truth."
"services/dsh/governance/operations/dsh_order_accept/OP_ACCEPTANCE.md","services","operation_acceptance","dsh_order_accept","",".md","dsh_order_submit","covered_or_folded","dsh_client_checkout_confirm","dsh_client_checkout_confirm","","medium","Submission-side operation supporting the confirmed order handoff."
"services/dsh/governance/operations/dsh_order_accept/OP_ACTIONS_CATALOG.csv","services","operation_actions_catalog","dsh_order_accept","",".csv","dsh_order_submit","covered_or_folded","dsh_client_checkout_confirm","dsh_client_checkout_confirm","","medium","Submission-side operation supporting the confirmed order handoff."
"services/dsh/governance/operations/dsh_order_accept/OP_API_MAP.csv","services","operation_api_map","dsh_order_accept","",".csv","dsh_order_submit","covered_or_folded","dsh_client_checkout_confirm","dsh_client_checkout_confirm","","medium","Submission-side operation supporting the confirmed order handoff."
"services/dsh/governance/operations/dsh_order_accept/OP_EVIDENCE_INDEX.json","services","operation_evidence_index","dsh_order_accept","",".json","dsh_order_submit","covered_or_folded","dsh_client_checkout_confirm","dsh_client_checkout_confirm","","medium","Submission-side operation supporting the confirmed order handoff."
"services/dsh/governance/operations/dsh_order_accept/OP_GAPS.md","services","operation_gaps","dsh_order_accept","",".md","dsh_order_submit","covered_or_folded","dsh_client_checkout_confirm","dsh_client_checkout_confirm","","medium","Submission-side operation supporting the confirmed order handoff."
"services/dsh/governance/operations/dsh_order_accept/OP_CONTROL_PANEL_MAP.csv","services","operation_control_panel_map","dsh_order_accept","",".csv","dsh_order_submit","covered_or_folded","dsh_client_checkout_confirm","dsh_client_checkout_confirm","","medium","Submission-side operation supporting the confirmed order handoff."
"services/dsh/governance/operations/dsh_order_accept/OP_RBAC_ABAC.csv","services","operation_rbac_abac","dsh_order_accept","",".csv","dsh_order_submit","covered_or_folded","dsh_client_checkout_confirm","dsh_client_checkout_confirm","","medium","Submission-side operation supporting the confirmed order handoff."
"services/dsh/governance/operations/dsh_order_accept/OP_RUNTIME_VARS.csv","services","operation_runtime_vars","dsh_order_accept","",".csv","dsh_order_submit","covered_or_folded","dsh_client_checkout_confirm","dsh_client_checkout_confirm","","medium","Submission-side operation supporting the confirmed order handoff."
"services/dsh/governance/operations/dsh_order_accept/OP_SCREENS_MAP.csv","services","operation_screens_map","dsh_order_accept","",".csv","dsh_order_submit","covered_or_folded","dsh_client_checkout_confirm","dsh_client_checkout_confirm","","medium","Submission-side operation supporting the confirmed order handoff."
"services/dsh/governance/operations/dsh_order_accept/OP_SPEC.yaml","services","operation_spec","dsh_order_accept","",".yaml","dsh_order_submit","covered_or_folded","dsh_client_checkout_confirm","dsh_client_checkout_confirm","","medium","Submission-side operation supporting the confirmed order handoff."
"services/dsh/governance/operations/dsh_order_complete/OP_ACCEPTANCE.md","services","operation_acceptance","dsh_order_complete","",".md","dsh_customer_order_tracking","support_folded","dsh_client_active_order_tracking|dsh_captain_proof_capture","dsh_client_active_order_tracking|dsh_captain_proof_capture","","low","Support operation that affects completion or visibility without a standalone current-screen identity."
"services/dsh/governance/operations/dsh_order_complete/OP_ACTIONS_CATALOG.csv","services","operation_actions_catalog","dsh_order_complete","",".csv","dsh_customer_order_tracking","support_folded","dsh_client_active_order_tracking|dsh_captain_proof_capture","dsh_client_active_order_tracking|dsh_captain_proof_capture","","low","Support operation that affects completion or visibility without a standalone current-screen identity."
"services/dsh/governance/operations/dsh_order_complete/OP_API_MAP.csv","services","operation_api_map","dsh_order_complete","",".csv","dsh_customer_order_tracking","support_folded","dsh_client_active_order_tracking|dsh_captain_proof_capture","dsh_client_active_order_tracking|dsh_captain_proof_capture","","low","Support operation that affects completion or visibility without a standalone current-screen identity."
"services/dsh/governance/operations/dsh_order_complete/OP_EVIDENCE_INDEX.json","services","operation_evidence_index","dsh_order_complete","",".json","dsh_customer_order_tracking","support_folded","dsh_client_active_order_tracking|dsh_captain_proof_capture","dsh_client_active_order_tracking|dsh_captain_proof_capture","","low","Support operation that affects completion or visibility without a standalone current-screen identity."
"services/dsh/governance/operations/dsh_order_complete/OP_GAPS.md","services","operation_gaps","dsh_order_complete","",".md","dsh_customer_order_tracking","support_folded","dsh_client_active_order_tracking|dsh_captain_proof_capture","dsh_client_active_order_tracking|dsh_captain_proof_capture","","low","Support operation that affects completion or visibility without a standalone current-screen identity."
"services/dsh/governance/operations/dsh_order_complete/OP_CONTROL_PANEL_MAP.csv","services","operation_control_panel_map","dsh_order_complete","",".csv","dsh_customer_order_tracking","support_folded","dsh_client_active_order_tracking|dsh_captain_proof_capture","dsh_client_active_order_tracking|dsh_captain_proof_capture","","low","Support operation that affects completion or visibility without a standalone current-screen identity."
"services/dsh/governance/operations/dsh_order_complete/OP_RBAC_ABAC.csv","services","operation_rbac_abac","dsh_order_complete","",".csv","dsh_customer_order_tracking","support_folded","dsh_client_active_order_tracking|dsh_captain_proof_capture","dsh_client_active_order_tracking|dsh_captain_proof_capture","","low","Support operation that affects completion or visibility without a standalone current-screen identity."
"services/dsh/governance/operations/dsh_order_complete/OP_RUNTIME_VARS.csv","services","operation_runtime_vars","dsh_order_complete","",".csv","dsh_customer_order_tracking","support_folded","dsh_client_active_order_tracking|dsh_captain_proof_capture","dsh_client_active_order_tracking|dsh_captain_proof_capture","","low","Support operation that affects completion or visibility without a standalone current-screen identity."
"services/dsh/governance/operations/dsh_order_complete/OP_SCREENS_MAP.csv","services","operation_screens_map","dsh_order_complete","",".csv","dsh_customer_order_tracking","support_folded","dsh_client_active_order_tracking|dsh_captain_proof_capture","dsh_client_active_order_tracking|dsh_captain_proof_capture","","low","Support operation that affects completion or visibility without a standalone current-screen identity."
"services/dsh/governance/operations/dsh_order_complete/OP_SPEC.yaml","services","operation_spec","dsh_order_complete","",".yaml","dsh_customer_order_tracking","support_folded","dsh_client_active_order_tracking|dsh_captain_proof_capture","dsh_client_active_order_tracking|dsh_captain_proof_capture","","low","Support operation that affects completion or visibility without a standalone current-screen identity."
"services/dsh/governance/operations/dsh_order_create/OP_ACCEPTANCE.md","services","operation_acceptance","dsh_order_create","",".md","dsh_order_submit","covered_or_folded","dsh_client_checkout_confirm","dsh_client_checkout_confirm","","medium","Submission-side operation supporting the confirmed order handoff."
"services/dsh/governance/operations/dsh_order_create/OP_ACTIONS_CATALOG.csv","services","operation_actions_catalog","dsh_order_create","",".csv","dsh_order_submit","covered_or_folded","dsh_client_checkout_confirm","dsh_client_checkout_confirm","","medium","Submission-side operation supporting the confirmed order handoff."
"services/dsh/governance/operations/dsh_order_create/OP_API_MAP.csv","services","operation_api_map","dsh_order_create","",".csv","dsh_order_submit","covered_or_folded","dsh_client_checkout_confirm","dsh_client_checkout_confirm","","medium","Submission-side operation supporting the confirmed order handoff."
"services/dsh/governance/operations/dsh_order_create/OP_EVIDENCE_INDEX.json","services","operation_evidence_index","dsh_order_create","",".json","dsh_order_submit","covered_or_folded","dsh_client_checkout_confirm","dsh_client_checkout_confirm","","medium","Submission-side operation supporting the confirmed order handoff."
"services/dsh/governance/operations/dsh_order_create/OP_GAPS.md","services","operation_gaps","dsh_order_create","",".md","dsh_order_submit","covered_or_folded","dsh_client_checkout_confirm","dsh_client_checkout_confirm","","medium","Submission-side operation supporting the confirmed order handoff."
"services/dsh/governance/operations/dsh_order_create/OP_CONTROL_PANEL_MAP.csv","services","operation_control_panel_map","dsh_order_create","",".csv","dsh_order_submit","covered_or_folded","dsh_client_checkout_confirm","dsh_client_checkout_confirm","","medium","Submission-side operation supporting the confirmed order handoff."
"services/dsh/governance/operations/dsh_order_create/OP_RBAC_ABAC.csv","services","operation_rbac_abac","dsh_order_create","",".csv","dsh_order_submit","covered_or_folded","dsh_client_checkout_confirm","dsh_client_checkout_confirm","","medium","Submission-side operation supporting the confirmed order handoff."
"services/dsh/governance/operations/dsh_order_create/OP_RUNTIME_VARS.csv","services","operation_runtime_vars","dsh_order_create","",".csv","dsh_order_submit","covered_or_folded","dsh_client_checkout_confirm","dsh_client_checkout_confirm","","medium","Submission-side operation supporting the confirmed order handoff."
"services/dsh/governance/operations/dsh_order_create/OP_SCREENS_MAP.csv","services","operation_screens_map","dsh_order_create","",".csv","dsh_order_submit","covered_or_folded","dsh_client_checkout_confirm","dsh_client_checkout_confirm","","medium","Submission-side operation supporting the confirmed order handoff."
"services/dsh/governance/operations/dsh_order_create/OP_SPEC.yaml","services","operation_spec","dsh_order_create","",".yaml","dsh_order_submit","covered_or_folded","dsh_client_checkout_confirm","dsh_client_checkout_confirm","","medium","Submission-side operation supporting the confirmed order handoff."
"services/dsh/governance/operations/dsh_order_escrow_hold/OP_ACCEPTANCE.md","services","operation_acceptance","dsh_order_escrow_hold","",".md","legacy_finance_leakage","move_to_legacy","finance_or_wlt_deferred","","","high","Escrow actions are finance-adjacent and remain outside current DSH first-service truth."
"services/dsh/governance/operations/dsh_order_escrow_hold/OP_ACTIONS_CATALOG.csv","services","operation_actions_catalog","dsh_order_escrow_hold","",".csv","legacy_finance_leakage","move_to_legacy","finance_or_wlt_deferred","","","high","Escrow actions are finance-adjacent and remain outside current DSH first-service truth."
"services/dsh/governance/operations/dsh_order_escrow_hold/OP_API_MAP.csv","services","operation_api_map","dsh_order_escrow_hold","",".csv","legacy_finance_leakage","move_to_legacy","finance_or_wlt_deferred","","","high","Escrow actions are finance-adjacent and remain outside current DSH first-service truth."
"services/dsh/governance/operations/dsh_order_escrow_hold/OP_EVIDENCE_INDEX.json","services","operation_evidence_index","dsh_order_escrow_hold","",".json","legacy_finance_leakage","move_to_legacy","finance_or_wlt_deferred","","","high","Escrow actions are finance-adjacent and remain outside current DSH first-service truth."
"services/dsh/governance/operations/dsh_order_escrow_hold/OP_GAPS.md","services","operation_gaps","dsh_order_escrow_hold","",".md","legacy_finance_leakage","move_to_legacy","finance_or_wlt_deferred","","","high","Escrow actions are finance-adjacent and remain outside current DSH first-service truth."
"services/dsh/governance/operations/dsh_order_escrow_hold/OP_CONTROL_PANEL_MAP.csv","services","operation_control_panel_map","dsh_order_escrow_hold","",".csv","legacy_finance_leakage","move_to_legacy","finance_or_wlt_deferred","","","high","Escrow actions are finance-adjacent and remain outside current DSH first-service truth."
"services/dsh/governance/operations/dsh_order_escrow_hold/OP_RBAC_ABAC.csv","services","operation_rbac_abac","dsh_order_escrow_hold","",".csv","legacy_finance_leakage","move_to_legacy","finance_or_wlt_deferred","","","high","Escrow actions are finance-adjacent and remain outside current DSH first-service truth."
"services/dsh/governance/operations/dsh_order_escrow_hold/OP_RUNTIME_VARS.csv","services","operation_runtime_vars","dsh_order_escrow_hold","",".csv","legacy_finance_leakage","move_to_legacy","finance_or_wlt_deferred","","","high","Escrow actions are finance-adjacent and remain outside current DSH first-service truth."
"services/dsh/governance/operations/dsh_order_escrow_hold/OP_SCREENS_MAP.csv","services","operation_screens_map","dsh_order_escrow_hold","",".csv","legacy_finance_leakage","move_to_legacy","finance_or_wlt_deferred","","","high","Escrow actions are finance-adjacent and remain outside current DSH first-service truth."
"services/dsh/governance/operations/dsh_order_escrow_hold/OP_SPEC.yaml","services","operation_spec","dsh_order_escrow_hold","",".yaml","legacy_finance_leakage","move_to_legacy","finance_or_wlt_deferred","","","high","Escrow actions are finance-adjacent and remain outside current DSH first-service truth."
"services/dsh/governance/operations/dsh_order_escrow_release/OP_ACCEPTANCE.md","services","operation_acceptance","dsh_order_escrow_release","",".md","legacy_finance_leakage","move_to_legacy","finance_or_wlt_deferred","","","high","Escrow actions are finance-adjacent and remain outside current DSH first-service truth."
"services/dsh/governance/operations/dsh_order_escrow_release/OP_ACTIONS_CATALOG.csv","services","operation_actions_catalog","dsh_order_escrow_release","",".csv","legacy_finance_leakage","move_to_legacy","finance_or_wlt_deferred","","","high","Escrow actions are finance-adjacent and remain outside current DSH first-service truth."
"services/dsh/governance/operations/dsh_order_escrow_release/OP_API_MAP.csv","services","operation_api_map","dsh_order_escrow_release","",".csv","legacy_finance_leakage","move_to_legacy","finance_or_wlt_deferred","","","high","Escrow actions are finance-adjacent and remain outside current DSH first-service truth."
"services/dsh/governance/operations/dsh_order_escrow_release/OP_EVIDENCE_INDEX.json","services","operation_evidence_index","dsh_order_escrow_release","",".json","legacy_finance_leakage","move_to_legacy","finance_or_wlt_deferred","","","high","Escrow actions are finance-adjacent and remain outside current DSH first-service truth."
"services/dsh/governance/operations/dsh_order_escrow_release/OP_GAPS.md","services","operation_gaps","dsh_order_escrow_release","",".md","legacy_finance_leakage","move_to_legacy","finance_or_wlt_deferred","","","high","Escrow actions are finance-adjacent and remain outside current DSH first-service truth."
"services/dsh/governance/operations/dsh_order_escrow_release/OP_CONTROL_PANEL_MAP.csv","services","operation_control_panel_map","dsh_order_escrow_release","",".csv","legacy_finance_leakage","move_to_legacy","finance_or_wlt_deferred","","","high","Escrow actions are finance-adjacent and remain outside current DSH first-service truth."
"services/dsh/governance/operations/dsh_order_escrow_release/OP_RBAC_ABAC.csv","services","operation_rbac_abac","dsh_order_escrow_release","",".csv","legacy_finance_leakage","move_to_legacy","finance_or_wlt_deferred","","","high","Escrow actions are finance-adjacent and remain outside current DSH first-service truth."
"services/dsh/governance/operations/dsh_order_escrow_release/OP_RUNTIME_VARS.csv","services","operation_runtime_vars","dsh_order_escrow_release","",".csv","legacy_finance_leakage","move_to_legacy","finance_or_wlt_deferred","","","high","Escrow actions are finance-adjacent and remain outside current DSH first-service truth."
"services/dsh/governance/operations/dsh_order_escrow_release/OP_SCREENS_MAP.csv","services","operation_screens_map","dsh_order_escrow_release","",".csv","legacy_finance_leakage","move_to_legacy","finance_or_wlt_deferred","","","high","Escrow actions are finance-adjacent and remain outside current DSH first-service truth."
"services/dsh/governance/operations/dsh_order_escrow_release/OP_SPEC.yaml","services","operation_spec","dsh_order_escrow_release","",".yaml","legacy_finance_leakage","move_to_legacy","finance_or_wlt_deferred","","","high","Escrow actions are finance-adjacent and remain outside current DSH first-service truth."
"services/dsh/governance/operations/dsh_order_issue_flag/OP_ACCEPTANCE.md","services","operation_acceptance","dsh_order_issue_flag","",".md","dsh_ops_governance_controls","internal_or_support","dsh_ops_orders_board|dsh_ops_order_detail_exception_workspace|dsh_ops_peak_mode_control","dsh_ops_orders_board|dsh_ops_order_detail_exception_workspace|dsh_ops_peak_mode_control","","medium","Internal oversight or exception handling family."
"services/dsh/governance/operations/dsh_order_issue_flag/OP_ACTIONS_CATALOG.csv","services","operation_actions_catalog","dsh_order_issue_flag","",".csv","dsh_ops_governance_controls","internal_or_support","dsh_ops_orders_board|dsh_ops_order_detail_exception_workspace|dsh_ops_peak_mode_control","dsh_ops_orders_board|dsh_ops_order_detail_exception_workspace|dsh_ops_peak_mode_control","","medium","Internal oversight or exception handling family."
"services/dsh/governance/operations/dsh_order_issue_flag/OP_API_MAP.csv","services","operation_api_map","dsh_order_issue_flag","",".csv","dsh_ops_governance_controls","internal_or_support","dsh_ops_orders_board|dsh_ops_order_detail_exception_workspace|dsh_ops_peak_mode_control","dsh_ops_orders_board|dsh_ops_order_detail_exception_workspace|dsh_ops_peak_mode_control","","medium","Internal oversight or exception handling family."
"services/dsh/governance/operations/dsh_order_issue_flag/OP_EVIDENCE_INDEX.json","services","operation_evidence_index","dsh_order_issue_flag","",".json","dsh_ops_governance_controls","internal_or_support","dsh_ops_orders_board|dsh_ops_order_detail_exception_workspace|dsh_ops_peak_mode_control","dsh_ops_orders_board|dsh_ops_order_detail_exception_workspace|dsh_ops_peak_mode_control","","medium","Internal oversight or exception handling family."
"services/dsh/governance/operations/dsh_order_issue_flag/OP_GAPS.md","services","operation_gaps","dsh_order_issue_flag","",".md","dsh_ops_governance_controls","internal_or_support","dsh_ops_orders_board|dsh_ops_order_detail_exception_workspace|dsh_ops_peak_mode_control","dsh_ops_orders_board|dsh_ops_order_detail_exception_workspace|dsh_ops_peak_mode_control","","medium","Internal oversight or exception handling family."
"services/dsh/governance/operations/dsh_order_issue_flag/OP_CONTROL_PANEL_MAP.csv","services","operation_control_panel_map","dsh_order_issue_flag","",".csv","dsh_ops_governance_controls","internal_or_support","dsh_ops_orders_board|dsh_ops_order_detail_exception_workspace|dsh_ops_peak_mode_control","dsh_ops_orders_board|dsh_ops_order_detail_exception_workspace|dsh_ops_peak_mode_control","","medium","Internal oversight or exception handling family."
"services/dsh/governance/operations/dsh_order_issue_flag/OP_RBAC_ABAC.csv","services","operation_rbac_abac","dsh_order_issue_flag","",".csv","dsh_ops_governance_controls","internal_or_support","dsh_ops_orders_board|dsh_ops_order_detail_exception_workspace|dsh_ops_peak_mode_control","dsh_ops_orders_board|dsh_ops_order_detail_exception_workspace|dsh_ops_peak_mode_control","","medium","Internal oversight or exception handling family."
"services/dsh/governance/operations/dsh_order_issue_flag/OP_RUNTIME_VARS.csv","services","operation_runtime_vars","dsh_order_issue_flag","",".csv","dsh_ops_governance_controls","internal_or_support","dsh_ops_orders_board|dsh_ops_order_detail_exception_workspace|dsh_ops_peak_mode_control","dsh_ops_orders_board|dsh_ops_order_detail_exception_workspace|dsh_ops_peak_mode_control","","medium","Internal oversight or exception handling family."
"services/dsh/governance/operations/dsh_order_issue_flag/OP_SCREENS_MAP.csv","services","operation_screens_map","dsh_order_issue_flag","",".csv","dsh_ops_governance_controls","internal_or_support","dsh_ops_orders_board|dsh_ops_order_detail_exception_workspace|dsh_ops_peak_mode_control","dsh_ops_orders_board|dsh_ops_order_detail_exception_workspace|dsh_ops_peak_mode_control","","medium","Internal oversight or exception handling family."
"services/dsh/governance/operations/dsh_order_issue_flag/OP_SPEC.yaml","services","operation_spec","dsh_order_issue_flag","",".yaml","dsh_ops_governance_controls","internal_or_support","dsh_ops_orders_board|dsh_ops_order_detail_exception_workspace|dsh_ops_peak_mode_control","dsh_ops_orders_board|dsh_ops_order_detail_exception_workspace|dsh_ops_peak_mode_control","","medium","Internal oversight or exception handling family."
"services/dsh/governance/operations/dsh_order_proof_code_generate/OP_ACCEPTANCE.md","services","operation_acceptance","dsh_order_proof_code_generate","",".md","dsh_customer_order_tracking","support_folded","dsh_client_active_order_tracking|dsh_captain_proof_capture","dsh_client_active_order_tracking|dsh_captain_proof_capture","","low","Support operation that affects completion or visibility without a standalone current-screen identity."
"services/dsh/governance/operations/dsh_order_proof_code_generate/OP_ACTIONS_CATALOG.csv","services","operation_actions_catalog","dsh_order_proof_code_generate","",".csv","dsh_customer_order_tracking","support_folded","dsh_client_active_order_tracking|dsh_captain_proof_capture","dsh_client_active_order_tracking|dsh_captain_proof_capture","","low","Support operation that affects completion or visibility without a standalone current-screen identity."
"services/dsh/governance/operations/dsh_order_proof_code_generate/OP_API_MAP.csv","services","operation_api_map","dsh_order_proof_code_generate","",".csv","dsh_customer_order_tracking","support_folded","dsh_client_active_order_tracking|dsh_captain_proof_capture","dsh_client_active_order_tracking|dsh_captain_proof_capture","","low","Support operation that affects completion or visibility without a standalone current-screen identity."
"services/dsh/governance/operations/dsh_order_proof_code_generate/OP_EVIDENCE_INDEX.json","services","operation_evidence_index","dsh_order_proof_code_generate","",".json","dsh_customer_order_tracking","support_folded","dsh_client_active_order_tracking|dsh_captain_proof_capture","dsh_client_active_order_tracking|dsh_captain_proof_capture","","low","Support operation that affects completion or visibility without a standalone current-screen identity."
"services/dsh/governance/operations/dsh_order_proof_code_generate/OP_GAPS.md","services","operation_gaps","dsh_order_proof_code_generate","",".md","dsh_customer_order_tracking","support_folded","dsh_client_active_order_tracking|dsh_captain_proof_capture","dsh_client_active_order_tracking|dsh_captain_proof_capture","","low","Support operation that affects completion or visibility without a standalone current-screen identity."
"services/dsh/governance/operations/dsh_order_proof_code_generate/OP_CONTROL_PANEL_MAP.csv","services","operation_control_panel_map","dsh_order_proof_code_generate","",".csv","dsh_customer_order_tracking","support_folded","dsh_client_active_order_tracking|dsh_captain_proof_capture","dsh_client_active_order_tracking|dsh_captain_proof_capture","","low","Support operation that affects completion or visibility without a standalone current-screen identity."
"services/dsh/governance/operations/dsh_order_proof_code_generate/OP_RBAC_ABAC.csv","services","operation_rbac_abac","dsh_order_proof_code_generate","",".csv","dsh_customer_order_tracking","support_folded","dsh_client_active_order_tracking|dsh_captain_proof_capture","dsh_client_active_order_tracking|dsh_captain_proof_capture","","low","Support operation that affects completion or visibility without a standalone current-screen identity."
"services/dsh/governance/operations/dsh_order_proof_code_generate/OP_RUNTIME_VARS.csv","services","operation_runtime_vars","dsh_order_proof_code_generate","",".csv","dsh_customer_order_tracking","support_folded","dsh_client_active_order_tracking|dsh_captain_proof_capture","dsh_client_active_order_tracking|dsh_captain_proof_capture","","low","Support operation that affects completion or visibility without a standalone current-screen identity."
"services/dsh/governance/operations/dsh_order_proof_code_generate/OP_SCREENS_MAP.csv","services","operation_screens_map","dsh_order_proof_code_generate","",".csv","dsh_customer_order_tracking","support_folded","dsh_client_active_order_tracking|dsh_captain_proof_capture","dsh_client_active_order_tracking|dsh_captain_proof_capture","","low","Support operation that affects completion or visibility without a standalone current-screen identity."
"services/dsh/governance/operations/dsh_order_proof_code_generate/OP_SPEC.yaml","services","operation_spec","dsh_order_proof_code_generate","",".yaml","dsh_customer_order_tracking","support_folded","dsh_client_active_order_tracking|dsh_captain_proof_capture","dsh_client_active_order_tracking|dsh_captain_proof_capture","","low","Support operation that affects completion or visibility without a standalone current-screen identity."
"services/dsh/governance/operations/dsh_order_proof_verify/OP_ACCEPTANCE.md","services","operation_acceptance","dsh_order_proof_verify","",".md","dsh_customer_order_tracking","support_folded","dsh_client_active_order_tracking|dsh_captain_proof_capture","dsh_client_active_order_tracking|dsh_captain_proof_capture","","low","Support operation that affects completion or visibility without a standalone current-screen identity."
"services/dsh/governance/operations/dsh_order_proof_verify/OP_ACTIONS_CATALOG.csv","services","operation_actions_catalog","dsh_order_proof_verify","",".csv","dsh_customer_order_tracking","support_folded","dsh_client_active_order_tracking|dsh_captain_proof_capture","dsh_client_active_order_tracking|dsh_captain_proof_capture","","low","Support operation that affects completion or visibility without a standalone current-screen identity."
"services/dsh/governance/operations/dsh_order_proof_verify/OP_API_MAP.csv","services","operation_api_map","dsh_order_proof_verify","",".csv","dsh_customer_order_tracking","support_folded","dsh_client_active_order_tracking|dsh_captain_proof_capture","dsh_client_active_order_tracking|dsh_captain_proof_capture","","low","Support operation that affects completion or visibility without a standalone current-screen identity."
"services/dsh/governance/operations/dsh_order_proof_verify/OP_EVIDENCE_INDEX.json","services","operation_evidence_index","dsh_order_proof_verify","",".json","dsh_customer_order_tracking","support_folded","dsh_client_active_order_tracking|dsh_captain_proof_capture","dsh_client_active_order_tracking|dsh_captain_proof_capture","","low","Support operation that affects completion or visibility without a standalone current-screen identity."
"services/dsh/governance/operations/dsh_order_proof_verify/OP_GAPS.md","services","operation_gaps","dsh_order_proof_verify","",".md","dsh_customer_order_tracking","support_folded","dsh_client_active_order_tracking|dsh_captain_proof_capture","dsh_client_active_order_tracking|dsh_captain_proof_capture","","low","Support operation that affects completion or visibility without a standalone current-screen identity."
"services/dsh/governance/operations/dsh_order_proof_verify/OP_CONTROL_PANEL_MAP.csv","services","operation_control_panel_map","dsh_order_proof_verify","",".csv","dsh_customer_order_tracking","support_folded","dsh_client_active_order_tracking|dsh_captain_proof_capture","dsh_client_active_order_tracking|dsh_captain_proof_capture","","low","Support operation that affects completion or visibility without a standalone current-screen identity."
"services/dsh/governance/operations/dsh_order_proof_verify/OP_RBAC_ABAC.csv","services","operation_rbac_abac","dsh_order_proof_verify","",".csv","dsh_customer_order_tracking","support_folded","dsh_client_active_order_tracking|dsh_captain_proof_capture","dsh_client_active_order_tracking|dsh_captain_proof_capture","","low","Support operation that affects completion or visibility without a standalone current-screen identity."
"services/dsh/governance/operations/dsh_order_proof_verify/OP_RUNTIME_VARS.csv","services","operation_runtime_vars","dsh_order_proof_verify","",".csv","dsh_customer_order_tracking","support_folded","dsh_client_active_order_tracking|dsh_captain_proof_capture","dsh_client_active_order_tracking|dsh_captain_proof_capture","","low","Support operation that affects completion or visibility without a standalone current-screen identity."
"services/dsh/governance/operations/dsh_order_proof_verify/OP_SCREENS_MAP.csv","services","operation_screens_map","dsh_order_proof_verify","",".csv","dsh_customer_order_tracking","support_folded","dsh_client_active_order_tracking|dsh_captain_proof_capture","dsh_client_active_order_tracking|dsh_captain_proof_capture","","low","Support operation that affects completion or visibility without a standalone current-screen identity."
"services/dsh/governance/operations/dsh_order_proof_verify/OP_SPEC.yaml","services","operation_spec","dsh_order_proof_verify","",".yaml","dsh_customer_order_tracking","support_folded","dsh_client_active_order_tracking|dsh_captain_proof_capture","dsh_client_active_order_tracking|dsh_captain_proof_capture","","low","Support operation that affects completion or visibility without a standalone current-screen identity."
"services/dsh/governance/operations/dsh_order_rate/OP_ACCEPTANCE.md","services","operation_acceptance","dsh_order_rate","",".md","legacy_client_receipt_rating","move_to_legacy","dsh_client_receipt_rating_cluster","","","high","Post-completion rating and receipt cluster is currently deferred."
"services/dsh/governance/operations/dsh_order_rate/OP_ACTIONS_CATALOG.csv","services","operation_actions_catalog","dsh_order_rate","",".csv","legacy_client_receipt_rating","move_to_legacy","dsh_client_receipt_rating_cluster","","","high","Post-completion rating and receipt cluster is currently deferred."
"services/dsh/governance/operations/dsh_order_rate/OP_API_MAP.csv","services","operation_api_map","dsh_order_rate","",".csv","legacy_client_receipt_rating","move_to_legacy","dsh_client_receipt_rating_cluster","","","high","Post-completion rating and receipt cluster is currently deferred."
"services/dsh/governance/operations/dsh_order_rate/OP_EVIDENCE_INDEX.json","services","operation_evidence_index","dsh_order_rate","",".json","legacy_client_receipt_rating","move_to_legacy","dsh_client_receipt_rating_cluster","","","high","Post-completion rating and receipt cluster is currently deferred."
"services/dsh/governance/operations/dsh_order_rate/OP_GAPS.md","services","operation_gaps","dsh_order_rate","",".md","legacy_client_receipt_rating","move_to_legacy","dsh_client_receipt_rating_cluster","","","high","Post-completion rating and receipt cluster is currently deferred."
"services/dsh/governance/operations/dsh_order_rate/OP_CONTROL_PANEL_MAP.csv","services","operation_control_panel_map","dsh_order_rate","",".csv","legacy_client_receipt_rating","move_to_legacy","dsh_client_receipt_rating_cluster","","","high","Post-completion rating and receipt cluster is currently deferred."
"services/dsh/governance/operations/dsh_order_rate/OP_RBAC_ABAC.csv","services","operation_rbac_abac","dsh_order_rate","",".csv","legacy_client_receipt_rating","move_to_legacy","dsh_client_receipt_rating_cluster","","","high","Post-completion rating and receipt cluster is currently deferred."
"services/dsh/governance/operations/dsh_order_rate/OP_RUNTIME_VARS.csv","services","operation_runtime_vars","dsh_order_rate","",".csv","legacy_client_receipt_rating","move_to_legacy","dsh_client_receipt_rating_cluster","","","high","Post-completion rating and receipt cluster is currently deferred."
"services/dsh/governance/operations/dsh_order_rate/OP_SCREENS_MAP.csv","services","operation_screens_map","dsh_order_rate","",".csv","legacy_client_receipt_rating","move_to_legacy","dsh_client_receipt_rating_cluster","","","high","Post-completion rating and receipt cluster is currently deferred."
"services/dsh/governance/operations/dsh_order_rate/OP_SPEC.yaml","services","operation_spec","dsh_order_rate","",".yaml","legacy_client_receipt_rating","move_to_legacy","dsh_client_receipt_rating_cluster","","","high","Post-completion rating and receipt cluster is currently deferred."
"services/dsh/governance/operations/dsh_order_receipt_get/OP_ACCEPTANCE.md","services","operation_acceptance","dsh_order_receipt_get","",".md","legacy_client_receipt_rating","move_to_legacy","dsh_client_receipt_rating_cluster","","","high","Post-completion rating and receipt cluster is currently deferred."
"services/dsh/governance/operations/dsh_order_receipt_get/OP_ACTIONS_CATALOG.csv","services","operation_actions_catalog","dsh_order_receipt_get","",".csv","legacy_client_receipt_rating","move_to_legacy","dsh_client_receipt_rating_cluster","","","high","Post-completion rating and receipt cluster is currently deferred."
"services/dsh/governance/operations/dsh_order_receipt_get/OP_API_MAP.csv","services","operation_api_map","dsh_order_receipt_get","",".csv","legacy_client_receipt_rating","move_to_legacy","dsh_client_receipt_rating_cluster","","","high","Post-completion rating and receipt cluster is currently deferred."
"services/dsh/governance/operations/dsh_order_receipt_get/OP_EVIDENCE_INDEX.json","services","operation_evidence_index","dsh_order_receipt_get","",".json","legacy_client_receipt_rating","move_to_legacy","dsh_client_receipt_rating_cluster","","","high","Post-completion rating and receipt cluster is currently deferred."
"services/dsh/governance/operations/dsh_order_receipt_get/OP_GAPS.md","services","operation_gaps","dsh_order_receipt_get","",".md","legacy_client_receipt_rating","move_to_legacy","dsh_client_receipt_rating_cluster","","","high","Post-completion rating and receipt cluster is currently deferred."
"services/dsh/governance/operations/dsh_order_receipt_get/OP_CONTROL_PANEL_MAP.csv","services","operation_control_panel_map","dsh_order_receipt_get","",".csv","legacy_client_receipt_rating","move_to_legacy","dsh_client_receipt_rating_cluster","","","high","Post-completion rating and receipt cluster is currently deferred."
"services/dsh/governance/operations/dsh_order_receipt_get/OP_RBAC_ABAC.csv","services","operation_rbac_abac","dsh_order_receipt_get","",".csv","legacy_client_receipt_rating","move_to_legacy","dsh_client_receipt_rating_cluster","","","high","Post-completion rating and receipt cluster is currently deferred."
"services/dsh/governance/operations/dsh_order_receipt_get/OP_RUNTIME_VARS.csv","services","operation_runtime_vars","dsh_order_receipt_get","",".csv","legacy_client_receipt_rating","move_to_legacy","dsh_client_receipt_rating_cluster","","","high","Post-completion rating and receipt cluster is currently deferred."
"services/dsh/governance/operations/dsh_order_receipt_get/OP_SCREENS_MAP.csv","services","operation_screens_map","dsh_order_receipt_get","",".csv","legacy_client_receipt_rating","move_to_legacy","dsh_client_receipt_rating_cluster","","","high","Post-completion rating and receipt cluster is currently deferred."
"services/dsh/governance/operations/dsh_order_receipt_get/OP_SPEC.yaml","services","operation_spec","dsh_order_receipt_get","",".yaml","legacy_client_receipt_rating","move_to_legacy","dsh_client_receipt_rating_cluster","","","high","Post-completion rating and receipt cluster is currently deferred."
"services/dsh/governance/operations/dsh_order_status_update/OP_ACCEPTANCE.md","services","operation_acceptance","dsh_order_status_update","",".md","dsh_customer_order_tracking","covered","dsh_client_active_order_tracking","dsh_client_active_order_tracking","","high","Customer-visible order tracking family."
"services/dsh/governance/operations/dsh_order_status_update/OP_ACTIONS_CATALOG.csv","services","operation_actions_catalog","dsh_order_status_update","",".csv","dsh_customer_order_tracking","covered","dsh_client_active_order_tracking","dsh_client_active_order_tracking","","high","Customer-visible order tracking family."
"services/dsh/governance/operations/dsh_order_status_update/OP_API_MAP.csv","services","operation_api_map","dsh_order_status_update","",".csv","dsh_customer_order_tracking","covered","dsh_client_active_order_tracking","dsh_client_active_order_tracking","","high","Customer-visible order tracking family."
"services/dsh/governance/operations/dsh_order_status_update/OP_EVIDENCE_INDEX.json","services","operation_evidence_index","dsh_order_status_update","",".json","dsh_customer_order_tracking","covered","dsh_client_active_order_tracking","dsh_client_active_order_tracking","","high","Customer-visible order tracking family."
"services/dsh/governance/operations/dsh_order_status_update/OP_GAPS.md","services","operation_gaps","dsh_order_status_update","",".md","dsh_customer_order_tracking","covered","dsh_client_active_order_tracking","dsh_client_active_order_tracking","","high","Customer-visible order tracking family."
"services/dsh/governance/operations/dsh_order_status_update/OP_CONTROL_PANEL_MAP.csv","services","operation_control_panel_map","dsh_order_status_update","",".csv","dsh_customer_order_tracking","covered","dsh_client_active_order_tracking","dsh_client_active_order_tracking","","high","Customer-visible order tracking family."
"services/dsh/governance/operations/dsh_order_status_update/OP_RBAC_ABAC.csv","services","operation_rbac_abac","dsh_order_status_update","",".csv","dsh_customer_order_tracking","covered","dsh_client_active_order_tracking","dsh_client_active_order_tracking","","high","Customer-visible order tracking family."
"services/dsh/governance/operations/dsh_order_status_update/OP_RUNTIME_VARS.csv","services","operation_runtime_vars","dsh_order_status_update","",".csv","dsh_customer_order_tracking","covered","dsh_client_active_order_tracking","dsh_client_active_order_tracking","","high","Customer-visible order tracking family."
"services/dsh/governance/operations/dsh_order_status_update/OP_SCREENS_MAP.csv","services","operation_screens_map","dsh_order_status_update","",".csv","dsh_customer_order_tracking","covered","dsh_client_active_order_tracking","dsh_client_active_order_tracking","","high","Customer-visible order tracking family."
"services/dsh/governance/operations/dsh_order_status_update/OP_SPEC.yaml","services","operation_spec","dsh_order_status_update","",".yaml","dsh_customer_order_tracking","covered","dsh_client_active_order_tracking","dsh_client_active_order_tracking","","high","Customer-visible order tracking family."
"services/dsh/governance/operations/dsh_orders_list/OP_ACCEPTANCE.md","services","operation_acceptance","dsh_orders_list","",".md","dsh_customer_order_tracking","covered","dsh_client_active_order_tracking","dsh_client_active_order_tracking","","high","Customer-visible order tracking family."
"services/dsh/governance/operations/dsh_orders_list/OP_ACTIONS_CATALOG.csv","services","operation_actions_catalog","dsh_orders_list","",".csv","dsh_customer_order_tracking","covered","dsh_client_active_order_tracking","dsh_client_active_order_tracking","","high","Customer-visible order tracking family."
"services/dsh/governance/operations/dsh_orders_list/OP_API_MAP.csv","services","operation_api_map","dsh_orders_list","",".csv","dsh_customer_order_tracking","covered","dsh_client_active_order_tracking","dsh_client_active_order_tracking","","high","Customer-visible order tracking family."
"services/dsh/governance/operations/dsh_orders_list/OP_EVIDENCE_INDEX.json","services","operation_evidence_index","dsh_orders_list","",".json","dsh_customer_order_tracking","covered","dsh_client_active_order_tracking","dsh_client_active_order_tracking","","high","Customer-visible order tracking family."
"services/dsh/governance/operations/dsh_orders_list/OP_GAPS.md","services","operation_gaps","dsh_orders_list","",".md","dsh_customer_order_tracking","covered","dsh_client_active_order_tracking","dsh_client_active_order_tracking","","high","Customer-visible order tracking family."
"services/dsh/governance/operations/dsh_orders_list/OP_CONTROL_PANEL_MAP.csv","services","operation_control_panel_map","dsh_orders_list","",".csv","dsh_customer_order_tracking","covered","dsh_client_active_order_tracking","dsh_client_active_order_tracking","","high","Customer-visible order tracking family."
"services/dsh/governance/operations/dsh_orders_list/OP_RBAC_ABAC.csv","services","operation_rbac_abac","dsh_orders_list","",".csv","dsh_customer_order_tracking","covered","dsh_client_active_order_tracking","dsh_client_active_order_tracking","","high","Customer-visible order tracking family."
"services/dsh/governance/operations/dsh_orders_list/OP_RUNTIME_VARS.csv","services","operation_runtime_vars","dsh_orders_list","",".csv","dsh_customer_order_tracking","covered","dsh_client_active_order_tracking","dsh_client_active_order_tracking","","high","Customer-visible order tracking family."
"services/dsh/governance/operations/dsh_orders_list/OP_SCREENS_MAP.csv","services","operation_screens_map","dsh_orders_list","",".csv","dsh_customer_order_tracking","covered","dsh_client_active_order_tracking","dsh_client_active_order_tracking","","high","Customer-visible order tracking family."
"services/dsh/governance/operations/dsh_orders_list/OP_SPEC.yaml","services","operation_spec","dsh_orders_list","",".yaml","dsh_customer_order_tracking","covered","dsh_client_active_order_tracking","dsh_client_active_order_tracking","","high","Customer-visible order tracking family."
"services/dsh/governance/operations/dsh_partner_chat_read_ack/OP_ACCEPTANCE.md","services","operation_acceptance","dsh_partner_chat_read_ack","",".md","dsh_customer_order_chat","converted_companion","dsh_partner_chat_companion","dsh_partner_order_workspace","","high","Partner chat is kept as a companion interaction."
"services/dsh/governance/operations/dsh_partner_chat_read_ack/OP_ACTIONS_CATALOG.csv","services","operation_actions_catalog","dsh_partner_chat_read_ack","",".csv","dsh_customer_order_chat","converted_companion","dsh_partner_chat_companion","dsh_partner_order_workspace","","high","Partner chat is kept as a companion interaction."
"services/dsh/governance/operations/dsh_partner_chat_read_ack/OP_API_MAP.csv","services","operation_api_map","dsh_partner_chat_read_ack","",".csv","dsh_customer_order_chat","converted_companion","dsh_partner_chat_companion","dsh_partner_order_workspace","","high","Partner chat is kept as a companion interaction."
"services/dsh/governance/operations/dsh_partner_chat_read_ack/OP_EVIDENCE_INDEX.json","services","operation_evidence_index","dsh_partner_chat_read_ack","",".json","dsh_customer_order_chat","converted_companion","dsh_partner_chat_companion","dsh_partner_order_workspace","","high","Partner chat is kept as a companion interaction."
"services/dsh/governance/operations/dsh_partner_chat_read_ack/OP_GAPS.md","services","operation_gaps","dsh_partner_chat_read_ack","",".md","dsh_customer_order_chat","converted_companion","dsh_partner_chat_companion","dsh_partner_order_workspace","","high","Partner chat is kept as a companion interaction."
"services/dsh/governance/operations/dsh_partner_chat_read_ack/OP_CONTROL_PANEL_MAP.csv","services","operation_control_panel_map","dsh_partner_chat_read_ack","",".csv","dsh_customer_order_chat","converted_companion","dsh_partner_chat_companion","dsh_partner_order_workspace","","high","Partner chat is kept as a companion interaction."
"services/dsh/governance/operations/dsh_partner_chat_read_ack/OP_RBAC_ABAC.csv","services","operation_rbac_abac","dsh_partner_chat_read_ack","",".csv","dsh_customer_order_chat","converted_companion","dsh_partner_chat_companion","dsh_partner_order_workspace","","high","Partner chat is kept as a companion interaction."
"services/dsh/governance/operations/dsh_partner_chat_read_ack/OP_RUNTIME_VARS.csv","services","operation_runtime_vars","dsh_partner_chat_read_ack","",".csv","dsh_customer_order_chat","converted_companion","dsh_partner_chat_companion","dsh_partner_order_workspace","","high","Partner chat is kept as a companion interaction."
"services/dsh/governance/operations/dsh_partner_chat_read_ack/OP_SCREENS_MAP.csv","services","operation_screens_map","dsh_partner_chat_read_ack","",".csv","dsh_customer_order_chat","converted_companion","dsh_partner_chat_companion","dsh_partner_order_workspace","","high","Partner chat is kept as a companion interaction."
"services/dsh/governance/operations/dsh_partner_chat_read_ack/OP_SPEC.yaml","services","operation_spec","dsh_partner_chat_read_ack","",".yaml","dsh_customer_order_chat","converted_companion","dsh_partner_chat_companion","dsh_partner_order_workspace","","high","Partner chat is kept as a companion interaction."
"services/dsh/governance/operations/dsh_partner_chat_send/OP_ACCEPTANCE.md","services","operation_acceptance","dsh_partner_chat_send","",".md","dsh_customer_order_chat","converted_companion","dsh_partner_chat_companion","dsh_partner_order_workspace","","high","Partner chat is kept as a companion interaction."
"services/dsh/governance/operations/dsh_partner_chat_send/OP_ACTIONS_CATALOG.csv","services","operation_actions_catalog","dsh_partner_chat_send","",".csv","dsh_customer_order_chat","converted_companion","dsh_partner_chat_companion","dsh_partner_order_workspace","","high","Partner chat is kept as a companion interaction."
"services/dsh/governance/operations/dsh_partner_chat_send/OP_API_MAP.csv","services","operation_api_map","dsh_partner_chat_send","",".csv","dsh_customer_order_chat","converted_companion","dsh_partner_chat_companion","dsh_partner_order_workspace","","high","Partner chat is kept as a companion interaction."
"services/dsh/governance/operations/dsh_partner_chat_send/OP_EVIDENCE_INDEX.json","services","operation_evidence_index","dsh_partner_chat_send","",".json","dsh_customer_order_chat","converted_companion","dsh_partner_chat_companion","dsh_partner_order_workspace","","high","Partner chat is kept as a companion interaction."
"services/dsh/governance/operations/dsh_partner_chat_send/OP_GAPS.md","services","operation_gaps","dsh_partner_chat_send","",".md","dsh_customer_order_chat","converted_companion","dsh_partner_chat_companion","dsh_partner_order_workspace","","high","Partner chat is kept as a companion interaction."
"services/dsh/governance/operations/dsh_partner_chat_send/OP_CONTROL_PANEL_MAP.csv","services","operation_control_panel_map","dsh_partner_chat_send","",".csv","dsh_customer_order_chat","converted_companion","dsh_partner_chat_companion","dsh_partner_order_workspace","","high","Partner chat is kept as a companion interaction."
"services/dsh/governance/operations/dsh_partner_chat_send/OP_RBAC_ABAC.csv","services","operation_rbac_abac","dsh_partner_chat_send","",".csv","dsh_customer_order_chat","converted_companion","dsh_partner_chat_companion","dsh_partner_order_workspace","","high","Partner chat is kept as a companion interaction."
"services/dsh/governance/operations/dsh_partner_chat_send/OP_RUNTIME_VARS.csv","services","operation_runtime_vars","dsh_partner_chat_send","",".csv","dsh_customer_order_chat","converted_companion","dsh_partner_chat_companion","dsh_partner_order_workspace","","high","Partner chat is kept as a companion interaction."
"services/dsh/governance/operations/dsh_partner_chat_send/OP_SCREENS_MAP.csv","services","operation_screens_map","dsh_partner_chat_send","",".csv","dsh_customer_order_chat","converted_companion","dsh_partner_chat_companion","dsh_partner_order_workspace","","high","Partner chat is kept as a companion interaction."
"services/dsh/governance/operations/dsh_partner_chat_send/OP_SPEC.yaml","services","operation_spec","dsh_partner_chat_send","",".yaml","dsh_customer_order_chat","converted_companion","dsh_partner_chat_companion","dsh_partner_order_workspace","","high","Partner chat is kept as a companion interaction."
"services/dsh/governance/operations/dsh_partner_delivery_zones_update/OP_ACCEPTANCE.md","services","operation_acceptance","dsh_partner_delivery_zones_update","",".md","dsh_partner_store_maintenance","covered","dsh_partner_store_maintenance_workspace","dsh_partner_store_maintenance_workspace","","high","Partner store readiness and configuration family."
"services/dsh/governance/operations/dsh_partner_delivery_zones_update/OP_ACTIONS_CATALOG.csv","services","operation_actions_catalog","dsh_partner_delivery_zones_update","",".csv","dsh_partner_store_maintenance","covered","dsh_partner_store_maintenance_workspace","dsh_partner_store_maintenance_workspace","","high","Partner store readiness and configuration family."
"services/dsh/governance/operations/dsh_partner_delivery_zones_update/OP_API_MAP.csv","services","operation_api_map","dsh_partner_delivery_zones_update","",".csv","dsh_partner_store_maintenance","covered","dsh_partner_store_maintenance_workspace","dsh_partner_store_maintenance_workspace","","high","Partner store readiness and configuration family."
"services/dsh/governance/operations/dsh_partner_delivery_zones_update/OP_EVIDENCE_INDEX.json","services","operation_evidence_index","dsh_partner_delivery_zones_update","",".json","dsh_partner_store_maintenance","covered","dsh_partner_store_maintenance_workspace","dsh_partner_store_maintenance_workspace","","high","Partner store readiness and configuration family."
"services/dsh/governance/operations/dsh_partner_delivery_zones_update/OP_GAPS.md","services","operation_gaps","dsh_partner_delivery_zones_update","",".md","dsh_partner_store_maintenance","covered","dsh_partner_store_maintenance_workspace","dsh_partner_store_maintenance_workspace","","high","Partner store readiness and configuration family."
"services/dsh/governance/operations/dsh_partner_delivery_zones_update/OP_CONTROL_PANEL_MAP.csv","services","operation_control_panel_map","dsh_partner_delivery_zones_update","",".csv","dsh_partner_store_maintenance","covered","dsh_partner_store_maintenance_workspace","dsh_partner_store_maintenance_workspace","","high","Partner store readiness and configuration family."
"services/dsh/governance/operations/dsh_partner_delivery_zones_update/OP_RBAC_ABAC.csv","services","operation_rbac_abac","dsh_partner_delivery_zones_update","",".csv","dsh_partner_store_maintenance","covered","dsh_partner_store_maintenance_workspace","dsh_partner_store_maintenance_workspace","","high","Partner store readiness and configuration family."
"services/dsh/governance/operations/dsh_partner_delivery_zones_update/OP_RUNTIME_VARS.csv","services","operation_runtime_vars","dsh_partner_delivery_zones_update","",".csv","dsh_partner_store_maintenance","covered","dsh_partner_store_maintenance_workspace","dsh_partner_store_maintenance_workspace","","high","Partner store readiness and configuration family."
"services/dsh/governance/operations/dsh_partner_delivery_zones_update/OP_SCREENS_MAP.csv","services","operation_screens_map","dsh_partner_delivery_zones_update","",".csv","dsh_partner_store_maintenance","covered","dsh_partner_store_maintenance_workspace","dsh_partner_store_maintenance_workspace","","high","Partner store readiness and configuration family."
"services/dsh/governance/operations/dsh_partner_delivery_zones_update/OP_SPEC.yaml","services","operation_spec","dsh_partner_delivery_zones_update","",".yaml","dsh_partner_store_maintenance","covered","dsh_partner_store_maintenance_workspace","dsh_partner_store_maintenance_workspace","","high","Partner store readiness and configuration family."
"services/dsh/governance/operations/dsh_partner_doc_upload/OP_ACCEPTANCE.md","services","operation_acceptance","dsh_partner_doc_upload","",".md","legacy_partner_identity_staff","move_to_legacy","dsh_partner_identity_staff_cluster","","","high","Partner onboarding and admin extras remain outside current operational truth."
"services/dsh/governance/operations/dsh_partner_doc_upload/OP_ACTIONS_CATALOG.csv","services","operation_actions_catalog","dsh_partner_doc_upload","",".csv","legacy_partner_identity_staff","move_to_legacy","dsh_partner_identity_staff_cluster","","","high","Partner onboarding and admin extras remain outside current operational truth."
"services/dsh/governance/operations/dsh_partner_doc_upload/OP_API_MAP.csv","services","operation_api_map","dsh_partner_doc_upload","",".csv","legacy_partner_identity_staff","move_to_legacy","dsh_partner_identity_staff_cluster","","","high","Partner onboarding and admin extras remain outside current operational truth."
"services/dsh/governance/operations/dsh_partner_doc_upload/OP_EVIDENCE_INDEX.json","services","operation_evidence_index","dsh_partner_doc_upload","",".json","legacy_partner_identity_staff","move_to_legacy","dsh_partner_identity_staff_cluster","","","high","Partner onboarding and admin extras remain outside current operational truth."
"services/dsh/governance/operations/dsh_partner_doc_upload/OP_GAPS.md","services","operation_gaps","dsh_partner_doc_upload","",".md","legacy_partner_identity_staff","move_to_legacy","dsh_partner_identity_staff_cluster","","","high","Partner onboarding and admin extras remain outside current operational truth."
"services/dsh/governance/operations/dsh_partner_doc_upload/OP_CONTROL_PANEL_MAP.csv","services","operation_control_panel_map","dsh_partner_doc_upload","",".csv","legacy_partner_identity_staff","move_to_legacy","dsh_partner_identity_staff_cluster","","","high","Partner onboarding and admin extras remain outside current operational truth."
"services/dsh/governance/operations/dsh_partner_doc_upload/OP_RBAC_ABAC.csv","services","operation_rbac_abac","dsh_partner_doc_upload","",".csv","legacy_partner_identity_staff","move_to_legacy","dsh_partner_identity_staff_cluster","","","high","Partner onboarding and admin extras remain outside current operational truth."
"services/dsh/governance/operations/dsh_partner_doc_upload/OP_RUNTIME_VARS.csv","services","operation_runtime_vars","dsh_partner_doc_upload","",".csv","legacy_partner_identity_staff","move_to_legacy","dsh_partner_identity_staff_cluster","","","high","Partner onboarding and admin extras remain outside current operational truth."
"services/dsh/governance/operations/dsh_partner_doc_upload/OP_SCREENS_MAP.csv","services","operation_screens_map","dsh_partner_doc_upload","",".csv","legacy_partner_identity_staff","move_to_legacy","dsh_partner_identity_staff_cluster","","","high","Partner onboarding and admin extras remain outside current operational truth."
"services/dsh/governance/operations/dsh_partner_doc_upload/OP_SPEC.yaml","services","operation_spec","dsh_partner_doc_upload","",".yaml","legacy_partner_identity_staff","move_to_legacy","dsh_partner_identity_staff_cluster","","","high","Partner onboarding and admin extras remain outside current operational truth."
"services/dsh/governance/operations/dsh_partner_hours_update/OP_ACCEPTANCE.md","services","operation_acceptance","dsh_partner_hours_update","",".md","dsh_partner_store_maintenance","covered","dsh_partner_store_maintenance_workspace","dsh_partner_store_maintenance_workspace","","high","Partner hours remain part of store-readiness maintenance."
"services/dsh/governance/operations/dsh_partner_hours_update/OP_ACTIONS_CATALOG.csv","services","operation_actions_catalog","dsh_partner_hours_update","",".csv","dsh_partner_store_maintenance","covered","dsh_partner_store_maintenance_workspace","dsh_partner_store_maintenance_workspace","","high","Partner hours remain part of store-readiness maintenance."
"services/dsh/governance/operations/dsh_partner_hours_update/OP_API_MAP.csv","services","operation_api_map","dsh_partner_hours_update","",".csv","dsh_partner_store_maintenance","covered","dsh_partner_store_maintenance_workspace","dsh_partner_store_maintenance_workspace","","high","Partner hours remain part of store-readiness maintenance."
"services/dsh/governance/operations/dsh_partner_hours_update/OP_EVIDENCE_INDEX.json","services","operation_evidence_index","dsh_partner_hours_update","",".json","dsh_partner_store_maintenance","covered","dsh_partner_store_maintenance_workspace","dsh_partner_store_maintenance_workspace","","high","Partner hours remain part of store-readiness maintenance."
"services/dsh/governance/operations/dsh_partner_hours_update/OP_GAPS.md","services","operation_gaps","dsh_partner_hours_update","",".md","dsh_partner_store_maintenance","covered","dsh_partner_store_maintenance_workspace","dsh_partner_store_maintenance_workspace","","high","Partner hours remain part of store-readiness maintenance."
"services/dsh/governance/operations/dsh_partner_hours_update/OP_CONTROL_PANEL_MAP.csv","services","operation_control_panel_map","dsh_partner_hours_update","",".csv","dsh_partner_store_maintenance","covered","dsh_partner_store_maintenance_workspace","dsh_partner_store_maintenance_workspace","","high","Partner hours remain part of store-readiness maintenance."
"services/dsh/governance/operations/dsh_partner_hours_update/OP_RBAC_ABAC.csv","services","operation_rbac_abac","dsh_partner_hours_update","",".csv","dsh_partner_store_maintenance","covered","dsh_partner_store_maintenance_workspace","dsh_partner_store_maintenance_workspace","","high","Partner hours remain part of store-readiness maintenance."
"services/dsh/governance/operations/dsh_partner_hours_update/OP_RUNTIME_VARS.csv","services","operation_runtime_vars","dsh_partner_hours_update","",".csv","dsh_partner_store_maintenance","covered","dsh_partner_store_maintenance_workspace","dsh_partner_store_maintenance_workspace","","high","Partner hours remain part of store-readiness maintenance."
"services/dsh/governance/operations/dsh_partner_hours_update/OP_SCREENS_MAP.csv","services","operation_screens_map","dsh_partner_hours_update","",".csv","dsh_partner_store_maintenance","covered","dsh_partner_store_maintenance_workspace","dsh_partner_store_maintenance_workspace","","high","Partner hours remain part of store-readiness maintenance."
"services/dsh/governance/operations/dsh_partner_hours_update/OP_SPEC.yaml","services","operation_spec","dsh_partner_hours_update","",".yaml","dsh_partner_store_maintenance","covered","dsh_partner_store_maintenance_workspace","dsh_partner_store_maintenance_workspace","","high","Partner hours remain part of store-readiness maintenance."
"services/dsh/governance/operations/dsh_partner_identity_submit/OP_ACCEPTANCE.md","services","operation_acceptance","dsh_partner_identity_submit","",".md","legacy_partner_identity_staff","move_to_legacy","dsh_partner_identity_staff_cluster","","","high","Partner onboarding and admin extras remain outside current operational truth."
"services/dsh/governance/operations/dsh_partner_identity_submit/OP_ACTIONS_CATALOG.csv","services","operation_actions_catalog","dsh_partner_identity_submit","",".csv","legacy_partner_identity_staff","move_to_legacy","dsh_partner_identity_staff_cluster","","","high","Partner onboarding and admin extras remain outside current operational truth."
"services/dsh/governance/operations/dsh_partner_identity_submit/OP_API_MAP.csv","services","operation_api_map","dsh_partner_identity_submit","",".csv","legacy_partner_identity_staff","move_to_legacy","dsh_partner_identity_staff_cluster","","","high","Partner onboarding and admin extras remain outside current operational truth."
"services/dsh/governance/operations/dsh_partner_identity_submit/OP_EVIDENCE_INDEX.json","services","operation_evidence_index","dsh_partner_identity_submit","",".json","legacy_partner_identity_staff","move_to_legacy","dsh_partner_identity_staff_cluster","","","high","Partner onboarding and admin extras remain outside current operational truth."
"services/dsh/governance/operations/dsh_partner_identity_submit/OP_GAPS.md","services","operation_gaps","dsh_partner_identity_submit","",".md","legacy_partner_identity_staff","move_to_legacy","dsh_partner_identity_staff_cluster","","","high","Partner onboarding and admin extras remain outside current operational truth."
"services/dsh/governance/operations/dsh_partner_identity_submit/OP_CONTROL_PANEL_MAP.csv","services","operation_control_panel_map","dsh_partner_identity_submit","",".csv","legacy_partner_identity_staff","move_to_legacy","dsh_partner_identity_staff_cluster","","","high","Partner onboarding and admin extras remain outside current operational truth."
"services/dsh/governance/operations/dsh_partner_identity_submit/OP_RBAC_ABAC.csv","services","operation_rbac_abac","dsh_partner_identity_submit","",".csv","legacy_partner_identity_staff","move_to_legacy","dsh_partner_identity_staff_cluster","","","high","Partner onboarding and admin extras remain outside current operational truth."
"services/dsh/governance/operations/dsh_partner_identity_submit/OP_RUNTIME_VARS.csv","services","operation_runtime_vars","dsh_partner_identity_submit","",".csv","legacy_partner_identity_staff","move_to_legacy","dsh_partner_identity_staff_cluster","","","high","Partner onboarding and admin extras remain outside current operational truth."
"services/dsh/governance/operations/dsh_partner_identity_submit/OP_SCREENS_MAP.csv","services","operation_screens_map","dsh_partner_identity_submit","",".csv","legacy_partner_identity_staff","move_to_legacy","dsh_partner_identity_staff_cluster","","","high","Partner onboarding and admin extras remain outside current operational truth."
"services/dsh/governance/operations/dsh_partner_identity_submit/OP_SPEC.yaml","services","operation_spec","dsh_partner_identity_submit","",".yaml","legacy_partner_identity_staff","move_to_legacy","dsh_partner_identity_staff_cluster","","","high","Partner onboarding and admin extras remain outside current operational truth."
"services/dsh/governance/operations/dsh_partner_intake_start/OP_ACCEPTANCE.md","services","operation_acceptance","dsh_partner_intake_start","",".md","legacy_partner_identity_staff","move_to_legacy","dsh_partner_identity_staff_cluster","","","high","Partner onboarding and admin extras remain outside current operational truth."
"services/dsh/governance/operations/dsh_partner_intake_start/OP_ACTIONS_CATALOG.csv","services","operation_actions_catalog","dsh_partner_intake_start","",".csv","legacy_partner_identity_staff","move_to_legacy","dsh_partner_identity_staff_cluster","","","high","Partner onboarding and admin extras remain outside current operational truth."
"services/dsh/governance/operations/dsh_partner_intake_start/OP_API_MAP.csv","services","operation_api_map","dsh_partner_intake_start","",".csv","legacy_partner_identity_staff","move_to_legacy","dsh_partner_identity_staff_cluster","","","high","Partner onboarding and admin extras remain outside current operational truth."
"services/dsh/governance/operations/dsh_partner_intake_start/OP_EVIDENCE_INDEX.json","services","operation_evidence_index","dsh_partner_intake_start","",".json","legacy_partner_identity_staff","move_to_legacy","dsh_partner_identity_staff_cluster","","","high","Partner onboarding and admin extras remain outside current operational truth."
"services/dsh/governance/operations/dsh_partner_intake_start/OP_GAPS.md","services","operation_gaps","dsh_partner_intake_start","",".md","legacy_partner_identity_staff","move_to_legacy","dsh_partner_identity_staff_cluster","","","high","Partner onboarding and admin extras remain outside current operational truth."
"services/dsh/governance/operations/dsh_partner_intake_start/OP_CONTROL_PANEL_MAP.csv","services","operation_control_panel_map","dsh_partner_intake_start","",".csv","legacy_partner_identity_staff","move_to_legacy","dsh_partner_identity_staff_cluster","","","high","Partner onboarding and admin extras remain outside current operational truth."
"services/dsh/governance/operations/dsh_partner_intake_start/OP_RBAC_ABAC.csv","services","operation_rbac_abac","dsh_partner_intake_start","",".csv","legacy_partner_identity_staff","move_to_legacy","dsh_partner_identity_staff_cluster","","","high","Partner onboarding and admin extras remain outside current operational truth."
"services/dsh/governance/operations/dsh_partner_intake_start/OP_RUNTIME_VARS.csv","services","operation_runtime_vars","dsh_partner_intake_start","",".csv","legacy_partner_identity_staff","move_to_legacy","dsh_partner_identity_staff_cluster","","","high","Partner onboarding and admin extras remain outside current operational truth."
"services/dsh/governance/operations/dsh_partner_intake_start/OP_SCREENS_MAP.csv","services","operation_screens_map","dsh_partner_intake_start","",".csv","legacy_partner_identity_staff","move_to_legacy","dsh_partner_identity_staff_cluster","","","high","Partner onboarding and admin extras remain outside current operational truth."
"services/dsh/governance/operations/dsh_partner_intake_start/OP_SPEC.yaml","services","operation_spec","dsh_partner_intake_start","",".yaml","legacy_partner_identity_staff","move_to_legacy","dsh_partner_identity_staff_cluster","","","high","Partner onboarding and admin extras remain outside current operational truth."
"services/dsh/governance/operations/dsh_partner_inventory_adjust/OP_ACCEPTANCE.md","services","operation_acceptance","dsh_partner_inventory_adjust","",".md","dsh_partner_store_maintenance","covered","dsh_partner_store_maintenance_workspace","dsh_partner_store_maintenance_workspace","","high","Partner store readiness and configuration family."
"services/dsh/governance/operations/dsh_partner_inventory_adjust/OP_ACTIONS_CATALOG.csv","services","operation_actions_catalog","dsh_partner_inventory_adjust","",".csv","dsh_partner_store_maintenance","covered","dsh_partner_store_maintenance_workspace","dsh_partner_store_maintenance_workspace","","high","Partner store readiness and configuration family."
"services/dsh/governance/operations/dsh_partner_inventory_adjust/OP_API_MAP.csv","services","operation_api_map","dsh_partner_inventory_adjust","",".csv","dsh_partner_store_maintenance","covered","dsh_partner_store_maintenance_workspace","dsh_partner_store_maintenance_workspace","","high","Partner store readiness and configuration family."
"services/dsh/governance/operations/dsh_partner_inventory_adjust/OP_EVIDENCE_INDEX.json","services","operation_evidence_index","dsh_partner_inventory_adjust","",".json","dsh_partner_store_maintenance","covered","dsh_partner_store_maintenance_workspace","dsh_partner_store_maintenance_workspace","","high","Partner store readiness and configuration family."
"services/dsh/governance/operations/dsh_partner_inventory_adjust/OP_GAPS.md","services","operation_gaps","dsh_partner_inventory_adjust","",".md","dsh_partner_store_maintenance","covered","dsh_partner_store_maintenance_workspace","dsh_partner_store_maintenance_workspace","","high","Partner store readiness and configuration family."
"services/dsh/governance/operations/dsh_partner_inventory_adjust/OP_CONTROL_PANEL_MAP.csv","services","operation_control_panel_map","dsh_partner_inventory_adjust","",".csv","dsh_partner_store_maintenance","covered","dsh_partner_store_maintenance_workspace","dsh_partner_store_maintenance_workspace","","high","Partner store readiness and configuration family."
"services/dsh/governance/operations/dsh_partner_inventory_adjust/OP_RBAC_ABAC.csv","services","operation_rbac_abac","dsh_partner_inventory_adjust","",".csv","dsh_partner_store_maintenance","covered","dsh_partner_store_maintenance_workspace","dsh_partner_store_maintenance_workspace","","high","Partner store readiness and configuration family."
"services/dsh/governance/operations/dsh_partner_inventory_adjust/OP_RUNTIME_VARS.csv","services","operation_runtime_vars","dsh_partner_inventory_adjust","",".csv","dsh_partner_store_maintenance","covered","dsh_partner_store_maintenance_workspace","dsh_partner_store_maintenance_workspace","","high","Partner store readiness and configuration family."
"services/dsh/governance/operations/dsh_partner_inventory_adjust/OP_SCREENS_MAP.csv","services","operation_screens_map","dsh_partner_inventory_adjust","",".csv","dsh_partner_store_maintenance","covered","dsh_partner_store_maintenance_workspace","dsh_partner_store_maintenance_workspace","","high","Partner store readiness and configuration family."
"services/dsh/governance/operations/dsh_partner_inventory_adjust/OP_SPEC.yaml","services","operation_spec","dsh_partner_inventory_adjust","",".yaml","dsh_partner_store_maintenance","covered","dsh_partner_store_maintenance_workspace","dsh_partner_store_maintenance_workspace","","high","Partner store readiness and configuration family."
"services/dsh/governance/operations/dsh_partner_inventory_update/OP_ACCEPTANCE.md","services","operation_acceptance","dsh_partner_inventory_update","",".md","dsh_partner_store_maintenance","covered","dsh_partner_store_maintenance_workspace","dsh_partner_store_maintenance_workspace","","high","Partner store readiness and configuration family."
"services/dsh/governance/operations/dsh_partner_inventory_update/OP_ACTIONS_CATALOG.csv","services","operation_actions_catalog","dsh_partner_inventory_update","",".csv","dsh_partner_store_maintenance","covered","dsh_partner_store_maintenance_workspace","dsh_partner_store_maintenance_workspace","","high","Partner store readiness and configuration family."
"services/dsh/governance/operations/dsh_partner_inventory_update/OP_API_MAP.csv","services","operation_api_map","dsh_partner_inventory_update","",".csv","dsh_partner_store_maintenance","covered","dsh_partner_store_maintenance_workspace","dsh_partner_store_maintenance_workspace","","high","Partner store readiness and configuration family."
"services/dsh/governance/operations/dsh_partner_inventory_update/OP_EVIDENCE_INDEX.json","services","operation_evidence_index","dsh_partner_inventory_update","",".json","dsh_partner_store_maintenance","covered","dsh_partner_store_maintenance_workspace","dsh_partner_store_maintenance_workspace","","high","Partner store readiness and configuration family."
"services/dsh/governance/operations/dsh_partner_inventory_update/OP_GAPS.md","services","operation_gaps","dsh_partner_inventory_update","",".md","dsh_partner_store_maintenance","covered","dsh_partner_store_maintenance_workspace","dsh_partner_store_maintenance_workspace","","high","Partner store readiness and configuration family."
"services/dsh/governance/operations/dsh_partner_inventory_update/OP_CONTROL_PANEL_MAP.csv","services","operation_control_panel_map","dsh_partner_inventory_update","",".csv","dsh_partner_store_maintenance","covered","dsh_partner_store_maintenance_workspace","dsh_partner_store_maintenance_workspace","","high","Partner store readiness and configuration family."
"services/dsh/governance/operations/dsh_partner_inventory_update/OP_RBAC_ABAC.csv","services","operation_rbac_abac","dsh_partner_inventory_update","",".csv","dsh_partner_store_maintenance","covered","dsh_partner_store_maintenance_workspace","dsh_partner_store_maintenance_workspace","","high","Partner store readiness and configuration family."
"services/dsh/governance/operations/dsh_partner_inventory_update/OP_RUNTIME_VARS.csv","services","operation_runtime_vars","dsh_partner_inventory_update","",".csv","dsh_partner_store_maintenance","covered","dsh_partner_store_maintenance_workspace","dsh_partner_store_maintenance_workspace","","high","Partner store readiness and configuration family."
"services/dsh/governance/operations/dsh_partner_inventory_update/OP_SCREENS_MAP.csv","services","operation_screens_map","dsh_partner_inventory_update","",".csv","dsh_partner_store_maintenance","covered","dsh_partner_store_maintenance_workspace","dsh_partner_store_maintenance_workspace","","high","Partner store readiness and configuration family."
"services/dsh/governance/operations/dsh_partner_inventory_update/OP_SPEC.yaml","services","operation_spec","dsh_partner_inventory_update","",".yaml","dsh_partner_store_maintenance","covered","dsh_partner_store_maintenance_workspace","dsh_partner_store_maintenance_workspace","","high","Partner store readiness and configuration family."
"services/dsh/governance/operations/dsh_partner_items_upsert/OP_ACCEPTANCE.md","services","operation_acceptance","dsh_partner_items_upsert","",".md","dsh_partner_store_maintenance","covered","dsh_partner_store_maintenance_workspace","dsh_partner_store_maintenance_workspace","","high","Partner store readiness and configuration family."
"services/dsh/governance/operations/dsh_partner_items_upsert/OP_ACTIONS_CATALOG.csv","services","operation_actions_catalog","dsh_partner_items_upsert","",".csv","dsh_partner_store_maintenance","covered","dsh_partner_store_maintenance_workspace","dsh_partner_store_maintenance_workspace","","high","Partner store readiness and configuration family."
"services/dsh/governance/operations/dsh_partner_items_upsert/OP_API_MAP.csv","services","operation_api_map","dsh_partner_items_upsert","",".csv","dsh_partner_store_maintenance","covered","dsh_partner_store_maintenance_workspace","dsh_partner_store_maintenance_workspace","","high","Partner store readiness and configuration family."
"services/dsh/governance/operations/dsh_partner_items_upsert/OP_EVIDENCE_INDEX.json","services","operation_evidence_index","dsh_partner_items_upsert","",".json","dsh_partner_store_maintenance","covered","dsh_partner_store_maintenance_workspace","dsh_partner_store_maintenance_workspace","","high","Partner store readiness and configuration family."
"services/dsh/governance/operations/dsh_partner_items_upsert/OP_GAPS.md","services","operation_gaps","dsh_partner_items_upsert","",".md","dsh_partner_store_maintenance","covered","dsh_partner_store_maintenance_workspace","dsh_partner_store_maintenance_workspace","","high","Partner store readiness and configuration family."
"services/dsh/governance/operations/dsh_partner_items_upsert/OP_CONTROL_PANEL_MAP.csv","services","operation_control_panel_map","dsh_partner_items_upsert","",".csv","dsh_partner_store_maintenance","covered","dsh_partner_store_maintenance_workspace","dsh_partner_store_maintenance_workspace","","high","Partner store readiness and configuration family."
"services/dsh/governance/operations/dsh_partner_items_upsert/OP_RBAC_ABAC.csv","services","operation_rbac_abac","dsh_partner_items_upsert","",".csv","dsh_partner_store_maintenance","covered","dsh_partner_store_maintenance_workspace","dsh_partner_store_maintenance_workspace","","high","Partner store readiness and configuration family."
"services/dsh/governance/operations/dsh_partner_items_upsert/OP_RUNTIME_VARS.csv","services","operation_runtime_vars","dsh_partner_items_upsert","",".csv","dsh_partner_store_maintenance","covered","dsh_partner_store_maintenance_workspace","dsh_partner_store_maintenance_workspace","","high","Partner store readiness and configuration family."
"services/dsh/governance/operations/dsh_partner_items_upsert/OP_SCREENS_MAP.csv","services","operation_screens_map","dsh_partner_items_upsert","",".csv","dsh_partner_store_maintenance","covered","dsh_partner_store_maintenance_workspace","dsh_partner_store_maintenance_workspace","","high","Partner store readiness and configuration family."
"services/dsh/governance/operations/dsh_partner_items_upsert/OP_SPEC.yaml","services","operation_spec","dsh_partner_items_upsert","",".yaml","dsh_partner_store_maintenance","covered","dsh_partner_store_maintenance_workspace","dsh_partner_store_maintenance_workspace","","high","Partner store readiness and configuration family."
"services/dsh/governance/operations/dsh_partner_manager_invite/OP_ACCEPTANCE.md","services","operation_acceptance","dsh_partner_manager_invite","",".md","legacy_partner_identity_staff","move_to_legacy","dsh_partner_identity_staff_cluster","","","high","Partner onboarding and admin extras remain outside current operational truth."
"services/dsh/governance/operations/dsh_partner_manager_invite/OP_ACTIONS_CATALOG.csv","services","operation_actions_catalog","dsh_partner_manager_invite","",".csv","legacy_partner_identity_staff","move_to_legacy","dsh_partner_identity_staff_cluster","","","high","Partner onboarding and admin extras remain outside current operational truth."
"services/dsh/governance/operations/dsh_partner_manager_invite/OP_API_MAP.csv","services","operation_api_map","dsh_partner_manager_invite","",".csv","legacy_partner_identity_staff","move_to_legacy","dsh_partner_identity_staff_cluster","","","high","Partner onboarding and admin extras remain outside current operational truth."
"services/dsh/governance/operations/dsh_partner_manager_invite/OP_EVIDENCE_INDEX.json","services","operation_evidence_index","dsh_partner_manager_invite","",".json","legacy_partner_identity_staff","move_to_legacy","dsh_partner_identity_staff_cluster","","","high","Partner onboarding and admin extras remain outside current operational truth."
"services/dsh/governance/operations/dsh_partner_manager_invite/OP_GAPS.md","services","operation_gaps","dsh_partner_manager_invite","",".md","legacy_partner_identity_staff","move_to_legacy","dsh_partner_identity_staff_cluster","","","high","Partner onboarding and admin extras remain outside current operational truth."
"services/dsh/governance/operations/dsh_partner_manager_invite/OP_CONTROL_PANEL_MAP.csv","services","operation_control_panel_map","dsh_partner_manager_invite","",".csv","legacy_partner_identity_staff","move_to_legacy","dsh_partner_identity_staff_cluster","","","high","Partner onboarding and admin extras remain outside current operational truth."
"services/dsh/governance/operations/dsh_partner_manager_invite/OP_RBAC_ABAC.csv","services","operation_rbac_abac","dsh_partner_manager_invite","",".csv","legacy_partner_identity_staff","move_to_legacy","dsh_partner_identity_staff_cluster","","","high","Partner onboarding and admin extras remain outside current operational truth."
"services/dsh/governance/operations/dsh_partner_manager_invite/OP_RUNTIME_VARS.csv","services","operation_runtime_vars","dsh_partner_manager_invite","",".csv","legacy_partner_identity_staff","move_to_legacy","dsh_partner_identity_staff_cluster","","","high","Partner onboarding and admin extras remain outside current operational truth."
"services/dsh/governance/operations/dsh_partner_manager_invite/OP_SCREENS_MAP.csv","services","operation_screens_map","dsh_partner_manager_invite","",".csv","legacy_partner_identity_staff","move_to_legacy","dsh_partner_identity_staff_cluster","","","high","Partner onboarding and admin extras remain outside current operational truth."
"services/dsh/governance/operations/dsh_partner_manager_invite/OP_SPEC.yaml","services","operation_spec","dsh_partner_manager_invite","",".yaml","legacy_partner_identity_staff","move_to_legacy","dsh_partner_identity_staff_cluster","","","high","Partner onboarding and admin extras remain outside current operational truth."
"services/dsh/governance/operations/dsh_partner_order_handoff/OP_ACCEPTANCE.md","services","operation_acceptance","dsh_partner_order_handoff","",".md","dsh_partner_order_handling","covered","dsh_partner_order_workspace|dsh_partner_handoff_action","dsh_partner_order_workspace","","high","Partner execution stays inside one workspace."
"services/dsh/governance/operations/dsh_partner_order_handoff/OP_ACTIONS_CATALOG.csv","services","operation_actions_catalog","dsh_partner_order_handoff","",".csv","dsh_partner_order_handling","covered","dsh_partner_order_workspace|dsh_partner_handoff_action","dsh_partner_order_workspace","","high","Partner execution stays inside one workspace."
"services/dsh/governance/operations/dsh_partner_order_handoff/OP_API_MAP.csv","services","operation_api_map","dsh_partner_order_handoff","",".csv","dsh_partner_order_handling","covered","dsh_partner_order_workspace|dsh_partner_handoff_action","dsh_partner_order_workspace","","high","Partner execution stays inside one workspace."
"services/dsh/governance/operations/dsh_partner_order_handoff/OP_EVIDENCE_INDEX.json","services","operation_evidence_index","dsh_partner_order_handoff","",".json","dsh_partner_order_handling","covered","dsh_partner_order_workspace|dsh_partner_handoff_action","dsh_partner_order_workspace","","high","Partner execution stays inside one workspace."
"services/dsh/governance/operations/dsh_partner_order_handoff/OP_GAPS.md","services","operation_gaps","dsh_partner_order_handoff","",".md","dsh_partner_order_handling","covered","dsh_partner_order_workspace|dsh_partner_handoff_action","dsh_partner_order_workspace","","high","Partner execution stays inside one workspace."
"services/dsh/governance/operations/dsh_partner_order_handoff/OP_CONTROL_PANEL_MAP.csv","services","operation_control_panel_map","dsh_partner_order_handoff","",".csv","dsh_partner_order_handling","covered","dsh_partner_order_workspace|dsh_partner_handoff_action","dsh_partner_order_workspace","","high","Partner execution stays inside one workspace."
"services/dsh/governance/operations/dsh_partner_order_handoff/OP_RBAC_ABAC.csv","services","operation_rbac_abac","dsh_partner_order_handoff","",".csv","dsh_partner_order_handling","covered","dsh_partner_order_workspace|dsh_partner_handoff_action","dsh_partner_order_workspace","","high","Partner execution stays inside one workspace."
"services/dsh/governance/operations/dsh_partner_order_handoff/OP_RUNTIME_VARS.csv","services","operation_runtime_vars","dsh_partner_order_handoff","",".csv","dsh_partner_order_handling","covered","dsh_partner_order_workspace|dsh_partner_handoff_action","dsh_partner_order_workspace","","high","Partner execution stays inside one workspace."
"services/dsh/governance/operations/dsh_partner_order_handoff/OP_SCREENS_MAP.csv","services","operation_screens_map","dsh_partner_order_handoff","",".csv","dsh_partner_order_handling","covered","dsh_partner_order_workspace|dsh_partner_handoff_action","dsh_partner_order_workspace","","high","Partner execution stays inside one workspace."
"services/dsh/governance/operations/dsh_partner_order_handoff/OP_SPEC.yaml","services","operation_spec","dsh_partner_order_handoff","",".yaml","dsh_partner_order_handling","covered","dsh_partner_order_workspace|dsh_partner_handoff_action","dsh_partner_order_workspace","","high","Partner execution stays inside one workspace."
"services/dsh/governance/operations/dsh_partner_quick_reply_config_get/OP_ACCEPTANCE.md","services","operation_acceptance","dsh_partner_quick_reply_config_get","",".md","dsh_customer_order_chat","converted_companion","dsh_partner_chat_companion","dsh_partner_order_workspace","","medium","Quick replies stay subordinate to partner workspace communication."
"services/dsh/governance/operations/dsh_partner_quick_reply_config_get/OP_ACTIONS_CATALOG.csv","services","operation_actions_catalog","dsh_partner_quick_reply_config_get","",".csv","dsh_customer_order_chat","converted_companion","dsh_partner_chat_companion","dsh_partner_order_workspace","","medium","Quick replies stay subordinate to partner workspace communication."
"services/dsh/governance/operations/dsh_partner_quick_reply_config_get/OP_API_MAP.csv","services","operation_api_map","dsh_partner_quick_reply_config_get","",".csv","dsh_customer_order_chat","converted_companion","dsh_partner_chat_companion","dsh_partner_order_workspace","","medium","Quick replies stay subordinate to partner workspace communication."
"services/dsh/governance/operations/dsh_partner_quick_reply_config_get/OP_EVIDENCE_INDEX.json","services","operation_evidence_index","dsh_partner_quick_reply_config_get","",".json","dsh_customer_order_chat","converted_companion","dsh_partner_chat_companion","dsh_partner_order_workspace","","medium","Quick replies stay subordinate to partner workspace communication."
"services/dsh/governance/operations/dsh_partner_quick_reply_config_get/OP_GAPS.md","services","operation_gaps","dsh_partner_quick_reply_config_get","",".md","dsh_customer_order_chat","converted_companion","dsh_partner_chat_companion","dsh_partner_order_workspace","","medium","Quick replies stay subordinate to partner workspace communication."
"services/dsh/governance/operations/dsh_partner_quick_reply_config_get/OP_CONTROL_PANEL_MAP.csv","services","operation_control_panel_map","dsh_partner_quick_reply_config_get","",".csv","dsh_customer_order_chat","converted_companion","dsh_partner_chat_companion","dsh_partner_order_workspace","","medium","Quick replies stay subordinate to partner workspace communication."
"services/dsh/governance/operations/dsh_partner_quick_reply_config_get/OP_RBAC_ABAC.csv","services","operation_rbac_abac","dsh_partner_quick_reply_config_get","",".csv","dsh_customer_order_chat","converted_companion","dsh_partner_chat_companion","dsh_partner_order_workspace","","medium","Quick replies stay subordinate to partner workspace communication."
"services/dsh/governance/operations/dsh_partner_quick_reply_config_get/OP_RUNTIME_VARS.csv","services","operation_runtime_vars","dsh_partner_quick_reply_config_get","",".csv","dsh_customer_order_chat","converted_companion","dsh_partner_chat_companion","dsh_partner_order_workspace","","medium","Quick replies stay subordinate to partner workspace communication."
"services/dsh/governance/operations/dsh_partner_quick_reply_config_get/OP_SCREENS_MAP.csv","services","operation_screens_map","dsh_partner_quick_reply_config_get","",".csv","dsh_customer_order_chat","converted_companion","dsh_partner_chat_companion","dsh_partner_order_workspace","","medium","Quick replies stay subordinate to partner workspace communication."
"services/dsh/governance/operations/dsh_partner_quick_reply_config_get/OP_SPEC.yaml","services","operation_spec","dsh_partner_quick_reply_config_get","",".yaml","dsh_customer_order_chat","converted_companion","dsh_partner_chat_companion","dsh_partner_order_workspace","","medium","Quick replies stay subordinate to partner workspace communication."
"services/dsh/governance/operations/dsh_partner_quick_reply_post/OP_ACCEPTANCE.md","services","operation_acceptance","dsh_partner_quick_reply_post","",".md","dsh_customer_order_chat","converted_companion","dsh_partner_chat_companion","dsh_partner_order_workspace","","medium","Quick replies stay subordinate to partner workspace communication."
"services/dsh/governance/operations/dsh_partner_quick_reply_post/OP_ACTIONS_CATALOG.csv","services","operation_actions_catalog","dsh_partner_quick_reply_post","",".csv","dsh_customer_order_chat","converted_companion","dsh_partner_chat_companion","dsh_partner_order_workspace","","medium","Quick replies stay subordinate to partner workspace communication."
"services/dsh/governance/operations/dsh_partner_quick_reply_post/OP_API_MAP.csv","services","operation_api_map","dsh_partner_quick_reply_post","",".csv","dsh_customer_order_chat","converted_companion","dsh_partner_chat_companion","dsh_partner_order_workspace","","medium","Quick replies stay subordinate to partner workspace communication."
"services/dsh/governance/operations/dsh_partner_quick_reply_post/OP_EVIDENCE_INDEX.json","services","operation_evidence_index","dsh_partner_quick_reply_post","",".json","dsh_customer_order_chat","converted_companion","dsh_partner_chat_companion","dsh_partner_order_workspace","","medium","Quick replies stay subordinate to partner workspace communication."
"services/dsh/governance/operations/dsh_partner_quick_reply_post/OP_GAPS.md","services","operation_gaps","dsh_partner_quick_reply_post","",".md","dsh_customer_order_chat","converted_companion","dsh_partner_chat_companion","dsh_partner_order_workspace","","medium","Quick replies stay subordinate to partner workspace communication."
"services/dsh/governance/operations/dsh_partner_quick_reply_post/OP_CONTROL_PANEL_MAP.csv","services","operation_control_panel_map","dsh_partner_quick_reply_post","",".csv","dsh_customer_order_chat","converted_companion","dsh_partner_chat_companion","dsh_partner_order_workspace","","medium","Quick replies stay subordinate to partner workspace communication."
"services/dsh/governance/operations/dsh_partner_quick_reply_post/OP_RBAC_ABAC.csv","services","operation_rbac_abac","dsh_partner_quick_reply_post","",".csv","dsh_customer_order_chat","converted_companion","dsh_partner_chat_companion","dsh_partner_order_workspace","","medium","Quick replies stay subordinate to partner workspace communication."
"services/dsh/governance/operations/dsh_partner_quick_reply_post/OP_RUNTIME_VARS.csv","services","operation_runtime_vars","dsh_partner_quick_reply_post","",".csv","dsh_customer_order_chat","converted_companion","dsh_partner_chat_companion","dsh_partner_order_workspace","","medium","Quick replies stay subordinate to partner workspace communication."
"services/dsh/governance/operations/dsh_partner_quick_reply_post/OP_SCREENS_MAP.csv","services","operation_screens_map","dsh_partner_quick_reply_post","",".csv","dsh_customer_order_chat","converted_companion","dsh_partner_chat_companion","dsh_partner_order_workspace","","medium","Quick replies stay subordinate to partner workspace communication."
"services/dsh/governance/operations/dsh_partner_quick_reply_post/OP_SPEC.yaml","services","operation_spec","dsh_partner_quick_reply_post","",".yaml","dsh_customer_order_chat","converted_companion","dsh_partner_chat_companion","dsh_partner_order_workspace","","medium","Quick replies stay subordinate to partner workspace communication."
"services/dsh/governance/operations/dsh_partner_quick_reply_setup/OP_ACCEPTANCE.md","services","operation_acceptance","dsh_partner_quick_reply_setup","",".md","dsh_customer_order_chat","converted_companion","dsh_partner_chat_companion","dsh_partner_order_workspace","","medium","Quick replies stay subordinate to partner workspace communication."
"services/dsh/governance/operations/dsh_partner_quick_reply_setup/OP_ACTIONS_CATALOG.csv","services","operation_actions_catalog","dsh_partner_quick_reply_setup","",".csv","dsh_customer_order_chat","converted_companion","dsh_partner_chat_companion","dsh_partner_order_workspace","","medium","Quick replies stay subordinate to partner workspace communication."
"services/dsh/governance/operations/dsh_partner_quick_reply_setup/OP_API_MAP.csv","services","operation_api_map","dsh_partner_quick_reply_setup","",".csv","dsh_customer_order_chat","converted_companion","dsh_partner_chat_companion","dsh_partner_order_workspace","","medium","Quick replies stay subordinate to partner workspace communication."
"services/dsh/governance/operations/dsh_partner_quick_reply_setup/OP_EVIDENCE_INDEX.json","services","operation_evidence_index","dsh_partner_quick_reply_setup","",".json","dsh_customer_order_chat","converted_companion","dsh_partner_chat_companion","dsh_partner_order_workspace","","medium","Quick replies stay subordinate to partner workspace communication."
"services/dsh/governance/operations/dsh_partner_quick_reply_setup/OP_GAPS.md","services","operation_gaps","dsh_partner_quick_reply_setup","",".md","dsh_customer_order_chat","converted_companion","dsh_partner_chat_companion","dsh_partner_order_workspace","","medium","Quick replies stay subordinate to partner workspace communication."
"services/dsh/governance/operations/dsh_partner_quick_reply_setup/OP_CONTROL_PANEL_MAP.csv","services","operation_control_panel_map","dsh_partner_quick_reply_setup","",".csv","dsh_customer_order_chat","converted_companion","dsh_partner_chat_companion","dsh_partner_order_workspace","","medium","Quick replies stay subordinate to partner workspace communication."
"services/dsh/governance/operations/dsh_partner_quick_reply_setup/OP_RBAC_ABAC.csv","services","operation_rbac_abac","dsh_partner_quick_reply_setup","",".csv","dsh_customer_order_chat","converted_companion","dsh_partner_chat_companion","dsh_partner_order_workspace","","medium","Quick replies stay subordinate to partner workspace communication."
"services/dsh/governance/operations/dsh_partner_quick_reply_setup/OP_RUNTIME_VARS.csv","services","operation_runtime_vars","dsh_partner_quick_reply_setup","",".csv","dsh_customer_order_chat","converted_companion","dsh_partner_chat_companion","dsh_partner_order_workspace","","medium","Quick replies stay subordinate to partner workspace communication."
"services/dsh/governance/operations/dsh_partner_quick_reply_setup/OP_SCREENS_MAP.csv","services","operation_screens_map","dsh_partner_quick_reply_setup","",".csv","dsh_customer_order_chat","converted_companion","dsh_partner_chat_companion","dsh_partner_order_workspace","","medium","Quick replies stay subordinate to partner workspace communication."
"services/dsh/governance/operations/dsh_partner_quick_reply_setup/OP_SPEC.yaml","services","operation_spec","dsh_partner_quick_reply_setup","",".yaml","dsh_customer_order_chat","converted_companion","dsh_partner_chat_companion","dsh_partner_order_workspace","","medium","Quick replies stay subordinate to partner workspace communication."
"services/dsh/governance/operations/dsh_partner_quick_reply_webhook_post/OP_ACCEPTANCE.md","services","operation_acceptance","dsh_partner_quick_reply_webhook_post","",".md","dsh_customer_order_chat","converted_companion","dsh_partner_chat_companion","dsh_partner_order_workspace","","medium","Quick replies stay subordinate to partner workspace communication."
"services/dsh/governance/operations/dsh_partner_quick_reply_webhook_post/OP_ACTIONS_CATALOG.csv","services","operation_actions_catalog","dsh_partner_quick_reply_webhook_post","",".csv","dsh_customer_order_chat","converted_companion","dsh_partner_chat_companion","dsh_partner_order_workspace","","medium","Quick replies stay subordinate to partner workspace communication."
"services/dsh/governance/operations/dsh_partner_quick_reply_webhook_post/OP_API_MAP.csv","services","operation_api_map","dsh_partner_quick_reply_webhook_post","",".csv","dsh_customer_order_chat","converted_companion","dsh_partner_chat_companion","dsh_partner_order_workspace","","medium","Quick replies stay subordinate to partner workspace communication."
"services/dsh/governance/operations/dsh_partner_quick_reply_webhook_post/OP_EVIDENCE_INDEX.json","services","operation_evidence_index","dsh_partner_quick_reply_webhook_post","",".json","dsh_customer_order_chat","converted_companion","dsh_partner_chat_companion","dsh_partner_order_workspace","","medium","Quick replies stay subordinate to partner workspace communication."
"services/dsh/governance/operations/dsh_partner_quick_reply_webhook_post/OP_GAPS.md","services","operation_gaps","dsh_partner_quick_reply_webhook_post","",".md","dsh_customer_order_chat","converted_companion","dsh_partner_chat_companion","dsh_partner_order_workspace","","medium","Quick replies stay subordinate to partner workspace communication."
"services/dsh/governance/operations/dsh_partner_quick_reply_webhook_post/OP_CONTROL_PANEL_MAP.csv","services","operation_control_panel_map","dsh_partner_quick_reply_webhook_post","",".csv","dsh_customer_order_chat","converted_companion","dsh_partner_chat_companion","dsh_partner_order_workspace","","medium","Quick replies stay subordinate to partner workspace communication."
"services/dsh/governance/operations/dsh_partner_quick_reply_webhook_post/OP_RBAC_ABAC.csv","services","operation_rbac_abac","dsh_partner_quick_reply_webhook_post","",".csv","dsh_customer_order_chat","converted_companion","dsh_partner_chat_companion","dsh_partner_order_workspace","","medium","Quick replies stay subordinate to partner workspace communication."
"services/dsh/governance/operations/dsh_partner_quick_reply_webhook_post/OP_RUNTIME_VARS.csv","services","operation_runtime_vars","dsh_partner_quick_reply_webhook_post","",".csv","dsh_customer_order_chat","converted_companion","dsh_partner_chat_companion","dsh_partner_order_workspace","","medium","Quick replies stay subordinate to partner workspace communication."
"services/dsh/governance/operations/dsh_partner_quick_reply_webhook_post/OP_SCREENS_MAP.csv","services","operation_screens_map","dsh_partner_quick_reply_webhook_post","",".csv","dsh_customer_order_chat","converted_companion","dsh_partner_chat_companion","dsh_partner_order_workspace","","medium","Quick replies stay subordinate to partner workspace communication."
"services/dsh/governance/operations/dsh_partner_quick_reply_webhook_post/OP_SPEC.yaml","services","operation_spec","dsh_partner_quick_reply_webhook_post","",".yaml","dsh_customer_order_chat","converted_companion","dsh_partner_chat_companion","dsh_partner_order_workspace","","medium","Quick replies stay subordinate to partner workspace communication."
"services/dsh/governance/operations/dsh_partner_store_create/OP_ACCEPTANCE.md","services","operation_acceptance","dsh_partner_store_create","",".md","dsh_partner_store_maintenance","covered","dsh_partner_store_maintenance_workspace","dsh_partner_store_maintenance_workspace","","high","Partner store readiness and configuration family."
"services/dsh/governance/operations/dsh_partner_store_create/OP_ACTIONS_CATALOG.csv","services","operation_actions_catalog","dsh_partner_store_create","",".csv","dsh_partner_store_maintenance","covered","dsh_partner_store_maintenance_workspace","dsh_partner_store_maintenance_workspace","","high","Partner store readiness and configuration family."
"services/dsh/governance/operations/dsh_partner_store_create/OP_API_MAP.csv","services","operation_api_map","dsh_partner_store_create","",".csv","dsh_partner_store_maintenance","covered","dsh_partner_store_maintenance_workspace","dsh_partner_store_maintenance_workspace","","high","Partner store readiness and configuration family."
"services/dsh/governance/operations/dsh_partner_store_create/OP_EVIDENCE_INDEX.json","services","operation_evidence_index","dsh_partner_store_create","",".json","dsh_partner_store_maintenance","covered","dsh_partner_store_maintenance_workspace","dsh_partner_store_maintenance_workspace","","high","Partner store readiness and configuration family."
"services/dsh/governance/operations/dsh_partner_store_create/OP_GAPS.md","services","operation_gaps","dsh_partner_store_create","",".md","dsh_partner_store_maintenance","covered","dsh_partner_store_maintenance_workspace","dsh_partner_store_maintenance_workspace","","high","Partner store readiness and configuration family."
"services/dsh/governance/operations/dsh_partner_store_create/OP_CONTROL_PANEL_MAP.csv","services","operation_control_panel_map","dsh_partner_store_create","",".csv","dsh_partner_store_maintenance","covered","dsh_partner_store_maintenance_workspace","dsh_partner_store_maintenance_workspace","","high","Partner store readiness and configuration family."
"services/dsh/governance/operations/dsh_partner_store_create/OP_RBAC_ABAC.csv","services","operation_rbac_abac","dsh_partner_store_create","",".csv","dsh_partner_store_maintenance","covered","dsh_partner_store_maintenance_workspace","dsh_partner_store_maintenance_workspace","","high","Partner store readiness and configuration family."
"services/dsh/governance/operations/dsh_partner_store_create/OP_RUNTIME_VARS.csv","services","operation_runtime_vars","dsh_partner_store_create","",".csv","dsh_partner_store_maintenance","covered","dsh_partner_store_maintenance_workspace","dsh_partner_store_maintenance_workspace","","high","Partner store readiness and configuration family."
"services/dsh/governance/operations/dsh_partner_store_create/OP_SCREENS_MAP.csv","services","operation_screens_map","dsh_partner_store_create","",".csv","dsh_partner_store_maintenance","covered","dsh_partner_store_maintenance_workspace","dsh_partner_store_maintenance_workspace","","high","Partner store readiness and configuration family."
"services/dsh/governance/operations/dsh_partner_store_create/OP_SPEC.yaml","services","operation_spec","dsh_partner_store_create","",".yaml","dsh_partner_store_maintenance","covered","dsh_partner_store_maintenance_workspace","dsh_partner_store_maintenance_workspace","","high","Partner store readiness and configuration family."
"services/dsh/governance/operations/dsh_partner_store_get/OP_ACCEPTANCE.md","services","operation_acceptance","dsh_partner_store_get","",".md","dsh_partner_store_maintenance","covered","dsh_partner_store_maintenance_workspace","dsh_partner_store_maintenance_workspace","","high","Partner store readiness and configuration family."
"services/dsh/governance/operations/dsh_partner_store_get/OP_ACTIONS_CATALOG.csv","services","operation_actions_catalog","dsh_partner_store_get","",".csv","dsh_partner_store_maintenance","covered","dsh_partner_store_maintenance_workspace","dsh_partner_store_maintenance_workspace","","high","Partner store readiness and configuration family."
"services/dsh/governance/operations/dsh_partner_store_get/OP_API_MAP.csv","services","operation_api_map","dsh_partner_store_get","",".csv","dsh_partner_store_maintenance","covered","dsh_partner_store_maintenance_workspace","dsh_partner_store_maintenance_workspace","","high","Partner store readiness and configuration family."
"services/dsh/governance/operations/dsh_partner_store_get/OP_EVIDENCE_INDEX.json","services","operation_evidence_index","dsh_partner_store_get","",".json","dsh_partner_store_maintenance","covered","dsh_partner_store_maintenance_workspace","dsh_partner_store_maintenance_workspace","","high","Partner store readiness and configuration family."
"services/dsh/governance/operations/dsh_partner_store_get/OP_GAPS.md","services","operation_gaps","dsh_partner_store_get","",".md","dsh_partner_store_maintenance","covered","dsh_partner_store_maintenance_workspace","dsh_partner_store_maintenance_workspace","","high","Partner store readiness and configuration family."
"services/dsh/governance/operations/dsh_partner_store_get/OP_CONTROL_PANEL_MAP.csv","services","operation_control_panel_map","dsh_partner_store_get","",".csv","dsh_partner_store_maintenance","covered","dsh_partner_store_maintenance_workspace","dsh_partner_store_maintenance_workspace","","high","Partner store readiness and configuration family."
"services/dsh/governance/operations/dsh_partner_store_get/OP_RBAC_ABAC.csv","services","operation_rbac_abac","dsh_partner_store_get","",".csv","dsh_partner_store_maintenance","covered","dsh_partner_store_maintenance_workspace","dsh_partner_store_maintenance_workspace","","high","Partner store readiness and configuration family."
"services/dsh/governance/operations/dsh_partner_store_get/OP_RUNTIME_VARS.csv","services","operation_runtime_vars","dsh_partner_store_get","",".csv","dsh_partner_store_maintenance","covered","dsh_partner_store_maintenance_workspace","dsh_partner_store_maintenance_workspace","","high","Partner store readiness and configuration family."
"services/dsh/governance/operations/dsh_partner_store_get/OP_SCREENS_MAP.csv","services","operation_screens_map","dsh_partner_store_get","",".csv","dsh_partner_store_maintenance","covered","dsh_partner_store_maintenance_workspace","dsh_partner_store_maintenance_workspace","","high","Partner store readiness and configuration family."
"services/dsh/governance/operations/dsh_partner_store_get/OP_SPEC.yaml","services","operation_spec","dsh_partner_store_get","",".yaml","dsh_partner_store_maintenance","covered","dsh_partner_store_maintenance_workspace","dsh_partner_store_maintenance_workspace","","high","Partner store readiness and configuration family."
"services/dsh/governance/operations/dsh_partner_store_service_modes_update/OP_ACCEPTANCE.md","services","operation_acceptance","dsh_partner_store_service_modes_update","",".md","dsh_partner_store_maintenance","covered","dsh_partner_store_maintenance_workspace","dsh_partner_store_maintenance_workspace","","high","Partner store readiness and configuration family."
"services/dsh/governance/operations/dsh_partner_store_service_modes_update/OP_ACTIONS_CATALOG.csv","services","operation_actions_catalog","dsh_partner_store_service_modes_update","",".csv","dsh_partner_store_maintenance","covered","dsh_partner_store_maintenance_workspace","dsh_partner_store_maintenance_workspace","","high","Partner store readiness and configuration family."
"services/dsh/governance/operations/dsh_partner_store_service_modes_update/OP_API_MAP.csv","services","operation_api_map","dsh_partner_store_service_modes_update","",".csv","dsh_partner_store_maintenance","covered","dsh_partner_store_maintenance_workspace","dsh_partner_store_maintenance_workspace","","high","Partner store readiness and configuration family."
"services/dsh/governance/operations/dsh_partner_store_service_modes_update/OP_EVIDENCE_INDEX.json","services","operation_evidence_index","dsh_partner_store_service_modes_update","",".json","dsh_partner_store_maintenance","covered","dsh_partner_store_maintenance_workspace","dsh_partner_store_maintenance_workspace","","high","Partner store readiness and configuration family."
"services/dsh/governance/operations/dsh_partner_store_service_modes_update/OP_GAPS.md","services","operation_gaps","dsh_partner_store_service_modes_update","",".md","dsh_partner_store_maintenance","covered","dsh_partner_store_maintenance_workspace","dsh_partner_store_maintenance_workspace","","high","Partner store readiness and configuration family."
"services/dsh/governance/operations/dsh_partner_store_service_modes_update/OP_CONTROL_PANEL_MAP.csv","services","operation_control_panel_map","dsh_partner_store_service_modes_update","",".csv","dsh_partner_store_maintenance","covered","dsh_partner_store_maintenance_workspace","dsh_partner_store_maintenance_workspace","","high","Partner store readiness and configuration family."
"services/dsh/governance/operations/dsh_partner_store_service_modes_update/OP_RBAC_ABAC.csv","services","operation_rbac_abac","dsh_partner_store_service_modes_update","",".csv","dsh_partner_store_maintenance","covered","dsh_partner_store_maintenance_workspace","dsh_partner_store_maintenance_workspace","","high","Partner store readiness and configuration family."
"services/dsh/governance/operations/dsh_partner_store_service_modes_update/OP_RUNTIME_VARS.csv","services","operation_runtime_vars","dsh_partner_store_service_modes_update","",".csv","dsh_partner_store_maintenance","covered","dsh_partner_store_maintenance_workspace","dsh_partner_store_maintenance_workspace","","high","Partner store readiness and configuration family."
"services/dsh/governance/operations/dsh_partner_store_service_modes_update/OP_SCREENS_MAP.csv","services","operation_screens_map","dsh_partner_store_service_modes_update","",".csv","dsh_partner_store_maintenance","covered","dsh_partner_store_maintenance_workspace","dsh_partner_store_maintenance_workspace","","high","Partner store readiness and configuration family."
"services/dsh/governance/operations/dsh_partner_store_service_modes_update/OP_SPEC.yaml","services","operation_spec","dsh_partner_store_service_modes_update","",".yaml","dsh_partner_store_maintenance","covered","dsh_partner_store_maintenance_workspace","dsh_partner_store_maintenance_workspace","","high","Partner store readiness and configuration family."
"services/dsh/governance/operations/dsh_partner_store_status_update/OP_ACCEPTANCE.md","services","operation_acceptance","dsh_partner_store_status_update","",".md","dsh_partner_store_maintenance","covered","dsh_partner_store_maintenance_workspace","dsh_partner_store_maintenance_workspace","","high","Partner store readiness and configuration family."
"services/dsh/governance/operations/dsh_partner_store_status_update/OP_ACTIONS_CATALOG.csv","services","operation_actions_catalog","dsh_partner_store_status_update","",".csv","dsh_partner_store_maintenance","covered","dsh_partner_store_maintenance_workspace","dsh_partner_store_maintenance_workspace","","high","Partner store readiness and configuration family."
"services/dsh/governance/operations/dsh_partner_store_status_update/OP_API_MAP.csv","services","operation_api_map","dsh_partner_store_status_update","",".csv","dsh_partner_store_maintenance","covered","dsh_partner_store_maintenance_workspace","dsh_partner_store_maintenance_workspace","","high","Partner store readiness and configuration family."
"services/dsh/governance/operations/dsh_partner_store_status_update/OP_EVIDENCE_INDEX.json","services","operation_evidence_index","dsh_partner_store_status_update","",".json","dsh_partner_store_maintenance","covered","dsh_partner_store_maintenance_workspace","dsh_partner_store_maintenance_workspace","","high","Partner store readiness and configuration family."
"services/dsh/governance/operations/dsh_partner_store_status_update/OP_GAPS.md","services","operation_gaps","dsh_partner_store_status_update","",".md","dsh_partner_store_maintenance","covered","dsh_partner_store_maintenance_workspace","dsh_partner_store_maintenance_workspace","","high","Partner store readiness and configuration family."
"services/dsh/governance/operations/dsh_partner_store_status_update/OP_CONTROL_PANEL_MAP.csv","services","operation_control_panel_map","dsh_partner_store_status_update","",".csv","dsh_partner_store_maintenance","covered","dsh_partner_store_maintenance_workspace","dsh_partner_store_maintenance_workspace","","high","Partner store readiness and configuration family."
"services/dsh/governance/operations/dsh_partner_store_status_update/OP_RBAC_ABAC.csv","services","operation_rbac_abac","dsh_partner_store_status_update","",".csv","dsh_partner_store_maintenance","covered","dsh_partner_store_maintenance_workspace","dsh_partner_store_maintenance_workspace","","high","Partner store readiness and configuration family."
"services/dsh/governance/operations/dsh_partner_store_status_update/OP_RUNTIME_VARS.csv","services","operation_runtime_vars","dsh_partner_store_status_update","",".csv","dsh_partner_store_maintenance","covered","dsh_partner_store_maintenance_workspace","dsh_partner_store_maintenance_workspace","","high","Partner store readiness and configuration family."
"services/dsh/governance/operations/dsh_partner_store_status_update/OP_SCREENS_MAP.csv","services","operation_screens_map","dsh_partner_store_status_update","",".csv","dsh_partner_store_maintenance","covered","dsh_partner_store_maintenance_workspace","dsh_partner_store_maintenance_workspace","","high","Partner store readiness and configuration family."
"services/dsh/governance/operations/dsh_partner_store_status_update/OP_SPEC.yaml","services","operation_spec","dsh_partner_store_status_update","",".yaml","dsh_partner_store_maintenance","covered","dsh_partner_store_maintenance_workspace","dsh_partner_store_maintenance_workspace","","high","Partner store readiness and configuration family."
"services/dsh/governance/operations/dsh_partner_store_update/OP_ACCEPTANCE.md","services","operation_acceptance","dsh_partner_store_update","",".md","dsh_partner_store_maintenance","covered","dsh_partner_store_maintenance_workspace","dsh_partner_store_maintenance_workspace","","high","Partner store readiness and configuration family."
"services/dsh/governance/operations/dsh_partner_store_update/OP_ACTIONS_CATALOG.csv","services","operation_actions_catalog","dsh_partner_store_update","",".csv","dsh_partner_store_maintenance","covered","dsh_partner_store_maintenance_workspace","dsh_partner_store_maintenance_workspace","","high","Partner store readiness and configuration family."
"services/dsh/governance/operations/dsh_partner_store_update/OP_API_MAP.csv","services","operation_api_map","dsh_partner_store_update","",".csv","dsh_partner_store_maintenance","covered","dsh_partner_store_maintenance_workspace","dsh_partner_store_maintenance_workspace","","high","Partner store readiness and configuration family."
"services/dsh/governance/operations/dsh_partner_store_update/OP_EVIDENCE_INDEX.json","services","operation_evidence_index","dsh_partner_store_update","",".json","dsh_partner_store_maintenance","covered","dsh_partner_store_maintenance_workspace","dsh_partner_store_maintenance_workspace","","high","Partner store readiness and configuration family."
"services/dsh/governance/operations/dsh_partner_store_update/OP_GAPS.md","services","operation_gaps","dsh_partner_store_update","",".md","dsh_partner_store_maintenance","covered","dsh_partner_store_maintenance_workspace","dsh_partner_store_maintenance_workspace","","high","Partner store readiness and configuration family."
"services/dsh/governance/operations/dsh_partner_store_update/OP_CONTROL_PANEL_MAP.csv","services","operation_control_panel_map","dsh_partner_store_update","",".csv","dsh_partner_store_maintenance","covered","dsh_partner_store_maintenance_workspace","dsh_partner_store_maintenance_workspace","","high","Partner store readiness and configuration family."
"services/dsh/governance/operations/dsh_partner_store_update/OP_RBAC_ABAC.csv","services","operation_rbac_abac","dsh_partner_store_update","",".csv","dsh_partner_store_maintenance","covered","dsh_partner_store_maintenance_workspace","dsh_partner_store_maintenance_workspace","","high","Partner store readiness and configuration family."
"services/dsh/governance/operations/dsh_partner_store_update/OP_RUNTIME_VARS.csv","services","operation_runtime_vars","dsh_partner_store_update","",".csv","dsh_partner_store_maintenance","covered","dsh_partner_store_maintenance_workspace","dsh_partner_store_maintenance_workspace","","high","Partner store readiness and configuration family."
"services/dsh/governance/operations/dsh_partner_store_update/OP_SCREENS_MAP.csv","services","operation_screens_map","dsh_partner_store_update","",".csv","dsh_partner_store_maintenance","covered","dsh_partner_store_maintenance_workspace","dsh_partner_store_maintenance_workspace","","high","Partner store readiness and configuration family."
"services/dsh/governance/operations/dsh_partner_store_update/OP_SPEC.yaml","services","operation_spec","dsh_partner_store_update","",".yaml","dsh_partner_store_maintenance","covered","dsh_partner_store_maintenance_workspace","dsh_partner_store_maintenance_workspace","","high","Partner store readiness and configuration family."
"services/dsh/governance/operations/dsh_partner_subscription_analytics_get/OP_ACCEPTANCE.md","services","operation_acceptance","dsh_partner_subscription_analytics_get","",".md","legacy_partner_subscription_analytics","move_to_legacy","dsh_partner_subscription_analytics_cluster","","","high","Partner subscription and analytics extras remain outside current truth."
"services/dsh/governance/operations/dsh_partner_subscription_analytics_get/OP_ACTIONS_CATALOG.csv","services","operation_actions_catalog","dsh_partner_subscription_analytics_get","",".csv","legacy_partner_subscription_analytics","move_to_legacy","dsh_partner_subscription_analytics_cluster","","","high","Partner subscription and analytics extras remain outside current truth."
"services/dsh/governance/operations/dsh_partner_subscription_analytics_get/OP_API_MAP.csv","services","operation_api_map","dsh_partner_subscription_analytics_get","",".csv","legacy_partner_subscription_analytics","move_to_legacy","dsh_partner_subscription_analytics_cluster","","","high","Partner subscription and analytics extras remain outside current truth."
"services/dsh/governance/operations/dsh_partner_subscription_analytics_get/OP_EVIDENCE_INDEX.json","services","operation_evidence_index","dsh_partner_subscription_analytics_get","",".json","legacy_partner_subscription_analytics","move_to_legacy","dsh_partner_subscription_analytics_cluster","","","high","Partner subscription and analytics extras remain outside current truth."
"services/dsh/governance/operations/dsh_partner_subscription_analytics_get/OP_GAPS.md","services","operation_gaps","dsh_partner_subscription_analytics_get","",".md","legacy_partner_subscription_analytics","move_to_legacy","dsh_partner_subscription_analytics_cluster","","","high","Partner subscription and analytics extras remain outside current truth."
"services/dsh/governance/operations/dsh_partner_subscription_analytics_get/OP_CONTROL_PANEL_MAP.csv","services","operation_control_panel_map","dsh_partner_subscription_analytics_get","",".csv","legacy_partner_subscription_analytics","move_to_legacy","dsh_partner_subscription_analytics_cluster","","","high","Partner subscription and analytics extras remain outside current truth."
"services/dsh/governance/operations/dsh_partner_subscription_analytics_get/OP_RBAC_ABAC.csv","services","operation_rbac_abac","dsh_partner_subscription_analytics_get","",".csv","legacy_partner_subscription_analytics","move_to_legacy","dsh_partner_subscription_analytics_cluster","","","high","Partner subscription and analytics extras remain outside current truth."
"services/dsh/governance/operations/dsh_partner_subscription_analytics_get/OP_RUNTIME_VARS.csv","services","operation_runtime_vars","dsh_partner_subscription_analytics_get","",".csv","legacy_partner_subscription_analytics","move_to_legacy","dsh_partner_subscription_analytics_cluster","","","high","Partner subscription and analytics extras remain outside current truth."
"services/dsh/governance/operations/dsh_partner_subscription_analytics_get/OP_SCREENS_MAP.csv","services","operation_screens_map","dsh_partner_subscription_analytics_get","",".csv","legacy_partner_subscription_analytics","move_to_legacy","dsh_partner_subscription_analytics_cluster","","","high","Partner subscription and analytics extras remain outside current truth."
"services/dsh/governance/operations/dsh_partner_subscription_analytics_get/OP_SPEC.yaml","services","operation_spec","dsh_partner_subscription_analytics_get","",".yaml","legacy_partner_subscription_analytics","move_to_legacy","dsh_partner_subscription_analytics_cluster","","","high","Partner subscription and analytics extras remain outside current truth."
"services/dsh/governance/operations/dsh_partner_subscription_get/OP_ACCEPTANCE.md","services","operation_acceptance","dsh_partner_subscription_get","",".md","legacy_partner_subscription_analytics","move_to_legacy","dsh_partner_subscription_analytics_cluster","","","high","Partner subscription and analytics extras remain outside current truth."
"services/dsh/governance/operations/dsh_partner_subscription_get/OP_ACTIONS_CATALOG.csv","services","operation_actions_catalog","dsh_partner_subscription_get","",".csv","legacy_partner_subscription_analytics","move_to_legacy","dsh_partner_subscription_analytics_cluster","","","high","Partner subscription and analytics extras remain outside current truth."
"services/dsh/governance/operations/dsh_partner_subscription_get/OP_API_MAP.csv","services","operation_api_map","dsh_partner_subscription_get","",".csv","legacy_partner_subscription_analytics","move_to_legacy","dsh_partner_subscription_analytics_cluster","","","high","Partner subscription and analytics extras remain outside current truth."
"services/dsh/governance/operations/dsh_partner_subscription_get/OP_EVIDENCE_INDEX.json","services","operation_evidence_index","dsh_partner_subscription_get","",".json","legacy_partner_subscription_analytics","move_to_legacy","dsh_partner_subscription_analytics_cluster","","","high","Partner subscription and analytics extras remain outside current truth."
"services/dsh/governance/operations/dsh_partner_subscription_get/OP_GAPS.md","services","operation_gaps","dsh_partner_subscription_get","",".md","legacy_partner_subscription_analytics","move_to_legacy","dsh_partner_subscription_analytics_cluster","","","high","Partner subscription and analytics extras remain outside current truth."
"services/dsh/governance/operations/dsh_partner_subscription_get/OP_CONTROL_PANEL_MAP.csv","services","operation_control_panel_map","dsh_partner_subscription_get","",".csv","legacy_partner_subscription_analytics","move_to_legacy","dsh_partner_subscription_analytics_cluster","","","high","Partner subscription and analytics extras remain outside current truth."
"services/dsh/governance/operations/dsh_partner_subscription_get/OP_RBAC_ABAC.csv","services","operation_rbac_abac","dsh_partner_subscription_get","",".csv","legacy_partner_subscription_analytics","move_to_legacy","dsh_partner_subscription_analytics_cluster","","","high","Partner subscription and analytics extras remain outside current truth."
"services/dsh/governance/operations/dsh_partner_subscription_get/OP_RUNTIME_VARS.csv","services","operation_runtime_vars","dsh_partner_subscription_get","",".csv","legacy_partner_subscription_analytics","move_to_legacy","dsh_partner_subscription_analytics_cluster","","","high","Partner subscription and analytics extras remain outside current truth."
"services/dsh/governance/operations/dsh_partner_subscription_get/OP_SCREENS_MAP.csv","services","operation_screens_map","dsh_partner_subscription_get","",".csv","legacy_partner_subscription_analytics","move_to_legacy","dsh_partner_subscription_analytics_cluster","","","high","Partner subscription and analytics extras remain outside current truth."
"services/dsh/governance/operations/dsh_partner_subscription_get/OP_SPEC.yaml","services","operation_spec","dsh_partner_subscription_get","",".yaml","legacy_partner_subscription_analytics","move_to_legacy","dsh_partner_subscription_analytics_cluster","","","high","Partner subscription and analytics extras remain outside current truth."
"services/dsh/governance/operations/dsh_partner_subscription_upgrade_post/OP_ACCEPTANCE.md","services","operation_acceptance","dsh_partner_subscription_upgrade_post","",".md","legacy_partner_subscription_analytics","move_to_legacy","dsh_partner_subscription_analytics_cluster","","","high","Partner subscription and analytics extras remain outside current truth."
"services/dsh/governance/operations/dsh_partner_subscription_upgrade_post/OP_ACTIONS_CATALOG.csv","services","operation_actions_catalog","dsh_partner_subscription_upgrade_post","",".csv","legacy_partner_subscription_analytics","move_to_legacy","dsh_partner_subscription_analytics_cluster","","","high","Partner subscription and analytics extras remain outside current truth."
"services/dsh/governance/operations/dsh_partner_subscription_upgrade_post/OP_API_MAP.csv","services","operation_api_map","dsh_partner_subscription_upgrade_post","",".csv","legacy_partner_subscription_analytics","move_to_legacy","dsh_partner_subscription_analytics_cluster","","","high","Partner subscription and analytics extras remain outside current truth."
"services/dsh/governance/operations/dsh_partner_subscription_upgrade_post/OP_EVIDENCE_INDEX.json","services","operation_evidence_index","dsh_partner_subscription_upgrade_post","",".json","legacy_partner_subscription_analytics","move_to_legacy","dsh_partner_subscription_analytics_cluster","","","high","Partner subscription and analytics extras remain outside current truth."
"services/dsh/governance/operations/dsh_partner_subscription_upgrade_post/OP_GAPS.md","services","operation_gaps","dsh_partner_subscription_upgrade_post","",".md","legacy_partner_subscription_analytics","move_to_legacy","dsh_partner_subscription_analytics_cluster","","","high","Partner subscription and analytics extras remain outside current truth."
"services/dsh/governance/operations/dsh_partner_subscription_upgrade_post/OP_CONTROL_PANEL_MAP.csv","services","operation_control_panel_map","dsh_partner_subscription_upgrade_post","",".csv","legacy_partner_subscription_analytics","move_to_legacy","dsh_partner_subscription_analytics_cluster","","","high","Partner subscription and analytics extras remain outside current truth."
"services/dsh/governance/operations/dsh_partner_subscription_upgrade_post/OP_RBAC_ABAC.csv","services","operation_rbac_abac","dsh_partner_subscription_upgrade_post","",".csv","legacy_partner_subscription_analytics","move_to_legacy","dsh_partner_subscription_analytics_cluster","","","high","Partner subscription and analytics extras remain outside current truth."
"services/dsh/governance/operations/dsh_partner_subscription_upgrade_post/OP_RUNTIME_VARS.csv","services","operation_runtime_vars","dsh_partner_subscription_upgrade_post","",".csv","legacy_partner_subscription_analytics","move_to_legacy","dsh_partner_subscription_analytics_cluster","","","high","Partner subscription and analytics extras remain outside current truth."
"services/dsh/governance/operations/dsh_partner_subscription_upgrade_post/OP_SCREENS_MAP.csv","services","operation_screens_map","dsh_partner_subscription_upgrade_post","",".csv","legacy_partner_subscription_analytics","move_to_legacy","dsh_partner_subscription_analytics_cluster","","","high","Partner subscription and analytics extras remain outside current truth."
"services/dsh/governance/operations/dsh_partner_subscription_upgrade_post/OP_SPEC.yaml","services","operation_spec","dsh_partner_subscription_upgrade_post","",".yaml","legacy_partner_subscription_analytics","move_to_legacy","dsh_partner_subscription_analytics_cluster","","","high","Partner subscription and analytics extras remain outside current truth."
"services/dsh/governance/operations/dsh_pricing_preview/OP_ACCEPTANCE.md","services","operation_acceptance","dsh_pricing_preview","",".md","dsh_cart_checkout_gate","covered","dsh_client_cart_review|dsh_client_checkout_confirm|dsh_client_checkout_block_state","dsh_client_cart_review|dsh_client_checkout_confirm","","high","Cart and checkout gating family."
"services/dsh/governance/operations/dsh_pricing_preview/OP_ACTIONS_CATALOG.csv","services","operation_actions_catalog","dsh_pricing_preview","",".csv","dsh_cart_checkout_gate","covered","dsh_client_cart_review|dsh_client_checkout_confirm|dsh_client_checkout_block_state","dsh_client_cart_review|dsh_client_checkout_confirm","","high","Cart and checkout gating family."
"services/dsh/governance/operations/dsh_pricing_preview/OP_API_MAP.csv","services","operation_api_map","dsh_pricing_preview","",".csv","dsh_cart_checkout_gate","covered","dsh_client_cart_review|dsh_client_checkout_confirm|dsh_client_checkout_block_state","dsh_client_cart_review|dsh_client_checkout_confirm","","high","Cart and checkout gating family."
"services/dsh/governance/operations/dsh_pricing_preview/OP_EVIDENCE_INDEX.json","services","operation_evidence_index","dsh_pricing_preview","",".json","dsh_cart_checkout_gate","covered","dsh_client_cart_review|dsh_client_checkout_confirm|dsh_client_checkout_block_state","dsh_client_cart_review|dsh_client_checkout_confirm","","high","Cart and checkout gating family."
"services/dsh/governance/operations/dsh_pricing_preview/OP_GAPS.md","services","operation_gaps","dsh_pricing_preview","",".md","dsh_cart_checkout_gate","covered","dsh_client_cart_review|dsh_client_checkout_confirm|dsh_client_checkout_block_state","dsh_client_cart_review|dsh_client_checkout_confirm","","high","Cart and checkout gating family."
"services/dsh/governance/operations/dsh_pricing_preview/OP_CONTROL_PANEL_MAP.csv","services","operation_control_panel_map","dsh_pricing_preview","",".csv","dsh_cart_checkout_gate","covered","dsh_client_cart_review|dsh_client_checkout_confirm|dsh_client_checkout_block_state","dsh_client_cart_review|dsh_client_checkout_confirm","","high","Cart and checkout gating family."
"services/dsh/governance/operations/dsh_pricing_preview/OP_RBAC_ABAC.csv","services","operation_rbac_abac","dsh_pricing_preview","",".csv","dsh_cart_checkout_gate","covered","dsh_client_cart_review|dsh_client_checkout_confirm|dsh_client_checkout_block_state","dsh_client_cart_review|dsh_client_checkout_confirm","","high","Cart and checkout gating family."
"services/dsh/governance/operations/dsh_pricing_preview/OP_RUNTIME_VARS.csv","services","operation_runtime_vars","dsh_pricing_preview","",".csv","dsh_cart_checkout_gate","covered","dsh_client_cart_review|dsh_client_checkout_confirm|dsh_client_checkout_block_state","dsh_client_cart_review|dsh_client_checkout_confirm","","high","Cart and checkout gating family."
"services/dsh/governance/operations/dsh_pricing_preview/OP_SCREENS_MAP.csv","services","operation_screens_map","dsh_pricing_preview","",".csv","dsh_cart_checkout_gate","covered","dsh_client_cart_review|dsh_client_checkout_confirm|dsh_client_checkout_block_state","dsh_client_cart_review|dsh_client_checkout_confirm","","high","Cart and checkout gating family."
"services/dsh/governance/operations/dsh_pricing_preview/OP_SPEC.yaml","services","operation_spec","dsh_pricing_preview","",".yaml","dsh_cart_checkout_gate","covered","dsh_client_cart_review|dsh_client_checkout_confirm|dsh_client_checkout_block_state","dsh_client_cart_review|dsh_client_checkout_confirm","","high","Cart and checkout gating family."
"services/dsh/governance/operations/dsh_pricing_snapshot_get/OP_ACCEPTANCE.md","services","operation_acceptance","dsh_pricing_snapshot_get","",".md","dsh_store_discovery","support_folded","dsh_client_entry_discovery_home|dsh_client_category_or_store_detail","dsh_client_entry_discovery_home|dsh_client_category_or_store_detail","","medium","Discovery and detail-support operation family."
"services/dsh/governance/operations/dsh_pricing_snapshot_get/OP_ACTIONS_CATALOG.csv","services","operation_actions_catalog","dsh_pricing_snapshot_get","",".csv","dsh_store_discovery","support_folded","dsh_client_entry_discovery_home|dsh_client_category_or_store_detail","dsh_client_entry_discovery_home|dsh_client_category_or_store_detail","","medium","Discovery and detail-support operation family."
"services/dsh/governance/operations/dsh_pricing_snapshot_get/OP_API_MAP.csv","services","operation_api_map","dsh_pricing_snapshot_get","",".csv","dsh_store_discovery","support_folded","dsh_client_entry_discovery_home|dsh_client_category_or_store_detail","dsh_client_entry_discovery_home|dsh_client_category_or_store_detail","","medium","Discovery and detail-support operation family."
"services/dsh/governance/operations/dsh_pricing_snapshot_get/OP_EVIDENCE_INDEX.json","services","operation_evidence_index","dsh_pricing_snapshot_get","",".json","dsh_store_discovery","support_folded","dsh_client_entry_discovery_home|dsh_client_category_or_store_detail","dsh_client_entry_discovery_home|dsh_client_category_or_store_detail","","medium","Discovery and detail-support operation family."
"services/dsh/governance/operations/dsh_pricing_snapshot_get/OP_GAPS.md","services","operation_gaps","dsh_pricing_snapshot_get","",".md","dsh_store_discovery","support_folded","dsh_client_entry_discovery_home|dsh_client_category_or_store_detail","dsh_client_entry_discovery_home|dsh_client_category_or_store_detail","","medium","Discovery and detail-support operation family."
"services/dsh/governance/operations/dsh_pricing_snapshot_get/OP_CONTROL_PANEL_MAP.csv","services","operation_control_panel_map","dsh_pricing_snapshot_get","",".csv","dsh_store_discovery","support_folded","dsh_client_entry_discovery_home|dsh_client_category_or_store_detail","dsh_client_entry_discovery_home|dsh_client_category_or_store_detail","","medium","Discovery and detail-support operation family."
"services/dsh/governance/operations/dsh_pricing_snapshot_get/OP_RBAC_ABAC.csv","services","operation_rbac_abac","dsh_pricing_snapshot_get","",".csv","dsh_store_discovery","support_folded","dsh_client_entry_discovery_home|dsh_client_category_or_store_detail","dsh_client_entry_discovery_home|dsh_client_category_or_store_detail","","medium","Discovery and detail-support operation family."
"services/dsh/governance/operations/dsh_pricing_snapshot_get/OP_RUNTIME_VARS.csv","services","operation_runtime_vars","dsh_pricing_snapshot_get","",".csv","dsh_store_discovery","support_folded","dsh_client_entry_discovery_home|dsh_client_category_or_store_detail","dsh_client_entry_discovery_home|dsh_client_category_or_store_detail","","medium","Discovery and detail-support operation family."
"services/dsh/governance/operations/dsh_pricing_snapshot_get/OP_SCREENS_MAP.csv","services","operation_screens_map","dsh_pricing_snapshot_get","",".csv","dsh_store_discovery","support_folded","dsh_client_entry_discovery_home|dsh_client_category_or_store_detail","dsh_client_entry_discovery_home|dsh_client_category_or_store_detail","","medium","Discovery and detail-support operation family."
"services/dsh/governance/operations/dsh_pricing_snapshot_get/OP_SPEC.yaml","services","operation_spec","dsh_pricing_snapshot_get","",".yaml","dsh_store_discovery","support_folded","dsh_client_entry_discovery_home|dsh_client_category_or_store_detail","dsh_client_entry_discovery_home|dsh_client_category_or_store_detail","","medium","Discovery and detail-support operation family."
"services/dsh/governance/operations/dsh_promo_apply/OP_ACCEPTANCE.md","services","operation_acceptance","dsh_promo_apply","",".md","legacy_client_loyalty_subscription_marketing","move_to_legacy","dsh_client_loyalty_subscription_marketing_cluster","","","high","Loyalty, promo, and subscription extras are outside current first-service truth."
"services/dsh/governance/operations/dsh_promo_apply/OP_ACTIONS_CATALOG.csv","services","operation_actions_catalog","dsh_promo_apply","",".csv","legacy_client_loyalty_subscription_marketing","move_to_legacy","dsh_client_loyalty_subscription_marketing_cluster","","","high","Loyalty, promo, and subscription extras are outside current first-service truth."
"services/dsh/governance/operations/dsh_promo_apply/OP_API_MAP.csv","services","operation_api_map","dsh_promo_apply","",".csv","legacy_client_loyalty_subscription_marketing","move_to_legacy","dsh_client_loyalty_subscription_marketing_cluster","","","high","Loyalty, promo, and subscription extras are outside current first-service truth."
"services/dsh/governance/operations/dsh_promo_apply/OP_EVIDENCE_INDEX.json","services","operation_evidence_index","dsh_promo_apply","",".json","legacy_client_loyalty_subscription_marketing","move_to_legacy","dsh_client_loyalty_subscription_marketing_cluster","","","high","Loyalty, promo, and subscription extras are outside current first-service truth."
"services/dsh/governance/operations/dsh_promo_apply/OP_GAPS.md","services","operation_gaps","dsh_promo_apply","",".md","legacy_client_loyalty_subscription_marketing","move_to_legacy","dsh_client_loyalty_subscription_marketing_cluster","","","high","Loyalty, promo, and subscription extras are outside current first-service truth."
"services/dsh/governance/operations/dsh_promo_apply/OP_CONTROL_PANEL_MAP.csv","services","operation_control_panel_map","dsh_promo_apply","",".csv","legacy_client_loyalty_subscription_marketing","move_to_legacy","dsh_client_loyalty_subscription_marketing_cluster","","","high","Loyalty, promo, and subscription extras are outside current first-service truth."
"services/dsh/governance/operations/dsh_promo_apply/OP_RBAC_ABAC.csv","services","operation_rbac_abac","dsh_promo_apply","",".csv","legacy_client_loyalty_subscription_marketing","move_to_legacy","dsh_client_loyalty_subscription_marketing_cluster","","","high","Loyalty, promo, and subscription extras are outside current first-service truth."
"services/dsh/governance/operations/dsh_promo_apply/OP_RUNTIME_VARS.csv","services","operation_runtime_vars","dsh_promo_apply","",".csv","legacy_client_loyalty_subscription_marketing","move_to_legacy","dsh_client_loyalty_subscription_marketing_cluster","","","high","Loyalty, promo, and subscription extras are outside current first-service truth."
"services/dsh/governance/operations/dsh_promo_apply/OP_SCREENS_MAP.csv","services","operation_screens_map","dsh_promo_apply","",".csv","legacy_client_loyalty_subscription_marketing","move_to_legacy","dsh_client_loyalty_subscription_marketing_cluster","","","high","Loyalty, promo, and subscription extras are outside current first-service truth."
"services/dsh/governance/operations/dsh_promo_apply/OP_SPEC.yaml","services","operation_spec","dsh_promo_apply","",".yaml","legacy_client_loyalty_subscription_marketing","move_to_legacy","dsh_client_loyalty_subscription_marketing_cluster","","","high","Loyalty, promo, and subscription extras are outside current first-service truth."
"services/dsh/governance/operations/dsh_proxy_request_approve/OP_ACCEPTANCE.md","services","operation_acceptance","dsh_proxy_request_approve","",".md","dsh_proxy_request_flow","covered","dsh_client_proxy_request_entry|dsh_client_proxy_request_tracking|dsh_proxy_requests_list|dsh_proxy_request_review_workspace|dsh_proxy_schedule_companion","dsh_client_proxy_request_entry|dsh_client_proxy_request_tracking|dsh_proxy_requests_list|dsh_proxy_request_review_workspace","","high","Proxy exception family with customer entry and internal review."
"services/dsh/governance/operations/dsh_proxy_request_approve/OP_ACTIONS_CATALOG.csv","services","operation_actions_catalog","dsh_proxy_request_approve","",".csv","dsh_proxy_request_flow","covered","dsh_client_proxy_request_entry|dsh_client_proxy_request_tracking|dsh_proxy_requests_list|dsh_proxy_request_review_workspace|dsh_proxy_schedule_companion","dsh_client_proxy_request_entry|dsh_client_proxy_request_tracking|dsh_proxy_requests_list|dsh_proxy_request_review_workspace","","high","Proxy exception family with customer entry and internal review."
"services/dsh/governance/operations/dsh_proxy_request_approve/OP_API_MAP.csv","services","operation_api_map","dsh_proxy_request_approve","",".csv","dsh_proxy_request_flow","covered","dsh_client_proxy_request_entry|dsh_client_proxy_request_tracking|dsh_proxy_requests_list|dsh_proxy_request_review_workspace|dsh_proxy_schedule_companion","dsh_client_proxy_request_entry|dsh_client_proxy_request_tracking|dsh_proxy_requests_list|dsh_proxy_request_review_workspace","","high","Proxy exception family with customer entry and internal review."
"services/dsh/governance/operations/dsh_proxy_request_approve/OP_EVIDENCE_INDEX.json","services","operation_evidence_index","dsh_proxy_request_approve","",".json","dsh_proxy_request_flow","covered","dsh_client_proxy_request_entry|dsh_client_proxy_request_tracking|dsh_proxy_requests_list|dsh_proxy_request_review_workspace|dsh_proxy_schedule_companion","dsh_client_proxy_request_entry|dsh_client_proxy_request_tracking|dsh_proxy_requests_list|dsh_proxy_request_review_workspace","","high","Proxy exception family with customer entry and internal review."
"services/dsh/governance/operations/dsh_proxy_request_approve/OP_GAPS.md","services","operation_gaps","dsh_proxy_request_approve","",".md","dsh_proxy_request_flow","covered","dsh_client_proxy_request_entry|dsh_client_proxy_request_tracking|dsh_proxy_requests_list|dsh_proxy_request_review_workspace|dsh_proxy_schedule_companion","dsh_client_proxy_request_entry|dsh_client_proxy_request_tracking|dsh_proxy_requests_list|dsh_proxy_request_review_workspace","","high","Proxy exception family with customer entry and internal review."
"services/dsh/governance/operations/dsh_proxy_request_approve/OP_CONTROL_PANEL_MAP.csv","services","operation_control_panel_map","dsh_proxy_request_approve","",".csv","dsh_proxy_request_flow","covered","dsh_client_proxy_request_entry|dsh_client_proxy_request_tracking|dsh_proxy_requests_list|dsh_proxy_request_review_workspace|dsh_proxy_schedule_companion","dsh_client_proxy_request_entry|dsh_client_proxy_request_tracking|dsh_proxy_requests_list|dsh_proxy_request_review_workspace","","high","Proxy exception family with customer entry and internal review."
"services/dsh/governance/operations/dsh_proxy_request_approve/OP_RBAC_ABAC.csv","services","operation_rbac_abac","dsh_proxy_request_approve","",".csv","dsh_proxy_request_flow","covered","dsh_client_proxy_request_entry|dsh_client_proxy_request_tracking|dsh_proxy_requests_list|dsh_proxy_request_review_workspace|dsh_proxy_schedule_companion","dsh_client_proxy_request_entry|dsh_client_proxy_request_tracking|dsh_proxy_requests_list|dsh_proxy_request_review_workspace","","high","Proxy exception family with customer entry and internal review."
"services/dsh/governance/operations/dsh_proxy_request_approve/OP_RUNTIME_VARS.csv","services","operation_runtime_vars","dsh_proxy_request_approve","",".csv","dsh_proxy_request_flow","covered","dsh_client_proxy_request_entry|dsh_client_proxy_request_tracking|dsh_proxy_requests_list|dsh_proxy_request_review_workspace|dsh_proxy_schedule_companion","dsh_client_proxy_request_entry|dsh_client_proxy_request_tracking|dsh_proxy_requests_list|dsh_proxy_request_review_workspace","","high","Proxy exception family with customer entry and internal review."
"services/dsh/governance/operations/dsh_proxy_request_approve/OP_SCREENS_MAP.csv","services","operation_screens_map","dsh_proxy_request_approve","",".csv","dsh_proxy_request_flow","covered","dsh_client_proxy_request_entry|dsh_client_proxy_request_tracking|dsh_proxy_requests_list|dsh_proxy_request_review_workspace|dsh_proxy_schedule_companion","dsh_client_proxy_request_entry|dsh_client_proxy_request_tracking|dsh_proxy_requests_list|dsh_proxy_request_review_workspace","","high","Proxy exception family with customer entry and internal review."
"services/dsh/governance/operations/dsh_proxy_request_approve/OP_SPEC.yaml","services","operation_spec","dsh_proxy_request_approve","",".yaml","dsh_proxy_request_flow","covered","dsh_client_proxy_request_entry|dsh_client_proxy_request_tracking|dsh_proxy_requests_list|dsh_proxy_request_review_workspace|dsh_proxy_schedule_companion","dsh_client_proxy_request_entry|dsh_client_proxy_request_tracking|dsh_proxy_requests_list|dsh_proxy_request_review_workspace","","high","Proxy exception family with customer entry and internal review."
"services/dsh/governance/operations/dsh_proxy_request_create/OP_ACCEPTANCE.md","services","operation_acceptance","dsh_proxy_request_create","",".md","dsh_proxy_request_flow","covered","dsh_client_proxy_request_entry|dsh_client_proxy_request_tracking|dsh_proxy_requests_list|dsh_proxy_request_review_workspace|dsh_proxy_schedule_companion","dsh_client_proxy_request_entry|dsh_client_proxy_request_tracking|dsh_proxy_requests_list|dsh_proxy_request_review_workspace","","high","Proxy exception family with customer entry and internal review."
"services/dsh/governance/operations/dsh_proxy_request_create/OP_ACTIONS_CATALOG.csv","services","operation_actions_catalog","dsh_proxy_request_create","",".csv","dsh_proxy_request_flow","covered","dsh_client_proxy_request_entry|dsh_client_proxy_request_tracking|dsh_proxy_requests_list|dsh_proxy_request_review_workspace|dsh_proxy_schedule_companion","dsh_client_proxy_request_entry|dsh_client_proxy_request_tracking|dsh_proxy_requests_list|dsh_proxy_request_review_workspace","","high","Proxy exception family with customer entry and internal review."
"services/dsh/governance/operations/dsh_proxy_request_create/OP_API_MAP.csv","services","operation_api_map","dsh_proxy_request_create","",".csv","dsh_proxy_request_flow","covered","dsh_client_proxy_request_entry|dsh_client_proxy_request_tracking|dsh_proxy_requests_list|dsh_proxy_request_review_workspace|dsh_proxy_schedule_companion","dsh_client_proxy_request_entry|dsh_client_proxy_request_tracking|dsh_proxy_requests_list|dsh_proxy_request_review_workspace","","high","Proxy exception family with customer entry and internal review."
"services/dsh/governance/operations/dsh_proxy_request_create/OP_EVIDENCE_INDEX.json","services","operation_evidence_index","dsh_proxy_request_create","",".json","dsh_proxy_request_flow","covered","dsh_client_proxy_request_entry|dsh_client_proxy_request_tracking|dsh_proxy_requests_list|dsh_proxy_request_review_workspace|dsh_proxy_schedule_companion","dsh_client_proxy_request_entry|dsh_client_proxy_request_tracking|dsh_proxy_requests_list|dsh_proxy_request_review_workspace","","high","Proxy exception family with customer entry and internal review."
"services/dsh/governance/operations/dsh_proxy_request_create/OP_GAPS.md","services","operation_gaps","dsh_proxy_request_create","",".md","dsh_proxy_request_flow","covered","dsh_client_proxy_request_entry|dsh_client_proxy_request_tracking|dsh_proxy_requests_list|dsh_proxy_request_review_workspace|dsh_proxy_schedule_companion","dsh_client_proxy_request_entry|dsh_client_proxy_request_tracking|dsh_proxy_requests_list|dsh_proxy_request_review_workspace","","high","Proxy exception family with customer entry and internal review."
"services/dsh/governance/operations/dsh_proxy_request_create/OP_CONTROL_PANEL_MAP.csv","services","operation_control_panel_map","dsh_proxy_request_create","",".csv","dsh_proxy_request_flow","covered","dsh_client_proxy_request_entry|dsh_client_proxy_request_tracking|dsh_proxy_requests_list|dsh_proxy_request_review_workspace|dsh_proxy_schedule_companion","dsh_client_proxy_request_entry|dsh_client_proxy_request_tracking|dsh_proxy_requests_list|dsh_proxy_request_review_workspace","","high","Proxy exception family with customer entry and internal review."
"services/dsh/governance/operations/dsh_proxy_request_create/OP_RBAC_ABAC.csv","services","operation_rbac_abac","dsh_proxy_request_create","",".csv","dsh_proxy_request_flow","covered","dsh_client_proxy_request_entry|dsh_client_proxy_request_tracking|dsh_proxy_requests_list|dsh_proxy_request_review_workspace|dsh_proxy_schedule_companion","dsh_client_proxy_request_entry|dsh_client_proxy_request_tracking|dsh_proxy_requests_list|dsh_proxy_request_review_workspace","","high","Proxy exception family with customer entry and internal review."
"services/dsh/governance/operations/dsh_proxy_request_create/OP_RUNTIME_VARS.csv","services","operation_runtime_vars","dsh_proxy_request_create","",".csv","dsh_proxy_request_flow","covered","dsh_client_proxy_request_entry|dsh_client_proxy_request_tracking|dsh_proxy_requests_list|dsh_proxy_request_review_workspace|dsh_proxy_schedule_companion","dsh_client_proxy_request_entry|dsh_client_proxy_request_tracking|dsh_proxy_requests_list|dsh_proxy_request_review_workspace","","high","Proxy exception family with customer entry and internal review."
"services/dsh/governance/operations/dsh_proxy_request_create/OP_SCREENS_MAP.csv","services","operation_screens_map","dsh_proxy_request_create","",".csv","dsh_proxy_request_flow","covered","dsh_client_proxy_request_entry|dsh_client_proxy_request_tracking|dsh_proxy_requests_list|dsh_proxy_request_review_workspace|dsh_proxy_schedule_companion","dsh_client_proxy_request_entry|dsh_client_proxy_request_tracking|dsh_proxy_requests_list|dsh_proxy_request_review_workspace","","high","Proxy exception family with customer entry and internal review."
"services/dsh/governance/operations/dsh_proxy_request_create/OP_SPEC.yaml","services","operation_spec","dsh_proxy_request_create","",".yaml","dsh_proxy_request_flow","covered","dsh_client_proxy_request_entry|dsh_client_proxy_request_tracking|dsh_proxy_requests_list|dsh_proxy_request_review_workspace|dsh_proxy_schedule_companion","dsh_client_proxy_request_entry|dsh_client_proxy_request_tracking|dsh_proxy_requests_list|dsh_proxy_request_review_workspace","","high","Proxy exception family with customer entry and internal review."
"services/dsh/governance/operations/dsh_proxy_request_estimate/OP_ACCEPTANCE.md","services","operation_acceptance","dsh_proxy_request_estimate","",".md","dsh_proxy_request_flow","covered","dsh_client_proxy_request_entry|dsh_client_proxy_request_tracking|dsh_proxy_requests_list|dsh_proxy_request_review_workspace|dsh_proxy_schedule_companion","dsh_client_proxy_request_entry|dsh_client_proxy_request_tracking|dsh_proxy_requests_list|dsh_proxy_request_review_workspace","","high","Proxy exception family with customer entry and internal review."
"services/dsh/governance/operations/dsh_proxy_request_estimate/OP_ACTIONS_CATALOG.csv","services","operation_actions_catalog","dsh_proxy_request_estimate","",".csv","dsh_proxy_request_flow","covered","dsh_client_proxy_request_entry|dsh_client_proxy_request_tracking|dsh_proxy_requests_list|dsh_proxy_request_review_workspace|dsh_proxy_schedule_companion","dsh_client_proxy_request_entry|dsh_client_proxy_request_tracking|dsh_proxy_requests_list|dsh_proxy_request_review_workspace","","high","Proxy exception family with customer entry and internal review."
"services/dsh/governance/operations/dsh_proxy_request_estimate/OP_API_MAP.csv","services","operation_api_map","dsh_proxy_request_estimate","",".csv","dsh_proxy_request_flow","covered","dsh_client_proxy_request_entry|dsh_client_proxy_request_tracking|dsh_proxy_requests_list|dsh_proxy_request_review_workspace|dsh_proxy_schedule_companion","dsh_client_proxy_request_entry|dsh_client_proxy_request_tracking|dsh_proxy_requests_list|dsh_proxy_request_review_workspace","","high","Proxy exception family with customer entry and internal review."
"services/dsh/governance/operations/dsh_proxy_request_estimate/OP_EVIDENCE_INDEX.json","services","operation_evidence_index","dsh_proxy_request_estimate","",".json","dsh_proxy_request_flow","covered","dsh_client_proxy_request_entry|dsh_client_proxy_request_tracking|dsh_proxy_requests_list|dsh_proxy_request_review_workspace|dsh_proxy_schedule_companion","dsh_client_proxy_request_entry|dsh_client_proxy_request_tracking|dsh_proxy_requests_list|dsh_proxy_request_review_workspace","","high","Proxy exception family with customer entry and internal review."
"services/dsh/governance/operations/dsh_proxy_request_estimate/OP_GAPS.md","services","operation_gaps","dsh_proxy_request_estimate","",".md","dsh_proxy_request_flow","covered","dsh_client_proxy_request_entry|dsh_client_proxy_request_tracking|dsh_proxy_requests_list|dsh_proxy_request_review_workspace|dsh_proxy_schedule_companion","dsh_client_proxy_request_entry|dsh_client_proxy_request_tracking|dsh_proxy_requests_list|dsh_proxy_request_review_workspace","","high","Proxy exception family with customer entry and internal review."
"services/dsh/governance/operations/dsh_proxy_request_estimate/OP_CONTROL_PANEL_MAP.csv","services","operation_control_panel_map","dsh_proxy_request_estimate","",".csv","dsh_proxy_request_flow","covered","dsh_client_proxy_request_entry|dsh_client_proxy_request_tracking|dsh_proxy_requests_list|dsh_proxy_request_review_workspace|dsh_proxy_schedule_companion","dsh_client_proxy_request_entry|dsh_client_proxy_request_tracking|dsh_proxy_requests_list|dsh_proxy_request_review_workspace","","high","Proxy exception family with customer entry and internal review."
"services/dsh/governance/operations/dsh_proxy_request_estimate/OP_RBAC_ABAC.csv","services","operation_rbac_abac","dsh_proxy_request_estimate","",".csv","dsh_proxy_request_flow","covered","dsh_client_proxy_request_entry|dsh_client_proxy_request_tracking|dsh_proxy_requests_list|dsh_proxy_request_review_workspace|dsh_proxy_schedule_companion","dsh_client_proxy_request_entry|dsh_client_proxy_request_tracking|dsh_proxy_requests_list|dsh_proxy_request_review_workspace","","high","Proxy exception family with customer entry and internal review."
"services/dsh/governance/operations/dsh_proxy_request_estimate/OP_RUNTIME_VARS.csv","services","operation_runtime_vars","dsh_proxy_request_estimate","",".csv","dsh_proxy_request_flow","covered","dsh_client_proxy_request_entry|dsh_client_proxy_request_tracking|dsh_proxy_requests_list|dsh_proxy_request_review_workspace|dsh_proxy_schedule_companion","dsh_client_proxy_request_entry|dsh_client_proxy_request_tracking|dsh_proxy_requests_list|dsh_proxy_request_review_workspace","","high","Proxy exception family with customer entry and internal review."
"services/dsh/governance/operations/dsh_proxy_request_estimate/OP_SCREENS_MAP.csv","services","operation_screens_map","dsh_proxy_request_estimate","",".csv","dsh_proxy_request_flow","covered","dsh_client_proxy_request_entry|dsh_client_proxy_request_tracking|dsh_proxy_requests_list|dsh_proxy_request_review_workspace|dsh_proxy_schedule_companion","dsh_client_proxy_request_entry|dsh_client_proxy_request_tracking|dsh_proxy_requests_list|dsh_proxy_request_review_workspace","","high","Proxy exception family with customer entry and internal review."
"services/dsh/governance/operations/dsh_proxy_request_estimate/OP_SPEC.yaml","services","operation_spec","dsh_proxy_request_estimate","",".yaml","dsh_proxy_request_flow","covered","dsh_client_proxy_request_entry|dsh_client_proxy_request_tracking|dsh_proxy_requests_list|dsh_proxy_request_review_workspace|dsh_proxy_schedule_companion","dsh_client_proxy_request_entry|dsh_client_proxy_request_tracking|dsh_proxy_requests_list|dsh_proxy_request_review_workspace","","high","Proxy exception family with customer entry and internal review."
"services/dsh/governance/operations/dsh_proxy_request_offer/OP_ACCEPTANCE.md","services","operation_acceptance","dsh_proxy_request_offer","",".md","dsh_proxy_request_flow","covered","dsh_client_proxy_request_entry|dsh_client_proxy_request_tracking|dsh_proxy_requests_list|dsh_proxy_request_review_workspace|dsh_proxy_schedule_companion","dsh_client_proxy_request_entry|dsh_client_proxy_request_tracking|dsh_proxy_requests_list|dsh_proxy_request_review_workspace","","high","Proxy exception family with customer entry and internal review."
"services/dsh/governance/operations/dsh_proxy_request_offer/OP_ACTIONS_CATALOG.csv","services","operation_actions_catalog","dsh_proxy_request_offer","",".csv","dsh_proxy_request_flow","covered","dsh_client_proxy_request_entry|dsh_client_proxy_request_tracking|dsh_proxy_requests_list|dsh_proxy_request_review_workspace|dsh_proxy_schedule_companion","dsh_client_proxy_request_entry|dsh_client_proxy_request_tracking|dsh_proxy_requests_list|dsh_proxy_request_review_workspace","","high","Proxy exception family with customer entry and internal review."
"services/dsh/governance/operations/dsh_proxy_request_offer/OP_API_MAP.csv","services","operation_api_map","dsh_proxy_request_offer","",".csv","dsh_proxy_request_flow","covered","dsh_client_proxy_request_entry|dsh_client_proxy_request_tracking|dsh_proxy_requests_list|dsh_proxy_request_review_workspace|dsh_proxy_schedule_companion","dsh_client_proxy_request_entry|dsh_client_proxy_request_tracking|dsh_proxy_requests_list|dsh_proxy_request_review_workspace","","high","Proxy exception family with customer entry and internal review."
"services/dsh/governance/operations/dsh_proxy_request_offer/OP_EVIDENCE_INDEX.json","services","operation_evidence_index","dsh_proxy_request_offer","",".json","dsh_proxy_request_flow","covered","dsh_client_proxy_request_entry|dsh_client_proxy_request_tracking|dsh_proxy_requests_list|dsh_proxy_request_review_workspace|dsh_proxy_schedule_companion","dsh_client_proxy_request_entry|dsh_client_proxy_request_tracking|dsh_proxy_requests_list|dsh_proxy_request_review_workspace","","high","Proxy exception family with customer entry and internal review."
"services/dsh/governance/operations/dsh_proxy_request_offer/OP_GAPS.md","services","operation_gaps","dsh_proxy_request_offer","",".md","dsh_proxy_request_flow","covered","dsh_client_proxy_request_entry|dsh_client_proxy_request_tracking|dsh_proxy_requests_list|dsh_proxy_request_review_workspace|dsh_proxy_schedule_companion","dsh_client_proxy_request_entry|dsh_client_proxy_request_tracking|dsh_proxy_requests_list|dsh_proxy_request_review_workspace","","high","Proxy exception family with customer entry and internal review."
"services/dsh/governance/operations/dsh_proxy_request_offer/OP_CONTROL_PANEL_MAP.csv","services","operation_control_panel_map","dsh_proxy_request_offer","",".csv","dsh_proxy_request_flow","covered","dsh_client_proxy_request_entry|dsh_client_proxy_request_tracking|dsh_proxy_requests_list|dsh_proxy_request_review_workspace|dsh_proxy_schedule_companion","dsh_client_proxy_request_entry|dsh_client_proxy_request_tracking|dsh_proxy_requests_list|dsh_proxy_request_review_workspace","","high","Proxy exception family with customer entry and internal review."
"services/dsh/governance/operations/dsh_proxy_request_offer/OP_RBAC_ABAC.csv","services","operation_rbac_abac","dsh_proxy_request_offer","",".csv","dsh_proxy_request_flow","covered","dsh_client_proxy_request_entry|dsh_client_proxy_request_tracking|dsh_proxy_requests_list|dsh_proxy_request_review_workspace|dsh_proxy_schedule_companion","dsh_client_proxy_request_entry|dsh_client_proxy_request_tracking|dsh_proxy_requests_list|dsh_proxy_request_review_workspace","","high","Proxy exception family with customer entry and internal review."
"services/dsh/governance/operations/dsh_proxy_request_offer/OP_RUNTIME_VARS.csv","services","operation_runtime_vars","dsh_proxy_request_offer","",".csv","dsh_proxy_request_flow","covered","dsh_client_proxy_request_entry|dsh_client_proxy_request_tracking|dsh_proxy_requests_list|dsh_proxy_request_review_workspace|dsh_proxy_schedule_companion","dsh_client_proxy_request_entry|dsh_client_proxy_request_tracking|dsh_proxy_requests_list|dsh_proxy_request_review_workspace","","high","Proxy exception family with customer entry and internal review."
"services/dsh/governance/operations/dsh_proxy_request_offer/OP_SCREENS_MAP.csv","services","operation_screens_map","dsh_proxy_request_offer","",".csv","dsh_proxy_request_flow","covered","dsh_client_proxy_request_entry|dsh_client_proxy_request_tracking|dsh_proxy_requests_list|dsh_proxy_request_review_workspace|dsh_proxy_schedule_companion","dsh_client_proxy_request_entry|dsh_client_proxy_request_tracking|dsh_proxy_requests_list|dsh_proxy_request_review_workspace","","high","Proxy exception family with customer entry and internal review."
"services/dsh/governance/operations/dsh_proxy_request_offer/OP_SPEC.yaml","services","operation_spec","dsh_proxy_request_offer","",".yaml","dsh_proxy_request_flow","covered","dsh_client_proxy_request_entry|dsh_client_proxy_request_tracking|dsh_proxy_requests_list|dsh_proxy_request_review_workspace|dsh_proxy_schedule_companion","dsh_client_proxy_request_entry|dsh_client_proxy_request_tracking|dsh_proxy_requests_list|dsh_proxy_request_review_workspace","","high","Proxy exception family with customer entry and internal review."
"services/dsh/governance/operations/dsh_proxy_request_reject/OP_ACCEPTANCE.md","services","operation_acceptance","dsh_proxy_request_reject","",".md","dsh_proxy_request_flow","covered","dsh_client_proxy_request_entry|dsh_client_proxy_request_tracking|dsh_proxy_requests_list|dsh_proxy_request_review_workspace|dsh_proxy_schedule_companion","dsh_client_proxy_request_entry|dsh_client_proxy_request_tracking|dsh_proxy_requests_list|dsh_proxy_request_review_workspace","","high","Proxy exception family with customer entry and internal review."
"services/dsh/governance/operations/dsh_proxy_request_reject/OP_ACTIONS_CATALOG.csv","services","operation_actions_catalog","dsh_proxy_request_reject","",".csv","dsh_proxy_request_flow","covered","dsh_client_proxy_request_entry|dsh_client_proxy_request_tracking|dsh_proxy_requests_list|dsh_proxy_request_review_workspace|dsh_proxy_schedule_companion","dsh_client_proxy_request_entry|dsh_client_proxy_request_tracking|dsh_proxy_requests_list|dsh_proxy_request_review_workspace","","high","Proxy exception family with customer entry and internal review."
"services/dsh/governance/operations/dsh_proxy_request_reject/OP_API_MAP.csv","services","operation_api_map","dsh_proxy_request_reject","",".csv","dsh_proxy_request_flow","covered","dsh_client_proxy_request_entry|dsh_client_proxy_request_tracking|dsh_proxy_requests_list|dsh_proxy_request_review_workspace|dsh_proxy_schedule_companion","dsh_client_proxy_request_entry|dsh_client_proxy_request_tracking|dsh_proxy_requests_list|dsh_proxy_request_review_workspace","","high","Proxy exception family with customer entry and internal review."
"services/dsh/governance/operations/dsh_proxy_request_reject/OP_EVIDENCE_INDEX.json","services","operation_evidence_index","dsh_proxy_request_reject","",".json","dsh_proxy_request_flow","covered","dsh_client_proxy_request_entry|dsh_client_proxy_request_tracking|dsh_proxy_requests_list|dsh_proxy_request_review_workspace|dsh_proxy_schedule_companion","dsh_client_proxy_request_entry|dsh_client_proxy_request_tracking|dsh_proxy_requests_list|dsh_proxy_request_review_workspace","","high","Proxy exception family with customer entry and internal review."
"services/dsh/governance/operations/dsh_proxy_request_reject/OP_GAPS.md","services","operation_gaps","dsh_proxy_request_reject","",".md","dsh_proxy_request_flow","covered","dsh_client_proxy_request_entry|dsh_client_proxy_request_tracking|dsh_proxy_requests_list|dsh_proxy_request_review_workspace|dsh_proxy_schedule_companion","dsh_client_proxy_request_entry|dsh_client_proxy_request_tracking|dsh_proxy_requests_list|dsh_proxy_request_review_workspace","","high","Proxy exception family with customer entry and internal review."
"services/dsh/governance/operations/dsh_proxy_request_reject/OP_CONTROL_PANEL_MAP.csv","services","operation_control_panel_map","dsh_proxy_request_reject","",".csv","dsh_proxy_request_flow","covered","dsh_client_proxy_request_entry|dsh_client_proxy_request_tracking|dsh_proxy_requests_list|dsh_proxy_request_review_workspace|dsh_proxy_schedule_companion","dsh_client_proxy_request_entry|dsh_client_proxy_request_tracking|dsh_proxy_requests_list|dsh_proxy_request_review_workspace","","high","Proxy exception family with customer entry and internal review."
"services/dsh/governance/operations/dsh_proxy_request_reject/OP_RBAC_ABAC.csv","services","operation_rbac_abac","dsh_proxy_request_reject","",".csv","dsh_proxy_request_flow","covered","dsh_client_proxy_request_entry|dsh_client_proxy_request_tracking|dsh_proxy_requests_list|dsh_proxy_request_review_workspace|dsh_proxy_schedule_companion","dsh_client_proxy_request_entry|dsh_client_proxy_request_tracking|dsh_proxy_requests_list|dsh_proxy_request_review_workspace","","high","Proxy exception family with customer entry and internal review."
"services/dsh/governance/operations/dsh_proxy_request_reject/OP_RUNTIME_VARS.csv","services","operation_runtime_vars","dsh_proxy_request_reject","",".csv","dsh_proxy_request_flow","covered","dsh_client_proxy_request_entry|dsh_client_proxy_request_tracking|dsh_proxy_requests_list|dsh_proxy_request_review_workspace|dsh_proxy_schedule_companion","dsh_client_proxy_request_entry|dsh_client_proxy_request_tracking|dsh_proxy_requests_list|dsh_proxy_request_review_workspace","","high","Proxy exception family with customer entry and internal review."
"services/dsh/governance/operations/dsh_proxy_request_reject/OP_SCREENS_MAP.csv","services","operation_screens_map","dsh_proxy_request_reject","",".csv","dsh_proxy_request_flow","covered","dsh_client_proxy_request_entry|dsh_client_proxy_request_tracking|dsh_proxy_requests_list|dsh_proxy_request_review_workspace|dsh_proxy_schedule_companion","dsh_client_proxy_request_entry|dsh_client_proxy_request_tracking|dsh_proxy_requests_list|dsh_proxy_request_review_workspace","","high","Proxy exception family with customer entry and internal review."
"services/dsh/governance/operations/dsh_proxy_request_reject/OP_SPEC.yaml","services","operation_spec","dsh_proxy_request_reject","",".yaml","dsh_proxy_request_flow","covered","dsh_client_proxy_request_entry|dsh_client_proxy_request_tracking|dsh_proxy_requests_list|dsh_proxy_request_review_workspace|dsh_proxy_schedule_companion","dsh_client_proxy_request_entry|dsh_client_proxy_request_tracking|dsh_proxy_requests_list|dsh_proxy_request_review_workspace","","high","Proxy exception family with customer entry and internal review."
"services/dsh/governance/operations/dsh_proxy_request_schedule/OP_ACCEPTANCE.md","services","operation_acceptance","dsh_proxy_request_schedule","",".md","dsh_proxy_request_flow","covered","dsh_client_proxy_request_entry|dsh_client_proxy_request_tracking|dsh_proxy_requests_list|dsh_proxy_request_review_workspace|dsh_proxy_schedule_companion","dsh_client_proxy_request_entry|dsh_client_proxy_request_tracking|dsh_proxy_requests_list|dsh_proxy_request_review_workspace","","high","Proxy exception family with customer entry and internal review."
"services/dsh/governance/operations/dsh_proxy_request_schedule/OP_ACTIONS_CATALOG.csv","services","operation_actions_catalog","dsh_proxy_request_schedule","",".csv","dsh_proxy_request_flow","covered","dsh_client_proxy_request_entry|dsh_client_proxy_request_tracking|dsh_proxy_requests_list|dsh_proxy_request_review_workspace|dsh_proxy_schedule_companion","dsh_client_proxy_request_entry|dsh_client_proxy_request_tracking|dsh_proxy_requests_list|dsh_proxy_request_review_workspace","","high","Proxy exception family with customer entry and internal review."
"services/dsh/governance/operations/dsh_proxy_request_schedule/OP_API_MAP.csv","services","operation_api_map","dsh_proxy_request_schedule","",".csv","dsh_proxy_request_flow","covered","dsh_client_proxy_request_entry|dsh_client_proxy_request_tracking|dsh_proxy_requests_list|dsh_proxy_request_review_workspace|dsh_proxy_schedule_companion","dsh_client_proxy_request_entry|dsh_client_proxy_request_tracking|dsh_proxy_requests_list|dsh_proxy_request_review_workspace","","high","Proxy exception family with customer entry and internal review."
"services/dsh/governance/operations/dsh_proxy_request_schedule/OP_EVIDENCE_INDEX.json","services","operation_evidence_index","dsh_proxy_request_schedule","",".json","dsh_proxy_request_flow","covered","dsh_client_proxy_request_entry|dsh_client_proxy_request_tracking|dsh_proxy_requests_list|dsh_proxy_request_review_workspace|dsh_proxy_schedule_companion","dsh_client_proxy_request_entry|dsh_client_proxy_request_tracking|dsh_proxy_requests_list|dsh_proxy_request_review_workspace","","high","Proxy exception family with customer entry and internal review."
"services/dsh/governance/operations/dsh_proxy_request_schedule/OP_GAPS.md","services","operation_gaps","dsh_proxy_request_schedule","",".md","dsh_proxy_request_flow","covered","dsh_client_proxy_request_entry|dsh_client_proxy_request_tracking|dsh_proxy_requests_list|dsh_proxy_request_review_workspace|dsh_proxy_schedule_companion","dsh_client_proxy_request_entry|dsh_client_proxy_request_tracking|dsh_proxy_requests_list|dsh_proxy_request_review_workspace","","high","Proxy exception family with customer entry and internal review."
"services/dsh/governance/operations/dsh_proxy_request_schedule/OP_CONTROL_PANEL_MAP.csv","services","operation_control_panel_map","dsh_proxy_request_schedule","",".csv","dsh_proxy_request_flow","covered","dsh_client_proxy_request_entry|dsh_client_proxy_request_tracking|dsh_proxy_requests_list|dsh_proxy_request_review_workspace|dsh_proxy_schedule_companion","dsh_client_proxy_request_entry|dsh_client_proxy_request_tracking|dsh_proxy_requests_list|dsh_proxy_request_review_workspace","","high","Proxy exception family with customer entry and internal review."
"services/dsh/governance/operations/dsh_proxy_request_schedule/OP_RBAC_ABAC.csv","services","operation_rbac_abac","dsh_proxy_request_schedule","",".csv","dsh_proxy_request_flow","covered","dsh_client_proxy_request_entry|dsh_client_proxy_request_tracking|dsh_proxy_requests_list|dsh_proxy_request_review_workspace|dsh_proxy_schedule_companion","dsh_client_proxy_request_entry|dsh_client_proxy_request_tracking|dsh_proxy_requests_list|dsh_proxy_request_review_workspace","","high","Proxy exception family with customer entry and internal review."
"services/dsh/governance/operations/dsh_proxy_request_schedule/OP_RUNTIME_VARS.csv","services","operation_runtime_vars","dsh_proxy_request_schedule","",".csv","dsh_proxy_request_flow","covered","dsh_client_proxy_request_entry|dsh_client_proxy_request_tracking|dsh_proxy_requests_list|dsh_proxy_request_review_workspace|dsh_proxy_schedule_companion","dsh_client_proxy_request_entry|dsh_client_proxy_request_tracking|dsh_proxy_requests_list|dsh_proxy_request_review_workspace","","high","Proxy exception family with customer entry and internal review."
"services/dsh/governance/operations/dsh_proxy_request_schedule/OP_SCREENS_MAP.csv","services","operation_screens_map","dsh_proxy_request_schedule","",".csv","dsh_proxy_request_flow","covered","dsh_client_proxy_request_entry|dsh_client_proxy_request_tracking|dsh_proxy_requests_list|dsh_proxy_request_review_workspace|dsh_proxy_schedule_companion","dsh_client_proxy_request_entry|dsh_client_proxy_request_tracking|dsh_proxy_requests_list|dsh_proxy_request_review_workspace","","high","Proxy exception family with customer entry and internal review."
"services/dsh/governance/operations/dsh_proxy_request_schedule/OP_SPEC.yaml","services","operation_spec","dsh_proxy_request_schedule","",".yaml","dsh_proxy_request_flow","covered","dsh_client_proxy_request_entry|dsh_client_proxy_request_tracking|dsh_proxy_requests_list|dsh_proxy_request_review_workspace|dsh_proxy_schedule_companion","dsh_client_proxy_request_entry|dsh_client_proxy_request_tracking|dsh_proxy_requests_list|dsh_proxy_request_review_workspace","","high","Proxy exception family with customer entry and internal review."
"services/dsh/governance/operations/dsh_review_create/OP_ACCEPTANCE.md","services","operation_acceptance","dsh_review_create","",".md","legacy_client_receipt_rating","move_to_legacy","dsh_client_receipt_rating_cluster","","","high","Post-completion rating and receipt cluster is currently deferred."
"services/dsh/governance/operations/dsh_review_create/OP_ACTIONS_CATALOG.csv","services","operation_actions_catalog","dsh_review_create","",".csv","legacy_client_receipt_rating","move_to_legacy","dsh_client_receipt_rating_cluster","","","high","Post-completion rating and receipt cluster is currently deferred."
"services/dsh/governance/operations/dsh_review_create/OP_API_MAP.csv","services","operation_api_map","dsh_review_create","",".csv","legacy_client_receipt_rating","move_to_legacy","dsh_client_receipt_rating_cluster","","","high","Post-completion rating and receipt cluster is currently deferred."
"services/dsh/governance/operations/dsh_review_create/OP_EVIDENCE_INDEX.json","services","operation_evidence_index","dsh_review_create","",".json","legacy_client_receipt_rating","move_to_legacy","dsh_client_receipt_rating_cluster","","","high","Post-completion rating and receipt cluster is currently deferred."
"services/dsh/governance/operations/dsh_review_create/OP_GAPS.md","services","operation_gaps","dsh_review_create","",".md","legacy_client_receipt_rating","move_to_legacy","dsh_client_receipt_rating_cluster","","","high","Post-completion rating and receipt cluster is currently deferred."
"services/dsh/governance/operations/dsh_review_create/OP_CONTROL_PANEL_MAP.csv","services","operation_control_panel_map","dsh_review_create","",".csv","legacy_client_receipt_rating","move_to_legacy","dsh_client_receipt_rating_cluster","","","high","Post-completion rating and receipt cluster is currently deferred."
"services/dsh/governance/operations/dsh_review_create/OP_RBAC_ABAC.csv","services","operation_rbac_abac","dsh_review_create","",".csv","legacy_client_receipt_rating","move_to_legacy","dsh_client_receipt_rating_cluster","","","high","Post-completion rating and receipt cluster is currently deferred."
"services/dsh/governance/operations/dsh_review_create/OP_RUNTIME_VARS.csv","services","operation_runtime_vars","dsh_review_create","",".csv","legacy_client_receipt_rating","move_to_legacy","dsh_client_receipt_rating_cluster","","","high","Post-completion rating and receipt cluster is currently deferred."
"services/dsh/governance/operations/dsh_review_create/OP_SCREENS_MAP.csv","services","operation_screens_map","dsh_review_create","",".csv","legacy_client_receipt_rating","move_to_legacy","dsh_client_receipt_rating_cluster","","","high","Post-completion rating and receipt cluster is currently deferred."
"services/dsh/governance/operations/dsh_review_create/OP_SPEC.yaml","services","operation_spec","dsh_review_create","",".yaml","legacy_client_receipt_rating","move_to_legacy","dsh_client_receipt_rating_cluster","","","high","Post-completion rating and receipt cluster is currently deferred."
"services/dsh/governance/operations/dsh_service_modes_resolve/OP_ACCEPTANCE.md","services","operation_acceptance","dsh_service_modes_resolve","",".md","dsh_store_discovery","support_folded","dsh_client_entry_discovery_home|dsh_client_category_or_store_detail","dsh_client_entry_discovery_home|dsh_client_category_or_store_detail","","medium","Discovery and detail-support operation family."
"services/dsh/governance/operations/dsh_service_modes_resolve/OP_ACTIONS_CATALOG.csv","services","operation_actions_catalog","dsh_service_modes_resolve","",".csv","dsh_store_discovery","support_folded","dsh_client_entry_discovery_home|dsh_client_category_or_store_detail","dsh_client_entry_discovery_home|dsh_client_category_or_store_detail","","medium","Discovery and detail-support operation family."
"services/dsh/governance/operations/dsh_service_modes_resolve/OP_API_MAP.csv","services","operation_api_map","dsh_service_modes_resolve","",".csv","dsh_store_discovery","support_folded","dsh_client_entry_discovery_home|dsh_client_category_or_store_detail","dsh_client_entry_discovery_home|dsh_client_category_or_store_detail","","medium","Discovery and detail-support operation family."
"services/dsh/governance/operations/dsh_service_modes_resolve/OP_EVIDENCE_INDEX.json","services","operation_evidence_index","dsh_service_modes_resolve","",".json","dsh_store_discovery","support_folded","dsh_client_entry_discovery_home|dsh_client_category_or_store_detail","dsh_client_entry_discovery_home|dsh_client_category_or_store_detail","","medium","Discovery and detail-support operation family."
"services/dsh/governance/operations/dsh_service_modes_resolve/OP_GAPS.md","services","operation_gaps","dsh_service_modes_resolve","",".md","dsh_store_discovery","support_folded","dsh_client_entry_discovery_home|dsh_client_category_or_store_detail","dsh_client_entry_discovery_home|dsh_client_category_or_store_detail","","medium","Discovery and detail-support operation family."
"services/dsh/governance/operations/dsh_service_modes_resolve/OP_CONTROL_PANEL_MAP.csv","services","operation_control_panel_map","dsh_service_modes_resolve","",".csv","dsh_store_discovery","support_folded","dsh_client_entry_discovery_home|dsh_client_category_or_store_detail","dsh_client_entry_discovery_home|dsh_client_category_or_store_detail","","medium","Discovery and detail-support operation family."
"services/dsh/governance/operations/dsh_service_modes_resolve/OP_RBAC_ABAC.csv","services","operation_rbac_abac","dsh_service_modes_resolve","",".csv","dsh_store_discovery","support_folded","dsh_client_entry_discovery_home|dsh_client_category_or_store_detail","dsh_client_entry_discovery_home|dsh_client_category_or_store_detail","","medium","Discovery and detail-support operation family."
"services/dsh/governance/operations/dsh_service_modes_resolve/OP_RUNTIME_VARS.csv","services","operation_runtime_vars","dsh_service_modes_resolve","",".csv","dsh_store_discovery","support_folded","dsh_client_entry_discovery_home|dsh_client_category_or_store_detail","dsh_client_entry_discovery_home|dsh_client_category_or_store_detail","","medium","Discovery and detail-support operation family."
"services/dsh/governance/operations/dsh_service_modes_resolve/OP_SCREENS_MAP.csv","services","operation_screens_map","dsh_service_modes_resolve","",".csv","dsh_store_discovery","support_folded","dsh_client_entry_discovery_home|dsh_client_category_or_store_detail","dsh_client_entry_discovery_home|dsh_client_category_or_store_detail","","medium","Discovery and detail-support operation family."
"services/dsh/governance/operations/dsh_service_modes_resolve/OP_SPEC.yaml","services","operation_spec","dsh_service_modes_resolve","",".yaml","dsh_store_discovery","support_folded","dsh_client_entry_discovery_home|dsh_client_category_or_store_detail","dsh_client_entry_discovery_home|dsh_client_category_or_store_detail","","medium","Discovery and detail-support operation family."
"services/dsh/governance/operations/dsh_store_commission_set/OP_ACCEPTANCE.md","services","operation_acceptance","dsh_store_commission_set","",".md","legacy_ops_store_admin","move_to_legacy_or_partner_maintenance","dsh_partner_store_maintenance_workspace|dsh_ops_store_items_and_zone_admin_cluster","dsh_partner_store_maintenance_workspace","","medium","Donor mixes partner and CONTROL_PANEL/admin ownership here; clean target model narrows or defers it."
"services/dsh/governance/operations/dsh_store_commission_set/OP_ACTIONS_CATALOG.csv","services","operation_actions_catalog","dsh_store_commission_set","",".csv","legacy_ops_store_admin","move_to_legacy_or_partner_maintenance","dsh_partner_store_maintenance_workspace|dsh_ops_store_items_and_zone_admin_cluster","dsh_partner_store_maintenance_workspace","","medium","Donor mixes partner and CONTROL_PANEL/admin ownership here; clean target model narrows or defers it."
"services/dsh/governance/operations/dsh_store_commission_set/OP_API_MAP.csv","services","operation_api_map","dsh_store_commission_set","",".csv","legacy_ops_store_admin","move_to_legacy_or_partner_maintenance","dsh_partner_store_maintenance_workspace|dsh_ops_store_items_and_zone_admin_cluster","dsh_partner_store_maintenance_workspace","","medium","Donor mixes partner and CONTROL_PANEL/admin ownership here; clean target model narrows or defers it."
"services/dsh/governance/operations/dsh_store_commission_set/OP_EVIDENCE_INDEX.json","services","operation_evidence_index","dsh_store_commission_set","",".json","legacy_ops_store_admin","move_to_legacy_or_partner_maintenance","dsh_partner_store_maintenance_workspace|dsh_ops_store_items_and_zone_admin_cluster","dsh_partner_store_maintenance_workspace","","medium","Donor mixes partner and CONTROL_PANEL/admin ownership here; clean target model narrows or defers it."
"services/dsh/governance/operations/dsh_store_commission_set/OP_GAPS.md","services","operation_gaps","dsh_store_commission_set","",".md","legacy_ops_store_admin","move_to_legacy_or_partner_maintenance","dsh_partner_store_maintenance_workspace|dsh_ops_store_items_and_zone_admin_cluster","dsh_partner_store_maintenance_workspace","","medium","Donor mixes partner and CONTROL_PANEL/admin ownership here; clean target model narrows or defers it."
"services/dsh/governance/operations/dsh_store_commission_set/OP_CONTROL_PANEL_MAP.csv","services","operation_control_panel_map","dsh_store_commission_set","",".csv","legacy_ops_store_admin","move_to_legacy_or_partner_maintenance","dsh_partner_store_maintenance_workspace|dsh_ops_store_items_and_zone_admin_cluster","dsh_partner_store_maintenance_workspace","","medium","Donor mixes partner and CONTROL_PANEL/admin ownership here; clean target model narrows or defers it."
"services/dsh/governance/operations/dsh_store_commission_set/OP_RBAC_ABAC.csv","services","operation_rbac_abac","dsh_store_commission_set","",".csv","legacy_ops_store_admin","move_to_legacy_or_partner_maintenance","dsh_partner_store_maintenance_workspace|dsh_ops_store_items_and_zone_admin_cluster","dsh_partner_store_maintenance_workspace","","medium","Donor mixes partner and CONTROL_PANEL/admin ownership here; clean target model narrows or defers it."
"services/dsh/governance/operations/dsh_store_commission_set/OP_RUNTIME_VARS.csv","services","operation_runtime_vars","dsh_store_commission_set","",".csv","legacy_ops_store_admin","move_to_legacy_or_partner_maintenance","dsh_partner_store_maintenance_workspace|dsh_ops_store_items_and_zone_admin_cluster","dsh_partner_store_maintenance_workspace","","medium","Donor mixes partner and CONTROL_PANEL/admin ownership here; clean target model narrows or defers it."
"services/dsh/governance/operations/dsh_store_commission_set/OP_SCREENS_MAP.csv","services","operation_screens_map","dsh_store_commission_set","",".csv","legacy_ops_store_admin","move_to_legacy_or_partner_maintenance","dsh_partner_store_maintenance_workspace|dsh_ops_store_items_and_zone_admin_cluster","dsh_partner_store_maintenance_workspace","","medium","Donor mixes partner and CONTROL_PANEL/admin ownership here; clean target model narrows or defers it."
"services/dsh/governance/operations/dsh_store_commission_set/OP_SPEC.yaml","services","operation_spec","dsh_store_commission_set","",".yaml","legacy_ops_store_admin","move_to_legacy_or_partner_maintenance","dsh_partner_store_maintenance_workspace|dsh_ops_store_items_and_zone_admin_cluster","dsh_partner_store_maintenance_workspace","","medium","Donor mixes partner and CONTROL_PANEL/admin ownership here; clean target model narrows or defers it."
"services/dsh/governance/operations/dsh_store_fulfillment_profile_update/OP_ACCEPTANCE.md","services","operation_acceptance","dsh_store_fulfillment_profile_update","",".md","legacy_ops_store_admin","move_to_legacy_or_partner_maintenance","dsh_partner_store_maintenance_workspace|dsh_ops_store_items_and_zone_admin_cluster","dsh_partner_store_maintenance_workspace","","medium","Donor mixes partner and CONTROL_PANEL/admin ownership here; clean target model narrows or defers it."
"services/dsh/governance/operations/dsh_store_fulfillment_profile_update/OP_ACTIONS_CATALOG.csv","services","operation_actions_catalog","dsh_store_fulfillment_profile_update","",".csv","legacy_ops_store_admin","move_to_legacy_or_partner_maintenance","dsh_partner_store_maintenance_workspace|dsh_ops_store_items_and_zone_admin_cluster","dsh_partner_store_maintenance_workspace","","medium","Donor mixes partner and CONTROL_PANEL/admin ownership here; clean target model narrows or defers it."
"services/dsh/governance/operations/dsh_store_fulfillment_profile_update/OP_API_MAP.csv","services","operation_api_map","dsh_store_fulfillment_profile_update","",".csv","legacy_ops_store_admin","move_to_legacy_or_partner_maintenance","dsh_partner_store_maintenance_workspace|dsh_ops_store_items_and_zone_admin_cluster","dsh_partner_store_maintenance_workspace","","medium","Donor mixes partner and CONTROL_PANEL/admin ownership here; clean target model narrows or defers it."
"services/dsh/governance/operations/dsh_store_fulfillment_profile_update/OP_EVIDENCE_INDEX.json","services","operation_evidence_index","dsh_store_fulfillment_profile_update","",".json","legacy_ops_store_admin","move_to_legacy_or_partner_maintenance","dsh_partner_store_maintenance_workspace|dsh_ops_store_items_and_zone_admin_cluster","dsh_partner_store_maintenance_workspace","","medium","Donor mixes partner and CONTROL_PANEL/admin ownership here; clean target model narrows or defers it."
"services/dsh/governance/operations/dsh_store_fulfillment_profile_update/OP_GAPS.md","services","operation_gaps","dsh_store_fulfillment_profile_update","",".md","legacy_ops_store_admin","move_to_legacy_or_partner_maintenance","dsh_partner_store_maintenance_workspace|dsh_ops_store_items_and_zone_admin_cluster","dsh_partner_store_maintenance_workspace","","medium","Donor mixes partner and CONTROL_PANEL/admin ownership here; clean target model narrows or defers it."
"services/dsh/governance/operations/dsh_store_fulfillment_profile_update/OP_CONTROL_PANEL_MAP.csv","services","operation_control_panel_map","dsh_store_fulfillment_profile_update","",".csv","legacy_ops_store_admin","move_to_legacy_or_partner_maintenance","dsh_partner_store_maintenance_workspace|dsh_ops_store_items_and_zone_admin_cluster","dsh_partner_store_maintenance_workspace","","medium","Donor mixes partner and CONTROL_PANEL/admin ownership here; clean target model narrows or defers it."
"services/dsh/governance/operations/dsh_store_fulfillment_profile_update/OP_RBAC_ABAC.csv","services","operation_rbac_abac","dsh_store_fulfillment_profile_update","",".csv","legacy_ops_store_admin","move_to_legacy_or_partner_maintenance","dsh_partner_store_maintenance_workspace|dsh_ops_store_items_and_zone_admin_cluster","dsh_partner_store_maintenance_workspace","","medium","Donor mixes partner and CONTROL_PANEL/admin ownership here; clean target model narrows or defers it."
"services/dsh/governance/operations/dsh_store_fulfillment_profile_update/OP_RUNTIME_VARS.csv","services","operation_runtime_vars","dsh_store_fulfillment_profile_update","",".csv","legacy_ops_store_admin","move_to_legacy_or_partner_maintenance","dsh_partner_store_maintenance_workspace|dsh_ops_store_items_and_zone_admin_cluster","dsh_partner_store_maintenance_workspace","","medium","Donor mixes partner and CONTROL_PANEL/admin ownership here; clean target model narrows or defers it."
"services/dsh/governance/operations/dsh_store_fulfillment_profile_update/OP_SCREENS_MAP.csv","services","operation_screens_map","dsh_store_fulfillment_profile_update","",".csv","legacy_ops_store_admin","move_to_legacy_or_partner_maintenance","dsh_partner_store_maintenance_workspace|dsh_ops_store_items_and_zone_admin_cluster","dsh_partner_store_maintenance_workspace","","medium","Donor mixes partner and CONTROL_PANEL/admin ownership here; clean target model narrows or defers it."
"services/dsh/governance/operations/dsh_store_fulfillment_profile_update/OP_SPEC.yaml","services","operation_spec","dsh_store_fulfillment_profile_update","",".yaml","legacy_ops_store_admin","move_to_legacy_or_partner_maintenance","dsh_partner_store_maintenance_workspace|dsh_ops_store_items_and_zone_admin_cluster","dsh_partner_store_maintenance_workspace","","medium","Donor mixes partner and CONTROL_PANEL/admin ownership here; clean target model narrows or defers it."
"services/dsh/governance/operations/dsh_store_modes_set/OP_ACCEPTANCE.md","services","operation_acceptance","dsh_store_modes_set","",".md","legacy_ops_store_admin","move_to_legacy_or_partner_maintenance","dsh_partner_store_maintenance_workspace|dsh_ops_store_items_and_zone_admin_cluster","dsh_partner_store_maintenance_workspace","","medium","Donor mixes partner and CONTROL_PANEL/admin ownership here; clean target model narrows or defers it."
"services/dsh/governance/operations/dsh_store_modes_set/OP_ACTIONS_CATALOG.csv","services","operation_actions_catalog","dsh_store_modes_set","",".csv","legacy_ops_store_admin","move_to_legacy_or_partner_maintenance","dsh_partner_store_maintenance_workspace|dsh_ops_store_items_and_zone_admin_cluster","dsh_partner_store_maintenance_workspace","","medium","Donor mixes partner and CONTROL_PANEL/admin ownership here; clean target model narrows or defers it."
"services/dsh/governance/operations/dsh_store_modes_set/OP_API_MAP.csv","services","operation_api_map","dsh_store_modes_set","",".csv","legacy_ops_store_admin","move_to_legacy_or_partner_maintenance","dsh_partner_store_maintenance_workspace|dsh_ops_store_items_and_zone_admin_cluster","dsh_partner_store_maintenance_workspace","","medium","Donor mixes partner and CONTROL_PANEL/admin ownership here; clean target model narrows or defers it."
"services/dsh/governance/operations/dsh_store_modes_set/OP_EVIDENCE_INDEX.json","services","operation_evidence_index","dsh_store_modes_set","",".json","legacy_ops_store_admin","move_to_legacy_or_partner_maintenance","dsh_partner_store_maintenance_workspace|dsh_ops_store_items_and_zone_admin_cluster","dsh_partner_store_maintenance_workspace","","medium","Donor mixes partner and CONTROL_PANEL/admin ownership here; clean target model narrows or defers it."
"services/dsh/governance/operations/dsh_store_modes_set/OP_GAPS.md","services","operation_gaps","dsh_store_modes_set","",".md","legacy_ops_store_admin","move_to_legacy_or_partner_maintenance","dsh_partner_store_maintenance_workspace|dsh_ops_store_items_and_zone_admin_cluster","dsh_partner_store_maintenance_workspace","","medium","Donor mixes partner and CONTROL_PANEL/admin ownership here; clean target model narrows or defers it."
"services/dsh/governance/operations/dsh_store_modes_set/OP_CONTROL_PANEL_MAP.csv","services","operation_control_panel_map","dsh_store_modes_set","",".csv","legacy_ops_store_admin","move_to_legacy_or_partner_maintenance","dsh_partner_store_maintenance_workspace|dsh_ops_store_items_and_zone_admin_cluster","dsh_partner_store_maintenance_workspace","","medium","Donor mixes partner and CONTROL_PANEL/admin ownership here; clean target model narrows or defers it."
"services/dsh/governance/operations/dsh_store_modes_set/OP_RBAC_ABAC.csv","services","operation_rbac_abac","dsh_store_modes_set","",".csv","legacy_ops_store_admin","move_to_legacy_or_partner_maintenance","dsh_partner_store_maintenance_workspace|dsh_ops_store_items_and_zone_admin_cluster","dsh_partner_store_maintenance_workspace","","medium","Donor mixes partner and CONTROL_PANEL/admin ownership here; clean target model narrows or defers it."
"services/dsh/governance/operations/dsh_store_modes_set/OP_RUNTIME_VARS.csv","services","operation_runtime_vars","dsh_store_modes_set","",".csv","legacy_ops_store_admin","move_to_legacy_or_partner_maintenance","dsh_partner_store_maintenance_workspace|dsh_ops_store_items_and_zone_admin_cluster","dsh_partner_store_maintenance_workspace","","medium","Donor mixes partner and CONTROL_PANEL/admin ownership here; clean target model narrows or defers it."
"services/dsh/governance/operations/dsh_store_modes_set/OP_SCREENS_MAP.csv","services","operation_screens_map","dsh_store_modes_set","",".csv","legacy_ops_store_admin","move_to_legacy_or_partner_maintenance","dsh_partner_store_maintenance_workspace|dsh_ops_store_items_and_zone_admin_cluster","dsh_partner_store_maintenance_workspace","","medium","Donor mixes partner and CONTROL_PANEL/admin ownership here; clean target model narrows or defers it."
"services/dsh/governance/operations/dsh_store_modes_set/OP_SPEC.yaml","services","operation_spec","dsh_store_modes_set","",".yaml","legacy_ops_store_admin","move_to_legacy_or_partner_maintenance","dsh_partner_store_maintenance_workspace|dsh_ops_store_items_and_zone_admin_cluster","dsh_partner_store_maintenance_workspace","","medium","Donor mixes partner and CONTROL_PANEL/admin ownership here; clean target model narrows or defers it."
"services/dsh/governance/operations/dsh_store_products/OP_ACCEPTANCE.md","services","operation_acceptance","dsh_store_products","",".md","dsh_store_discovery","covered","dsh_client_category_or_store_detail","dsh_client_category_or_store_detail","","high","Store detail and item selection family."
"services/dsh/governance/operations/dsh_store_products/OP_ACTIONS_CATALOG.csv","services","operation_actions_catalog","dsh_store_products","",".csv","dsh_store_discovery","covered","dsh_client_category_or_store_detail","dsh_client_category_or_store_detail","","high","Store detail and item selection family."
"services/dsh/governance/operations/dsh_store_products/OP_API_MAP.csv","services","operation_api_map","dsh_store_products","",".csv","dsh_store_discovery","covered","dsh_client_category_or_store_detail","dsh_client_category_or_store_detail","","high","Store detail and item selection family."
"services/dsh/governance/operations/dsh_store_products/OP_EVIDENCE_INDEX.json","services","operation_evidence_index","dsh_store_products","",".json","dsh_store_discovery","covered","dsh_client_category_or_store_detail","dsh_client_category_or_store_detail","","high","Store detail and item selection family."
"services/dsh/governance/operations/dsh_store_products/OP_GAPS.md","services","operation_gaps","dsh_store_products","",".md","dsh_store_discovery","covered","dsh_client_category_or_store_detail","dsh_client_category_or_store_detail","","high","Store detail and item selection family."
"services/dsh/governance/operations/dsh_store_products/OP_CONTROL_PANEL_MAP.csv","services","operation_control_panel_map","dsh_store_products","",".csv","dsh_store_discovery","covered","dsh_client_category_or_store_detail","dsh_client_category_or_store_detail","","high","Store detail and item selection family."
"services/dsh/governance/operations/dsh_store_products/OP_RBAC_ABAC.csv","services","operation_rbac_abac","dsh_store_products","",".csv","dsh_store_discovery","covered","dsh_client_category_or_store_detail","dsh_client_category_or_store_detail","","high","Store detail and item selection family."
"services/dsh/governance/operations/dsh_store_products/OP_RUNTIME_VARS.csv","services","operation_runtime_vars","dsh_store_products","",".csv","dsh_store_discovery","covered","dsh_client_category_or_store_detail","dsh_client_category_or_store_detail","","high","Store detail and item selection family."
"services/dsh/governance/operations/dsh_store_products/OP_SCREENS_MAP.csv","services","operation_screens_map","dsh_store_products","",".csv","dsh_store_discovery","covered","dsh_client_category_or_store_detail","dsh_client_category_or_store_detail","","high","Store detail and item selection family."
"services/dsh/governance/operations/dsh_store_products/OP_SPEC.yaml","services","operation_spec","dsh_store_products","",".yaml","dsh_store_discovery","covered","dsh_client_category_or_store_detail","dsh_client_category_or_store_detail","","high","Store detail and item selection family."
"services/dsh/governance/operations/dsh_store_service_modes_get/OP_ACCEPTANCE.md","services","operation_acceptance","dsh_store_service_modes_get","",".md","legacy_ops_store_admin","move_to_legacy_or_partner_maintenance","dsh_partner_store_maintenance_workspace|dsh_ops_store_items_and_zone_admin_cluster","dsh_partner_store_maintenance_workspace","","medium","Donor mixes partner and CONTROL_PANEL/admin ownership here; clean target model narrows or defers it."
"services/dsh/governance/operations/dsh_store_service_modes_get/OP_ACTIONS_CATALOG.csv","services","operation_actions_catalog","dsh_store_service_modes_get","",".csv","legacy_ops_store_admin","move_to_legacy_or_partner_maintenance","dsh_partner_store_maintenance_workspace|dsh_ops_store_items_and_zone_admin_cluster","dsh_partner_store_maintenance_workspace","","medium","Donor mixes partner and CONTROL_PANEL/admin ownership here; clean target model narrows or defers it."
"services/dsh/governance/operations/dsh_store_service_modes_get/OP_API_MAP.csv","services","operation_api_map","dsh_store_service_modes_get","",".csv","legacy_ops_store_admin","move_to_legacy_or_partner_maintenance","dsh_partner_store_maintenance_workspace|dsh_ops_store_items_and_zone_admin_cluster","dsh_partner_store_maintenance_workspace","","medium","Donor mixes partner and CONTROL_PANEL/admin ownership here; clean target model narrows or defers it."
"services/dsh/governance/operations/dsh_store_service_modes_get/OP_EVIDENCE_INDEX.json","services","operation_evidence_index","dsh_store_service_modes_get","",".json","legacy_ops_store_admin","move_to_legacy_or_partner_maintenance","dsh_partner_store_maintenance_workspace|dsh_ops_store_items_and_zone_admin_cluster","dsh_partner_store_maintenance_workspace","","medium","Donor mixes partner and CONTROL_PANEL/admin ownership here; clean target model narrows or defers it."
"services/dsh/governance/operations/dsh_store_service_modes_get/OP_GAPS.md","services","operation_gaps","dsh_store_service_modes_get","",".md","legacy_ops_store_admin","move_to_legacy_or_partner_maintenance","dsh_partner_store_maintenance_workspace|dsh_ops_store_items_and_zone_admin_cluster","dsh_partner_store_maintenance_workspace","","medium","Donor mixes partner and CONTROL_PANEL/admin ownership here; clean target model narrows or defers it."
"services/dsh/governance/operations/dsh_store_service_modes_get/OP_CONTROL_PANEL_MAP.csv","services","operation_control_panel_map","dsh_store_service_modes_get","",".csv","legacy_ops_store_admin","move_to_legacy_or_partner_maintenance","dsh_partner_store_maintenance_workspace|dsh_ops_store_items_and_zone_admin_cluster","dsh_partner_store_maintenance_workspace","","medium","Donor mixes partner and CONTROL_PANEL/admin ownership here; clean target model narrows or defers it."
"services/dsh/governance/operations/dsh_store_service_modes_get/OP_RBAC_ABAC.csv","services","operation_rbac_abac","dsh_store_service_modes_get","",".csv","legacy_ops_store_admin","move_to_legacy_or_partner_maintenance","dsh_partner_store_maintenance_workspace|dsh_ops_store_items_and_zone_admin_cluster","dsh_partner_store_maintenance_workspace","","medium","Donor mixes partner and CONTROL_PANEL/admin ownership here; clean target model narrows or defers it."
"services/dsh/governance/operations/dsh_store_service_modes_get/OP_RUNTIME_VARS.csv","services","operation_runtime_vars","dsh_store_service_modes_get","",".csv","legacy_ops_store_admin","move_to_legacy_or_partner_maintenance","dsh_partner_store_maintenance_workspace|dsh_ops_store_items_and_zone_admin_cluster","dsh_partner_store_maintenance_workspace","","medium","Donor mixes partner and CONTROL_PANEL/admin ownership here; clean target model narrows or defers it."
"services/dsh/governance/operations/dsh_store_service_modes_get/OP_SCREENS_MAP.csv","services","operation_screens_map","dsh_store_service_modes_get","",".csv","legacy_ops_store_admin","move_to_legacy_or_partner_maintenance","dsh_partner_store_maintenance_workspace|dsh_ops_store_items_and_zone_admin_cluster","dsh_partner_store_maintenance_workspace","","medium","Donor mixes partner and CONTROL_PANEL/admin ownership here; clean target model narrows or defers it."
"services/dsh/governance/operations/dsh_store_service_modes_get/OP_SPEC.yaml","services","operation_spec","dsh_store_service_modes_get","",".yaml","legacy_ops_store_admin","move_to_legacy_or_partner_maintenance","dsh_partner_store_maintenance_workspace|dsh_ops_store_items_and_zone_admin_cluster","dsh_partner_store_maintenance_workspace","","medium","Donor mixes partner and CONTROL_PANEL/admin ownership here; clean target model narrows or defers it."
"services/dsh/governance/operations/dsh_store_zones_set/OP_ACCEPTANCE.md","services","operation_acceptance","dsh_store_zones_set","",".md","legacy_ops_store_admin","move_to_legacy_or_partner_maintenance","dsh_partner_store_maintenance_workspace|dsh_ops_store_items_and_zone_admin_cluster","dsh_partner_store_maintenance_workspace","","medium","Donor mixes partner and CONTROL_PANEL/admin ownership here; clean target model narrows or defers it."
"services/dsh/governance/operations/dsh_store_zones_set/OP_ACTIONS_CATALOG.csv","services","operation_actions_catalog","dsh_store_zones_set","",".csv","legacy_ops_store_admin","move_to_legacy_or_partner_maintenance","dsh_partner_store_maintenance_workspace|dsh_ops_store_items_and_zone_admin_cluster","dsh_partner_store_maintenance_workspace","","medium","Donor mixes partner and CONTROL_PANEL/admin ownership here; clean target model narrows or defers it."
"services/dsh/governance/operations/dsh_store_zones_set/OP_API_MAP.csv","services","operation_api_map","dsh_store_zones_set","",".csv","legacy_ops_store_admin","move_to_legacy_or_partner_maintenance","dsh_partner_store_maintenance_workspace|dsh_ops_store_items_and_zone_admin_cluster","dsh_partner_store_maintenance_workspace","","medium","Donor mixes partner and CONTROL_PANEL/admin ownership here; clean target model narrows or defers it."
"services/dsh/governance/operations/dsh_store_zones_set/OP_EVIDENCE_INDEX.json","services","operation_evidence_index","dsh_store_zones_set","",".json","legacy_ops_store_admin","move_to_legacy_or_partner_maintenance","dsh_partner_store_maintenance_workspace|dsh_ops_store_items_and_zone_admin_cluster","dsh_partner_store_maintenance_workspace","","medium","Donor mixes partner and CONTROL_PANEL/admin ownership here; clean target model narrows or defers it."
"services/dsh/governance/operations/dsh_store_zones_set/OP_GAPS.md","services","operation_gaps","dsh_store_zones_set","",".md","legacy_ops_store_admin","move_to_legacy_or_partner_maintenance","dsh_partner_store_maintenance_workspace|dsh_ops_store_items_and_zone_admin_cluster","dsh_partner_store_maintenance_workspace","","medium","Donor mixes partner and CONTROL_PANEL/admin ownership here; clean target model narrows or defers it."
"services/dsh/governance/operations/dsh_store_zones_set/OP_CONTROL_PANEL_MAP.csv","services","operation_control_panel_map","dsh_store_zones_set","",".csv","legacy_ops_store_admin","move_to_legacy_or_partner_maintenance","dsh_partner_store_maintenance_workspace|dsh_ops_store_items_and_zone_admin_cluster","dsh_partner_store_maintenance_workspace","","medium","Donor mixes partner and CONTROL_PANEL/admin ownership here; clean target model narrows or defers it."
"services/dsh/governance/operations/dsh_store_zones_set/OP_RBAC_ABAC.csv","services","operation_rbac_abac","dsh_store_zones_set","",".csv","legacy_ops_store_admin","move_to_legacy_or_partner_maintenance","dsh_partner_store_maintenance_workspace|dsh_ops_store_items_and_zone_admin_cluster","dsh_partner_store_maintenance_workspace","","medium","Donor mixes partner and CONTROL_PANEL/admin ownership here; clean target model narrows or defers it."
"services/dsh/governance/operations/dsh_store_zones_set/OP_RUNTIME_VARS.csv","services","operation_runtime_vars","dsh_store_zones_set","",".csv","legacy_ops_store_admin","move_to_legacy_or_partner_maintenance","dsh_partner_store_maintenance_workspace|dsh_ops_store_items_and_zone_admin_cluster","dsh_partner_store_maintenance_workspace","","medium","Donor mixes partner and CONTROL_PANEL/admin ownership here; clean target model narrows or defers it."
"services/dsh/governance/operations/dsh_store_zones_set/OP_SCREENS_MAP.csv","services","operation_screens_map","dsh_store_zones_set","",".csv","legacy_ops_store_admin","move_to_legacy_or_partner_maintenance","dsh_partner_store_maintenance_workspace|dsh_ops_store_items_and_zone_admin_cluster","dsh_partner_store_maintenance_workspace","","medium","Donor mixes partner and CONTROL_PANEL/admin ownership here; clean target model narrows or defers it."
"services/dsh/governance/operations/dsh_store_zones_set/OP_SPEC.yaml","services","operation_spec","dsh_store_zones_set","",".yaml","legacy_ops_store_admin","move_to_legacy_or_partner_maintenance","dsh_partner_store_maintenance_workspace|dsh_ops_store_items_and_zone_admin_cluster","dsh_partner_store_maintenance_workspace","","medium","Donor mixes partner and CONTROL_PANEL/admin ownership here; clean target model narrows or defers it."
"services/dsh/governance/operations/dsh_subscription_bundles_list/OP_RBAC_ABAC.csv","services","operation_rbac_abac","dsh_subscription_bundles_list","",".csv","legacy_client_loyalty_subscription_marketing","move_to_legacy","dsh_client_loyalty_subscription_marketing_cluster","","","high","Loyalty, promo, and subscription extras are outside current first-service truth."
"services/dsh/governance/operations/dsh_subscription_bundles_list/OP_SPEC.yaml","services","operation_spec","dsh_subscription_bundles_list","",".yaml","legacy_client_loyalty_subscription_marketing","move_to_legacy","dsh_client_loyalty_subscription_marketing_cluster","","","high","Loyalty, promo, and subscription extras are outside current first-service truth."
"services/dsh/governance/operations/dsh_subscription_categories_get/OP_RBAC_ABAC.csv","services","operation_rbac_abac","dsh_subscription_categories_get","",".csv","legacy_client_loyalty_subscription_marketing","move_to_legacy","dsh_client_loyalty_subscription_marketing_cluster","","","high","Loyalty, promo, and subscription extras are outside current first-service truth."
"services/dsh/governance/operations/dsh_subscription_categories_get/OP_SPEC.yaml","services","operation_spec","dsh_subscription_categories_get","",".yaml","legacy_client_loyalty_subscription_marketing","move_to_legacy","dsh_client_loyalty_subscription_marketing_cluster","","","high","Loyalty, promo, and subscription extras are outside current first-service truth."
"services/dsh/governance/operations/dsh_subscription_family_get/OP_ACCEPTANCE.md","services","operation_acceptance","dsh_subscription_family_get","",".md","legacy_client_loyalty_subscription_marketing","move_to_legacy","dsh_client_loyalty_subscription_marketing_cluster","","","high","Loyalty, promo, and subscription extras are outside current first-service truth."
"services/dsh/governance/operations/dsh_subscription_family_get/OP_ACTIONS_CATALOG.csv","services","operation_actions_catalog","dsh_subscription_family_get","",".csv","legacy_client_loyalty_subscription_marketing","move_to_legacy","dsh_client_loyalty_subscription_marketing_cluster","","","high","Loyalty, promo, and subscription extras are outside current first-service truth."
"services/dsh/governance/operations/dsh_subscription_family_get/OP_API_MAP.csv","services","operation_api_map","dsh_subscription_family_get","",".csv","legacy_client_loyalty_subscription_marketing","move_to_legacy","dsh_client_loyalty_subscription_marketing_cluster","","","high","Loyalty, promo, and subscription extras are outside current first-service truth."
"services/dsh/governance/operations/dsh_subscription_family_get/OP_EVIDENCE_INDEX.json","services","operation_evidence_index","dsh_subscription_family_get","",".json","legacy_client_loyalty_subscription_marketing","move_to_legacy","dsh_client_loyalty_subscription_marketing_cluster","","","high","Loyalty, promo, and subscription extras are outside current first-service truth."
"services/dsh/governance/operations/dsh_subscription_family_get/OP_GAPS.md","services","operation_gaps","dsh_subscription_family_get","",".md","legacy_client_loyalty_subscription_marketing","move_to_legacy","dsh_client_loyalty_subscription_marketing_cluster","","","high","Loyalty, promo, and subscription extras are outside current first-service truth."
"services/dsh/governance/operations/dsh_subscription_family_get/OP_CONTROL_PANEL_MAP.csv","services","operation_control_panel_map","dsh_subscription_family_get","",".csv","legacy_client_loyalty_subscription_marketing","move_to_legacy","dsh_client_loyalty_subscription_marketing_cluster","","","high","Loyalty, promo, and subscription extras are outside current first-service truth."
"services/dsh/governance/operations/dsh_subscription_family_get/OP_RBAC_ABAC.csv","services","operation_rbac_abac","dsh_subscription_family_get","",".csv","legacy_client_loyalty_subscription_marketing","move_to_legacy","dsh_client_loyalty_subscription_marketing_cluster","","","high","Loyalty, promo, and subscription extras are outside current first-service truth."
"services/dsh/governance/operations/dsh_subscription_family_get/OP_RUNTIME_VARS.csv","services","operation_runtime_vars","dsh_subscription_family_get","",".csv","legacy_client_loyalty_subscription_marketing","move_to_legacy","dsh_client_loyalty_subscription_marketing_cluster","","","high","Loyalty, promo, and subscription extras are outside current first-service truth."
"services/dsh/governance/operations/dsh_subscription_family_get/OP_SCREENS_MAP.csv","services","operation_screens_map","dsh_subscription_family_get","",".csv","legacy_client_loyalty_subscription_marketing","move_to_legacy","dsh_client_loyalty_subscription_marketing_cluster","","","high","Loyalty, promo, and subscription extras are outside current first-service truth."
"services/dsh/governance/operations/dsh_subscription_family_get/OP_SPEC.yaml","services","operation_spec","dsh_subscription_family_get","",".yaml","legacy_client_loyalty_subscription_marketing","move_to_legacy","dsh_client_loyalty_subscription_marketing_cluster","","","high","Loyalty, promo, and subscription extras are outside current first-service truth."
"services/dsh/governance/operations/dsh_subscription_family_members_get/OP_ACCEPTANCE.md","services","operation_acceptance","dsh_subscription_family_members_get","",".md","legacy_client_loyalty_subscription_marketing","move_to_legacy","dsh_client_loyalty_subscription_marketing_cluster","","","high","Loyalty, promo, and subscription extras are outside current first-service truth."
"services/dsh/governance/operations/dsh_subscription_family_members_get/OP_ACTIONS_CATALOG.csv","services","operation_actions_catalog","dsh_subscription_family_members_get","",".csv","legacy_client_loyalty_subscription_marketing","move_to_legacy","dsh_client_loyalty_subscription_marketing_cluster","","","high","Loyalty, promo, and subscription extras are outside current first-service truth."
"services/dsh/governance/operations/dsh_subscription_family_members_get/OP_API_MAP.csv","services","operation_api_map","dsh_subscription_family_members_get","",".csv","legacy_client_loyalty_subscription_marketing","move_to_legacy","dsh_client_loyalty_subscription_marketing_cluster","","","high","Loyalty, promo, and subscription extras are outside current first-service truth."
"services/dsh/governance/operations/dsh_subscription_family_members_get/OP_EVIDENCE_INDEX.json","services","operation_evidence_index","dsh_subscription_family_members_get","",".json","legacy_client_loyalty_subscription_marketing","move_to_legacy","dsh_client_loyalty_subscription_marketing_cluster","","","high","Loyalty, promo, and subscription extras are outside current first-service truth."
"services/dsh/governance/operations/dsh_subscription_family_members_get/OP_GAPS.md","services","operation_gaps","dsh_subscription_family_members_get","",".md","legacy_client_loyalty_subscription_marketing","move_to_legacy","dsh_client_loyalty_subscription_marketing_cluster","","","high","Loyalty, promo, and subscription extras are outside current first-service truth."
"services/dsh/governance/operations/dsh_subscription_family_members_get/OP_CONTROL_PANEL_MAP.csv","services","operation_control_panel_map","dsh_subscription_family_members_get","",".csv","legacy_client_loyalty_subscription_marketing","move_to_legacy","dsh_client_loyalty_subscription_marketing_cluster","","","high","Loyalty, promo, and subscription extras are outside current first-service truth."
"services/dsh/governance/operations/dsh_subscription_family_members_get/OP_RBAC_ABAC.csv","services","operation_rbac_abac","dsh_subscription_family_members_get","",".csv","legacy_client_loyalty_subscription_marketing","move_to_legacy","dsh_client_loyalty_subscription_marketing_cluster","","","high","Loyalty, promo, and subscription extras are outside current first-service truth."
"services/dsh/governance/operations/dsh_subscription_family_members_get/OP_RUNTIME_VARS.csv","services","operation_runtime_vars","dsh_subscription_family_members_get","",".csv","legacy_client_loyalty_subscription_marketing","move_to_legacy","dsh_client_loyalty_subscription_marketing_cluster","","","high","Loyalty, promo, and subscription extras are outside current first-service truth."
"services/dsh/governance/operations/dsh_subscription_family_members_get/OP_SCREENS_MAP.csv","services","operation_screens_map","dsh_subscription_family_members_get","",".csv","legacy_client_loyalty_subscription_marketing","move_to_legacy","dsh_client_loyalty_subscription_marketing_cluster","","","high","Loyalty, promo, and subscription extras are outside current first-service truth."
"services/dsh/governance/operations/dsh_subscription_family_members_get/OP_SPEC.yaml","services","operation_spec","dsh_subscription_family_members_get","",".yaml","legacy_client_loyalty_subscription_marketing","move_to_legacy","dsh_client_loyalty_subscription_marketing_cluster","","","high","Loyalty, promo, and subscription extras are outside current first-service truth."
"services/dsh/governance/operations/dsh_subscription_family_members_post/OP_ACCEPTANCE.md","services","operation_acceptance","dsh_subscription_family_members_post","",".md","legacy_client_loyalty_subscription_marketing","move_to_legacy","dsh_client_loyalty_subscription_marketing_cluster","","","high","Loyalty, promo, and subscription extras are outside current first-service truth."
"services/dsh/governance/operations/dsh_subscription_family_members_post/OP_ACTIONS_CATALOG.csv","services","operation_actions_catalog","dsh_subscription_family_members_post","",".csv","legacy_client_loyalty_subscription_marketing","move_to_legacy","dsh_client_loyalty_subscription_marketing_cluster","","","high","Loyalty, promo, and subscription extras are outside current first-service truth."
"services/dsh/governance/operations/dsh_subscription_family_members_post/OP_API_MAP.csv","services","operation_api_map","dsh_subscription_family_members_post","",".csv","legacy_client_loyalty_subscription_marketing","move_to_legacy","dsh_client_loyalty_subscription_marketing_cluster","","","high","Loyalty, promo, and subscription extras are outside current first-service truth."
"services/dsh/governance/operations/dsh_subscription_family_members_post/OP_EVIDENCE_INDEX.json","services","operation_evidence_index","dsh_subscription_family_members_post","",".json","legacy_client_loyalty_subscription_marketing","move_to_legacy","dsh_client_loyalty_subscription_marketing_cluster","","","high","Loyalty, promo, and subscription extras are outside current first-service truth."
"services/dsh/governance/operations/dsh_subscription_family_members_post/OP_GAPS.md","services","operation_gaps","dsh_subscription_family_members_post","",".md","legacy_client_loyalty_subscription_marketing","move_to_legacy","dsh_client_loyalty_subscription_marketing_cluster","","","high","Loyalty, promo, and subscription extras are outside current first-service truth."
"services/dsh/governance/operations/dsh_subscription_family_members_post/OP_CONTROL_PANEL_MAP.csv","services","operation_control_panel_map","dsh_subscription_family_members_post","",".csv","legacy_client_loyalty_subscription_marketing","move_to_legacy","dsh_client_loyalty_subscription_marketing_cluster","","","high","Loyalty, promo, and subscription extras are outside current first-service truth."
"services/dsh/governance/operations/dsh_subscription_family_members_post/OP_RBAC_ABAC.csv","services","operation_rbac_abac","dsh_subscription_family_members_post","",".csv","legacy_client_loyalty_subscription_marketing","move_to_legacy","dsh_client_loyalty_subscription_marketing_cluster","","","high","Loyalty, promo, and subscription extras are outside current first-service truth."
"services/dsh/governance/operations/dsh_subscription_family_members_post/OP_RUNTIME_VARS.csv","services","operation_runtime_vars","dsh_subscription_family_members_post","",".csv","legacy_client_loyalty_subscription_marketing","move_to_legacy","dsh_client_loyalty_subscription_marketing_cluster","","","high","Loyalty, promo, and subscription extras are outside current first-service truth."
"services/dsh/governance/operations/dsh_subscription_family_members_post/OP_SCREENS_MAP.csv","services","operation_screens_map","dsh_subscription_family_members_post","",".csv","legacy_client_loyalty_subscription_marketing","move_to_legacy","dsh_client_loyalty_subscription_marketing_cluster","","","high","Loyalty, promo, and subscription extras are outside current first-service truth."
"services/dsh/governance/operations/dsh_subscription_family_members_post/OP_SPEC.yaml","services","operation_spec","dsh_subscription_family_members_post","",".yaml","legacy_client_loyalty_subscription_marketing","move_to_legacy","dsh_client_loyalty_subscription_marketing_cluster","","","high","Loyalty, promo, and subscription extras are outside current first-service truth."
"services/dsh/governance/operations/dsh_subscription_sync/OP_ACCEPTANCE.md","services","operation_acceptance","dsh_subscription_sync","",".md","legacy_client_loyalty_subscription_marketing","move_to_legacy","dsh_client_loyalty_subscription_marketing_cluster","","","high","Loyalty, promo, and subscription extras are outside current first-service truth."
"services/dsh/governance/operations/dsh_subscription_sync/OP_ACTIONS_CATALOG.csv","services","operation_actions_catalog","dsh_subscription_sync","",".csv","legacy_client_loyalty_subscription_marketing","move_to_legacy","dsh_client_loyalty_subscription_marketing_cluster","","","high","Loyalty, promo, and subscription extras are outside current first-service truth."
"services/dsh/governance/operations/dsh_subscription_sync/OP_API_MAP.csv","services","operation_api_map","dsh_subscription_sync","",".csv","legacy_client_loyalty_subscription_marketing","move_to_legacy","dsh_client_loyalty_subscription_marketing_cluster","","","high","Loyalty, promo, and subscription extras are outside current first-service truth."
"services/dsh/governance/operations/dsh_subscription_sync/OP_EVIDENCE_INDEX.json","services","operation_evidence_index","dsh_subscription_sync","",".json","legacy_client_loyalty_subscription_marketing","move_to_legacy","dsh_client_loyalty_subscription_marketing_cluster","","","high","Loyalty, promo, and subscription extras are outside current first-service truth."
"services/dsh/governance/operations/dsh_subscription_sync/OP_GAPS.md","services","operation_gaps","dsh_subscription_sync","",".md","legacy_client_loyalty_subscription_marketing","move_to_legacy","dsh_client_loyalty_subscription_marketing_cluster","","","high","Loyalty, promo, and subscription extras are outside current first-service truth."
"services/dsh/governance/operations/dsh_subscription_sync/OP_CONTROL_PANEL_MAP.csv","services","operation_control_panel_map","dsh_subscription_sync","",".csv","legacy_client_loyalty_subscription_marketing","move_to_legacy","dsh_client_loyalty_subscription_marketing_cluster","","","high","Loyalty, promo, and subscription extras are outside current first-service truth."
"services/dsh/governance/operations/dsh_subscription_sync/OP_RBAC_ABAC.csv","services","operation_rbac_abac","dsh_subscription_sync","",".csv","legacy_client_loyalty_subscription_marketing","move_to_legacy","dsh_client_loyalty_subscription_marketing_cluster","","","high","Loyalty, promo, and subscription extras are outside current first-service truth."
"services/dsh/governance/operations/dsh_subscription_sync/OP_RUNTIME_VARS.csv","services","operation_runtime_vars","dsh_subscription_sync","",".csv","legacy_client_loyalty_subscription_marketing","move_to_legacy","dsh_client_loyalty_subscription_marketing_cluster","","","high","Loyalty, promo, and subscription extras are outside current first-service truth."
"services/dsh/governance/operations/dsh_subscription_sync/OP_SCREENS_MAP.csv","services","operation_screens_map","dsh_subscription_sync","",".csv","legacy_client_loyalty_subscription_marketing","move_to_legacy","dsh_client_loyalty_subscription_marketing_cluster","","","high","Loyalty, promo, and subscription extras are outside current first-service truth."
"services/dsh/governance/operations/dsh_subscription_sync/OP_SPEC.yaml","services","operation_spec","dsh_subscription_sync","",".yaml","legacy_client_loyalty_subscription_marketing","move_to_legacy","dsh_client_loyalty_subscription_marketing_cluster","","","high","Loyalty, promo, and subscription extras are outside current first-service truth."
"services/dsh/governance/operations/dsh_subscription_tier_get/OP_ACCEPTANCE.md","services","operation_acceptance","dsh_subscription_tier_get","",".md","legacy_client_loyalty_subscription_marketing","move_to_legacy","dsh_client_loyalty_subscription_marketing_cluster","","","high","Loyalty, promo, and subscription extras are outside current first-service truth."
"services/dsh/governance/operations/dsh_subscription_tier_get/OP_ACTIONS_CATALOG.csv","services","operation_actions_catalog","dsh_subscription_tier_get","",".csv","legacy_client_loyalty_subscription_marketing","move_to_legacy","dsh_client_loyalty_subscription_marketing_cluster","","","high","Loyalty, promo, and subscription extras are outside current first-service truth."
"services/dsh/governance/operations/dsh_subscription_tier_get/OP_API_MAP.csv","services","operation_api_map","dsh_subscription_tier_get","",".csv","legacy_client_loyalty_subscription_marketing","move_to_legacy","dsh_client_loyalty_subscription_marketing_cluster","","","high","Loyalty, promo, and subscription extras are outside current first-service truth."
"services/dsh/governance/operations/dsh_subscription_tier_get/OP_EVIDENCE_INDEX.json","services","operation_evidence_index","dsh_subscription_tier_get","",".json","legacy_client_loyalty_subscription_marketing","move_to_legacy","dsh_client_loyalty_subscription_marketing_cluster","","","high","Loyalty, promo, and subscription extras are outside current first-service truth."
"services/dsh/governance/operations/dsh_subscription_tier_get/OP_GAPS.md","services","operation_gaps","dsh_subscription_tier_get","",".md","legacy_client_loyalty_subscription_marketing","move_to_legacy","dsh_client_loyalty_subscription_marketing_cluster","","","high","Loyalty, promo, and subscription extras are outside current first-service truth."
"services/dsh/governance/operations/dsh_subscription_tier_get/OP_CONTROL_PANEL_MAP.csv","services","operation_control_panel_map","dsh_subscription_tier_get","",".csv","legacy_client_loyalty_subscription_marketing","move_to_legacy","dsh_client_loyalty_subscription_marketing_cluster","","","high","Loyalty, promo, and subscription extras are outside current first-service truth."
"services/dsh/governance/operations/dsh_subscription_tier_get/OP_RBAC_ABAC.csv","services","operation_rbac_abac","dsh_subscription_tier_get","",".csv","legacy_client_loyalty_subscription_marketing","move_to_legacy","dsh_client_loyalty_subscription_marketing_cluster","","","high","Loyalty, promo, and subscription extras are outside current first-service truth."
"services/dsh/governance/operations/dsh_subscription_tier_get/OP_RUNTIME_VARS.csv","services","operation_runtime_vars","dsh_subscription_tier_get","",".csv","legacy_client_loyalty_subscription_marketing","move_to_legacy","dsh_client_loyalty_subscription_marketing_cluster","","","high","Loyalty, promo, and subscription extras are outside current first-service truth."
"services/dsh/governance/operations/dsh_subscription_tier_get/OP_SCREENS_MAP.csv","services","operation_screens_map","dsh_subscription_tier_get","",".csv","legacy_client_loyalty_subscription_marketing","move_to_legacy","dsh_client_loyalty_subscription_marketing_cluster","","","high","Loyalty, promo, and subscription extras are outside current first-service truth."
"services/dsh/governance/operations/dsh_subscription_tier_get/OP_SPEC.yaml","services","operation_spec","dsh_subscription_tier_get","",".yaml","legacy_client_loyalty_subscription_marketing","move_to_legacy","dsh_client_loyalty_subscription_marketing_cluster","","","high","Loyalty, promo, and subscription extras are outside current first-service truth."
"services/dsh/governance/operations/dsh_subscription_upgrade_post/OP_ACCEPTANCE.md","services","operation_acceptance","dsh_subscription_upgrade_post","",".md","legacy_client_loyalty_subscription_marketing","move_to_legacy","dsh_client_loyalty_subscription_marketing_cluster","","","high","Loyalty, promo, and subscription extras are outside current first-service truth."
"services/dsh/governance/operations/dsh_subscription_upgrade_post/OP_ACTIONS_CATALOG.csv","services","operation_actions_catalog","dsh_subscription_upgrade_post","",".csv","legacy_client_loyalty_subscription_marketing","move_to_legacy","dsh_client_loyalty_subscription_marketing_cluster","","","high","Loyalty, promo, and subscription extras are outside current first-service truth."
"services/dsh/governance/operations/dsh_subscription_upgrade_post/OP_API_MAP.csv","services","operation_api_map","dsh_subscription_upgrade_post","",".csv","legacy_client_loyalty_subscription_marketing","move_to_legacy","dsh_client_loyalty_subscription_marketing_cluster","","","high","Loyalty, promo, and subscription extras are outside current first-service truth."
"services/dsh/governance/operations/dsh_subscription_upgrade_post/OP_EVIDENCE_INDEX.json","services","operation_evidence_index","dsh_subscription_upgrade_post","",".json","legacy_client_loyalty_subscription_marketing","move_to_legacy","dsh_client_loyalty_subscription_marketing_cluster","","","high","Loyalty, promo, and subscription extras are outside current first-service truth."
"services/dsh/governance/operations/dsh_subscription_upgrade_post/OP_GAPS.md","services","operation_gaps","dsh_subscription_upgrade_post","",".md","legacy_client_loyalty_subscription_marketing","move_to_legacy","dsh_client_loyalty_subscription_marketing_cluster","","","high","Loyalty, promo, and subscription extras are outside current first-service truth."
"services/dsh/governance/operations/dsh_subscription_upgrade_post/OP_CONTROL_PANEL_MAP.csv","services","operation_control_panel_map","dsh_subscription_upgrade_post","",".csv","legacy_client_loyalty_subscription_marketing","move_to_legacy","dsh_client_loyalty_subscription_marketing_cluster","","","high","Loyalty, promo, and subscription extras are outside current first-service truth."
"services/dsh/governance/operations/dsh_subscription_upgrade_post/OP_RBAC_ABAC.csv","services","operation_rbac_abac","dsh_subscription_upgrade_post","",".csv","legacy_client_loyalty_subscription_marketing","move_to_legacy","dsh_client_loyalty_subscription_marketing_cluster","","","high","Loyalty, promo, and subscription extras are outside current first-service truth."
"services/dsh/governance/operations/dsh_subscription_upgrade_post/OP_RUNTIME_VARS.csv","services","operation_runtime_vars","dsh_subscription_upgrade_post","",".csv","legacy_client_loyalty_subscription_marketing","move_to_legacy","dsh_client_loyalty_subscription_marketing_cluster","","","high","Loyalty, promo, and subscription extras are outside current first-service truth."
"services/dsh/governance/operations/dsh_subscription_upgrade_post/OP_SCREENS_MAP.csv","services","operation_screens_map","dsh_subscription_upgrade_post","",".csv","legacy_client_loyalty_subscription_marketing","move_to_legacy","dsh_client_loyalty_subscription_marketing_cluster","","","high","Loyalty, promo, and subscription extras are outside current first-service truth."
"services/dsh/governance/operations/dsh_subscription_upgrade_post/OP_SPEC.yaml","services","operation_spec","dsh_subscription_upgrade_post","",".yaml","legacy_client_loyalty_subscription_marketing","move_to_legacy","dsh_client_loyalty_subscription_marketing_cluster","","","high","Loyalty, promo, and subscription extras are outside current first-service truth."
"services/dsh/governance/operations/dsh_zone_set/OP_ACCEPTANCE.md","services","operation_acceptance","dsh_zone_set","",".md","legacy_ops_store_admin","move_to_legacy_or_partner_maintenance","dsh_partner_store_maintenance_workspace|dsh_ops_store_items_and_zone_admin_cluster","dsh_partner_store_maintenance_workspace","","medium","Donor mixes partner and CONTROL_PANEL/admin ownership here; clean target model narrows or defers it."
"services/dsh/governance/operations/dsh_zone_set/OP_ACTIONS_CATALOG.csv","services","operation_actions_catalog","dsh_zone_set","",".csv","legacy_ops_store_admin","move_to_legacy_or_partner_maintenance","dsh_partner_store_maintenance_workspace|dsh_ops_store_items_and_zone_admin_cluster","dsh_partner_store_maintenance_workspace","","medium","Donor mixes partner and CONTROL_PANEL/admin ownership here; clean target model narrows or defers it."
"services/dsh/governance/operations/dsh_zone_set/OP_API_MAP.csv","services","operation_api_map","dsh_zone_set","",".csv","legacy_ops_store_admin","move_to_legacy_or_partner_maintenance","dsh_partner_store_maintenance_workspace|dsh_ops_store_items_and_zone_admin_cluster","dsh_partner_store_maintenance_workspace","","medium","Donor mixes partner and CONTROL_PANEL/admin ownership here; clean target model narrows or defers it."
"services/dsh/governance/operations/dsh_zone_set/OP_EVIDENCE_INDEX.json","services","operation_evidence_index","dsh_zone_set","",".json","legacy_ops_store_admin","move_to_legacy_or_partner_maintenance","dsh_partner_store_maintenance_workspace|dsh_ops_store_items_and_zone_admin_cluster","dsh_partner_store_maintenance_workspace","","medium","Donor mixes partner and CONTROL_PANEL/admin ownership here; clean target model narrows or defers it."
"services/dsh/governance/operations/dsh_zone_set/OP_GAPS.md","services","operation_gaps","dsh_zone_set","",".md","legacy_ops_store_admin","move_to_legacy_or_partner_maintenance","dsh_partner_store_maintenance_workspace|dsh_ops_store_items_and_zone_admin_cluster","dsh_partner_store_maintenance_workspace","","medium","Donor mixes partner and CONTROL_PANEL/admin ownership here; clean target model narrows or defers it."
"services/dsh/governance/operations/dsh_zone_set/OP_CONTROL_PANEL_MAP.csv","services","operation_control_panel_map","dsh_zone_set","",".csv","legacy_ops_store_admin","move_to_legacy_or_partner_maintenance","dsh_partner_store_maintenance_workspace|dsh_ops_store_items_and_zone_admin_cluster","dsh_partner_store_maintenance_workspace","","medium","Donor mixes partner and CONTROL_PANEL/admin ownership here; clean target model narrows or defers it."
"services/dsh/governance/operations/dsh_zone_set/OP_RBAC_ABAC.csv","services","operation_rbac_abac","dsh_zone_set","",".csv","legacy_ops_store_admin","move_to_legacy_or_partner_maintenance","dsh_partner_store_maintenance_workspace|dsh_ops_store_items_and_zone_admin_cluster","dsh_partner_store_maintenance_workspace","","medium","Donor mixes partner and CONTROL_PANEL/admin ownership here; clean target model narrows or defers it."
"services/dsh/governance/operations/dsh_zone_set/OP_RUNTIME_VARS.csv","services","operation_runtime_vars","dsh_zone_set","",".csv","legacy_ops_store_admin","move_to_legacy_or_partner_maintenance","dsh_partner_store_maintenance_workspace|dsh_ops_store_items_and_zone_admin_cluster","dsh_partner_store_maintenance_workspace","","medium","Donor mixes partner and CONTROL_PANEL/admin ownership here; clean target model narrows or defers it."
"services/dsh/governance/operations/dsh_zone_set/OP_SCREENS_MAP.csv","services","operation_screens_map","dsh_zone_set","",".csv","legacy_ops_store_admin","move_to_legacy_or_partner_maintenance","dsh_partner_store_maintenance_workspace|dsh_ops_store_items_and_zone_admin_cluster","dsh_partner_store_maintenance_workspace","","medium","Donor mixes partner and CONTROL_PANEL/admin ownership here; clean target model narrows or defers it."
"services/dsh/governance/operations/dsh_zone_set/OP_SPEC.yaml","services","operation_spec","dsh_zone_set","",".yaml","legacy_ops_store_admin","move_to_legacy_or_partner_maintenance","dsh_partner_store_maintenance_workspace|dsh_ops_store_items_and_zone_admin_cluster","dsh_partner_store_maintenance_workspace","","medium","Donor mixes partner and CONTROL_PANEL/admin ownership here; clean target model narrows or defers it."
"services/dsh/governance/scripts/scaffold-92-ops.cjs","services","governance_script","","",".cjs","","support_only","","","","n/a","Supporting or cluster-level file without a single operation identity."
"services/dsh/governance/service-level/DSH_COVERAGE_MATRIX.csv","services","service_coverage_matrix","","",".csv","","support_only","","","","n/a","Supporting or cluster-level file without a single operation identity."
"services/dsh/governance/service-level/DSH_CONTROL_PANEL_SECTION_MAP.csv","services","service_control_panel_section_map","","",".csv","","support_only","","","","n/a","Supporting or cluster-level file without a single operation identity."
"services/dsh/governance/service-level/DSH_OPERATION_CATALOG.csv","services","service_operation_catalog","","",".csv","","support_only","","","","n/a","Supporting or cluster-level file without a single operation identity."
"services/dsh/governance/service-level/DSH_RBAC_MATRIX.csv","services","service_rbac_matrix","","",".csv","","support_only","","","","n/a","Supporting or cluster-level file without a single operation identity."
"services/dsh/governance/service-level/DSH_RUNTIME_VARS.csv","services","service_runtime_vars","","",".csv","","support_only","","","","n/a","Supporting or cluster-level file without a single operation identity."
"services/dsh/governance/service-level/DSH_SEAL_STATUS.yaml","services","service_seal_status","","",".yaml","","support_only","","","","n/a","Supporting or cluster-level file without a single operation identity."
"services/dsh/governance/service-level/DSH_SERVICE_SCOPE.md","services","service_scope","","",".md","","support_only","","","","n/a","Supporting or cluster-level file without a single operation identity."
"services/dsh/index.js","services","generated_artifact","","",".js","","generated_copy","","","","n/a","Supporting or cluster-level file without a single operation identity."
"services/dsh/jest.config.js","services","generated_artifact","","",".js","","generated_copy","","","","n/a","Supporting or cluster-level file without a single operation identity."
"services/dsh/package.json","services","service_package_or_config","","",".json","","support_only","","","","n/a","Supporting or cluster-level file without a single operation identity."
"services/dsh/project.json","services","service_package_or_config","","",".json","","support_only","","","","n/a","Supporting or cluster-level file without a single operation identity."
"services/dsh/src/__tests__/setup.ts","services","backend_test","","",".ts","","support_only","","","","n/a","Supporting or cluster-level file without a single operation identity."
"services/dsh/src/controllers/dsh.controller.ts","services","backend_controller","","",".ts","","support_only","","","","n/a","Supporting or cluster-level file without a single operation identity."
"services/dsh/src/dsh-shein.service.ts","services","backend_source","","",".ts","","support_only","","","","n/a","Supporting or cluster-level file without a single operation identity."
"services/dsh/src/dsh.module.ts","services","backend_source","","",".ts","","support_only","","","","n/a","Supporting or cluster-level file without a single operation identity."
"services/dsh/src/dsh.service.test.ts","services","backend_test","","",".ts","","support_only","","","","n/a","Supporting or cluster-level file without a single operation identity."
"services/dsh/src/entities/shein-proxy-request.entity.ts","services","backend_entity","","",".ts","","support_only","","","","n/a","Supporting or cluster-level file without a single operation identity."
"services/dsh/src/index.ts","services","backend_source","","",".ts","","support_only","","","","n/a","Supporting or cluster-level file without a single operation identity."
"services/dsh/tsconfig.json","services","service_package_or_config","","",".json","","support_only","","","","n/a","Supporting or cluster-level file without a single operation identity."
"services/dsh/tsconfig.spec.json","services","service_package_or_config","","",".json","","support_only","","","","n/a","Supporting or cluster-level file without a single operation identity."
