"row_id","service_id","entity_type","donor_name","canonical_name","donor_path","surface","route_or_entry","source_trace","status"
"dsh-census-0001","dsh","analysis_doc","analyze_dsh_gaps.ps1",".cursor::context::analysis::dsh::analyze_dsh_gaps",".cursor/context/analysis/dsh/analyze_dsh_gaps.ps1","ANALYSIS","",".cursor/context/analysis/dsh/analyze_dsh_gaps.ps1","observed_reference_only"
"dsh-census-0002","dsh","analysis_doc","DELIVERY_APPS_COMPLETE_ANALYSIS.md",".cursor::context::analysis::dsh::DELIVERY_APPS_COMPLETE_ANALYSIS",".cursor/context/analysis/dsh/DELIVERY_APPS_COMPLETE_ANALYSIS.md","ANALYSIS","",".cursor/context/analysis/dsh/DELIVERY_APPS_COMPLETE_ANALYSIS.md","observed_reference_only"
"dsh-census-0003","dsh","analysis_doc","DSH_ANALYSIS_UNIFIED_100.md",".cursor::context::analysis::dsh::DSH_ANALYSIS_UNIFIED_100",".cursor/context/analysis/dsh/DSH_ANALYSIS_UNIFIED_100.md","ANALYSIS","",".cursor/context/analysis/dsh/DSH_ANALYSIS_UNIFIED_100.md","observed_reference_only"
"dsh-census-0004","dsh","analysis_doc","DSH_ARRIVAL_BELL_EXECUTION_ROADMAP.md",".cursor::context::analysis::dsh::DSH_ARRIVAL_BELL_EXECUTION_ROADMAP",".cursor/context/analysis/dsh/DSH_ARRIVAL_BELL_EXECUTION_ROADMAP.md","ANALYSIS","",".cursor/context/analysis/dsh/DSH_ARRIVAL_BELL_EXECUTION_ROADMAP.md","observed_reference_only"
"dsh-census-0005","dsh","analysis_doc","DSH_BANNERS_FORENSIC_ANALYSIS.md",".cursor::context::analysis::dsh::DSH_BANNERS_FORENSIC_ANALYSIS",".cursor/context/analysis/dsh/DSH_BANNERS_FORENSIC_ANALYSIS.md","ANALYSIS","",".cursor/context/analysis/dsh/DSH_BANNERS_FORENSIC_ANALYSIS.md","observed_reference_only"
"dsh-census-0006","dsh","analysis_doc","DSH_BANNERS_FORENSIC_AND_FINAL_UX.md",".cursor::context::analysis::dsh::DSH_BANNERS_FORENSIC_AND_FINAL_UX",".cursor/context/analysis/dsh/DSH_BANNERS_FORENSIC_AND_FINAL_UX.md","ANALYSIS","",".cursor/context/analysis/dsh/DSH_BANNERS_FORENSIC_AND_FINAL_UX.md","observed_reference_only"
"dsh-census-0007","dsh","analysis_doc","DSH_BANNERS_UX_FORENSIC_AND_DESIGN.md",".cursor::context::analysis::dsh::DSH_BANNERS_UX_FORENSIC_AND_DESIGN",".cursor/context/analysis/dsh/DSH_BANNERS_UX_FORENSIC_AND_DESIGN.md","ANALYSIS","",".cursor/context/analysis/dsh/DSH_BANNERS_UX_FORENSIC_AND_DESIGN.md","observed_reference_only"
"dsh-census-0008","dsh","analysis_doc","DSH_CATALOG_AND_MOCK_UNIFIED.md",".cursor::context::analysis::dsh::DSH_CATALOG_AND_MOCK_UNIFIED",".cursor/context/analysis/dsh/DSH_CATALOG_AND_MOCK_UNIFIED.md","ANALYSIS","",".cursor/context/analysis/dsh/DSH_CATALOG_AND_MOCK_UNIFIED.md","observed_reference_only"
"dsh-census-0009","dsh","analysis_doc","DSH_CLIENT_PARTNER_FORENSIC_ANALYSIS.md",".cursor::context::analysis::dsh::DSH_CLIENT_PARTNER_FORENSIC_ANALYSIS",".cursor/context/analysis/dsh/DSH_CLIENT_PARTNER_FORENSIC_ANALYSIS.md","ANALYSIS","",".cursor/context/analysis/dsh/DSH_CLIENT_PARTNER_FORENSIC_ANALYSIS.md","observed_reference_only"
"dsh-census-0010","dsh","analysis_doc","DSH_CONSISTENCY_REPORT.md",".cursor::context::analysis::dsh::DSH_CONSISTENCY_REPORT",".cursor/context/analysis/dsh/DSH_CONSISTENCY_REPORT.md","ANALYSIS","",".cursor/context/analysis/dsh/DSH_CONSISTENCY_REPORT.md","observed_reference_only"
"dsh-census-0011","dsh","analysis_doc","DSH_CONTROL_PLANE_PROPOSAL.md",".cursor::context::analysis::dsh::DSH_CONTROL_PLANE_PROPOSAL",".cursor/context/analysis/dsh/DSH_CONTROL_PLANE_PROPOSAL.md","ANALYSIS","",".cursor/context/analysis/dsh/DSH_CONTROL_PLANE_PROPOSAL.md","observed_reference_only"
"dsh-census-0012","dsh","analysis_doc","DSH_EXECUTION_ROADMAP_CHECKLIST.md",".cursor::context::analysis::dsh::DSH_EXECUTION_ROADMAP_CHECKLIST",".cursor/context/analysis/dsh/DSH_EXECUTION_ROADMAP_CHECKLIST.md","ANALYSIS","",".cursor/context/analysis/dsh/DSH_EXECUTION_ROADMAP_CHECKLIST.md","observed_reference_only"
"dsh-census-0013","dsh","analysis_doc","DSH_EXPERIMENTAL_CATEGORIES_REFERENCE.md",".cursor::context::analysis::dsh::DSH_EXPERIMENTAL_CATEGORIES_REFERENCE",".cursor/context/analysis/dsh/DSH_EXPERIMENTAL_CATEGORIES_REFERENCE.md","ANALYSIS","",".cursor/context/analysis/dsh/DSH_EXPERIMENTAL_CATEGORIES_REFERENCE.md","observed_reference_only"
"dsh-census-0014","dsh","analysis_doc","DSH_FINANCIAL_BACKEND_ROADMAP.md",".cursor::context::analysis::dsh::DSH_FINANCIAL_BACKEND_ROADMAP",".cursor/context/analysis/dsh/DSH_FINANCIAL_BACKEND_ROADMAP.md","ANALYSIS","",".cursor/context/analysis/dsh/DSH_FINANCIAL_BACKEND_ROADMAP.md","observed_reference_only"
"dsh-census-0015","dsh","analysis_doc","DSH_FORENSIC_ANALYSIS_100.md",".cursor::context::analysis::dsh::DSH_FORENSIC_ANALYSIS_100",".cursor/context/analysis/dsh/DSH_FORENSIC_ANALYSIS_100.md","ANALYSIS","",".cursor/context/analysis/dsh/DSH_FORENSIC_ANALYSIS_100.md","observed_reference_only"
"dsh-census-0016","dsh","analysis_doc","dSH_FORENSIC_GAP_ANALYSIS_100",".cursor::context::analysis::dsh::dSH_FORENSIC_GAP_ANALYSIS_100",".cursor/context/analysis/dsh/dSH_FORENSIC_GAP_ANALYSIS_100","ANALYSIS","",".cursor/context/analysis/dsh/dSH_FORENSIC_GAP_ANALYSIS_100","observed_reference_only"
"dsh-census-0017","dsh","analysis_doc","dsh_gaps_analysis_results.json",".cursor::context::analysis::dsh::dsh_gaps_analysis_results",".cursor/context/analysis/dsh/dsh_gaps_analysis_results.json","ANALYSIS","",".cursor/context/analysis/dsh/dsh_gaps_analysis_results.json","observed_reference_only"
"dsh-census-0018","dsh","analysis_doc","DSH_GAS_REFILL_SPEC.md",".cursor::context::analysis::dsh::DSH_GAS_REFILL_SPEC",".cursor/context/analysis/dsh/DSH_GAS_REFILL_SPEC.md","ANALYSIS","",".cursor/context/analysis/dsh/DSH_GAS_REFILL_SPEC.md","observed_reference_only"
"dsh-census-0019","dsh","analysis_doc","DSH_OPERATIONS_SCREENS_INVENTORY.md",".cursor::context::analysis::dsh::DSH_OPERATIONS_SCREENS_INVENTORY",".cursor/context/analysis/dsh/DSH_OPERATIONS_SCREENS_INVENTORY.md","ANALYSIS","",".cursor/context/analysis/dsh/DSH_OPERATIONS_SCREENS_INVENTORY.md","observed_reference_only"
"dsh-census-0020","dsh","analysis_doc","DSH_PARTNER_APP_ANALYSIS.md",".cursor::context::analysis::dsh::DSH_PARTNER_APP_ANALYSIS",".cursor/context/analysis/dsh/DSH_PARTNER_APP_ANALYSIS.md","ANALYSIS","",".cursor/context/analysis/dsh/DSH_PARTNER_APP_ANALYSIS.md","observed_reference_only"
"dsh-census-0021","dsh","analysis_doc","DSH_PRODUCT_UNITS_AND_OPTIONS_ANALYSIS.md",".cursor::context::analysis::dsh::DSH_PRODUCT_UNITS_AND_OPTIONS_ANALYSIS",".cursor/context/analysis/dsh/DSH_PRODUCT_UNITS_AND_OPTIONS_ANALYSIS.md","ANALYSIS","",".cursor/context/analysis/dsh/DSH_PRODUCT_UNITS_AND_OPTIONS_ANALYSIS.md","observed_reference_only"
"dsh-census-0022","dsh","analysis_doc","DSH_PRODUCT_UNITS_AND_OPTIONS_WHAT_TO_DO.md",".cursor::context::analysis::dsh::DSH_PRODUCT_UNITS_AND_OPTIONS_WHAT_TO_DO",".cursor/context/analysis/dsh/DSH_PRODUCT_UNITS_AND_OPTIONS_WHAT_TO_DO.md","ANALYSIS","",".cursor/context/analysis/dsh/DSH_PRODUCT_UNITS_AND_OPTIONS_WHAT_TO_DO.md","observed_reference_only"
"dsh-census-0023","dsh","analysis_doc","DSH_SHEIN_OPERATIONS_SCREENS_INVENTORY.md",".cursor::context::analysis::dsh::DSH_SHEIN_OPERATIONS_SCREENS_INVENTORY",".cursor/context/analysis/dsh/DSH_SHEIN_OPERATIONS_SCREENS_INVENTORY.md","ANALYSIS","",".cursor/context/analysis/dsh/DSH_SHEIN_OPERATIONS_SCREENS_INVENTORY.md","observed_reference_only"
"dsh-census-0024","dsh","analysis_doc","DSH_SMART_NOTIFICATIONS_CAPTAIN_NEAR_SPEC.md",".cursor::context::analysis::dsh::DSH_SMART_NOTIFICATIONS_CAPTAIN_NEAR_SPEC",".cursor/context/analysis/dsh/DSH_SMART_NOTIFICATIONS_CAPTAIN_NEAR_SPEC.md","ANALYSIS","",".cursor/context/analysis/dsh/DSH_SMART_NOTIFICATIONS_CAPTAIN_NEAR_SPEC.md","observed_reference_only"
"dsh-census-0025","dsh","analysis_doc","DSH_TECHNICAL_GAPS_IMPLEMENTATION_CHECKLIST.md",".cursor::context::analysis::dsh::DSH_TECHNICAL_GAPS_IMPLEMENTATION_CHECKLIST",".cursor/context/analysis/dsh/DSH_TECHNICAL_GAPS_IMPLEMENTATION_CHECKLIST.md","ANALYSIS","",".cursor/context/analysis/dsh/DSH_TECHNICAL_GAPS_IMPLEMENTATION_CHECKLIST.md","observed_reference_only"
"dsh-census-0026","dsh","analysis_doc","DSH_TECHNICAL_GAPS_IMPLEMENTATION_VALIDATED.md",".cursor::context::analysis::dsh::DSH_TECHNICAL_GAPS_IMPLEMENTATION_VALIDATED",".cursor/context/analysis/dsh/DSH_TECHNICAL_GAPS_IMPLEMENTATION_VALIDATED.md","ANALYSIS","",".cursor/context/analysis/dsh/DSH_TECHNICAL_GAPS_IMPLEMENTATION_VALIDATED.md","observed_reference_only"
"dsh-census-0027","dsh","analysis_doc","DSH_TECHNICAL_GAPS_IMPLEMENTATION.md",".cursor::context::analysis::dsh::DSH_TECHNICAL_GAPS_IMPLEMENTATION",".cursor/context/analysis/dsh/DSH_TECHNICAL_GAPS_IMPLEMENTATION.md","ANALYSIS","",".cursor/context/analysis/dsh/DSH_TECHNICAL_GAPS_IMPLEMENTATION.md","observed_reference_only"
"dsh-census-0028","dsh","analysis_doc","DSH_VIDEO_ICON_REELS_UX_ANALYSIS.md",".cursor::context::analysis::dsh::DSH_VIDEO_ICON_REELS_UX_ANALYSIS",".cursor/context/analysis/dsh/DSH_VIDEO_ICON_REELS_UX_ANALYSIS.md","ANALYSIS","",".cursor/context/analysis/dsh/DSH_VIDEO_ICON_REELS_UX_ANALYSIS.md","observed_reference_only"
"dsh-census-0029","dsh","analysis_doc","DSH_ZONES_CATEGORIES_DELIVERY_FEE_ANALYSIS.md",".cursor::context::analysis::dsh::DSH_ZONES_CATEGORIES_DELIVERY_FEE_ANALYSIS",".cursor/context/analysis/dsh/DSH_ZONES_CATEGORIES_DELIVERY_FEE_ANALYSIS.md","ANALYSIS","",".cursor/context/analysis/dsh/DSH_ZONES_CATEGORIES_DELIVERY_FEE_ANALYSIS.md","observed_reference_only"
"dsh-census-0030","dsh","analysis_doc","SERVICE_SHORTS_EXECUTION_PLAN.md",".cursor::context::analysis::dsh::SERVICE_SHORTS_EXECUTION_PLAN",".cursor/context/analysis/dsh/SERVICE_SHORTS_EXECUTION_PLAN.md","ANALYSIS","",".cursor/context/analysis/dsh/SERVICE_SHORTS_EXECUTION_PLAN.md","observed_reference_only"
"dsh-census-0031","dsh","analysis_doc","SERVICE_SHORTS_SPEC_REVIEW.md",".cursor::context::analysis::dsh::SERVICE_SHORTS_SPEC_REVIEW",".cursor/context/analysis/dsh/SERVICE_SHORTS_SPEC_REVIEW.md","ANALYSIS","",".cursor/context/analysis/dsh/SERVICE_SHORTS_SPEC_REVIEW.md","observed_reference_only"
"dsh-census-0032","dsh","analysis_doc","TAWSEEL_BUSINESS_VISUAL_DISSECTION_AND_ADOPTION.md",".cursor::context::analysis::dsh::TAWSEEL_BUSINESS_VISUAL_DISSECTION_AND_ADOPTION",".cursor/context/analysis/dsh/TAWSEEL_BUSINESS_VISUAL_DISSECTION_AND_ADOPTION.md","ANALYSIS","",".cursor/context/analysis/dsh/TAWSEEL_BUSINESS_VISUAL_DISSECTION_AND_ADOPTION.md","observed_reference_only"
"dsh-census-0033","dsh","analysis_doc","trash1",".cursor::context::analysis::dsh::trash1",".cursor/context/analysis/dsh/trash1","ANALYSIS","",".cursor/context/analysis/dsh/trash1","observed_reference_only"
"dsh-census-0034","dsh","analysis_doc","trash2",".cursor::context::analysis::dsh::trash2",".cursor/context/analysis/dsh/trash2","ANALYSIS","",".cursor/context/analysis/dsh/trash2","observed_reference_only"
"dsh-census-0035","dsh","local_prod_dsh_support","dsh-home-infra.controller.ts","apps::backend::api-host::src::local-prod::dsh-home-infra.controller","apps/backend/api-host/src/local-prod/dsh-home-infra.controller.ts","AUXILIARY","","apps/backend/api-host/src/local-prod/dsh-home-infra.controller.ts","observed_auxiliary"
"dsh-census-0036","dsh","local_prod_dsh_support","dsh-home-seed.ts","apps::backend::api-host::src::local-prod::dsh-home-seed","apps/backend/api-host/src/local-prod/dsh-home-seed.ts","AUXILIARY","local-prod:dsh-home-seed","apps/backend/api-host/src/local-prod/dsh-home-seed.ts","observed_auxiliary"
"dsh-census-0037","dsh","web_route_shell","admin::store-nominations::page","apps::web::mcpw::app::admin::store-nominations::page","apps/web/mcpw/app/admin/store-nominations/page.tsx","MCPW","/admin/store-nominations","apps/web/mcpw/app/admin/store-nominations/page.tsx","observed"
"dsh-census-0038","dsh","web_route_shell","analytics::dsh-orders::page","apps::web::mcpw::app::analytics::dsh-orders::page","apps/web/mcpw/app/analytics/dsh-orders/page.tsx","MCPW","/analytics/dsh-orders","apps/web/mcpw/app/analytics/dsh-orders/page.tsx","observed"
"dsh-census-0039","dsh","web_route_shell","finance::dsh::page","apps::web::mcpw::app::finance::dsh::page","apps/web/mcpw/app/finance/dsh/page.tsx","MCPW","/finance/dsh","apps/web/mcpw/app/finance/dsh/page.tsx","observed"
"dsh-census-0040","dsh","web_route_shell","operations::dsh::arrival-bell::page","apps::web::mcpw::app::operations::dsh::arrival-bell::page","apps/web/mcpw/app/operations/dsh/arrival-bell/page.tsx","MCPW","/operations/dsh/arrival-bell","apps/web/mcpw/app/operations/dsh/arrival-bell/page.tsx","observed"
"dsh-census-0041","dsh","web_route_shell","operations::dsh::orders::[id]::page","apps::web::mcpw::app::operations::dsh::orders::[id]::page","apps/web/mcpw/app/operations/dsh/orders/[id]/page.tsx","MCPW","/operations/dsh/orders/[id]","apps/web/mcpw/app/operations/dsh/orders/[id]/page.tsx","observed"
"dsh-census-0042","dsh","web_route_shell","operations::dsh::orders::page","apps::web::mcpw::app::operations::dsh::orders::page","apps/web/mcpw/app/operations/dsh/orders/page.tsx","MCPW","/operations/dsh/orders","apps/web/mcpw/app/operations/dsh/orders/page.tsx","observed"
"dsh-census-0043","dsh","web_route_shell","operations::dsh::page","apps::web::mcpw::app::operations::dsh::page","apps/web/mcpw/app/operations/dsh/page.tsx","MCPW","/operations/dsh","apps/web/mcpw/app/operations/dsh/page.tsx","observed"
"dsh-census-0044","dsh","web_route_shell","operations::dsh::peak-mode::page","apps::web::mcpw::app::operations::dsh::peak-mode::page","apps/web/mcpw/app/operations/dsh/peak-mode/page.tsx","MCPW","/operations/dsh/peak-mode","apps/web/mcpw/app/operations/dsh/peak-mode/page.tsx","observed"
"dsh-census-0045","dsh","web_route_shell","operations::dsh::reassign::page","apps::web::mcpw::app::operations::dsh::reassign::page","apps/web/mcpw/app/operations/dsh/reassign/page.tsx","MCPW","/operations/dsh/reassign","apps/web/mcpw/app/operations/dsh/reassign/page.tsx","observed"
"dsh-census-0046","dsh","web_route_shell","operations::dsh::sheinproxy::[id]::estimate::page","apps::web::mcpw::app::operations::dsh::sheinproxy::[id]::estimate::page","apps/web/mcpw/app/operations/dsh/sheinproxy/[id]/estimate/page.tsx","MCPW","/operations/dsh/sheinproxy/[id]/estimate","apps/web/mcpw/app/operations/dsh/sheinproxy/[id]/estimate/page.tsx","observed"
"dsh-census-0047","dsh","web_route_shell","operations::dsh::sheinproxy::[id]::offer::page","apps::web::mcpw::app::operations::dsh::sheinproxy::[id]::offer::page","apps/web/mcpw/app/operations/dsh/sheinproxy/[id]/offer/page.tsx","MCPW","/operations/dsh/sheinproxy/[id]/offer","apps/web/mcpw/app/operations/dsh/sheinproxy/[id]/offer/page.tsx","observed"
"dsh-census-0048","dsh","web_route_shell","operations::dsh::sheinproxy::[id]::page","apps::web::mcpw::app::operations::dsh::sheinproxy::[id]::page","apps/web/mcpw/app/operations/dsh/sheinproxy/[id]/page.tsx","MCPW","/operations/dsh/sheinproxy/[id]","apps/web/mcpw/app/operations/dsh/sheinproxy/[id]/page.tsx","observed"
"dsh-census-0049","dsh","web_route_shell","operations::dsh::sheinproxy::[id]::schedule::page","apps::web::mcpw::app::operations::dsh::sheinproxy::[id]::schedule::page","apps/web/mcpw/app/operations/dsh/sheinproxy/[id]/schedule/page.tsx","MCPW","/operations/dsh/sheinproxy/[id]/schedule","apps/web/mcpw/app/operations/dsh/sheinproxy/[id]/schedule/page.tsx","observed"
"dsh-census-0050","dsh","web_route_shell","operations::dsh::sheinproxy::page","apps::web::mcpw::app::operations::dsh::sheinproxy::page","apps/web/mcpw/app/operations/dsh/sheinproxy/page.tsx","MCPW","/operations/dsh/sheinproxy","apps/web/mcpw/app/operations/dsh/sheinproxy/page.tsx","observed"
"dsh-census-0051","dsh","web_route_shell","operations::dsh::zone-set::page","apps::web::mcpw::app::operations::dsh::zone-set::page","apps/web/mcpw/app/operations/dsh/zone-set/page.tsx","MCPW","/operations/dsh/zone-set","apps/web/mcpw/app/operations/dsh/zone-set/page.tsx","observed"
"dsh-census-0052","dsh","web_route_shell","partner::store-nominations::page","apps::web::mcpw::app::partner::store-nominations::page","apps/web/mcpw/app/partner/store-nominations/page.tsx","MCPW","/partner/store-nominations","apps/web/mcpw/app/partner/store-nominations/page.tsx","observed"
"dsh-census-0053","dsh","web_route_shell","partner::store::page","apps::web::mcpw::app::partner::store::page","apps/web/mcpw/app/partner/store/page.tsx","MCPW","/partner/store","apps/web/mcpw/app/partner/store/page.tsx","observed"
"dsh-census-0054","dsh","web_route_shell","service-catalog::services::dsh::page","apps::web::mcpw::app::service-catalog::services::dsh::page","apps/web/mcpw/app/service-catalog/services/dsh/page.tsx","MCPW","/service-catalog/services/dsh","apps/web/mcpw/app/service-catalog/services/dsh/page.tsx","observed"
"dsh-census-0055","dsh","web_route_shell","support::dsh-chat::page","apps::web::mcpw::app::support::dsh-chat::page","apps/web/mcpw/app/support/dsh-chat/page.tsx","MCPW","/support/dsh-chat","apps/web/mcpw/app/support/dsh-chat/page.tsx","observed"
"dsh-census-0056","dsh","contract_inventory","operations_inventory.json","contracts::operations_inventory","contracts/operations_inventory.json","CONTRACTS","contract-ssot:dsh_*","contracts/operations_inventory.json","observed"
"dsh-census-0057","dsh","runtime_contract_catalog","Master_RUNTIME_VARS_CATALOG.csv","contracts::runtime::Master_RUNTIME_VARS_CATALOG","contracts/runtime/Master_RUNTIME_VARS_CATALOG.csv","CONTRACTS","runtime-catalog:dsh-related","contracts/runtime/Master_RUNTIME_VARS_CATALOG.csv","observed"
"dsh-census-0058","dsh","closure_analysis_doc","31_DSH_SURFACE_USAGE_AND_MERGE_MATRIX.md","Final closure::dsh::31_DSH_SURFACE_USAGE_AND_MERGE_MATRIX","Final closure/dsh/31_DSH_SURFACE_USAGE_AND_MERGE_MATRIX.md","ANALYSIS","","Final closure/dsh/31_DSH_SURFACE_USAGE_AND_MERGE_MATRIX.md","observed_reference_only"
"dsh-census-0059","dsh","api_client","dsh-captain-api.ts","packages::api-clients::src::dsh::dsh-captain-api","packages/api-clients/src/dsh/dsh-captain-api.ts","BINDING","binding:dsh-captain-api","packages/api-clients/src/dsh/dsh-captain-api.ts","observed"
"dsh-census-0060","dsh","api_client","dsh-cart-api.ts","packages::api-clients::src::dsh::dsh-cart-api","packages/api-clients/src/dsh/dsh-cart-api.ts","BINDING","binding:dsh-cart-api","packages/api-clients/src/dsh/dsh-cart-api.ts","observed"
"dsh-census-0061","dsh","api_client","dsh-field-partner-api.ts","packages::api-clients::src::dsh::dsh-field-partner-api","packages/api-clients/src/dsh/dsh-field-partner-api.ts","BINDING","binding:dsh-field-partner-api","packages/api-clients/src/dsh/dsh-field-partner-api.ts","observed"
"dsh-census-0062","dsh","api_client","dsh-gas-refill-api.ts","packages::api-clients::src::dsh::dsh-gas-refill-api","packages/api-clients/src/dsh/dsh-gas-refill-api.ts","BINDING","binding:dsh-gas-refill-api","packages/api-clients/src/dsh/dsh-gas-refill-api.ts","observed"
"dsh-census-0063","dsh","api_client","dsh-operations-api.ts","packages::api-clients::src::dsh::dsh-operations-api","packages/api-clients/src/dsh/dsh-operations-api.ts","BINDING","binding:dsh-operations-api","packages/api-clients/src/dsh/dsh-operations-api.ts","observed"
"dsh-census-0064","dsh","api_client","dsh-orders-api.ts","packages::api-clients::src::dsh::dsh-orders-api","packages/api-clients/src/dsh/dsh-orders-api.ts","BINDING","binding:dsh-orders-api","packages/api-clients/src/dsh/dsh-orders-api.ts","observed"
"dsh-census-0065","dsh","api_helper","dsh-api.ts","packages::api-clients::src::lib::dsh::dsh-api","packages/api-clients/src/lib/dsh/dsh-api.ts","BINDING","binding-helper:dsh-api","packages/api-clients/src/lib/dsh/dsh-api.ts","observed"
"dsh-census-0066","dsh","api_helper","dsh-stores-api.ts","packages::api-clients::src::lib::dsh::dsh-stores-api","packages/api-clients/src/lib/dsh/dsh-stores-api.ts","BINDING","binding-helper:dsh-stores-api","packages/api-clients/src/lib/dsh/dsh-stores-api.ts","observed"
"dsh-census-0067","dsh","api_thunk","dsh-thunks.ts","packages::api-clients::src::lib::thunks::dsh-thunks","packages/api-clients/src/lib/thunks/dsh-thunks.ts","BINDING","binding-thunk:dsh-thunks","packages/api-clients/src/lib/thunks/dsh-thunks.ts","observed"
"dsh-census-0068","dsh","domain_type","dsh-captain.ts","packages::domain-types::src::dsh-captain","packages/domain-types/src/dsh-captain.ts","DOMAIN","domain-type:dsh-captain","packages/domain-types/src/dsh-captain.ts","observed"
"dsh-census-0069","dsh","state_slice","dsh-slice.ts","packages::states::src::lib::slices::dsh-slice","packages/states/src/lib/slices/dsh-slice.ts","STATE","state-slice:dsh","packages/states/src/lib/slices/dsh-slice.ts","observed"
"dsh-census-0070","dsh","surface_test","pattern_unification.test.ts","packages::surfaces::src::dsh::__tests__::pattern_unification.test","packages/surfaces/src/dsh/__tests__/pattern_unification.test.ts","DSH_SHARED","","packages/surfaces/src/dsh/__tests__/pattern_unification.test.ts","observed"
"dsh-census-0071","dsh","surface_shared_file","useDshCaptainDeliveryPositionPing.ts","packages::surfaces::src::dsh::app-captain::hooks::useDshCaptainDeliveryPositionPing","packages/surfaces/src/dsh/app-captain/hooks/useDshCaptainDeliveryPositionPing.ts","APP_CAPTAIN","","packages/surfaces/src/dsh/app-captain/hooks/useDshCaptainDeliveryPositionPing.ts","observed"
"dsh-census-0072","dsh","surface_screen_auto","auto_captain_earnings_history.tsx","packages::surfaces::src::dsh::app-captain::mobile::auto_captain_earnings_history","packages/surfaces/src/dsh/app-captain/mobile/auto_captain_earnings_history.tsx","APP_CAPTAIN","operation:captain_earnings_history","packages/surfaces/src/dsh/app-captain/mobile/auto_captain_earnings_history.tsx","observed"
"dsh-census-0073","dsh","surface_screen_auto","auto_captain_financial_reports.tsx","packages::surfaces::src::dsh::app-captain::mobile::auto_captain_financial_reports","packages/surfaces/src/dsh/app-captain/mobile/auto_captain_financial_reports.tsx","APP_CAPTAIN","operation:captain_financial_reports","packages/surfaces/src/dsh/app-captain/mobile/auto_captain_financial_reports.tsx","observed"
"dsh-census-0074","dsh","surface_screen_auto","auto_captain_payments.tsx","packages::surfaces::src::dsh::app-captain::mobile::auto_captain_payments","packages/surfaces/src/dsh/app-captain/mobile/auto_captain_payments.tsx","APP_CAPTAIN","operation:captain_payments","packages/surfaces/src/dsh/app-captain/mobile/auto_captain_payments.tsx","observed"
"dsh-census-0075","dsh","surface_screen_auto","auto_captain_settlements.tsx","packages::surfaces::src::dsh::app-captain::mobile::auto_captain_settlements","packages/surfaces/src/dsh/app-captain/mobile/auto_captain_settlements.tsx","APP_CAPTAIN","operation:captain_settlements","packages/surfaces/src/dsh/app-captain/mobile/auto_captain_settlements.tsx","observed"
"dsh-census-0076","dsh","surface_screen_auto","auto_captain_wallet.tsx","packages::surfaces::src::dsh::app-captain::mobile::auto_captain_wallet","packages/surfaces/src/dsh/app-captain/mobile/auto_captain_wallet.tsx","APP_CAPTAIN","operation:captain_wallet","packages/surfaces/src/dsh/app-captain/mobile/auto_captain_wallet.tsx","observed"
"dsh-census-0077","dsh","surface_screen_auto","auto_dsh_captain_chat_read_ack.tsx","packages::surfaces::src::dsh::app-captain::mobile::auto_dsh_captain_chat_read_ack","packages/surfaces/src/dsh/app-captain/mobile/auto_dsh_captain_chat_read_ack.tsx","APP_CAPTAIN","operation:dsh_captain_chat_read_ack","packages/surfaces/src/dsh/app-captain/mobile/auto_dsh_captain_chat_read_ack.tsx","observed"
"dsh-census-0078","dsh","surface_screen_auto","auto_dsh_captain_chat_send.tsx","packages::surfaces::src::dsh::app-captain::mobile::auto_dsh_captain_chat_send","packages/surfaces/src/dsh/app-captain/mobile/auto_dsh_captain_chat_send.tsx","APP_CAPTAIN","operation:dsh_captain_chat_send","packages/surfaces/src/dsh/app-captain/mobile/auto_dsh_captain_chat_send.tsx","observed"
"dsh-census-0079","dsh","surface_screen_auto","auto_dsh_captain_cod_balance.tsx","packages::surfaces::src::dsh::app-captain::mobile::auto_dsh_captain_cod_balance","packages/surfaces/src/dsh/app-captain/mobile/auto_dsh_captain_cod_balance.tsx","APP_CAPTAIN","operation:dsh_captain_cod_balance","packages/surfaces/src/dsh/app-captain/mobile/auto_dsh_captain_cod_balance.tsx","observed"
"dsh-census-0080","dsh","surface_screen_auto","auto_dsh_captain_job_reject.tsx","packages::surfaces::src::dsh::app-captain::mobile::auto_dsh_captain_job_reject","packages/surfaces/src/dsh/app-captain/mobile/auto_dsh_captain_job_reject.tsx","APP_CAPTAIN","operation:dsh_captain_job_reject","packages/surfaces/src/dsh/app-captain/mobile/auto_dsh_captain_job_reject.tsx","observed"
"dsh-census-0081","dsh","surface_screen_auto","auto_dsh_captain_order_accept.tsx","packages::surfaces::src::dsh::app-captain::mobile::auto_dsh_captain_order_accept","packages/surfaces/src/dsh/app-captain/mobile/auto_dsh_captain_order_accept.tsx","APP_CAPTAIN","operation:dsh_captain_order_accept","packages/surfaces/src/dsh/app-captain/mobile/auto_dsh_captain_order_accept.tsx","observed"
"dsh-census-0082","dsh","surface_screen_auto","auto_dsh_captain_order_deliver.tsx","packages::surfaces::src::dsh::app-captain::mobile::auto_dsh_captain_order_deliver","packages/surfaces/src/dsh/app-captain/mobile/auto_dsh_captain_order_deliver.tsx","APP_CAPTAIN","operation:dsh_captain_order_deliver","packages/surfaces/src/dsh/app-captain/mobile/auto_dsh_captain_order_deliver.tsx","observed"
"dsh-census-0083","dsh","surface_screen_auto","auto_dsh_captain_order_details.tsx","packages::surfaces::src::dsh::app-captain::mobile::auto_dsh_captain_order_details","packages/surfaces/src/dsh/app-captain/mobile/auto_dsh_captain_order_details.tsx","APP_CAPTAIN","operation:dsh_captain_order_details","packages/surfaces/src/dsh/app-captain/mobile/auto_dsh_captain_order_details.tsx","observed"
"dsh-census-0084","dsh","surface_screen_auto","auto_dsh_captain_order_get.tsx","packages::surfaces::src::dsh::app-captain::mobile::auto_dsh_captain_order_get","packages/surfaces/src/dsh/app-captain/mobile/auto_dsh_captain_order_get.tsx","APP_CAPTAIN","operation:dsh_captain_order_get","packages/surfaces/src/dsh/app-captain/mobile/auto_dsh_captain_order_get.tsx","observed"
"dsh-census-0085","dsh","surface_screen_auto","auto_dsh_captain_order_pickup.tsx","packages::surfaces::src::dsh::app-captain::mobile::auto_dsh_captain_order_pickup","packages/surfaces/src/dsh/app-captain/mobile/auto_dsh_captain_order_pickup.tsx","APP_CAPTAIN","operation:dsh_captain_order_pickup","packages/surfaces/src/dsh/app-captain/mobile/auto_dsh_captain_order_pickup.tsx","observed"
"dsh-census-0086","dsh","surface_screen_auto","auto_dsh_captain_orders_list.tsx","packages::surfaces::src::dsh::app-captain::mobile::auto_dsh_captain_orders_list","packages/surfaces/src/dsh/app-captain/mobile/auto_dsh_captain_orders_list.tsx","APP_CAPTAIN","operation:dsh_captain_orders_list","packages/surfaces/src/dsh/app-captain/mobile/auto_dsh_captain_orders_list.tsx","observed"
"dsh-census-0087","dsh","surface_screen_auto","auto_dsh_captain_orders_offers_list.tsx","packages::surfaces::src::dsh::app-captain::mobile::auto_dsh_captain_orders_offers_list","packages/surfaces/src/dsh/app-captain/mobile/auto_dsh_captain_orders_offers_list.tsx","APP_CAPTAIN","operation:dsh_captain_orders_offers_list","packages/surfaces/src/dsh/app-captain/mobile/auto_dsh_captain_orders_offers_list.tsx","observed"
"dsh-census-0088","dsh","surface_screen_auto","auto_dsh_captain_profile_get.tsx","packages::surfaces::src::dsh::app-captain::mobile::auto_dsh_captain_profile_get","packages/surfaces/src/dsh/app-captain/mobile/auto_dsh_captain_profile_get.tsx","APP_CAPTAIN","operation:dsh_captain_profile_get","packages/surfaces/src/dsh/app-captain/mobile/auto_dsh_captain_profile_get.tsx","observed"
"dsh-census-0089","dsh","surface_screen_auto","auto_dsh_captain_proof_upload.tsx","packages::surfaces::src::dsh::app-captain::mobile::auto_dsh_captain_proof_upload","packages/surfaces/src/dsh/app-captain/mobile/auto_dsh_captain_proof_upload.tsx","APP_CAPTAIN","operation:dsh_captain_proof_upload","packages/surfaces/src/dsh/app-captain/mobile/auto_dsh_captain_proof_upload.tsx","observed"
"dsh-census-0090","dsh","surface_screen_auto","auto_dsh_captain_tier_evaluate.tsx","packages::surfaces::src::dsh::app-captain::mobile::auto_dsh_captain_tier_evaluate","packages/surfaces/src/dsh/app-captain/mobile/auto_dsh_captain_tier_evaluate.tsx","APP_CAPTAIN","operation:dsh_captain_tier_evaluate","packages/surfaces/src/dsh/app-captain/mobile/auto_dsh_captain_tier_evaluate.tsx","observed"
"dsh-census-0091","dsh","surface_screen_auto","auto_dsh_captain_tier_info.tsx","packages::surfaces::src::dsh::app-captain::mobile::auto_dsh_captain_tier_info","packages/surfaces/src/dsh/app-captain/mobile/auto_dsh_captain_tier_info.tsx","APP_CAPTAIN","operation:dsh_captain_tier_info","packages/surfaces/src/dsh/app-captain/mobile/auto_dsh_captain_tier_info.tsx","observed"
"dsh-census-0092","dsh","surface_shared_file","index.ts","packages::surfaces::src::dsh::app-captain::mobile::index","packages/surfaces/src/dsh/app-captain/mobile/index.ts","APP_CAPTAIN","","packages/surfaces/src/dsh/app-captain/mobile/index.ts","observed"
"dsh-census-0093","dsh","surface_screen_auto","auto_dsh_field_store_activation_request.tsx","packages::surfaces::src::dsh::app-field::mobile::auto_dsh_field_store_activation_request","packages/surfaces/src/dsh/app-field/mobile/auto_dsh_field_store_activation_request.tsx","APP_FIELD","operation:dsh_field_store_activation_request","packages/surfaces/src/dsh/app-field/mobile/auto_dsh_field_store_activation_request.tsx","observed"
"dsh-census-0094","dsh","surface_screen_auto","auto_dsh_field_store_geo_pin.tsx","packages::surfaces::src::dsh::app-field::mobile::auto_dsh_field_store_geo_pin","packages/surfaces/src/dsh/app-field/mobile/auto_dsh_field_store_geo_pin.tsx","APP_FIELD","operation:dsh_field_store_geo_pin","packages/surfaces/src/dsh/app-field/mobile/auto_dsh_field_store_geo_pin.tsx","observed"
"dsh-census-0095","dsh","surface_screen_auto","auto_dsh_field_store_visit_log.tsx","packages::surfaces::src::dsh::app-field::mobile::auto_dsh_field_store_visit_log","packages/surfaces/src/dsh/app-field/mobile/auto_dsh_field_store_visit_log.tsx","APP_FIELD","operation:dsh_field_store_visit_log","packages/surfaces/src/dsh/app-field/mobile/auto_dsh_field_store_visit_log.tsx","observed"
"dsh-census-0096","dsh","surface_shared_file","index.ts","packages::surfaces::src::dsh::app-field::mobile::index","packages/surfaces/src/dsh/app-field/mobile/index.ts","APP_FIELD","","packages/surfaces/src/dsh/app-field/mobile/index.ts","observed"
"dsh-census-0097","dsh","surface_screen_auto","auto_dsh_partner_auction_status_update.tsx","packages::surfaces::src::dsh::app-partner::mobile::auto_dsh_partner_auction_status_update","packages/surfaces/src/dsh/app-partner/mobile/auto_dsh_partner_auction_status_update.tsx","APP_PARTNER","operation:dsh_partner_auction_status_update","packages/surfaces/src/dsh/app-partner/mobile/auto_dsh_partner_auction_status_update.tsx","observed"
"dsh-census-0098","dsh","surface_screen_auto","auto_dsh_partner_audience_insights_get.tsx","packages::surfaces::src::dsh::app-partner::mobile::auto_dsh_partner_audience_insights_get","packages/surfaces/src/dsh/app-partner/mobile/auto_dsh_partner_audience_insights_get.tsx","APP_PARTNER","operation:dsh_partner_audience_insights_get","packages/surfaces/src/dsh/app-partner/mobile/auto_dsh_partner_audience_insights_get.tsx","observed"
"dsh-census-0099","dsh","surface_screen_auto","auto_dsh_partner_chat_read_ack.tsx","packages::surfaces::src::dsh::app-partner::mobile::auto_dsh_partner_chat_read_ack","packages/surfaces/src/dsh/app-partner/mobile/auto_dsh_partner_chat_read_ack.tsx","APP_PARTNER","operation:dsh_partner_chat_read_ack","packages/surfaces/src/dsh/app-partner/mobile/auto_dsh_partner_chat_read_ack.tsx","observed"
"dsh-census-0100","dsh","surface_screen_auto","auto_dsh_partner_chat_send.tsx","packages::surfaces::src::dsh::app-partner::mobile::auto_dsh_partner_chat_send","packages/surfaces/src/dsh/app-partner/mobile/auto_dsh_partner_chat_send.tsx","APP_PARTNER","operation:dsh_partner_chat_send","packages/surfaces/src/dsh/app-partner/mobile/auto_dsh_partner_chat_send.tsx","observed"
"dsh-census-0101","dsh","surface_screen_auto","auto_dsh_partner_commission_by_mode_get.tsx","packages::surfaces::src::dsh::app-partner::mobile::auto_dsh_partner_commission_by_mode_get","packages/surfaces/src/dsh/app-partner/mobile/auto_dsh_partner_commission_by_mode_get.tsx","APP_PARTNER","operation:dsh_partner_commission_by_mode_get","packages/surfaces/src/dsh/app-partner/mobile/auto_dsh_partner_commission_by_mode_get.tsx","observed"
"dsh-census-0102","dsh","surface_screen_auto","auto_dsh_partner_delivery_ops_board.tsx","packages::surfaces::src::dsh::app-partner::mobile::auto_dsh_partner_delivery_ops_board","packages/surfaces/src/dsh/app-partner/mobile/auto_dsh_partner_delivery_ops_board.tsx","APP_PARTNER","operation:dsh_partner_delivery_ops_board","packages/surfaces/src/dsh/app-partner/mobile/auto_dsh_partner_delivery_ops_board.tsx","observed"
"dsh-census-0103","dsh","surface_screen_auto","auto_dsh_partner_delivery_zones_update.tsx","packages::surfaces::src::dsh::app-partner::mobile::auto_dsh_partner_delivery_zones_update","packages/surfaces/src/dsh/app-partner/mobile/auto_dsh_partner_delivery_zones_update.tsx","APP_PARTNER","operation:dsh_partner_delivery_zones_update","packages/surfaces/src/dsh/app-partner/mobile/auto_dsh_partner_delivery_zones_update.tsx","observed"
"dsh-census-0104","dsh","surface_screen_auto","auto_dsh_partner_doc_upload.tsx","packages::surfaces::src::dsh::app-partner::mobile::auto_dsh_partner_doc_upload","packages/surfaces/src/dsh/app-partner/mobile/auto_dsh_partner_doc_upload.tsx","APP_PARTNER","operation:dsh_partner_doc_upload","packages/surfaces/src/dsh/app-partner/mobile/auto_dsh_partner_doc_upload.tsx","observed"
"dsh-census-0105","dsh","surface_screen_auto","auto_dsh_partner_hours_update.tsx","packages::surfaces::src::dsh::app-partner::mobile::auto_dsh_partner_hours_update","packages/surfaces/src/dsh/app-partner/mobile/auto_dsh_partner_hours_update.tsx","APP_PARTNER","operation:dsh_partner_hours_update","packages/surfaces/src/dsh/app-partner/mobile/auto_dsh_partner_hours_update.tsx","observed"
"dsh-census-0106","dsh","surface_screen_auto","auto_dsh_partner_identity_submit.tsx","packages::surfaces::src::dsh::app-partner::mobile::auto_dsh_partner_identity_submit","packages/surfaces/src/dsh/app-partner/mobile/auto_dsh_partner_identity_submit.tsx","APP_PARTNER","operation:dsh_partner_identity_submit","packages/surfaces/src/dsh/app-partner/mobile/auto_dsh_partner_identity_submit.tsx","observed"
"dsh-census-0107","dsh","surface_screen_auto","auto_dsh_partner_intake_start.tsx","packages::surfaces::src::dsh::app-partner::mobile::auto_dsh_partner_intake_start","packages/surfaces/src/dsh/app-partner/mobile/auto_dsh_partner_intake_start.tsx","APP_PARTNER","operation:dsh_partner_intake_start","packages/surfaces/src/dsh/app-partner/mobile/auto_dsh_partner_intake_start.tsx","observed"
"dsh-census-0108","dsh","surface_screen_auto","auto_dsh_partner_inventory_adjust.tsx","packages::surfaces::src::dsh::app-partner::mobile::auto_dsh_partner_inventory_adjust","packages/surfaces/src/dsh/app-partner/mobile/auto_dsh_partner_inventory_adjust.tsx","APP_PARTNER","operation:dsh_partner_inventory_adjust","packages/surfaces/src/dsh/app-partner/mobile/auto_dsh_partner_inventory_adjust.tsx","observed"
"dsh-census-0109","dsh","surface_screen_auto","auto_dsh_partner_inventory_update.tsx","packages::surfaces::src::dsh::app-partner::mobile::auto_dsh_partner_inventory_update","packages/surfaces/src/dsh/app-partner/mobile/auto_dsh_partner_inventory_update.tsx","APP_PARTNER","operation:dsh_partner_inventory_update","packages/surfaces/src/dsh/app-partner/mobile/auto_dsh_partner_inventory_update.tsx","observed"
"dsh-census-0110","dsh","surface_screen_auto","auto_dsh_partner_items_upsert.tsx","packages::surfaces::src::dsh::app-partner::mobile::auto_dsh_partner_items_upsert","packages/surfaces/src/dsh/app-partner/mobile/auto_dsh_partner_items_upsert.tsx","APP_PARTNER","operation:dsh_partner_items_upsert","packages/surfaces/src/dsh/app-partner/mobile/auto_dsh_partner_items_upsert.tsx","observed"
"dsh-census-0111","dsh","surface_screen_auto","auto_dsh_partner_listing_status_update.tsx","packages::surfaces::src::dsh::app-partner::mobile::auto_dsh_partner_listing_status_update","packages/surfaces/src/dsh/app-partner/mobile/auto_dsh_partner_listing_status_update.tsx","APP_PARTNER","operation:dsh_partner_listing_status_update","packages/surfaces/src/dsh/app-partner/mobile/auto_dsh_partner_listing_status_update.tsx","observed"
"dsh-census-0112","dsh","surface_screen_auto","auto_dsh_partner_manager_invite.tsx","packages::surfaces::src::dsh::app-partner::mobile::auto_dsh_partner_manager_invite","packages/surfaces/src/dsh/app-partner/mobile/auto_dsh_partner_manager_invite.tsx","APP_PARTNER","operation:dsh_partner_manager_invite","packages/surfaces/src/dsh/app-partner/mobile/auto_dsh_partner_manager_invite.tsx","observed"
"dsh-census-0113","dsh","surface_screen_auto","auto_dsh_partner_order_accept.tsx","packages::surfaces::src::dsh::app-partner::mobile::auto_dsh_partner_order_accept","packages/surfaces/src/dsh/app-partner/mobile/auto_dsh_partner_order_accept.tsx","APP_PARTNER","operation:dsh_partner_order_accept","packages/surfaces/src/dsh/app-partner/mobile/auto_dsh_partner_order_accept.tsx","observed"
"dsh-census-0114","dsh","surface_screen_auto","auto_dsh_partner_order_get.tsx","packages::surfaces::src::dsh::app-partner::mobile::auto_dsh_partner_order_get","packages/surfaces/src/dsh/app-partner/mobile/auto_dsh_partner_order_get.tsx","APP_PARTNER","operation:dsh_partner_order_get","packages/surfaces/src/dsh/app-partner/mobile/auto_dsh_partner_order_get.tsx","observed"
"dsh-census-0115","dsh","surface_screen_auto","auto_dsh_partner_order_handoff.tsx","packages::surfaces::src::dsh::app-partner::mobile::auto_dsh_partner_order_handoff","packages/surfaces/src/dsh/app-partner/mobile/auto_dsh_partner_order_handoff.tsx","APP_PARTNER","operation:dsh_partner_order_handoff","packages/surfaces/src/dsh/app-partner/mobile/auto_dsh_partner_order_handoff.tsx","observed"
"dsh-census-0116","dsh","surface_screen_auto","auto_dsh_partner_order_issue_queue.tsx","packages::surfaces::src::dsh::app-partner::mobile::auto_dsh_partner_order_issue_queue","packages/surfaces/src/dsh/app-partner/mobile/auto_dsh_partner_order_issue_queue.tsx","APP_PARTNER","operation:dsh_partner_order_issue_queue","packages/surfaces/src/dsh/app-partner/mobile/auto_dsh_partner_order_issue_queue.tsx","observed"
"dsh-census-0117","dsh","surface_screen_auto","auto_dsh_partner_order_out_for_delivery.tsx","packages::surfaces::src::dsh::app-partner::mobile::auto_dsh_partner_order_out_for_delivery","packages/surfaces/src/dsh/app-partner/mobile/auto_dsh_partner_order_out_for_delivery.tsx","APP_PARTNER","operation:dsh_partner_order_out_for_delivery","packages/surfaces/src/dsh/app-partner/mobile/auto_dsh_partner_order_out_for_delivery.tsx","observed"
"dsh-census-0118","dsh","surface_screen_auto","auto_dsh_partner_order_prepare.tsx","packages::surfaces::src::dsh::app-partner::mobile::auto_dsh_partner_order_prepare","packages/surfaces/src/dsh/app-partner/mobile/auto_dsh_partner_order_prepare.tsx","APP_PARTNER","operation:dsh_partner_order_prepare","packages/surfaces/src/dsh/app-partner/mobile/auto_dsh_partner_order_prepare.tsx","observed"
"dsh-census-0119","dsh","surface_screen_auto","auto_dsh_partner_order_ready.tsx","packages::surfaces::src::dsh::app-partner::mobile::auto_dsh_partner_order_ready","packages/surfaces/src/dsh/app-partner/mobile/auto_dsh_partner_order_ready.tsx","APP_PARTNER","operation:dsh_partner_order_ready","packages/surfaces/src/dsh/app-partner/mobile/auto_dsh_partner_order_ready.tsx","observed"
"dsh-census-0120","dsh","surface_screen_auto","auto_dsh_partner_order_reject.tsx","packages::surfaces::src::dsh::app-partner::mobile::auto_dsh_partner_order_reject","packages/surfaces/src/dsh/app-partner/mobile/auto_dsh_partner_order_reject.tsx","APP_PARTNER","operation:dsh_partner_order_reject","packages/surfaces/src/dsh/app-partner/mobile/auto_dsh_partner_order_reject.tsx","observed"
"dsh-census-0121","dsh","surface_screen_auto","auto_dsh_partner_order_store_delivered.tsx","packages::surfaces::src::dsh::app-partner::mobile::auto_dsh_partner_order_store_delivered","packages/surfaces/src/dsh/app-partner/mobile/auto_dsh_partner_order_store_delivered.tsx","APP_PARTNER","operation:dsh_partner_order_store_delivered","packages/surfaces/src/dsh/app-partner/mobile/auto_dsh_partner_order_store_delivered.tsx","observed"
"dsh-census-0122","dsh","surface_screen_auto","auto_dsh_partner_orders_list.tsx","packages::surfaces::src::dsh::app-partner::mobile::auto_dsh_partner_orders_list","packages/surfaces/src/dsh/app-partner/mobile/auto_dsh_partner_orders_list.tsx","APP_PARTNER","operation:dsh_partner_orders_list","packages/surfaces/src/dsh/app-partner/mobile/auto_dsh_partner_orders_list.tsx","observed"
"dsh-census-0123","dsh","surface_screen_auto","auto_dsh_partner_profile_get.tsx","packages::surfaces::src::dsh::app-partner::mobile::auto_dsh_partner_profile_get","packages/surfaces/src/dsh/app-partner/mobile/auto_dsh_partner_profile_get.tsx","APP_PARTNER","operation:dsh_partner_profile_get","packages/surfaces/src/dsh/app-partner/mobile/auto_dsh_partner_profile_get.tsx","observed"
"dsh-census-0124","dsh","surface_screen_auto","auto_dsh_partner_quick_reply_config_get.tsx","packages::surfaces::src::dsh::app-partner::mobile::auto_dsh_partner_quick_reply_config_get","packages/surfaces/src/dsh/app-partner/mobile/auto_dsh_partner_quick_reply_config_get.tsx","APP_PARTNER","operation:dsh_partner_quick_reply_config_get","packages/surfaces/src/dsh/app-partner/mobile/auto_dsh_partner_quick_reply_config_get.tsx","observed"
"dsh-census-0125","dsh","surface_screen_auto","auto_dsh_partner_quick_reply_settings.tsx","packages::surfaces::src::dsh::app-partner::mobile::auto_dsh_partner_quick_reply_settings","packages/surfaces/src/dsh/app-partner/mobile/auto_dsh_partner_quick_reply_settings.tsx","APP_PARTNER","operation:dsh_partner_quick_reply_settings","packages/surfaces/src/dsh/app-partner/mobile/auto_dsh_partner_quick_reply_settings.tsx","observed"
"dsh-census-0126","dsh","surface_screen_auto","auto_dsh_partner_quick_reply_setup.tsx","packages::surfaces::src::dsh::app-partner::mobile::auto_dsh_partner_quick_reply_setup","packages/surfaces/src/dsh/app-partner/mobile/auto_dsh_partner_quick_reply_setup.tsx","APP_PARTNER","operation:dsh_partner_quick_reply_setup","packages/surfaces/src/dsh/app-partner/mobile/auto_dsh_partner_quick_reply_setup.tsx","observed"
"dsh-census-0127","dsh","surface_screen_auto","auto_dsh_partner_staff_analytics_get.tsx","packages::surfaces::src::dsh::app-partner::mobile::auto_dsh_partner_staff_analytics_get","packages/surfaces/src/dsh/app-partner/mobile/auto_dsh_partner_staff_analytics_get.tsx","APP_PARTNER","operation:dsh_partner_staff_analytics_get","packages/surfaces/src/dsh/app-partner/mobile/auto_dsh_partner_staff_analytics_get.tsx","observed"
"dsh-census-0128","dsh","surface_screen_auto","auto_dsh_partner_store_get.tsx","packages::surfaces::src::dsh::app-partner::mobile::auto_dsh_partner_store_get","packages/surfaces/src/dsh/app-partner/mobile/auto_dsh_partner_store_get.tsx","APP_PARTNER","operation:dsh_partner_store_get","packages/surfaces/src/dsh/app-partner/mobile/auto_dsh_partner_store_get.tsx","observed"
"dsh-census-0129","dsh","surface_screen_auto","auto_dsh_partner_store_nomination.tsx","packages::surfaces::src::dsh::app-partner::mobile::auto_dsh_partner_store_nomination","packages/surfaces/src/dsh/app-partner/mobile/auto_dsh_partner_store_nomination.tsx","APP_PARTNER","operation:dsh_partner_store_nomination","packages/surfaces/src/dsh/app-partner/mobile/auto_dsh_partner_store_nomination.tsx","observed"
"dsh-census-0130","dsh","surface_screen_auto","auto_dsh_partner_store_service_modes_update.tsx","packages::surfaces::src::dsh::app-partner::mobile::auto_dsh_partner_store_service_modes_update","packages/surfaces/src/dsh/app-partner/mobile/auto_dsh_partner_store_service_modes_update.tsx","APP_PARTNER","operation:dsh_partner_store_service_modes_update","packages/surfaces/src/dsh/app-partner/mobile/auto_dsh_partner_store_service_modes_update.tsx","observed"
"dsh-census-0131","dsh","surface_screen_auto","auto_dsh_partner_store_status_update.tsx","packages::surfaces::src::dsh::app-partner::mobile::auto_dsh_partner_store_status_update","packages/surfaces/src/dsh/app-partner/mobile/auto_dsh_partner_store_status_update.tsx","APP_PARTNER","operation:dsh_partner_store_status_update","packages/surfaces/src/dsh/app-partner/mobile/auto_dsh_partner_store_status_update.tsx","observed"
"dsh-census-0132","dsh","surface_screen_auto","auto_dsh_partner_store_update.tsx","packages::surfaces::src::dsh::app-partner::mobile::auto_dsh_partner_store_update","packages/surfaces/src/dsh/app-partner/mobile/auto_dsh_partner_store_update.tsx","APP_PARTNER","operation:dsh_partner_store_update","packages/surfaces/src/dsh/app-partner/mobile/auto_dsh_partner_store_update.tsx","observed"
"dsh-census-0133","dsh","surface_screen_auto","auto_dsh_partner_subscription.tsx","packages::surfaces::src::dsh::app-partner::mobile::auto_dsh_partner_subscription","packages/surfaces/src/dsh/app-partner/mobile/auto_dsh_partner_subscription.tsx","APP_PARTNER","operation:dsh_partner_subscription","packages/surfaces/src/dsh/app-partner/mobile/auto_dsh_partner_subscription.tsx","observed"
"dsh-census-0134","dsh","surface_screen_auto","auto_dsh_partner_zone_set.tsx","packages::surfaces::src::dsh::app-partner::mobile::auto_dsh_partner_zone_set","packages/surfaces/src/dsh/app-partner/mobile/auto_dsh_partner_zone_set.tsx","APP_PARTNER","operation:dsh_partner_zone_set","packages/surfaces/src/dsh/app-partner/mobile/auto_dsh_partner_zone_set.tsx","observed"
"dsh-census-0135","dsh","surface_shared_file","index.ts","packages::surfaces::src::dsh::app-partner::mobile::index","packages/surfaces/src/dsh/app-partner/mobile/index.ts","APP_PARTNER","","packages/surfaces/src/dsh/app-partner/mobile/index.ts","observed"
"dsh-census-0136","dsh","surface_doc","README.md","packages::surfaces::src::dsh::app-user::mobile::assets::banners::README","packages/surfaces/src/dsh/app-user/mobile/assets/banners/README.md","APP_USER","","packages/surfaces/src/dsh/app-user/mobile/assets/banners/README.md","observed"
"dsh-census-0137","dsh","surface_doc","README.md","packages::surfaces::src::dsh::app-user::mobile::assets::categories::README","packages/surfaces/src/dsh/app-user/mobile/assets/categories/README.md","APP_USER","","packages/surfaces/src/dsh/app-user/mobile/assets/categories/README.md","observed"
"dsh-census-0138","dsh","surface_screen_auto","auto_dsh_awnak_order_create.tsx","packages::surfaces::src::dsh::app-user::mobile::auto_dsh_awnak_order_create","packages/surfaces/src/dsh/app-user/mobile/auto_dsh_awnak_order_create.tsx","APP_USER","operation:dsh_awnak_order_create","packages/surfaces/src/dsh/app-user/mobile/auto_dsh_awnak_order_create.tsx","observed"
"dsh-census-0139","dsh","surface_screen_auto","auto_dsh_booking_create.tsx","packages::surfaces::src::dsh::app-user::mobile::auto_dsh_booking_create","packages/surfaces/src/dsh/app-user/mobile/auto_dsh_booking_create.tsx","APP_USER","operation:dsh_booking_create","packages/surfaces/src/dsh/app-user/mobile/auto_dsh_booking_create.tsx","observed"
"dsh-census-0140","dsh","surface_screen_auto","auto_dsh_cart_get.tsx","packages::surfaces::src::dsh::app-user::mobile::auto_dsh_cart_get","packages/surfaces/src/dsh/app-user/mobile/auto_dsh_cart_get.tsx","APP_USER","operation:dsh_cart_get","packages/surfaces/src/dsh/app-user/mobile/auto_dsh_cart_get.tsx","observed"
"dsh-census-0141","dsh","surface_screen_auto","auto_dsh_cart_init.tsx","packages::surfaces::src::dsh::app-user::mobile::auto_dsh_cart_init","packages/surfaces/src/dsh/app-user/mobile/auto_dsh_cart_init.tsx","APP_USER","operation:dsh_cart_init","packages/surfaces/src/dsh/app-user/mobile/auto_dsh_cart_init.tsx","observed"
"dsh-census-0142","dsh","surface_screen_auto","auto_dsh_cart_item_add.tsx","packages::surfaces::src::dsh::app-user::mobile::auto_dsh_cart_item_add","packages/surfaces/src/dsh/app-user/mobile/auto_dsh_cart_item_add.tsx","APP_USER","operation:dsh_cart_item_add","packages/surfaces/src/dsh/app-user/mobile/auto_dsh_cart_item_add.tsx","observed"
"dsh-census-0143","dsh","surface_screen_auto","auto_dsh_cart_item_remove.tsx","packages::surfaces::src::dsh::app-user::mobile::auto_dsh_cart_item_remove","packages/surfaces/src/dsh/app-user/mobile/auto_dsh_cart_item_remove.tsx","APP_USER","operation:dsh_cart_item_remove","packages/surfaces/src/dsh/app-user/mobile/auto_dsh_cart_item_remove.tsx","observed"
"dsh-census-0144","dsh","surface_screen_auto","auto_dsh_cart_item_update.tsx","packages::surfaces::src::dsh::app-user::mobile::auto_dsh_cart_item_update","packages/surfaces/src/dsh/app-user/mobile/auto_dsh_cart_item_update.tsx","APP_USER","operation:dsh_cart_item_update","packages/surfaces/src/dsh/app-user/mobile/auto_dsh_cart_item_update.tsx","observed"
"dsh-census-0145","dsh","surface_screen_auto","auto_dsh_categories_list.tsx","packages::surfaces::src::dsh::app-user::mobile::auto_dsh_categories_list","packages/surfaces/src/dsh/app-user/mobile/auto_dsh_categories_list.tsx","APP_USER","operation:dsh_categories_list","packages/surfaces/src/dsh/app-user/mobile/auto_dsh_categories_list.tsx","observed"
"dsh-census-0146","dsh","surface_screen_auto","auto_dsh_category_get.tsx","packages::surfaces::src::dsh::app-user::mobile::auto_dsh_category_get","packages/surfaces/src/dsh/app-user/mobile/auto_dsh_category_get.tsx","APP_USER","operation:dsh_category_get","packages/surfaces/src/dsh/app-user/mobile/auto_dsh_category_get.tsx","observed"
"dsh-census-0147","dsh","surface_screen_auto","auto_dsh_chat_read_ack.tsx","packages::surfaces::src::dsh::app-user::mobile::auto_dsh_chat_read_ack","packages/surfaces/src/dsh/app-user/mobile/auto_dsh_chat_read_ack.tsx","APP_USER","operation:dsh_chat_read_ack","packages/surfaces/src/dsh/app-user/mobile/auto_dsh_chat_read_ack.tsx","observed"
"dsh-census-0148","dsh","surface_screen_auto","auto_dsh_chat_send.tsx","packages::surfaces::src::dsh::app-user::mobile::auto_dsh_chat_send","packages/surfaces/src/dsh/app-user/mobile/auto_dsh_chat_send.tsx","APP_USER","operation:dsh_chat_send","packages/surfaces/src/dsh/app-user/mobile/auto_dsh_chat_send.tsx","observed"
"dsh-census-0149","dsh","surface_screen_auto","auto_dsh_checkout_gate.tsx","packages::surfaces::src::dsh::app-user::mobile::auto_dsh_checkout_gate","packages/surfaces/src/dsh/app-user/mobile/auto_dsh_checkout_gate.tsx","APP_USER","operation:dsh_checkout_gate","packages/surfaces/src/dsh/app-user/mobile/auto_dsh_checkout_gate.tsx","observed"
"dsh-census-0150","dsh","surface_screen_auto","auto_dsh_delivery_attempt_create.tsx","packages::surfaces::src::dsh::app-user::mobile::auto_dsh_delivery_attempt_create","packages/surfaces/src/dsh/app-user/mobile/auto_dsh_delivery_attempt_create.tsx","APP_USER","operation:dsh_delivery_attempt_create","packages/surfaces/src/dsh/app-user/mobile/auto_dsh_delivery_attempt_create.tsx","observed"
"dsh-census-0151","dsh","surface_screen_auto","auto_dsh_delivery_attempts_list.tsx","packages::surfaces::src::dsh::app-user::mobile::auto_dsh_delivery_attempts_list","packages/surfaces/src/dsh/app-user/mobile/auto_dsh_delivery_attempts_list.tsx","APP_USER","operation:dsh_delivery_attempts_list","packages/surfaces/src/dsh/app-user/mobile/auto_dsh_delivery_attempts_list.tsx","observed"
"dsh-census-0152","dsh","surface_screen_auto","auto_dsh_delivery_close.tsx","packages::surfaces::src::dsh::app-user::mobile::auto_dsh_delivery_close","packages/surfaces/src/dsh/app-user/mobile/auto_dsh_delivery_close.tsx","APP_USER","operation:dsh_delivery_close","packages/surfaces/src/dsh/app-user/mobile/auto_dsh_delivery_close.tsx","observed"
"dsh-census-0153","dsh","surface_screen_auto","auto_dsh_delivery_eta_get.tsx","packages::surfaces::src::dsh::app-user::mobile::auto_dsh_delivery_eta_get","packages/surfaces/src/dsh/app-user/mobile/auto_dsh_delivery_eta_get.tsx","APP_USER","operation:dsh_delivery_eta_get","packages/surfaces/src/dsh/app-user/mobile/auto_dsh_delivery_eta_get.tsx","observed"
"dsh-census-0154","dsh","surface_screen_auto","auto_dsh_delivery_get.tsx","packages::surfaces::src::dsh::app-user::mobile::auto_dsh_delivery_get","packages/surfaces/src/dsh/app-user/mobile/auto_dsh_delivery_get.tsx","APP_USER","operation:dsh_delivery_get","packages/surfaces/src/dsh/app-user/mobile/auto_dsh_delivery_get.tsx","observed"
"dsh-census-0155","dsh","surface_screen_auto","auto_dsh_delivery_reassign.tsx","packages::surfaces::src::dsh::app-user::mobile::auto_dsh_delivery_reassign","packages/surfaces/src/dsh/app-user/mobile/auto_dsh_delivery_reassign.tsx","APP_USER","operation:dsh_delivery_reassign","packages/surfaces/src/dsh/app-user/mobile/auto_dsh_delivery_reassign.tsx","observed"
"dsh-census-0156","dsh","surface_screen_auto","auto_dsh_delivery_track_get.tsx","packages::surfaces::src::dsh::app-user::mobile::auto_dsh_delivery_track_get","packages/surfaces/src/dsh/app-user/mobile/auto_dsh_delivery_track_get.tsx","APP_USER","operation:dsh_delivery_track_get","packages/surfaces/src/dsh/app-user/mobile/auto_dsh_delivery_track_get.tsx","observed"
"dsh-census-0157","dsh","surface_screen_auto","auto_dsh_entitlements_get.tsx","packages::surfaces::src::dsh::app-user::mobile::auto_dsh_entitlements_get","packages/surfaces/src/dsh/app-user/mobile/auto_dsh_entitlements_get.tsx","APP_USER","operation:dsh_entitlements_get","packages/surfaces/src/dsh/app-user/mobile/auto_dsh_entitlements_get.tsx","observed"
"dsh-census-0158","dsh","surface_screen_auto","auto_dsh_estimate_create.tsx","packages::surfaces::src::dsh::app-user::mobile::auto_dsh_estimate_create","packages/surfaces/src/dsh/app-user/mobile/auto_dsh_estimate_create.tsx","APP_USER","operation:dsh_estimate_create","packages/surfaces/src/dsh/app-user/mobile/auto_dsh_estimate_create.tsx","observed"
"dsh-census-0159","dsh","surface_screen_auto","auto_dsh_estimate_get.tsx","packages::surfaces::src::dsh::app-user::mobile::auto_dsh_estimate_get","packages/surfaces/src/dsh/app-user/mobile/auto_dsh_estimate_get.tsx","APP_USER","operation:dsh_estimate_get","packages/surfaces/src/dsh/app-user/mobile/auto_dsh_estimate_get.tsx","observed"
"dsh-census-0160","dsh","surface_screen_auto","auto_dsh_external_order_create.tsx","packages::surfaces::src::dsh::app-user::mobile::auto_dsh_external_order_create","packages/surfaces/src/dsh/app-user/mobile/auto_dsh_external_order_create.tsx","APP_USER","operation:dsh_external_order_create","packages/surfaces/src/dsh/app-user/mobile/auto_dsh_external_order_create.tsx","observed"
"dsh-census-0161","dsh","surface_screen_auto","auto_dsh_favorite_toggle.tsx","packages::surfaces::src::dsh::app-user::mobile::auto_dsh_favorite_toggle","packages/surfaces/src/dsh/app-user/mobile/auto_dsh_favorite_toggle.tsx","APP_USER","operation:dsh_favorite_toggle","packages/surfaces/src/dsh/app-user/mobile/auto_dsh_favorite_toggle.tsx","observed"
"dsh-census-0162","dsh","surface_screen_auto","auto_dsh_favorites_list.tsx","packages::surfaces::src::dsh::app-user::mobile::auto_dsh_favorites_list","packages/surfaces/src/dsh/app-user/mobile/auto_dsh_favorites_list.tsx","APP_USER","operation:dsh_favorites_list","packages/surfaces/src/dsh/app-user/mobile/auto_dsh_favorites_list.tsx","observed"
"dsh-census-0163","dsh","surface_screen_auto","auto_dsh_gas_refill_order_create.tsx","packages::surfaces::src::dsh::app-user::mobile::auto_dsh_gas_refill_order_create","packages/surfaces/src/dsh/app-user/mobile/auto_dsh_gas_refill_order_create.tsx","APP_USER","operation:dsh_gas_refill_order_create","packages/surfaces/src/dsh/app-user/mobile/auto_dsh_gas_refill_order_create.tsx","observed"
"dsh-census-0164","dsh","surface_screen_auto","auto_dsh_home_get.tsx","packages::surfaces::src::dsh::app-user::mobile::auto_dsh_home_get","packages/surfaces/src/dsh/app-user/mobile/auto_dsh_home_get.tsx","APP_USER","operation:dsh_home_get","packages/surfaces/src/dsh/app-user/mobile/auto_dsh_home_get.tsx","observed"
"dsh-census-0165","dsh","surface_screen_auto","auto_dsh_listing_status_update.tsx","packages::surfaces::src::dsh::app-user::mobile::auto_dsh_listing_status_update","packages/surfaces/src/dsh/app-user/mobile/auto_dsh_listing_status_update.tsx","APP_USER","operation:dsh_listing_status_update","packages/surfaces/src/dsh/app-user/mobile/auto_dsh_listing_status_update.tsx","observed"
"dsh-census-0166","dsh","surface_screen_auto","auto_dsh_loyalty_points_redeem.tsx","packages::surfaces::src::dsh::app-user::mobile::auto_dsh_loyalty_points_redeem","packages/surfaces/src/dsh/app-user/mobile/auto_dsh_loyalty_points_redeem.tsx","APP_USER","operation:dsh_loyalty_points_redeem","packages/surfaces/src/dsh/app-user/mobile/auto_dsh_loyalty_points_redeem.tsx","observed"
"dsh-census-0167","dsh","surface_screen_auto","auto_dsh_loyalty_points_user_balance.tsx","packages::surfaces::src::dsh::app-user::mobile::auto_dsh_loyalty_points_user_balance","packages/surfaces/src/dsh/app-user/mobile/auto_dsh_loyalty_points_user_balance.tsx","APP_USER","operation:dsh_loyalty_points_user_balance","packages/surfaces/src/dsh/app-user/mobile/auto_dsh_loyalty_points_user_balance.tsx","observed"
"dsh-census-0168","dsh","surface_screen_auto","auto_dsh_loyalty_points_user_history.tsx","packages::surfaces::src::dsh::app-user::mobile::auto_dsh_loyalty_points_user_history","packages/surfaces/src/dsh/app-user/mobile/auto_dsh_loyalty_points_user_history.tsx","APP_USER","operation:dsh_loyalty_points_user_history","packages/surfaces/src/dsh/app-user/mobile/auto_dsh_loyalty_points_user_history.tsx","observed"
"dsh-census-0169","dsh","surface_screen_auto","auto_dsh_order_accept.tsx","packages::surfaces::src::dsh::app-user::mobile::auto_dsh_order_accept","packages/surfaces/src/dsh/app-user/mobile/auto_dsh_order_accept.tsx","APP_USER","operation:dsh_order_accept","packages/surfaces/src/dsh/app-user/mobile/auto_dsh_order_accept.tsx","observed"
"dsh-census-0170","dsh","surface_screen_auto","auto_dsh_order_cancel.tsx","packages::surfaces::src::dsh::app-user::mobile::auto_dsh_order_cancel","packages/surfaces/src/dsh/app-user/mobile/auto_dsh_order_cancel.tsx","APP_USER","operation:dsh_order_cancel","packages/surfaces/src/dsh/app-user/mobile/auto_dsh_order_cancel.tsx","observed"
"dsh-census-0171","dsh","surface_screen_auto","auto_dsh_order_complete.tsx","packages::surfaces::src::dsh::app-user::mobile::auto_dsh_order_complete","packages/surfaces/src/dsh/app-user/mobile/auto_dsh_order_complete.tsx","APP_USER","operation:dsh_order_complete","packages/surfaces/src/dsh/app-user/mobile/auto_dsh_order_complete.tsx","observed"
"dsh-census-0172","dsh","surface_screen_auto","auto_dsh_order_create.tsx","packages::surfaces::src::dsh::app-user::mobile::auto_dsh_order_create","packages/surfaces/src/dsh/app-user/mobile/auto_dsh_order_create.tsx","APP_USER","operation:dsh_order_create","packages/surfaces/src/dsh/app-user/mobile/auto_dsh_order_create.tsx","observed"
"dsh-census-0173","dsh","surface_screen_auto","auto_dsh_order_escrow_hold.tsx","packages::surfaces::src::dsh::app-user::mobile::auto_dsh_order_escrow_hold","packages/surfaces/src/dsh/app-user/mobile/auto_dsh_order_escrow_hold.tsx","APP_USER","operation:dsh_order_escrow_hold","packages/surfaces/src/dsh/app-user/mobile/auto_dsh_order_escrow_hold.tsx","observed"
"dsh-census-0174","dsh","surface_screen_auto","auto_dsh_order_escrow_release.tsx","packages::surfaces::src::dsh::app-user::mobile::auto_dsh_order_escrow_release","packages/surfaces/src/dsh/app-user/mobile/auto_dsh_order_escrow_release.tsx","APP_USER","operation:dsh_order_escrow_release","packages/surfaces/src/dsh/app-user/mobile/auto_dsh_order_escrow_release.tsx","observed"
"dsh-census-0175","dsh","surface_screen_auto","auto_dsh_order_get.tsx","packages::surfaces::src::dsh::app-user::mobile::auto_dsh_order_get","packages/surfaces/src/dsh/app-user/mobile/auto_dsh_order_get.tsx","APP_USER","operation:dsh_order_get","packages/surfaces/src/dsh/app-user/mobile/auto_dsh_order_get.tsx","observed"
"dsh-census-0176","dsh","surface_screen_auto","auto_dsh_order_issue_flag.tsx","packages::surfaces::src::dsh::app-user::mobile::auto_dsh_order_issue_flag","packages/surfaces/src/dsh/app-user/mobile/auto_dsh_order_issue_flag.tsx","APP_USER","operation:dsh_order_issue_flag","packages/surfaces/src/dsh/app-user/mobile/auto_dsh_order_issue_flag.tsx","observed"
"dsh-census-0177","dsh","surface_screen_auto","auto_dsh_order_proof_code_generate.tsx","packages::surfaces::src::dsh::app-user::mobile::auto_dsh_order_proof_code_generate","packages/surfaces/src/dsh/app-user/mobile/auto_dsh_order_proof_code_generate.tsx","APP_USER","operation:dsh_order_proof_code_generate","packages/surfaces/src/dsh/app-user/mobile/auto_dsh_order_proof_code_generate.tsx","observed"
"dsh-census-0178","dsh","surface_screen_auto","auto_dsh_order_proof_verify.tsx","packages::surfaces::src::dsh::app-user::mobile::auto_dsh_order_proof_verify","packages/surfaces/src/dsh/app-user/mobile/auto_dsh_order_proof_verify.tsx","APP_USER","operation:dsh_order_proof_verify","packages/surfaces/src/dsh/app-user/mobile/auto_dsh_order_proof_verify.tsx","observed"
"dsh-census-0179","dsh","surface_screen_auto","auto_dsh_order_rate.tsx","packages::surfaces::src::dsh::app-user::mobile::auto_dsh_order_rate","packages/surfaces/src/dsh/app-user/mobile/auto_dsh_order_rate.tsx","APP_USER","operation:dsh_order_rate","packages/surfaces/src/dsh/app-user/mobile/auto_dsh_order_rate.tsx","observed"
"dsh-census-0180","dsh","surface_screen_auto","auto_dsh_order_receipt_get.tsx","packages::surfaces::src::dsh::app-user::mobile::auto_dsh_order_receipt_get","packages/surfaces/src/dsh/app-user/mobile/auto_dsh_order_receipt_get.tsx","APP_USER","operation:dsh_order_receipt_get","packages/surfaces/src/dsh/app-user/mobile/auto_dsh_order_receipt_get.tsx","observed"
"dsh-census-0181","dsh","surface_screen_auto","auto_dsh_order_status_get.tsx","packages::surfaces::src::dsh::app-user::mobile::auto_dsh_order_status_get","packages/surfaces/src/dsh/app-user/mobile/auto_dsh_order_status_get.tsx","APP_USER","operation:dsh_order_status_get","packages/surfaces/src/dsh/app-user/mobile/auto_dsh_order_status_get.tsx","observed"
"dsh-census-0182","dsh","surface_screen_auto","auto_dsh_order_status_update.tsx","packages::surfaces::src::dsh::app-user::mobile::auto_dsh_order_status_update","packages/surfaces/src/dsh/app-user/mobile/auto_dsh_order_status_update.tsx","APP_USER","operation:dsh_order_status_update","packages/surfaces/src/dsh/app-user/mobile/auto_dsh_order_status_update.tsx","observed"
"dsh-census-0183","dsh","surface_screen_auto","auto_dsh_orders_list.tsx","packages::surfaces::src::dsh::app-user::mobile::auto_dsh_orders_list","packages/surfaces/src/dsh/app-user/mobile/auto_dsh_orders_list.tsx","APP_USER","operation:dsh_orders_list","packages/surfaces/src/dsh/app-user/mobile/auto_dsh_orders_list.tsx","observed"
"dsh-census-0184","dsh","surface_screen_auto","auto_dsh_pricing_preview.tsx","packages::surfaces::src::dsh::app-user::mobile::auto_dsh_pricing_preview","packages/surfaces/src/dsh/app-user/mobile/auto_dsh_pricing_preview.tsx","APP_USER","operation:dsh_pricing_preview","packages/surfaces/src/dsh/app-user/mobile/auto_dsh_pricing_preview.tsx","observed"
"dsh-census-0185","dsh","surface_screen_auto","auto_dsh_pricing_snapshot_get.tsx","packages::surfaces::src::dsh::app-user::mobile::auto_dsh_pricing_snapshot_get","packages/surfaces/src/dsh/app-user/mobile/auto_dsh_pricing_snapshot_get.tsx","APP_USER","operation:dsh_pricing_snapshot_get","packages/surfaces/src/dsh/app-user/mobile/auto_dsh_pricing_snapshot_get.tsx","observed"
"dsh-census-0186","dsh","surface_screen_auto","auto_dsh_promo_apply.tsx","packages::surfaces::src::dsh::app-user::mobile::auto_dsh_promo_apply","packages/surfaces/src/dsh/app-user/mobile/auto_dsh_promo_apply.tsx","APP_USER","operation:dsh_promo_apply","packages/surfaces/src/dsh/app-user/mobile/auto_dsh_promo_apply.tsx","observed"
"dsh-census-0187","dsh","surface_screen_auto","auto_dsh_proxy_request_approve.tsx","packages::surfaces::src::dsh::app-user::mobile::auto_dsh_proxy_request_approve","packages/surfaces/src/dsh/app-user/mobile/auto_dsh_proxy_request_approve.tsx","APP_USER","operation:dsh_proxy_request_approve","packages/surfaces/src/dsh/app-user/mobile/auto_dsh_proxy_request_approve.tsx","observed"
"dsh-census-0188","dsh","surface_screen_auto","auto_dsh_proxy_request_review.tsx","packages::surfaces::src::dsh::app-user::mobile::auto_dsh_proxy_request_review","packages/surfaces/src/dsh/app-user/mobile/auto_dsh_proxy_request_review.tsx","APP_USER","operation:dsh_proxy_request_review","packages/surfaces/src/dsh/app-user/mobile/auto_dsh_proxy_request_review.tsx","observed"
"dsh-census-0189","dsh","surface_screen_auto","auto_dsh_proxy_request_tracking.tsx","packages::surfaces::src::dsh::app-user::mobile::auto_dsh_proxy_request_tracking","packages/surfaces/src/dsh/app-user/mobile/auto_dsh_proxy_request_tracking.tsx","APP_USER","operation:dsh_proxy_request_tracking","packages/surfaces/src/dsh/app-user/mobile/auto_dsh_proxy_request_tracking.tsx","observed"
"dsh-census-0190","dsh","surface_screen_auto","auto_dsh_review_create.tsx","packages::surfaces::src::dsh::app-user::mobile::auto_dsh_review_create","packages/surfaces/src/dsh/app-user/mobile/auto_dsh_review_create.tsx","APP_USER","operation:dsh_review_create","packages/surfaces/src/dsh/app-user/mobile/auto_dsh_review_create.tsx","observed"
"dsh-census-0191","dsh","surface_screen_auto","auto_dsh_reviews_list.tsx","packages::surfaces::src::dsh::app-user::mobile::auto_dsh_reviews_list","packages/surfaces/src/dsh/app-user/mobile/auto_dsh_reviews_list.tsx","APP_USER","operation:dsh_reviews_list","packages/surfaces/src/dsh/app-user/mobile/auto_dsh_reviews_list.tsx","observed"
"dsh-census-0192","dsh","surface_screen_auto","auto_dsh_search.tsx","packages::surfaces::src::dsh::app-user::mobile::auto_dsh_search","packages/surfaces/src/dsh/app-user/mobile/auto_dsh_search.tsx","APP_USER","operation:dsh_search","packages/surfaces/src/dsh/app-user/mobile/auto_dsh_search.tsx","observed"
"dsh-census-0193","dsh","surface_screen_auto","auto_dsh_service_modes_resolve.tsx","packages::surfaces::src::dsh::app-user::mobile::auto_dsh_service_modes_resolve","packages/surfaces/src/dsh/app-user/mobile/auto_dsh_service_modes_resolve.tsx","APP_USER","operation:dsh_service_modes_resolve","packages/surfaces/src/dsh/app-user/mobile/auto_dsh_service_modes_resolve.tsx","observed"
"dsh-census-0194","dsh","surface_screen_auto","auto_dsh_shein_info.tsx","packages::surfaces::src::dsh::app-user::mobile::auto_dsh_shein_info","packages/surfaces/src/dsh/app-user/mobile/auto_dsh_shein_info.tsx","APP_USER","operation:dsh_shein_info","packages/surfaces/src/dsh/app-user/mobile/auto_dsh_shein_info.tsx","observed"
"dsh-census-0195","dsh","surface_screen_auto","auto_dsh_store_get.tsx","packages::surfaces::src::dsh::app-user::mobile::auto_dsh_store_get","packages/surfaces/src/dsh/app-user/mobile/auto_dsh_store_get.tsx","APP_USER","operation:dsh_store_get","packages/surfaces/src/dsh/app-user/mobile/auto_dsh_store_get.tsx","observed"
"dsh-census-0196","dsh","surface_screen_auto","auto_dsh_store_items_list.tsx","packages::surfaces::src::dsh::app-user::mobile::auto_dsh_store_items_list","packages/surfaces/src/dsh/app-user/mobile/auto_dsh_store_items_list.tsx","APP_USER","operation:dsh_store_items_list","packages/surfaces/src/dsh/app-user/mobile/auto_dsh_store_items_list.tsx","observed"
"dsh-census-0197","dsh","surface_screen_auto","auto_dsh_stores_list.tsx","packages::surfaces::src::dsh::app-user::mobile::auto_dsh_stores_list","packages/surfaces/src/dsh/app-user/mobile/auto_dsh_stores_list.tsx","APP_USER","operation:dsh_stores_list","packages/surfaces/src/dsh/app-user/mobile/auto_dsh_stores_list.tsx","observed"
"dsh-census-0198","dsh","surface_screen_auto","auto_dsh_subscription_family_get.tsx","packages::surfaces::src::dsh::app-user::mobile::auto_dsh_subscription_family_get","packages/surfaces/src/dsh/app-user/mobile/auto_dsh_subscription_family_get.tsx","APP_USER","operation:dsh_subscription_family_get","packages/surfaces/src/dsh/app-user/mobile/auto_dsh_subscription_family_get.tsx","observed"
"dsh-census-0199","dsh","surface_screen_auto","auto_dsh_subscription_family_members_get.tsx","packages::surfaces::src::dsh::app-user::mobile::auto_dsh_subscription_family_members_get","packages/surfaces/src/dsh/app-user/mobile/auto_dsh_subscription_family_members_get.tsx","APP_USER","operation:dsh_subscription_family_members_get","packages/surfaces/src/dsh/app-user/mobile/auto_dsh_subscription_family_members_get.tsx","observed"
"dsh-census-0200","dsh","surface_screen_auto","auto_dsh_subscription_family_members_post.tsx","packages::surfaces::src::dsh::app-user::mobile::auto_dsh_subscription_family_members_post","packages/surfaces/src/dsh/app-user/mobile/auto_dsh_subscription_family_members_post.tsx","APP_USER","operation:dsh_subscription_family_members_post","packages/surfaces/src/dsh/app-user/mobile/auto_dsh_subscription_family_members_post.tsx","observed"
"dsh-census-0201","dsh","surface_screen_auto","auto_dsh_subscription_pro_catalog.tsx","packages::surfaces::src::dsh::app-user::mobile::auto_dsh_subscription_pro_catalog","packages/surfaces/src/dsh/app-user/mobile/auto_dsh_subscription_pro_catalog.tsx","APP_USER","operation:dsh_subscription_pro_catalog","packages/surfaces/src/dsh/app-user/mobile/auto_dsh_subscription_pro_catalog.tsx","observed"
"dsh-census-0202","dsh","surface_screen_auto","auto_dsh_subscription_sync.tsx","packages::surfaces::src::dsh::app-user::mobile::auto_dsh_subscription_sync","packages/surfaces/src/dsh/app-user/mobile/auto_dsh_subscription_sync.tsx","APP_USER","operation:dsh_subscription_sync","packages/surfaces/src/dsh/app-user/mobile/auto_dsh_subscription_sync.tsx","observed"
"dsh-census-0203","dsh","surface_screen_auto","auto_dsh_subscription_tier_get.tsx","packages::surfaces::src::dsh::app-user::mobile::auto_dsh_subscription_tier_get","packages/surfaces/src/dsh/app-user/mobile/auto_dsh_subscription_tier_get.tsx","APP_USER","operation:dsh_subscription_tier_get","packages/surfaces/src/dsh/app-user/mobile/auto_dsh_subscription_tier_get.tsx","observed"
"dsh-census-0204","dsh","surface_screen_auto","auto_dsh_subscription_upgrade_post.tsx","packages::surfaces::src::dsh::app-user::mobile::auto_dsh_subscription_upgrade_post","packages/surfaces/src/dsh/app-user/mobile/auto_dsh_subscription_upgrade_post.tsx","APP_USER","operation:dsh_subscription_upgrade_post","packages/surfaces/src/dsh/app-user/mobile/auto_dsh_subscription_upgrade_post.tsx","observed"
"dsh-census-0205","dsh","surface_screen_auto","auto_dsh_zone_set.tsx","packages::surfaces::src::dsh::app-user::mobile::auto_dsh_zone_set","packages/surfaces/src/dsh/app-user/mobile/auto_dsh_zone_set.tsx","APP_USER","operation:dsh_zone_set","packages/surfaces/src/dsh/app-user/mobile/auto_dsh_zone_set.tsx","observed"
"dsh-census-0206","dsh","surface_runtime_asset","banner-carousel.runtime.json","packages::surfaces::src::dsh::app-user::mobile::banner-carousel.runtime","packages/surfaces/src/dsh/app-user/mobile/banner-carousel.runtime.json","APP_USER","","packages/surfaces/src/dsh/app-user/mobile/banner-carousel.runtime.json","observed"
"dsh-census-0207","dsh","surface_screen_support","CategoryClockDial.tsx","packages::surfaces::src::dsh::app-user::mobile::CategoryClockDial","packages/surfaces/src/dsh/app-user/mobile/CategoryClockDial.tsx","APP_USER","","packages/surfaces/src/dsh/app-user/mobile/CategoryClockDial.tsx","observed"
"dsh-census-0208","dsh","surface_shared_file","index.ts","packages::surfaces::src::dsh::app-user::mobile::index","packages/surfaces/src/dsh/app-user/mobile/index.ts","APP_USER","","packages/surfaces/src/dsh/app-user/mobile/index.ts","observed"
"dsh-census-0209","dsh","surface_screen_support","UltimateBannerCarousel.tsx","packages::surfaces::src::dsh::app-user::mobile::UltimateBannerCarousel","packages/surfaces/src/dsh/app-user/mobile/UltimateBannerCarousel.tsx","APP_USER","","packages/surfaces/src/dsh/app-user/mobile/UltimateBannerCarousel.tsx","observed"
"dsh-census-0210","dsh","surface_shared_file","checkoutConstants.ts","packages::surfaces::src::dsh::checkoutConstants","packages/surfaces/src/dsh/checkoutConstants.ts","DSH_SHARED","","packages/surfaces/src/dsh/checkoutConstants.ts","observed"
"dsh-census-0211","dsh","surface_component","ArrivalBellCaptainBlock.tsx","packages::surfaces::src::dsh::components::ArrivalBellCaptainBlock","packages/surfaces/src/dsh/components/ArrivalBellCaptainBlock.tsx","DSH_SHARED","","packages/surfaces/src/dsh/components/ArrivalBellCaptainBlock.tsx","observed"
"dsh-census-0212","dsh","surface_component","ArrivalBellCustomerBlock.tsx","packages::surfaces::src::dsh::components::ArrivalBellCustomerBlock","packages/surfaces/src/dsh/components/ArrivalBellCustomerBlock.tsx","DSH_SHARED","","packages/surfaces/src/dsh/components/ArrivalBellCustomerBlock.tsx","observed"
"dsh-census-0213","dsh","surface_component","DshStoreItemsList.tsx","packages::surfaces::src::dsh::components::DshStoreItemsList","packages/surfaces/src/dsh/components/DshStoreItemsList.tsx","DSH_SHARED","","packages/surfaces/src/dsh/components/DshStoreItemsList.tsx","observed"
"dsh-census-0214","dsh","surface_component","StoreCardPremium.tsx","packages::surfaces::src::dsh::components::StoreCardPremium","packages/surfaces/src/dsh/components/StoreCardPremium.tsx","DSH_SHARED","","packages/surfaces/src/dsh/components/StoreCardPremium.tsx","observed"
"dsh-census-0215","dsh","surface_data_adapter","dshHomeApi.ts","packages::surfaces::src::dsh::data::dshHomeApi","packages/surfaces/src/dsh/data/dshHomeApi.ts","DSH_SHARED","","packages/surfaces/src/dsh/data/dshHomeApi.ts","observed"
"dsh-census-0216","dsh","surface_data_adapter","dshHomeRepository.ts","packages::surfaces::src::dsh::data::dshHomeRepository","packages/surfaces/src/dsh/data/dshHomeRepository.ts","DSH_SHARED","","packages/surfaces/src/dsh/data/dshHomeRepository.ts","observed"
"dsh-census-0217","dsh","surface_data_adapter","dshHomeSeed.ts","packages::surfaces::src::dsh::data::dshHomeSeed","packages/surfaces/src/dsh/data/dshHomeSeed.ts","DSH_SHARED","","packages/surfaces/src/dsh/data/dshHomeSeed.ts","observed"
"dsh-census-0218","dsh","surface_data_adapter","dshHomeTypes.ts","packages::surfaces::src::dsh::data::dshHomeTypes","packages/surfaces/src/dsh/data/dshHomeTypes.ts","DSH_SHARED","","packages/surfaces/src/dsh/data/dshHomeTypes.ts","observed"
"dsh-census-0219","dsh","surface_shared_file","deliveryModes.ts","packages::surfaces::src::dsh::deliveryModes","packages/surfaces/src/dsh/deliveryModes.ts","DSH_SHARED","","packages/surfaces/src/dsh/deliveryModes.ts","observed"
"dsh-census-0220","dsh","surface_shared_screen","DshBannersList.tsx","packages::surfaces::src::dsh::DshBannersList","packages/surfaces/src/dsh/DshBannersList.tsx","DSH_SHARED","","packages/surfaces/src/dsh/DshBannersList.tsx","observed"
"dsh-census-0221","dsh","surface_shared_screen","DshCartPrice.tsx","packages::surfaces::src::dsh::DshCartPrice","packages/surfaces/src/dsh/DshCartPrice.tsx","DSH_SHARED","","packages/surfaces/src/dsh/DshCartPrice.tsx","observed"
"dsh-census-0222","dsh","surface_shared_screen","DshCategoriesList.tsx","packages::surfaces::src::dsh::DshCategoriesList","packages/surfaces/src/dsh/DshCategoriesList.tsx","DSH_SHARED","","packages/surfaces/src/dsh/DshCategoriesList.tsx","observed"
"dsh-census-0223","dsh","surface_shared_file","dshCategoriesSeed.ts","packages::surfaces::src::dsh::dshCategoriesSeed","packages/surfaces/src/dsh/dshCategoriesSeed.ts","DSH_SHARED","","packages/surfaces/src/dsh/dshCategoriesSeed.ts","observed"
"dsh-census-0224","dsh","surface_shared_screen","DshCategoryDetail.tsx","packages::surfaces::src::dsh::DshCategoryDetail","packages/surfaces/src/dsh/DshCategoryDetail.tsx","DSH_SHARED","","packages/surfaces/src/dsh/DshCategoryDetail.tsx","observed"
"dsh-census-0225","dsh","surface_shared_screen","DshCheckoutPaymentMethodSelect.tsx","packages::surfaces::src::dsh::DshCheckoutPaymentMethodSelect","packages/surfaces/src/dsh/DshCheckoutPaymentMethodSelect.tsx","DSH_SHARED","","packages/surfaces/src/dsh/DshCheckoutPaymentMethodSelect.tsx","observed"
"dsh-census-0226","dsh","surface_shared_screen","DshCustomerPreferencesDetail.tsx","packages::surfaces::src::dsh::DshCustomerPreferencesDetail","packages/surfaces/src/dsh/DshCustomerPreferencesDetail.tsx","DSH_SHARED","","packages/surfaces/src/dsh/DshCustomerPreferencesDetail.tsx","observed"
"dsh-census-0227","dsh","surface_shared_screen","DshCustomerProfileDetail.tsx","packages::surfaces::src::dsh::DshCustomerProfileDetail","packages/surfaces/src/dsh/DshCustomerProfileDetail.tsx","DSH_SHARED","","packages/surfaces/src/dsh/DshCustomerProfileDetail.tsx","observed"
"dsh-census-0228","dsh","surface_shared_screen","DshCustomerProfileUpdate.tsx","packages::surfaces::src::dsh::DshCustomerProfileUpdate","packages/surfaces/src/dsh/DshCustomerProfileUpdate.tsx","DSH_SHARED","","packages/surfaces/src/dsh/DshCustomerProfileUpdate.tsx","observed"
"dsh-census-0229","dsh","surface_shared_screen","DshPartnerOrdersList.tsx","packages::surfaces::src::dsh::DshPartnerOrdersList","packages/surfaces/src/dsh/DshPartnerOrdersList.tsx","DSH_SHARED","","packages/surfaces/src/dsh/DshPartnerOrdersList.tsx","observed"
"dsh-census-0230","dsh","surface_type_support","expo-location.d.ts","packages::surfaces::src::dsh::expo-location.d","packages/surfaces/src/dsh/expo-location.d.ts","DSH_SHARED","","packages/surfaces/src/dsh/expo-location.d.ts","observed"
"dsh-census-0231","dsh","surface_fixture","captainEarningsHistory.ts","packages::surfaces::src::dsh::fixtures::captainEarningsHistory","packages/surfaces/src/dsh/fixtures/captainEarningsHistory.ts","DSH_SHARED","","packages/surfaces/src/dsh/fixtures/captainEarningsHistory.ts","observed"
"dsh-census-0232","dsh","surface_fixture","captainFinancialReports.ts","packages::surfaces::src::dsh::fixtures::captainFinancialReports","packages/surfaces/src/dsh/fixtures/captainFinancialReports.ts","DSH_SHARED","","packages/surfaces/src/dsh/fixtures/captainFinancialReports.ts","observed"
"dsh-census-0233","dsh","surface_fixture","captainOrderDetails.ts","packages::surfaces::src::dsh::fixtures::captainOrderDetails","packages/surfaces/src/dsh/fixtures/captainOrderDetails.ts","DSH_SHARED","","packages/surfaces/src/dsh/fixtures/captainOrderDetails.ts","observed"
"dsh-census-0234","dsh","surface_fixture","captainOrders.ts","packages::surfaces::src::dsh::fixtures::captainOrders","packages/surfaces/src/dsh/fixtures/captainOrders.ts","DSH_SHARED","","packages/surfaces/src/dsh/fixtures/captainOrders.ts","observed"
"dsh-census-0235","dsh","surface_fixture","captainPayments.ts","packages::surfaces::src::dsh::fixtures::captainPayments","packages/surfaces/src/dsh/fixtures/captainPayments.ts","DSH_SHARED","","packages/surfaces/src/dsh/fixtures/captainPayments.ts","observed"
"dsh-census-0236","dsh","surface_fixture","captainSettlements.ts","packages::surfaces::src::dsh::fixtures::captainSettlements","packages/surfaces/src/dsh/fixtures/captainSettlements.ts","DSH_SHARED","","packages/surfaces/src/dsh/fixtures/captainSettlements.ts","observed"
"dsh-census-0237","dsh","surface_fixture","captainTierInfo.ts","packages::surfaces::src::dsh::fixtures::captainTierInfo","packages/surfaces/src/dsh/fixtures/captainTierInfo.ts","DSH_SHARED","","packages/surfaces/src/dsh/fixtures/captainTierInfo.ts","observed"
"dsh-census-0238","dsh","surface_fixture","captainWallet.ts","packages::surfaces::src::dsh::fixtures::captainWallet","packages/surfaces/src/dsh/fixtures/captainWallet.ts","DSH_SHARED","","packages/surfaces/src/dsh/fixtures/captainWallet.ts","observed"
"dsh-census-0239","dsh","surface_fixture","categoryGet.ts","packages::surfaces::src::dsh::fixtures::categoryGet","packages/surfaces/src/dsh/fixtures/categoryGet.ts","DSH_SHARED","","packages/surfaces/src/dsh/fixtures/categoryGet.ts","observed"
"dsh-census-0240","dsh","surface_fixture","chatSend.ts","packages::surfaces::src::dsh::fixtures::chatSend","packages/surfaces/src/dsh/fixtures/chatSend.ts","DSH_SHARED","","packages/surfaces/src/dsh/fixtures/chatSend.ts","observed"
"dsh-census-0241","dsh","surface_fixture","checkoutGate.ts","packages::surfaces::src::dsh::fixtures::checkoutGate","packages/surfaces/src/dsh/fixtures/checkoutGate.ts","DSH_SHARED","","packages/surfaces/src/dsh/fixtures/checkoutGate.ts","observed"
"dsh-census-0242","dsh","surface_fixture","favoritesList.ts","packages::surfaces::src::dsh::fixtures::favoritesList","packages/surfaces/src/dsh/fixtures/favoritesList.ts","DSH_SHARED","","packages/surfaces/src/dsh/fixtures/favoritesList.ts","observed"
"dsh-census-0243","dsh","surface_fixture","gasRefill.ts","packages::surfaces::src::dsh::fixtures::gasRefill","packages/surfaces/src/dsh/fixtures/gasRefill.ts","DSH_SHARED","","packages/surfaces/src/dsh/fixtures/gasRefill.ts","observed"
"dsh-census-0244","dsh","surface_fixture","home.ts","packages::surfaces::src::dsh::fixtures::home","packages/surfaces/src/dsh/fixtures/home.ts","DSH_SHARED","","packages/surfaces/src/dsh/fixtures/home.ts","observed"
"dsh-census-0245","dsh","surface_fixture","orderCancel.ts","packages::surfaces::src::dsh::fixtures::orderCancel","packages/surfaces/src/dsh/fixtures/orderCancel.ts","DSH_SHARED","","packages/surfaces/src/dsh/fixtures/orderCancel.ts","observed"
"dsh-census-0246","dsh","surface_fixture","orderGet.ts","packages::surfaces::src::dsh::fixtures::orderGet","packages/surfaces/src/dsh/fixtures/orderGet.ts","DSH_SHARED","","packages/surfaces/src/dsh/fixtures/orderGet.ts","observed"
"dsh-census-0247","dsh","surface_fixture","partnerStaff.ts","packages::surfaces::src::dsh::fixtures::partnerStaff","packages/surfaces/src/dsh/fixtures/partnerStaff.ts","DSH_SHARED","","packages/surfaces/src/dsh/fixtures/partnerStaff.ts","observed"
"dsh-census-0248","dsh","surface_fixture","partnerZoneSet.ts","packages::surfaces::src::dsh::fixtures::partnerZoneSet","packages/surfaces/src/dsh/fixtures/partnerZoneSet.ts","DSH_SHARED","","packages/surfaces/src/dsh/fixtures/partnerZoneSet.ts","observed"
"dsh-census-0249","dsh","surface_fixture","reviewsList.ts","packages::surfaces::src::dsh::fixtures::reviewsList","packages/surfaces/src/dsh/fixtures/reviewsList.ts","DSH_SHARED","","packages/surfaces/src/dsh/fixtures/reviewsList.ts","observed"
"dsh-census-0250","dsh","surface_fixture","search.ts","packages::surfaces::src::dsh::fixtures::search","packages/surfaces/src/dsh/fixtures/search.ts","DSH_SHARED","","packages/surfaces/src/dsh/fixtures/search.ts","observed"
"dsh-census-0251","dsh","surface_fixture","storeGet.ts","packages::surfaces::src::dsh::fixtures::storeGet","packages/surfaces/src/dsh/fixtures/storeGet.ts","DSH_SHARED","","packages/surfaces/src/dsh/fixtures/storeGet.ts","observed"
"dsh-census-0252","dsh","surface_fixture","subscriptionSync.ts","packages::surfaces::src::dsh::fixtures::subscriptionSync","packages/surfaces/src/dsh/fixtures/subscriptionSync.ts","DSH_SHARED","","packages/surfaces/src/dsh/fixtures/subscriptionSync.ts","observed"
"dsh-census-0253","dsh","surface_fixture","zoneSet.ts","packages::surfaces::src::dsh::fixtures::zoneSet","packages/surfaces/src/dsh/fixtures/zoneSet.ts","DSH_SHARED","","packages/surfaces/src/dsh/fixtures/zoneSet.ts","observed"
"dsh-census-0254","dsh","surface_shared_file","getDshCategoryIconUrl.ts","packages::surfaces::src::dsh::getDshCategoryIconUrl","packages/surfaces/src/dsh/getDshCategoryIconUrl.ts","DSH_SHARED","","packages/surfaces/src/dsh/getDshCategoryIconUrl.ts","observed"
"dsh-census-0255","dsh","surface_hook","index.ts","packages::surfaces::src::dsh::hooks::index","packages/surfaces/src/dsh/hooks/index.ts","DSH_SHARED","","packages/surfaces/src/dsh/hooks/index.ts","observed"
"dsh-census-0256","dsh","surface_hook","useCaptainEarningsHistory.ts","packages::surfaces::src::dsh::hooks::useCaptainEarningsHistory","packages/surfaces/src/dsh/hooks/useCaptainEarningsHistory.ts","DSH_SHARED","","packages/surfaces/src/dsh/hooks/useCaptainEarningsHistory.ts","observed"
"dsh-census-0257","dsh","surface_hook","useCaptainFinancialReports.ts","packages::surfaces::src::dsh::hooks::useCaptainFinancialReports","packages/surfaces/src/dsh/hooks/useCaptainFinancialReports.ts","DSH_SHARED","","packages/surfaces/src/dsh/hooks/useCaptainFinancialReports.ts","observed"
"dsh-census-0258","dsh","surface_hook","useCaptainOrderDetails.ts","packages::surfaces::src::dsh::hooks::useCaptainOrderDetails","packages/surfaces/src/dsh/hooks/useCaptainOrderDetails.ts","DSH_SHARED","","packages/surfaces/src/dsh/hooks/useCaptainOrderDetails.ts","observed"
"dsh-census-0259","dsh","surface_hook","useCaptainOrders.ts","packages::surfaces::src::dsh::hooks::useCaptainOrders","packages/surfaces/src/dsh/hooks/useCaptainOrders.ts","DSH_SHARED","","packages/surfaces/src/dsh/hooks/useCaptainOrders.ts","observed"
"dsh-census-0260","dsh","surface_hook","useCaptainPayments.ts","packages::surfaces::src::dsh::hooks::useCaptainPayments","packages/surfaces/src/dsh/hooks/useCaptainPayments.ts","DSH_SHARED","","packages/surfaces/src/dsh/hooks/useCaptainPayments.ts","observed"
"dsh-census-0261","dsh","surface_hook","useCaptainSettlements.ts","packages::surfaces::src::dsh::hooks::useCaptainSettlements","packages/surfaces/src/dsh/hooks/useCaptainSettlements.ts","DSH_SHARED","","packages/surfaces/src/dsh/hooks/useCaptainSettlements.ts","observed"
"dsh-census-0262","dsh","surface_hook","useCaptainTierInfo.ts","packages::surfaces::src::dsh::hooks::useCaptainTierInfo","packages/surfaces/src/dsh/hooks/useCaptainTierInfo.ts","DSH_SHARED","","packages/surfaces/src/dsh/hooks/useCaptainTierInfo.ts","observed"
"dsh-census-0263","dsh","surface_hook","useCaptainWallet.ts","packages::surfaces::src::dsh::hooks::useCaptainWallet","packages/surfaces/src/dsh/hooks/useCaptainWallet.ts","DSH_SHARED","","packages/surfaces/src/dsh/hooks/useCaptainWallet.ts","observed"
"dsh-census-0264","dsh","surface_hook","useDshCategoryGet.ts","packages::surfaces::src::dsh::hooks::useDshCategoryGet","packages/surfaces/src/dsh/hooks/useDshCategoryGet.ts","DSH_SHARED","","packages/surfaces/src/dsh/hooks/useDshCategoryGet.ts","observed"
"dsh-census-0265","dsh","surface_hook","useDshChatSend.ts","packages::surfaces::src::dsh::hooks::useDshChatSend","packages/surfaces/src/dsh/hooks/useDshChatSend.ts","DSH_SHARED","","packages/surfaces/src/dsh/hooks/useDshChatSend.ts","observed"
"dsh-census-0266","dsh","surface_hook","useDshCheckoutGate.ts","packages::surfaces::src::dsh::hooks::useDshCheckoutGate","packages/surfaces/src/dsh/hooks/useDshCheckoutGate.ts","DSH_SHARED","","packages/surfaces/src/dsh/hooks/useDshCheckoutGate.ts","observed"
"dsh-census-0267","dsh","surface_hook","useDshFavoritesList.ts","packages::surfaces::src::dsh::hooks::useDshFavoritesList","packages/surfaces/src/dsh/hooks/useDshFavoritesList.ts","DSH_SHARED","","packages/surfaces/src/dsh/hooks/useDshFavoritesList.ts","observed"
"dsh-census-0268","dsh","surface_hook","useDshGasRefill.ts","packages::surfaces::src::dsh::hooks::useDshGasRefill","packages/surfaces/src/dsh/hooks/useDshGasRefill.ts","DSH_SHARED","","packages/surfaces/src/dsh/hooks/useDshGasRefill.ts","observed"
"dsh-census-0269","dsh","surface_hook","useDshHome.ts","packages::surfaces::src::dsh::hooks::useDshHome","packages/surfaces/src/dsh/hooks/useDshHome.ts","DSH_SHARED","","packages/surfaces/src/dsh/hooks/useDshHome.ts","observed"
"dsh-census-0270","dsh","surface_hook","useDshOrderCancel.ts","packages::surfaces::src::dsh::hooks::useDshOrderCancel","packages/surfaces/src/dsh/hooks/useDshOrderCancel.ts","DSH_SHARED","","packages/surfaces/src/dsh/hooks/useDshOrderCancel.ts","observed"
"dsh-census-0271","dsh","surface_hook","useDshOrderGet.ts","packages::surfaces::src::dsh::hooks::useDshOrderGet","packages/surfaces/src/dsh/hooks/useDshOrderGet.ts","DSH_SHARED","","packages/surfaces/src/dsh/hooks/useDshOrderGet.ts","observed"
"dsh-census-0272","dsh","surface_hook","useDshPartnerZoneSet.ts","packages::surfaces::src::dsh::hooks::useDshPartnerZoneSet","packages/surfaces/src/dsh/hooks/useDshPartnerZoneSet.ts","DSH_SHARED","","packages/surfaces/src/dsh/hooks/useDshPartnerZoneSet.ts","observed"
"dsh-census-0273","dsh","surface_hook","useDshReviewsList.ts","packages::surfaces::src::dsh::hooks::useDshReviewsList","packages/surfaces/src/dsh/hooks/useDshReviewsList.ts","DSH_SHARED","","packages/surfaces/src/dsh/hooks/useDshReviewsList.ts","observed"
"dsh-census-0274","dsh","surface_hook","useDshSearch.ts","packages::surfaces::src::dsh::hooks::useDshSearch","packages/surfaces/src/dsh/hooks/useDshSearch.ts","DSH_SHARED","","packages/surfaces/src/dsh/hooks/useDshSearch.ts","observed"
"dsh-census-0275","dsh","surface_hook","useDshStoreGet.ts","packages::surfaces::src::dsh::hooks::useDshStoreGet","packages/surfaces/src/dsh/hooks/useDshStoreGet.ts","DSH_SHARED","","packages/surfaces/src/dsh/hooks/useDshStoreGet.ts","observed"
"dsh-census-0276","dsh","surface_hook","useDshSubscriptionSync.ts","packages::surfaces::src::dsh::hooks::useDshSubscriptionSync","packages/surfaces/src/dsh/hooks/useDshSubscriptionSync.ts","DSH_SHARED","","packages/surfaces/src/dsh/hooks/useDshSubscriptionSync.ts","observed"
"dsh-census-0277","dsh","surface_hook","useDshZoneSet.ts","packages::surfaces::src::dsh::hooks::useDshZoneSet","packages/surfaces/src/dsh/hooks/useDshZoneSet.ts","DSH_SHARED","","packages/surfaces/src/dsh/hooks/useDshZoneSet.ts","observed"
"dsh-census-0278","dsh","surface_shared_file","index.ts","packages::surfaces::src::dsh::index","packages/surfaces/src/dsh/index.ts","DSH_SHARED","","packages/surfaces/src/dsh/index.ts","observed"
"dsh-census-0279","dsh","surface_shared_file","loadExpoLocation.ts","packages::surfaces::src::dsh::loadExpoLocation","packages/surfaces/src/dsh/loadExpoLocation.ts","DSH_SHARED","","packages/surfaces/src/dsh/loadExpoLocation.ts","observed"
"dsh-census-0280","dsh","surface_screen_support","DshOrdersCreateScreen.tsx","packages::surfaces::src::dsh::mobile::dsh::DshOrdersCreateScreen","packages/surfaces/src/dsh/mobile/dsh/DshOrdersCreateScreen.tsx","DSH_SHARED","screen:DshOrdersCreateScreen","packages/surfaces/src/dsh/mobile/dsh/DshOrdersCreateScreen.tsx","observed"
"dsh-census-0281","dsh","surface_screen_support","DshPartnerOrderAcceptAltScreen.tsx","packages::surfaces::src::dsh::mobile::dsh::DshPartnerOrderAcceptAltScreen","packages/surfaces/src/dsh/mobile/dsh/DshPartnerOrderAcceptAltScreen.tsx","DSH_SHARED","screen:DshPartnerOrderAcceptAltScreen","packages/surfaces/src/dsh/mobile/dsh/DshPartnerOrderAcceptAltScreen.tsx","observed"
"dsh-census-0282","dsh","surface_screen_support","DshPartnerOrderChatMessageCreateScreen.tsx","packages::surfaces::src::dsh::mobile::dsh::DshPartnerOrderChatMessageCreateScreen","packages/surfaces/src/dsh/mobile/dsh/DshPartnerOrderChatMessageCreateScreen.tsx","DSH_SHARED","screen:DshPartnerOrderChatMessageCreateScreen","packages/surfaces/src/dsh/mobile/dsh/DshPartnerOrderChatMessageCreateScreen.tsx","observed"
"dsh-census-0283","dsh","surface_screen_support","DshPartnerOrderChatMessagesListScreen.tsx","packages::surfaces::src::dsh::mobile::dsh::DshPartnerOrderChatMessagesListScreen","packages/surfaces/src/dsh/mobile/dsh/DshPartnerOrderChatMessagesListScreen.tsx","DSH_SHARED","screen:DshPartnerOrderChatMessagesListScreen","packages/surfaces/src/dsh/mobile/dsh/DshPartnerOrderChatMessagesListScreen.tsx","observed"
"dsh-census-0284","dsh","surface_screen_support","DshPartnerOrderChatReadAckScreen.tsx","packages::surfaces::src::dsh::mobile::dsh::DshPartnerOrderChatReadAckScreen","packages/surfaces/src/dsh/mobile/dsh/DshPartnerOrderChatReadAckScreen.tsx","DSH_SHARED","screen:DshPartnerOrderChatReadAckScreen","packages/surfaces/src/dsh/mobile/dsh/DshPartnerOrderChatReadAckScreen.tsx","observed"
"dsh-census-0285","dsh","surface_shared_file","index.ts","packages::surfaces::src::dsh::mobile::index","packages/surfaces/src/dsh/mobile/index.ts","DSH_SHARED","","packages/surfaces/src/dsh/mobile/index.ts","observed"
"dsh-census-0286","dsh","surface_shared_file","partnerStoreSwitcherFixtures.ts","packages::surfaces::src::dsh::partnerStoreSwitcherFixtures","packages/surfaces/src/dsh/partnerStoreSwitcherFixtures.ts","DSH_SHARED","","packages/surfaces/src/dsh/partnerStoreSwitcherFixtures.ts","observed"
"dsh-census-0287","dsh","surface_shared_file","types.ts","packages::surfaces::src::dsh::types","packages/surfaces/src/dsh/types.ts","DSH_SHARED","","packages/surfaces/src/dsh/types.ts","observed"
"dsh-census-0288","dsh","surface_doc","WHAT_TO_ADD.md","packages::surfaces::src::dsh::WHAT_TO_ADD","packages/surfaces/src/dsh/WHAT_TO_ADD.md","DSH_SHARED","","packages/surfaces/src/dsh/WHAT_TO_ADD.md","observed"
"dsh-census-0289","dsh","surface_shared_file","wrappers.ts","packages::surfaces::src::dsh::wrappers","packages/surfaces/src/dsh/wrappers.ts","DSH_SHARED","","packages/surfaces/src/dsh/wrappers.ts","observed"
"dsh-census-0290","dsh","mobile_route_map","captainRouteMap.tsx","packages::surfaces::src::mobile::app-captain::captainRouteMap","packages/surfaces/src/mobile/app-captain/captainRouteMap.tsx","APP_CAPTAIN","route-map:APP_CAPTAIN","packages/surfaces/src/mobile/app-captain/captainRouteMap.tsx","observed"
"dsh-census-0291","dsh","mobile_route_map","fieldRouteMap.tsx","packages::surfaces::src::mobile::app-field::fieldRouteMap","packages/surfaces/src/mobile/app-field/fieldRouteMap.tsx","APP_FIELD","route-map:APP_FIELD","packages/surfaces/src/mobile/app-field/fieldRouteMap.tsx","observed"
"dsh-census-0292","dsh","mobile_route_map","partnerRouteMap.tsx","packages::surfaces::src::mobile::app-partner::partnerRouteMap","packages/surfaces/src/mobile/app-partner/partnerRouteMap.tsx","APP_PARTNER","route-map:APP_PARTNER","packages/surfaces/src/mobile/app-partner/partnerRouteMap.tsx","observed"
"dsh-census-0293","dsh","mobile_route_map","routeMap.tsx","packages::surfaces::src::mobile::app-user::routeMap","packages/surfaces/src/mobile/app-user/routeMap.tsx","APP_USER","route-map:APP_USER","packages/surfaces/src/mobile/app-user/routeMap.tsx","observed"
"dsh-census-0294","dsh","web_surface_component","AdminDshStoreItemsListScreen.tsx","packages::surfaces::src::web::mcpw::operations::dsh::AdminDshStoreItemsListScreen","packages/surfaces/src/web/mcpw/operations/dsh/AdminDshStoreItemsListScreen.tsx","MCPW","","packages/surfaces/src/web/mcpw/operations/dsh/AdminDshStoreItemsListScreen.tsx","observed"
"dsh-census-0295","dsh","web_surface_component","DshCartItemAddScreen.tsx","packages::surfaces::src::web::mcpw::operations::dsh::DshCartItemAddScreen","packages/surfaces/src/web/mcpw/operations/dsh/DshCartItemAddScreen.tsx","MCPW","","packages/surfaces/src/web/mcpw/operations/dsh/DshCartItemAddScreen.tsx","observed"
"dsh-census-0296","dsh","web_surface_component","DshDeliveryReassignScreen.tsx","packages::surfaces::src::web::mcpw::operations::dsh::DshDeliveryReassignScreen","packages/surfaces/src/web/mcpw/operations/dsh/DshDeliveryReassignScreen.tsx","MCPW","","packages/surfaces/src/web/mcpw/operations/dsh/DshDeliveryReassignScreen.tsx","observed"
"dsh-census-0297","dsh","web_surface_component","DshOperationsHubSurface.tsx","packages::surfaces::src::web::mcpw::operations::dsh::DshOperationsHubSurface","packages/surfaces/src/web/mcpw/operations/dsh/DshOperationsHubSurface.tsx","MCPW","","packages/surfaces/src/web/mcpw/operations/dsh/DshOperationsHubSurface.tsx","observed"
"dsh-census-0298","dsh","web_surface_component","DshPeakModeScreen.tsx","packages::surfaces::src::web::mcpw::operations::dsh::DshPeakModeScreen","packages/surfaces/src/web/mcpw/operations/dsh/DshPeakModeScreen.tsx","MCPW","","packages/surfaces/src/web/mcpw/operations/dsh/DshPeakModeScreen.tsx","observed"
"dsh-census-0299","dsh","web_surface_component","DshZoneSetScreen.tsx","packages::surfaces::src::web::mcpw::operations::dsh::DshZoneSetScreen","packages/surfaces/src/web/mcpw/operations/dsh/DshZoneSetScreen.tsx","MCPW","","packages/surfaces/src/web/mcpw/operations/dsh/DshZoneSetScreen.tsx","observed"
"dsh-census-0300","dsh","web_surface_component","index.ts","packages::surfaces::src::web::mcpw::operations::dsh::index","packages/surfaces/src/web/mcpw/operations/dsh/index.ts","MCPW","","packages/surfaces/src/web/mcpw/operations/dsh/index.ts","observed"
"dsh-census-0301","dsh","web_surface_component","McpwArrivalBellSettingsScreen.tsx","packages::surfaces::src::web::mcpw::operations::dsh::McpwArrivalBellSettingsScreen","packages/surfaces/src/web/mcpw/operations/dsh/McpwArrivalBellSettingsScreen.tsx","MCPW","","packages/surfaces/src/web/mcpw/operations/dsh/McpwArrivalBellSettingsScreen.tsx","observed"
"dsh-census-0302","dsh","web_surface_component","McpwDshOperationsScreen.tsx","packages::surfaces::src::web::mcpw::operations::dsh::McpwDshOperationsScreen","packages/surfaces/src/web/mcpw/operations/dsh/McpwDshOperationsScreen.tsx","MCPW","","packages/surfaces/src/web/mcpw/operations/dsh/McpwDshOperationsScreen.tsx","observed"
"dsh-census-0303","dsh","web_surface_component","McpwDshOrderDetailScreen.tsx","packages::surfaces::src::web::mcpw::operations::dsh::McpwDshOrderDetailScreen","packages/surfaces/src/web/mcpw/operations/dsh/McpwDshOrderDetailScreen.tsx","MCPW","","packages/surfaces/src/web/mcpw/operations/dsh/McpwDshOrderDetailScreen.tsx","observed"
"dsh-census-0304","dsh","web_surface_component","McpwDshOrdersScreen.tsx","packages::surfaces::src::web::mcpw::operations::dsh::McpwDshOrdersScreen","packages/surfaces/src/web/mcpw/operations/dsh/McpwDshOrdersScreen.tsx","MCPW","","packages/surfaces/src/web/mcpw/operations/dsh/McpwDshOrdersScreen.tsx","observed"
"dsh-census-0305","dsh","web_surface_component","index.ts","packages::surfaces::src::web::mcpw::operations::dsh::shein-proxy::index","packages/surfaces/src/web/mcpw/operations/dsh/shein-proxy/index.ts","MCPW","","packages/surfaces/src/web/mcpw/operations/dsh/shein-proxy/index.ts","observed"
"dsh-census-0306","dsh","web_surface_component","shein-proxy-request-details.tsx","packages::surfaces::src::web::mcpw::operations::dsh::shein-proxy::shein-proxy-request-details","packages/surfaces/src/web/mcpw/operations/dsh/shein-proxy/shein-proxy-request-details.tsx","MCPW","","packages/surfaces/src/web/mcpw/operations/dsh/shein-proxy/shein-proxy-request-details.tsx","observed"
"dsh-census-0307","dsh","web_surface_component","shein-proxy-request-estimate-and-offer.tsx","packages::surfaces::src::web::mcpw::operations::dsh::shein-proxy::shein-proxy-request-estimate-and-offer","packages/surfaces/src/web/mcpw/operations/dsh/shein-proxy/shein-proxy-request-estimate-and-offer.tsx","MCPW","","packages/surfaces/src/web/mcpw/operations/dsh/shein-proxy/shein-proxy-request-estimate-and-offer.tsx","observed"
"dsh-census-0308","dsh","web_surface_component","shein-proxy-request-estimate.tsx","packages::surfaces::src::web::mcpw::operations::dsh::shein-proxy::shein-proxy-request-estimate","packages/surfaces/src/web/mcpw/operations/dsh/shein-proxy/shein-proxy-request-estimate.tsx","MCPW","","packages/surfaces/src/web/mcpw/operations/dsh/shein-proxy/shein-proxy-request-estimate.tsx","observed"
"dsh-census-0309","dsh","web_surface_component","shein-proxy-request-offer.tsx","packages::surfaces::src::web::mcpw::operations::dsh::shein-proxy::shein-proxy-request-offer","packages/surfaces/src/web/mcpw/operations/dsh/shein-proxy/shein-proxy-request-offer.tsx","MCPW","","packages/surfaces/src/web/mcpw/operations/dsh/shein-proxy/shein-proxy-request-offer.tsx","observed"
"dsh-census-0310","dsh","web_surface_component","shein-proxy-request-schedule.tsx","packages::surfaces::src::web::mcpw::operations::dsh::shein-proxy::shein-proxy-request-schedule","packages/surfaces/src/web/mcpw/operations/dsh/shein-proxy/shein-proxy-request-schedule.tsx","MCPW","","packages/surfaces/src/web/mcpw/operations/dsh/shein-proxy/shein-proxy-request-schedule.tsx","observed"
"dsh-census-0311","dsh","web_surface_component","shein-proxy-requests-list.tsx","packages::surfaces::src::web::mcpw::operations::dsh::shein-proxy::shein-proxy-requests-list","packages/surfaces/src/web/mcpw/operations/dsh/shein-proxy/shein-proxy-requests-list.tsx","MCPW","","packages/surfaces/src/web/mcpw/operations/dsh/shein-proxy/shein-proxy-requests-list.tsx","observed"
"dsh-census-0312","dsh","web_surface_component","page.tsx","packages::surfaces::src::web::mcpw::partner::store::page","packages/surfaces/src/web/mcpw/partner/store/page.tsx","MCPW","","packages/surfaces/src/web/mcpw/partner/store/page.tsx","observed"
"dsh-census-0313","dsh","runtime_var_file","shein-proxy.yaml","runtime::vars::dsh::shein-proxy","runtime/vars/dsh/shein-proxy.yaml","RUNTIME","runtime-var:shein-proxy","runtime/vars/dsh/shein-proxy.yaml","observed"
"dsh-census-0314","dsh","governance_doc",".dsh_92_ops.csv","services::dsh::governance::.dsh_92_ops","services/dsh/governance/.dsh_92_ops.csv","SERVICE","","services/dsh/governance/.dsh_92_ops.csv","observed"
"dsh-census-0315","dsh","governance_doc","DSH_APP_USER_BACKLOG.csv","services::dsh::governance::DSH_APP_USER_BACKLOG","services/dsh/governance/DSH_APP_USER_BACKLOG.csv","SERVICE","","services/dsh/governance/DSH_APP_USER_BACKLOG.csv","observed"
"dsh-census-0316","dsh","governance_doc","DSH_COVERAGE_MATRIX.csv","services::dsh::governance::DSH_COVERAGE_MATRIX","services/dsh/governance/DSH_COVERAGE_MATRIX.csv","SERVICE","","services/dsh/governance/DSH_COVERAGE_MATRIX.csv","observed"
"dsh-census-0317","dsh","governance_doc","DSH_MCPW_SECTION_MAP.csv","services::dsh::governance::DSH_MCPW_SECTION_MAP","services/dsh/governance/DSH_MCPW_SECTION_MAP.csv","SERVICE","","services/dsh/governance/DSH_MCPW_SECTION_MAP.csv","observed"
"dsh-census-0318","dsh","governance_doc","DSH_OPERATION_CATALOG.csv","services::dsh::governance::DSH_OPERATION_CATALOG","services/dsh/governance/DSH_OPERATION_CATALOG.csv","SERVICE","","services/dsh/governance/DSH_OPERATION_CATALOG.csv","observed"
"dsh-census-0319","dsh","governance_doc","DSH_RBAC_MATRIX.csv","services::dsh::governance::DSH_RBAC_MATRIX","services/dsh/governance/DSH_RBAC_MATRIX.csv","SERVICE","","services/dsh/governance/DSH_RBAC_MATRIX.csv","observed"
"dsh-census-0320","dsh","governance_doc","DSH_RUNTIME_VARS.csv","services::dsh::governance::DSH_RUNTIME_VARS","services/dsh/governance/DSH_RUNTIME_VARS.csv","SERVICE","","services/dsh/governance/DSH_RUNTIME_VARS.csv","observed"
"dsh-census-0321","dsh","governance_doc","DSH_SERVICE_SCOPE.md","services::dsh::governance::DSH_SERVICE_SCOPE","services/dsh/governance/DSH_SERVICE_SCOPE.md","SERVICE","","services/dsh/governance/DSH_SERVICE_SCOPE.md","observed"
"dsh-census-0322","dsh","governance_doc","DSH_SERVICE_SEAL_STATUS.yaml","services::dsh::governance::DSH_SERVICE_SEAL_STATUS","services/dsh/governance/DSH_SERVICE_SEAL_STATUS.yaml","SERVICE","","services/dsh/governance/DSH_SERVICE_SEAL_STATUS.yaml","observed"
"dsh-census-0323","dsh","governance_doc","DSH_SURFACES_PARITY_BACKLOG.md","services::dsh::governance::DSH_SURFACES_PARITY_BACKLOG","services/dsh/governance/DSH_SURFACES_PARITY_BACKLOG.md","SERVICE","","services/dsh/governance/DSH_SURFACES_PARITY_BACKLOG.md","observed"
"dsh-census-0324","dsh","governance_doc","DSH_TRACEABILITY_MATRIX.csv","services::dsh::governance::DSH_TRACEABILITY_MATRIX","services/dsh/governance/DSH_TRACEABILITY_MATRIX.csv","SERVICE","","services/dsh/governance/DSH_TRACEABILITY_MATRIX.csv","observed"
"dsh-census-0325","dsh","governance_doc","DSH_TRACEABILITY.csv","services::dsh::governance::DSH_TRACEABILITY","services/dsh/governance/DSH_TRACEABILITY.csv","SERVICE","","services/dsh/governance/DSH_TRACEABILITY.csv","observed"
"dsh-census-0326","dsh","governance_doc","DSH_UNIFIED_OPERATIONS_REFERENCE.csv","services::dsh::governance::DSH_UNIFIED_OPERATIONS_REFERENCE","services/dsh/governance/DSH_UNIFIED_OPERATIONS_REFERENCE.csv","SERVICE","","services/dsh/governance/DSH_UNIFIED_OPERATIONS_REFERENCE.csv","observed"
"dsh-census-0327","dsh","governance_doc","DSH_UX_FLOW.md","services::dsh::governance::DSH_UX_FLOW","services/dsh/governance/DSH_UX_FLOW.md","SERVICE","","services/dsh/governance/DSH_UX_FLOW.md","observed"
"dsh-census-0328","dsh","operation_acceptance","arrival_bell::OP_ACCEPTANCE","services::dsh::governance::operations::arrival_bell::OP_ACCEPTANCE","services/dsh/governance/operations/arrival_bell/OP_ACCEPTANCE.md","SERVICE","operation-dossier:arrival_bell","services/dsh/governance/operations/arrival_bell/OP_ACCEPTANCE.md","observed"
"dsh-census-0329","dsh","operation_actions_catalog","arrival_bell::OP_ACTIONS_CATALOG","services::dsh::governance::operations::arrival_bell::OP_ACTIONS_CATALOG","services/dsh/governance/operations/arrival_bell/OP_ACTIONS_CATALOG.csv","SERVICE","operation-dossier:arrival_bell","services/dsh/governance/operations/arrival_bell/OP_ACTIONS_CATALOG.csv","observed"
"dsh-census-0330","dsh","operation_api_map","arrival_bell::OP_API_MAP","services::dsh::governance::operations::arrival_bell::OP_API_MAP","services/dsh/governance/operations/arrival_bell/OP_API_MAP.csv","SERVICE","operation-dossier:arrival_bell","services/dsh/governance/operations/arrival_bell/OP_API_MAP.csv","observed"
"dsh-census-0331","dsh","operation_evidence_index","arrival_bell::OP_EVIDENCE_INDEX","services::dsh::governance::operations::arrival_bell::OP_EVIDENCE_INDEX","services/dsh/governance/operations/arrival_bell/OP_EVIDENCE_INDEX.json","SERVICE","operation-dossier:arrival_bell","services/dsh/governance/operations/arrival_bell/OP_EVIDENCE_INDEX.json","observed"
"dsh-census-0332","dsh","operation_gaps","arrival_bell::OP_GAPS","services::dsh::governance::operations::arrival_bell::OP_GAPS","services/dsh/governance/operations/arrival_bell/OP_GAPS.md","SERVICE","operation-dossier:arrival_bell","services/dsh/governance/operations/arrival_bell/OP_GAPS.md","observed"
"dsh-census-0333","dsh","operation_mcpw_map","arrival_bell::OP_MCPW_MAP","services::dsh::governance::operations::arrival_bell::OP_MCPW_MAP","services/dsh/governance/operations/arrival_bell/OP_MCPW_MAP.csv","SERVICE","operation-dossier:arrival_bell","services/dsh/governance/operations/arrival_bell/OP_MCPW_MAP.csv","observed"
"dsh-census-0334","dsh","operation_rbac_abac","arrival_bell::OP_RBAC_ABAC","services::dsh::governance::operations::arrival_bell::OP_RBAC_ABAC","services/dsh/governance/operations/arrival_bell/OP_RBAC_ABAC.csv","SERVICE","operation-dossier:arrival_bell","services/dsh/governance/operations/arrival_bell/OP_RBAC_ABAC.csv","observed"
"dsh-census-0335","dsh","operation_runtime_vars","arrival_bell::OP_RUNTIME_VARS","services::dsh::governance::operations::arrival_bell::OP_RUNTIME_VARS","services/dsh/governance/operations/arrival_bell/OP_RUNTIME_VARS.csv","SERVICE","operation-dossier:arrival_bell","services/dsh/governance/operations/arrival_bell/OP_RUNTIME_VARS.csv","observed"
"dsh-census-0336","dsh","operation_screens_map","arrival_bell::OP_SCREENS_MAP","services::dsh::governance::operations::arrival_bell::OP_SCREENS_MAP","services/dsh/governance/operations/arrival_bell/OP_SCREENS_MAP.csv","SERVICE","operation-dossier:arrival_bell","services/dsh/governance/operations/arrival_bell/OP_SCREENS_MAP.csv","observed"
"dsh-census-0337","dsh","operation_spec","arrival_bell::OP_SPEC","services::dsh::governance::operations::arrival_bell::OP_SPEC","services/dsh/governance/operations/arrival_bell/OP_SPEC.yaml","SERVICE","operation-dossier:arrival_bell","services/dsh/governance/operations/arrival_bell/OP_SPEC.yaml","observed"
"dsh-census-0338","dsh","operation_acceptance","dsh_auction_status_update::OP_ACCEPTANCE","services::dsh::governance::operations::dsh_auction_status_update::OP_ACCEPTANCE","services/dsh/governance/operations/dsh_auction_status_update/OP_ACCEPTANCE.md","SERVICE","operation-dossier:dsh_auction_status_update","services/dsh/governance/operations/dsh_auction_status_update/OP_ACCEPTANCE.md","observed"
"dsh-census-0339","dsh","operation_actions_catalog","dsh_auction_status_update::OP_ACTIONS_CATALOG","services::dsh::governance::operations::dsh_auction_status_update::OP_ACTIONS_CATALOG","services/dsh/governance/operations/dsh_auction_status_update/OP_ACTIONS_CATALOG.csv","SERVICE","operation-dossier:dsh_auction_status_update","services/dsh/governance/operations/dsh_auction_status_update/OP_ACTIONS_CATALOG.csv","observed"
"dsh-census-0340","dsh","operation_api_map","dsh_auction_status_update::OP_API_MAP","services::dsh::governance::operations::dsh_auction_status_update::OP_API_MAP","services/dsh/governance/operations/dsh_auction_status_update/OP_API_MAP.csv","SERVICE","operation-dossier:dsh_auction_status_update","services/dsh/governance/operations/dsh_auction_status_update/OP_API_MAP.csv","observed"
"dsh-census-0341","dsh","operation_evidence_index","dsh_auction_status_update::OP_EVIDENCE_INDEX","services::dsh::governance::operations::dsh_auction_status_update::OP_EVIDENCE_INDEX","services/dsh/governance/operations/dsh_auction_status_update/OP_EVIDENCE_INDEX.json","SERVICE","operation-dossier:dsh_auction_status_update","services/dsh/governance/operations/dsh_auction_status_update/OP_EVIDENCE_INDEX.json","observed"
"dsh-census-0342","dsh","operation_gaps","dsh_auction_status_update::OP_GAPS","services::dsh::governance::operations::dsh_auction_status_update::OP_GAPS","services/dsh/governance/operations/dsh_auction_status_update/OP_GAPS.md","SERVICE","operation-dossier:dsh_auction_status_update","services/dsh/governance/operations/dsh_auction_status_update/OP_GAPS.md","observed"
"dsh-census-0343","dsh","operation_mcpw_map","dsh_auction_status_update::OP_MCPW_MAP","services::dsh::governance::operations::dsh_auction_status_update::OP_MCPW_MAP","services/dsh/governance/operations/dsh_auction_status_update/OP_MCPW_MAP.csv","SERVICE","operation-dossier:dsh_auction_status_update","services/dsh/governance/operations/dsh_auction_status_update/OP_MCPW_MAP.csv","observed"
"dsh-census-0344","dsh","operation_rbac_abac","dsh_auction_status_update::OP_RBAC_ABAC","services::dsh::governance::operations::dsh_auction_status_update::OP_RBAC_ABAC","services/dsh/governance/operations/dsh_auction_status_update/OP_RBAC_ABAC.csv","SERVICE","operation-dossier:dsh_auction_status_update","services/dsh/governance/operations/dsh_auction_status_update/OP_RBAC_ABAC.csv","observed"
"dsh-census-0345","dsh","operation_runtime_vars","dsh_auction_status_update::OP_RUNTIME_VARS","services::dsh::governance::operations::dsh_auction_status_update::OP_RUNTIME_VARS","services/dsh/governance/operations/dsh_auction_status_update/OP_RUNTIME_VARS.csv","SERVICE","operation-dossier:dsh_auction_status_update","services/dsh/governance/operations/dsh_auction_status_update/OP_RUNTIME_VARS.csv","observed"
"dsh-census-0346","dsh","operation_screens_map","dsh_auction_status_update::OP_SCREENS_MAP","services::dsh::governance::operations::dsh_auction_status_update::OP_SCREENS_MAP","services/dsh/governance/operations/dsh_auction_status_update/OP_SCREENS_MAP.csv","SERVICE","operation-dossier:dsh_auction_status_update","services/dsh/governance/operations/dsh_auction_status_update/OP_SCREENS_MAP.csv","observed"
"dsh-census-0347","dsh","operation_spec","dsh_auction_status_update::OP_SPEC","services::dsh::governance::operations::dsh_auction_status_update::OP_SPEC","services/dsh/governance/operations/dsh_auction_status_update/OP_SPEC.yaml","SERVICE","operation-dossier:dsh_auction_status_update","services/dsh/governance/operations/dsh_auction_status_update/OP_SPEC.yaml","observed"
"dsh-census-0348","dsh","operation_acceptance","dsh_booking_create::OP_ACCEPTANCE","services::dsh::governance::operations::dsh_booking_create::OP_ACCEPTANCE","services/dsh/governance/operations/dsh_booking_create/OP_ACCEPTANCE.md","SERVICE","operation-dossier:dsh_booking_create","services/dsh/governance/operations/dsh_booking_create/OP_ACCEPTANCE.md","observed"
"dsh-census-0349","dsh","operation_actions_catalog","dsh_booking_create::OP_ACTIONS_CATALOG","services::dsh::governance::operations::dsh_booking_create::OP_ACTIONS_CATALOG","services/dsh/governance/operations/dsh_booking_create/OP_ACTIONS_CATALOG.csv","SERVICE","operation-dossier:dsh_booking_create","services/dsh/governance/operations/dsh_booking_create/OP_ACTIONS_CATALOG.csv","observed"
"dsh-census-0350","dsh","operation_api_map","dsh_booking_create::OP_API_MAP","services::dsh::governance::operations::dsh_booking_create::OP_API_MAP","services/dsh/governance/operations/dsh_booking_create/OP_API_MAP.csv","SERVICE","operation-dossier:dsh_booking_create","services/dsh/governance/operations/dsh_booking_create/OP_API_MAP.csv","observed"
"dsh-census-0351","dsh","operation_evidence_index","dsh_booking_create::OP_EVIDENCE_INDEX","services::dsh::governance::operations::dsh_booking_create::OP_EVIDENCE_INDEX","services/dsh/governance/operations/dsh_booking_create/OP_EVIDENCE_INDEX.json","SERVICE","operation-dossier:dsh_booking_create","services/dsh/governance/operations/dsh_booking_create/OP_EVIDENCE_INDEX.json","observed"
"dsh-census-0352","dsh","operation_gaps","dsh_booking_create::OP_GAPS","services::dsh::governance::operations::dsh_booking_create::OP_GAPS","services/dsh/governance/operations/dsh_booking_create/OP_GAPS.md","SERVICE","operation-dossier:dsh_booking_create","services/dsh/governance/operations/dsh_booking_create/OP_GAPS.md","observed"
"dsh-census-0353","dsh","operation_mcpw_map","dsh_booking_create::OP_MCPW_MAP","services::dsh::governance::operations::dsh_booking_create::OP_MCPW_MAP","services/dsh/governance/operations/dsh_booking_create/OP_MCPW_MAP.csv","SERVICE","operation-dossier:dsh_booking_create","services/dsh/governance/operations/dsh_booking_create/OP_MCPW_MAP.csv","observed"
"dsh-census-0354","dsh","operation_rbac_abac","dsh_booking_create::OP_RBAC_ABAC","services::dsh::governance::operations::dsh_booking_create::OP_RBAC_ABAC","services/dsh/governance/operations/dsh_booking_create/OP_RBAC_ABAC.csv","SERVICE","operation-dossier:dsh_booking_create","services/dsh/governance/operations/dsh_booking_create/OP_RBAC_ABAC.csv","observed"
"dsh-census-0355","dsh","operation_runtime_vars","dsh_booking_create::OP_RUNTIME_VARS","services::dsh::governance::operations::dsh_booking_create::OP_RUNTIME_VARS","services/dsh/governance/operations/dsh_booking_create/OP_RUNTIME_VARS.csv","SERVICE","operation-dossier:dsh_booking_create","services/dsh/governance/operations/dsh_booking_create/OP_RUNTIME_VARS.csv","observed"
"dsh-census-0356","dsh","operation_screens_map","dsh_booking_create::OP_SCREENS_MAP","services::dsh::governance::operations::dsh_booking_create::OP_SCREENS_MAP","services/dsh/governance/operations/dsh_booking_create/OP_SCREENS_MAP.csv","SERVICE","operation-dossier:dsh_booking_create","services/dsh/governance/operations/dsh_booking_create/OP_SCREENS_MAP.csv","observed"
"dsh-census-0357","dsh","operation_spec","dsh_booking_create::OP_SPEC","services::dsh::governance::operations::dsh_booking_create::OP_SPEC","services/dsh/governance/operations/dsh_booking_create/OP_SPEC.yaml","SERVICE","operation-dossier:dsh_booking_create","services/dsh/governance/operations/dsh_booking_create/OP_SPEC.yaml","observed"
"dsh-census-0358","dsh","operation_acceptance","dsh_captain_chat_read_ack::OP_ACCEPTANCE","services::dsh::governance::operations::dsh_captain_chat_read_ack::OP_ACCEPTANCE","services/dsh/governance/operations/dsh_captain_chat_read_ack/OP_ACCEPTANCE.md","SERVICE","operation-dossier:dsh_captain_chat_read_ack","services/dsh/governance/operations/dsh_captain_chat_read_ack/OP_ACCEPTANCE.md","observed"
"dsh-census-0359","dsh","operation_actions_catalog","dsh_captain_chat_read_ack::OP_ACTIONS_CATALOG","services::dsh::governance::operations::dsh_captain_chat_read_ack::OP_ACTIONS_CATALOG","services/dsh/governance/operations/dsh_captain_chat_read_ack/OP_ACTIONS_CATALOG.csv","SERVICE","operation-dossier:dsh_captain_chat_read_ack","services/dsh/governance/operations/dsh_captain_chat_read_ack/OP_ACTIONS_CATALOG.csv","observed"
"dsh-census-0360","dsh","operation_api_map","dsh_captain_chat_read_ack::OP_API_MAP","services::dsh::governance::operations::dsh_captain_chat_read_ack::OP_API_MAP","services/dsh/governance/operations/dsh_captain_chat_read_ack/OP_API_MAP.csv","SERVICE","operation-dossier:dsh_captain_chat_read_ack","services/dsh/governance/operations/dsh_captain_chat_read_ack/OP_API_MAP.csv","observed"
"dsh-census-0361","dsh","operation_evidence_index","dsh_captain_chat_read_ack::OP_EVIDENCE_INDEX","services::dsh::governance::operations::dsh_captain_chat_read_ack::OP_EVIDENCE_INDEX","services/dsh/governance/operations/dsh_captain_chat_read_ack/OP_EVIDENCE_INDEX.json","SERVICE","operation-dossier:dsh_captain_chat_read_ack","services/dsh/governance/operations/dsh_captain_chat_read_ack/OP_EVIDENCE_INDEX.json","observed"
"dsh-census-0362","dsh","operation_gaps","dsh_captain_chat_read_ack::OP_GAPS","services::dsh::governance::operations::dsh_captain_chat_read_ack::OP_GAPS","services/dsh/governance/operations/dsh_captain_chat_read_ack/OP_GAPS.md","SERVICE","operation-dossier:dsh_captain_chat_read_ack","services/dsh/governance/operations/dsh_captain_chat_read_ack/OP_GAPS.md","observed"
"dsh-census-0363","dsh","operation_mcpw_map","dsh_captain_chat_read_ack::OP_MCPW_MAP","services::dsh::governance::operations::dsh_captain_chat_read_ack::OP_MCPW_MAP","services/dsh/governance/operations/dsh_captain_chat_read_ack/OP_MCPW_MAP.csv","SERVICE","operation-dossier:dsh_captain_chat_read_ack","services/dsh/governance/operations/dsh_captain_chat_read_ack/OP_MCPW_MAP.csv","observed"
"dsh-census-0364","dsh","operation_rbac_abac","dsh_captain_chat_read_ack::OP_RBAC_ABAC","services::dsh::governance::operations::dsh_captain_chat_read_ack::OP_RBAC_ABAC","services/dsh/governance/operations/dsh_captain_chat_read_ack/OP_RBAC_ABAC.csv","SERVICE","operation-dossier:dsh_captain_chat_read_ack","services/dsh/governance/operations/dsh_captain_chat_read_ack/OP_RBAC_ABAC.csv","observed"
"dsh-census-0365","dsh","operation_runtime_vars","dsh_captain_chat_read_ack::OP_RUNTIME_VARS","services::dsh::governance::operations::dsh_captain_chat_read_ack::OP_RUNTIME_VARS","services/dsh/governance/operations/dsh_captain_chat_read_ack/OP_RUNTIME_VARS.csv","SERVICE","operation-dossier:dsh_captain_chat_read_ack","services/dsh/governance/operations/dsh_captain_chat_read_ack/OP_RUNTIME_VARS.csv","observed"
"dsh-census-0366","dsh","operation_screens_map","dsh_captain_chat_read_ack::OP_SCREENS_MAP","services::dsh::governance::operations::dsh_captain_chat_read_ack::OP_SCREENS_MAP","services/dsh/governance/operations/dsh_captain_chat_read_ack/OP_SCREENS_MAP.csv","SERVICE","operation-dossier:dsh_captain_chat_read_ack","services/dsh/governance/operations/dsh_captain_chat_read_ack/OP_SCREENS_MAP.csv","observed"
"dsh-census-0367","dsh","operation_spec","dsh_captain_chat_read_ack::OP_SPEC","services::dsh::governance::operations::dsh_captain_chat_read_ack::OP_SPEC","services/dsh/governance/operations/dsh_captain_chat_read_ack/OP_SPEC.yaml","SERVICE","operation-dossier:dsh_captain_chat_read_ack","services/dsh/governance/operations/dsh_captain_chat_read_ack/OP_SPEC.yaml","observed"
"dsh-census-0368","dsh","operation_acceptance","dsh_captain_chat_send::OP_ACCEPTANCE","services::dsh::governance::operations::dsh_captain_chat_send::OP_ACCEPTANCE","services/dsh/governance/operations/dsh_captain_chat_send/OP_ACCEPTANCE.md","SERVICE","operation-dossier:dsh_captain_chat_send","services/dsh/governance/operations/dsh_captain_chat_send/OP_ACCEPTANCE.md","observed"
"dsh-census-0369","dsh","operation_actions_catalog","dsh_captain_chat_send::OP_ACTIONS_CATALOG","services::dsh::governance::operations::dsh_captain_chat_send::OP_ACTIONS_CATALOG","services/dsh/governance/operations/dsh_captain_chat_send/OP_ACTIONS_CATALOG.csv","SERVICE","operation-dossier:dsh_captain_chat_send","services/dsh/governance/operations/dsh_captain_chat_send/OP_ACTIONS_CATALOG.csv","observed"
"dsh-census-0370","dsh","operation_api_map","dsh_captain_chat_send::OP_API_MAP","services::dsh::governance::operations::dsh_captain_chat_send::OP_API_MAP","services/dsh/governance/operations/dsh_captain_chat_send/OP_API_MAP.csv","SERVICE","operation-dossier:dsh_captain_chat_send","services/dsh/governance/operations/dsh_captain_chat_send/OP_API_MAP.csv","observed"
"dsh-census-0371","dsh","operation_evidence_index","dsh_captain_chat_send::OP_EVIDENCE_INDEX","services::dsh::governance::operations::dsh_captain_chat_send::OP_EVIDENCE_INDEX","services/dsh/governance/operations/dsh_captain_chat_send/OP_EVIDENCE_INDEX.json","SERVICE","operation-dossier:dsh_captain_chat_send","services/dsh/governance/operations/dsh_captain_chat_send/OP_EVIDENCE_INDEX.json","observed"
"dsh-census-0372","dsh","operation_gaps","dsh_captain_chat_send::OP_GAPS","services::dsh::governance::operations::dsh_captain_chat_send::OP_GAPS","services/dsh/governance/operations/dsh_captain_chat_send/OP_GAPS.md","SERVICE","operation-dossier:dsh_captain_chat_send","services/dsh/governance/operations/dsh_captain_chat_send/OP_GAPS.md","observed"
"dsh-census-0373","dsh","operation_mcpw_map","dsh_captain_chat_send::OP_MCPW_MAP","services::dsh::governance::operations::dsh_captain_chat_send::OP_MCPW_MAP","services/dsh/governance/operations/dsh_captain_chat_send/OP_MCPW_MAP.csv","SERVICE","operation-dossier:dsh_captain_chat_send","services/dsh/governance/operations/dsh_captain_chat_send/OP_MCPW_MAP.csv","observed"
"dsh-census-0374","dsh","operation_rbac_abac","dsh_captain_chat_send::OP_RBAC_ABAC","services::dsh::governance::operations::dsh_captain_chat_send::OP_RBAC_ABAC","services/dsh/governance/operations/dsh_captain_chat_send/OP_RBAC_ABAC.csv","SERVICE","operation-dossier:dsh_captain_chat_send","services/dsh/governance/operations/dsh_captain_chat_send/OP_RBAC_ABAC.csv","observed"
"dsh-census-0375","dsh","operation_runtime_vars","dsh_captain_chat_send::OP_RUNTIME_VARS","services::dsh::governance::operations::dsh_captain_chat_send::OP_RUNTIME_VARS","services/dsh/governance/operations/dsh_captain_chat_send/OP_RUNTIME_VARS.csv","SERVICE","operation-dossier:dsh_captain_chat_send","services/dsh/governance/operations/dsh_captain_chat_send/OP_RUNTIME_VARS.csv","observed"
"dsh-census-0376","dsh","operation_screens_map","dsh_captain_chat_send::OP_SCREENS_MAP","services::dsh::governance::operations::dsh_captain_chat_send::OP_SCREENS_MAP","services/dsh/governance/operations/dsh_captain_chat_send/OP_SCREENS_MAP.csv","SERVICE","operation-dossier:dsh_captain_chat_send","services/dsh/governance/operations/dsh_captain_chat_send/OP_SCREENS_MAP.csv","observed"
"dsh-census-0377","dsh","operation_spec","dsh_captain_chat_send::OP_SPEC","services::dsh::governance::operations::dsh_captain_chat_send::OP_SPEC","services/dsh/governance/operations/dsh_captain_chat_send/OP_SPEC.yaml","SERVICE","operation-dossier:dsh_captain_chat_send","services/dsh/governance/operations/dsh_captain_chat_send/OP_SPEC.yaml","observed"
"dsh-census-0378","dsh","operation_acceptance","dsh_captain_cod_balance::OP_ACCEPTANCE","services::dsh::governance::operations::dsh_captain_cod_balance::OP_ACCEPTANCE","services/dsh/governance/operations/dsh_captain_cod_balance/OP_ACCEPTANCE.md","SERVICE","operation-dossier:dsh_captain_cod_balance","services/dsh/governance/operations/dsh_captain_cod_balance/OP_ACCEPTANCE.md","observed"
"dsh-census-0379","dsh","operation_actions_catalog","dsh_captain_cod_balance::OP_ACTIONS_CATALOG","services::dsh::governance::operations::dsh_captain_cod_balance::OP_ACTIONS_CATALOG","services/dsh/governance/operations/dsh_captain_cod_balance/OP_ACTIONS_CATALOG.csv","SERVICE","operation-dossier:dsh_captain_cod_balance","services/dsh/governance/operations/dsh_captain_cod_balance/OP_ACTIONS_CATALOG.csv","observed"
"dsh-census-0380","dsh","operation_api_map","dsh_captain_cod_balance::OP_API_MAP","services::dsh::governance::operations::dsh_captain_cod_balance::OP_API_MAP","services/dsh/governance/operations/dsh_captain_cod_balance/OP_API_MAP.csv","SERVICE","operation-dossier:dsh_captain_cod_balance","services/dsh/governance/operations/dsh_captain_cod_balance/OP_API_MAP.csv","observed"
"dsh-census-0381","dsh","operation_evidence_index","dsh_captain_cod_balance::OP_EVIDENCE_INDEX","services::dsh::governance::operations::dsh_captain_cod_balance::OP_EVIDENCE_INDEX","services/dsh/governance/operations/dsh_captain_cod_balance/OP_EVIDENCE_INDEX.json","SERVICE","operation-dossier:dsh_captain_cod_balance","services/dsh/governance/operations/dsh_captain_cod_balance/OP_EVIDENCE_INDEX.json","observed"
"dsh-census-0382","dsh","operation_gaps","dsh_captain_cod_balance::OP_GAPS","services::dsh::governance::operations::dsh_captain_cod_balance::OP_GAPS","services/dsh/governance/operations/dsh_captain_cod_balance/OP_GAPS.md","SERVICE","operation-dossier:dsh_captain_cod_balance","services/dsh/governance/operations/dsh_captain_cod_balance/OP_GAPS.md","observed"
"dsh-census-0383","dsh","operation_mcpw_map","dsh_captain_cod_balance::OP_MCPW_MAP","services::dsh::governance::operations::dsh_captain_cod_balance::OP_MCPW_MAP","services/dsh/governance/operations/dsh_captain_cod_balance/OP_MCPW_MAP.csv","SERVICE","operation-dossier:dsh_captain_cod_balance","services/dsh/governance/operations/dsh_captain_cod_balance/OP_MCPW_MAP.csv","observed"
"dsh-census-0384","dsh","operation_rbac_abac","dsh_captain_cod_balance::OP_RBAC_ABAC","services::dsh::governance::operations::dsh_captain_cod_balance::OP_RBAC_ABAC","services/dsh/governance/operations/dsh_captain_cod_balance/OP_RBAC_ABAC.csv","SERVICE","operation-dossier:dsh_captain_cod_balance","services/dsh/governance/operations/dsh_captain_cod_balance/OP_RBAC_ABAC.csv","observed"
"dsh-census-0385","dsh","operation_runtime_vars","dsh_captain_cod_balance::OP_RUNTIME_VARS","services::dsh::governance::operations::dsh_captain_cod_balance::OP_RUNTIME_VARS","services/dsh/governance/operations/dsh_captain_cod_balance/OP_RUNTIME_VARS.csv","SERVICE","operation-dossier:dsh_captain_cod_balance","services/dsh/governance/operations/dsh_captain_cod_balance/OP_RUNTIME_VARS.csv","observed"
"dsh-census-0386","dsh","operation_screens_map","dsh_captain_cod_balance::OP_SCREENS_MAP","services::dsh::governance::operations::dsh_captain_cod_balance::OP_SCREENS_MAP","services/dsh/governance/operations/dsh_captain_cod_balance/OP_SCREENS_MAP.csv","SERVICE","operation-dossier:dsh_captain_cod_balance","services/dsh/governance/operations/dsh_captain_cod_balance/OP_SCREENS_MAP.csv","observed"
"dsh-census-0387","dsh","operation_spec","dsh_captain_cod_balance::OP_SPEC","services::dsh::governance::operations::dsh_captain_cod_balance::OP_SPEC","services/dsh/governance/operations/dsh_captain_cod_balance/OP_SPEC.yaml","SERVICE","operation-dossier:dsh_captain_cod_balance","services/dsh/governance/operations/dsh_captain_cod_balance/OP_SPEC.yaml","observed"
"dsh-census-0388","dsh","operation_acceptance","dsh_captain_job_reject::OP_ACCEPTANCE","services::dsh::governance::operations::dsh_captain_job_reject::OP_ACCEPTANCE","services/dsh/governance/operations/dsh_captain_job_reject/OP_ACCEPTANCE.md","SERVICE","operation-dossier:dsh_captain_job_reject","services/dsh/governance/operations/dsh_captain_job_reject/OP_ACCEPTANCE.md","observed"
"dsh-census-0389","dsh","operation_actions_catalog","dsh_captain_job_reject::OP_ACTIONS_CATALOG","services::dsh::governance::operations::dsh_captain_job_reject::OP_ACTIONS_CATALOG","services/dsh/governance/operations/dsh_captain_job_reject/OP_ACTIONS_CATALOG.csv","SERVICE","operation-dossier:dsh_captain_job_reject","services/dsh/governance/operations/dsh_captain_job_reject/OP_ACTIONS_CATALOG.csv","observed"
"dsh-census-0390","dsh","operation_api_map","dsh_captain_job_reject::OP_API_MAP","services::dsh::governance::operations::dsh_captain_job_reject::OP_API_MAP","services/dsh/governance/operations/dsh_captain_job_reject/OP_API_MAP.csv","SERVICE","operation-dossier:dsh_captain_job_reject","services/dsh/governance/operations/dsh_captain_job_reject/OP_API_MAP.csv","observed"
"dsh-census-0391","dsh","operation_evidence_index","dsh_captain_job_reject::OP_EVIDENCE_INDEX","services::dsh::governance::operations::dsh_captain_job_reject::OP_EVIDENCE_INDEX","services/dsh/governance/operations/dsh_captain_job_reject/OP_EVIDENCE_INDEX.json","SERVICE","operation-dossier:dsh_captain_job_reject","services/dsh/governance/operations/dsh_captain_job_reject/OP_EVIDENCE_INDEX.json","observed"
"dsh-census-0392","dsh","operation_gaps","dsh_captain_job_reject::OP_GAPS","services::dsh::governance::operations::dsh_captain_job_reject::OP_GAPS","services/dsh/governance/operations/dsh_captain_job_reject/OP_GAPS.md","SERVICE","operation-dossier:dsh_captain_job_reject","services/dsh/governance/operations/dsh_captain_job_reject/OP_GAPS.md","observed"
"dsh-census-0393","dsh","operation_mcpw_map","dsh_captain_job_reject::OP_MCPW_MAP","services::dsh::governance::operations::dsh_captain_job_reject::OP_MCPW_MAP","services/dsh/governance/operations/dsh_captain_job_reject/OP_MCPW_MAP.csv","SERVICE","operation-dossier:dsh_captain_job_reject","services/dsh/governance/operations/dsh_captain_job_reject/OP_MCPW_MAP.csv","observed"
"dsh-census-0394","dsh","operation_rbac_abac","dsh_captain_job_reject::OP_RBAC_ABAC","services::dsh::governance::operations::dsh_captain_job_reject::OP_RBAC_ABAC","services/dsh/governance/operations/dsh_captain_job_reject/OP_RBAC_ABAC.csv","SERVICE","operation-dossier:dsh_captain_job_reject","services/dsh/governance/operations/dsh_captain_job_reject/OP_RBAC_ABAC.csv","observed"
"dsh-census-0395","dsh","operation_runtime_vars","dsh_captain_job_reject::OP_RUNTIME_VARS","services::dsh::governance::operations::dsh_captain_job_reject::OP_RUNTIME_VARS","services/dsh/governance/operations/dsh_captain_job_reject/OP_RUNTIME_VARS.csv","SERVICE","operation-dossier:dsh_captain_job_reject","services/dsh/governance/operations/dsh_captain_job_reject/OP_RUNTIME_VARS.csv","observed"
"dsh-census-0396","dsh","operation_screens_map","dsh_captain_job_reject::OP_SCREENS_MAP","services::dsh::governance::operations::dsh_captain_job_reject::OP_SCREENS_MAP","services/dsh/governance/operations/dsh_captain_job_reject/OP_SCREENS_MAP.csv","SERVICE","operation-dossier:dsh_captain_job_reject","services/dsh/governance/operations/dsh_captain_job_reject/OP_SCREENS_MAP.csv","observed"
"dsh-census-0397","dsh","operation_spec","dsh_captain_job_reject::OP_SPEC","services::dsh::governance::operations::dsh_captain_job_reject::OP_SPEC","services/dsh/governance/operations/dsh_captain_job_reject/OP_SPEC.yaml","SERVICE","operation-dossier:dsh_captain_job_reject","services/dsh/governance/operations/dsh_captain_job_reject/OP_SPEC.yaml","observed"
"dsh-census-0398","dsh","operation_acceptance","dsh_captain_proof_upload::OP_ACCEPTANCE","services::dsh::governance::operations::dsh_captain_proof_upload::OP_ACCEPTANCE","services/dsh/governance/operations/dsh_captain_proof_upload/OP_ACCEPTANCE.md","SERVICE","operation-dossier:dsh_captain_proof_upload","services/dsh/governance/operations/dsh_captain_proof_upload/OP_ACCEPTANCE.md","observed"
"dsh-census-0399","dsh","operation_actions_catalog","dsh_captain_proof_upload::OP_ACTIONS_CATALOG","services::dsh::governance::operations::dsh_captain_proof_upload::OP_ACTIONS_CATALOG","services/dsh/governance/operations/dsh_captain_proof_upload/OP_ACTIONS_CATALOG.csv","SERVICE","operation-dossier:dsh_captain_proof_upload","services/dsh/governance/operations/dsh_captain_proof_upload/OP_ACTIONS_CATALOG.csv","observed"
"dsh-census-0400","dsh","operation_api_map","dsh_captain_proof_upload::OP_API_MAP","services::dsh::governance::operations::dsh_captain_proof_upload::OP_API_MAP","services/dsh/governance/operations/dsh_captain_proof_upload/OP_API_MAP.csv","SERVICE","operation-dossier:dsh_captain_proof_upload","services/dsh/governance/operations/dsh_captain_proof_upload/OP_API_MAP.csv","observed"
"dsh-census-0401","dsh","operation_evidence_index","dsh_captain_proof_upload::OP_EVIDENCE_INDEX","services::dsh::governance::operations::dsh_captain_proof_upload::OP_EVIDENCE_INDEX","services/dsh/governance/operations/dsh_captain_proof_upload/OP_EVIDENCE_INDEX.json","SERVICE","operation-dossier:dsh_captain_proof_upload","services/dsh/governance/operations/dsh_captain_proof_upload/OP_EVIDENCE_INDEX.json","observed"
"dsh-census-0402","dsh","operation_gaps","dsh_captain_proof_upload::OP_GAPS","services::dsh::governance::operations::dsh_captain_proof_upload::OP_GAPS","services/dsh/governance/operations/dsh_captain_proof_upload/OP_GAPS.md","SERVICE","operation-dossier:dsh_captain_proof_upload","services/dsh/governance/operations/dsh_captain_proof_upload/OP_GAPS.md","observed"
"dsh-census-0403","dsh","operation_mcpw_map","dsh_captain_proof_upload::OP_MCPW_MAP","services::dsh::governance::operations::dsh_captain_proof_upload::OP_MCPW_MAP","services/dsh/governance/operations/dsh_captain_proof_upload/OP_MCPW_MAP.csv","SERVICE","operation-dossier:dsh_captain_proof_upload","services/dsh/governance/operations/dsh_captain_proof_upload/OP_MCPW_MAP.csv","observed"
"dsh-census-0404","dsh","operation_rbac_abac","dsh_captain_proof_upload::OP_RBAC_ABAC","services::dsh::governance::operations::dsh_captain_proof_upload::OP_RBAC_ABAC","services/dsh/governance/operations/dsh_captain_proof_upload/OP_RBAC_ABAC.csv","SERVICE","operation-dossier:dsh_captain_proof_upload","services/dsh/governance/operations/dsh_captain_proof_upload/OP_RBAC_ABAC.csv","observed"
"dsh-census-0405","dsh","operation_runtime_vars","dsh_captain_proof_upload::OP_RUNTIME_VARS","services::dsh::governance::operations::dsh_captain_proof_upload::OP_RUNTIME_VARS","services/dsh/governance/operations/dsh_captain_proof_upload/OP_RUNTIME_VARS.csv","SERVICE","operation-dossier:dsh_captain_proof_upload","services/dsh/governance/operations/dsh_captain_proof_upload/OP_RUNTIME_VARS.csv","observed"
"dsh-census-0406","dsh","operation_screens_map","dsh_captain_proof_upload::OP_SCREENS_MAP","services::dsh::governance::operations::dsh_captain_proof_upload::OP_SCREENS_MAP","services/dsh/governance/operations/dsh_captain_proof_upload/OP_SCREENS_MAP.csv","SERVICE","operation-dossier:dsh_captain_proof_upload","services/dsh/governance/operations/dsh_captain_proof_upload/OP_SCREENS_MAP.csv","observed"
"dsh-census-0407","dsh","operation_spec","dsh_captain_proof_upload::OP_SPEC","services::dsh::governance::operations::dsh_captain_proof_upload::OP_SPEC","services/dsh/governance/operations/dsh_captain_proof_upload/OP_SPEC.yaml","SERVICE","operation-dossier:dsh_captain_proof_upload","services/dsh/governance/operations/dsh_captain_proof_upload/OP_SPEC.yaml","observed"
"dsh-census-0408","dsh","operation_acceptance","dsh_captain_tier_evaluate::OP_ACCEPTANCE","services::dsh::governance::operations::dsh_captain_tier_evaluate::OP_ACCEPTANCE","services/dsh/governance/operations/dsh_captain_tier_evaluate/OP_ACCEPTANCE.md","SERVICE","operation-dossier:dsh_captain_tier_evaluate","services/dsh/governance/operations/dsh_captain_tier_evaluate/OP_ACCEPTANCE.md","observed"
"dsh-census-0409","dsh","operation_actions_catalog","dsh_captain_tier_evaluate::OP_ACTIONS_CATALOG","services::dsh::governance::operations::dsh_captain_tier_evaluate::OP_ACTIONS_CATALOG","services/dsh/governance/operations/dsh_captain_tier_evaluate/OP_ACTIONS_CATALOG.csv","SERVICE","operation-dossier:dsh_captain_tier_evaluate","services/dsh/governance/operations/dsh_captain_tier_evaluate/OP_ACTIONS_CATALOG.csv","observed"
"dsh-census-0410","dsh","operation_api_map","dsh_captain_tier_evaluate::OP_API_MAP","services::dsh::governance::operations::dsh_captain_tier_evaluate::OP_API_MAP","services/dsh/governance/operations/dsh_captain_tier_evaluate/OP_API_MAP.csv","SERVICE","operation-dossier:dsh_captain_tier_evaluate","services/dsh/governance/operations/dsh_captain_tier_evaluate/OP_API_MAP.csv","observed"
"dsh-census-0411","dsh","operation_evidence_index","dsh_captain_tier_evaluate::OP_EVIDENCE_INDEX","services::dsh::governance::operations::dsh_captain_tier_evaluate::OP_EVIDENCE_INDEX","services/dsh/governance/operations/dsh_captain_tier_evaluate/OP_EVIDENCE_INDEX.json","SERVICE","operation-dossier:dsh_captain_tier_evaluate","services/dsh/governance/operations/dsh_captain_tier_evaluate/OP_EVIDENCE_INDEX.json","observed"
"dsh-census-0412","dsh","operation_gaps","dsh_captain_tier_evaluate::OP_GAPS","services::dsh::governance::operations::dsh_captain_tier_evaluate::OP_GAPS","services/dsh/governance/operations/dsh_captain_tier_evaluate/OP_GAPS.md","SERVICE","operation-dossier:dsh_captain_tier_evaluate","services/dsh/governance/operations/dsh_captain_tier_evaluate/OP_GAPS.md","observed"
"dsh-census-0413","dsh","operation_mcpw_map","dsh_captain_tier_evaluate::OP_MCPW_MAP","services::dsh::governance::operations::dsh_captain_tier_evaluate::OP_MCPW_MAP","services/dsh/governance/operations/dsh_captain_tier_evaluate/OP_MCPW_MAP.csv","SERVICE","operation-dossier:dsh_captain_tier_evaluate","services/dsh/governance/operations/dsh_captain_tier_evaluate/OP_MCPW_MAP.csv","observed"
"dsh-census-0414","dsh","operation_rbac_abac","dsh_captain_tier_evaluate::OP_RBAC_ABAC","services::dsh::governance::operations::dsh_captain_tier_evaluate::OP_RBAC_ABAC","services/dsh/governance/operations/dsh_captain_tier_evaluate/OP_RBAC_ABAC.csv","SERVICE","operation-dossier:dsh_captain_tier_evaluate","services/dsh/governance/operations/dsh_captain_tier_evaluate/OP_RBAC_ABAC.csv","observed"
"dsh-census-0415","dsh","operation_runtime_vars","dsh_captain_tier_evaluate::OP_RUNTIME_VARS","services::dsh::governance::operations::dsh_captain_tier_evaluate::OP_RUNTIME_VARS","services/dsh/governance/operations/dsh_captain_tier_evaluate/OP_RUNTIME_VARS.csv","SERVICE","operation-dossier:dsh_captain_tier_evaluate","services/dsh/governance/operations/dsh_captain_tier_evaluate/OP_RUNTIME_VARS.csv","observed"
"dsh-census-0416","dsh","operation_screens_map","dsh_captain_tier_evaluate::OP_SCREENS_MAP","services::dsh::governance::operations::dsh_captain_tier_evaluate::OP_SCREENS_MAP","services/dsh/governance/operations/dsh_captain_tier_evaluate/OP_SCREENS_MAP.csv","SERVICE","operation-dossier:dsh_captain_tier_evaluate","services/dsh/governance/operations/dsh_captain_tier_evaluate/OP_SCREENS_MAP.csv","observed"
"dsh-census-0417","dsh","operation_spec","dsh_captain_tier_evaluate::OP_SPEC","services::dsh::governance::operations::dsh_captain_tier_evaluate::OP_SPEC","services/dsh/governance/operations/dsh_captain_tier_evaluate/OP_SPEC.yaml","SERVICE","operation-dossier:dsh_captain_tier_evaluate","services/dsh/governance/operations/dsh_captain_tier_evaluate/OP_SPEC.yaml","observed"
"dsh-census-0418","dsh","operation_acceptance","dsh_captain_tier_info::OP_ACCEPTANCE","services::dsh::governance::operations::dsh_captain_tier_info::OP_ACCEPTANCE","services/dsh/governance/operations/dsh_captain_tier_info/OP_ACCEPTANCE.md","SERVICE","operation-dossier:dsh_captain_tier_info","services/dsh/governance/operations/dsh_captain_tier_info/OP_ACCEPTANCE.md","observed"
"dsh-census-0419","dsh","operation_actions_catalog","dsh_captain_tier_info::OP_ACTIONS_CATALOG","services::dsh::governance::operations::dsh_captain_tier_info::OP_ACTIONS_CATALOG","services/dsh/governance/operations/dsh_captain_tier_info/OP_ACTIONS_CATALOG.csv","SERVICE","operation-dossier:dsh_captain_tier_info","services/dsh/governance/operations/dsh_captain_tier_info/OP_ACTIONS_CATALOG.csv","observed"
"dsh-census-0420","dsh","operation_api_map","dsh_captain_tier_info::OP_API_MAP","services::dsh::governance::operations::dsh_captain_tier_info::OP_API_MAP","services/dsh/governance/operations/dsh_captain_tier_info/OP_API_MAP.csv","SERVICE","operation-dossier:dsh_captain_tier_info","services/dsh/governance/operations/dsh_captain_tier_info/OP_API_MAP.csv","observed"
"dsh-census-0421","dsh","operation_evidence_index","dsh_captain_tier_info::OP_EVIDENCE_INDEX","services::dsh::governance::operations::dsh_captain_tier_info::OP_EVIDENCE_INDEX","services/dsh/governance/operations/dsh_captain_tier_info/OP_EVIDENCE_INDEX.json","SERVICE","operation-dossier:dsh_captain_tier_info","services/dsh/governance/operations/dsh_captain_tier_info/OP_EVIDENCE_INDEX.json","observed"
"dsh-census-0422","dsh","operation_gaps","dsh_captain_tier_info::OP_GAPS","services::dsh::governance::operations::dsh_captain_tier_info::OP_GAPS","services/dsh/governance/operations/dsh_captain_tier_info/OP_GAPS.md","SERVICE","operation-dossier:dsh_captain_tier_info","services/dsh/governance/operations/dsh_captain_tier_info/OP_GAPS.md","observed"
"dsh-census-0423","dsh","operation_mcpw_map","dsh_captain_tier_info::OP_MCPW_MAP","services::dsh::governance::operations::dsh_captain_tier_info::OP_MCPW_MAP","services/dsh/governance/operations/dsh_captain_tier_info/OP_MCPW_MAP.csv","SERVICE","operation-dossier:dsh_captain_tier_info","services/dsh/governance/operations/dsh_captain_tier_info/OP_MCPW_MAP.csv","observed"
"dsh-census-0424","dsh","operation_rbac_abac","dsh_captain_tier_info::OP_RBAC_ABAC","services::dsh::governance::operations::dsh_captain_tier_info::OP_RBAC_ABAC","services/dsh/governance/operations/dsh_captain_tier_info/OP_RBAC_ABAC.csv","SERVICE","operation-dossier:dsh_captain_tier_info","services/dsh/governance/operations/dsh_captain_tier_info/OP_RBAC_ABAC.csv","observed"
"dsh-census-0425","dsh","operation_runtime_vars","dsh_captain_tier_info::OP_RUNTIME_VARS","services::dsh::governance::operations::dsh_captain_tier_info::OP_RUNTIME_VARS","services/dsh/governance/operations/dsh_captain_tier_info/OP_RUNTIME_VARS.csv","SERVICE","operation-dossier:dsh_captain_tier_info","services/dsh/governance/operations/dsh_captain_tier_info/OP_RUNTIME_VARS.csv","observed"
"dsh-census-0426","dsh","operation_screens_map","dsh_captain_tier_info::OP_SCREENS_MAP","services::dsh::governance::operations::dsh_captain_tier_info::OP_SCREENS_MAP","services/dsh/governance/operations/dsh_captain_tier_info/OP_SCREENS_MAP.csv","SERVICE","operation-dossier:dsh_captain_tier_info","services/dsh/governance/operations/dsh_captain_tier_info/OP_SCREENS_MAP.csv","observed"
"dsh-census-0427","dsh","operation_spec","dsh_captain_tier_info::OP_SPEC","services::dsh::governance::operations::dsh_captain_tier_info::OP_SPEC","services/dsh/governance/operations/dsh_captain_tier_info/OP_SPEC.yaml","SERVICE","operation-dossier:dsh_captain_tier_info","services/dsh/governance/operations/dsh_captain_tier_info/OP_SPEC.yaml","observed"
"dsh-census-0428","dsh","operation_acceptance","dsh_cart_get::OP_ACCEPTANCE","services::dsh::governance::operations::dsh_cart_get::OP_ACCEPTANCE","services/dsh/governance/operations/dsh_cart_get/OP_ACCEPTANCE.md","SERVICE","operation-dossier:dsh_cart_get","services/dsh/governance/operations/dsh_cart_get/OP_ACCEPTANCE.md","observed"
"dsh-census-0429","dsh","operation_actions_catalog","dsh_cart_get::OP_ACTIONS_CATALOG","services::dsh::governance::operations::dsh_cart_get::OP_ACTIONS_CATALOG","services/dsh/governance/operations/dsh_cart_get/OP_ACTIONS_CATALOG.csv","SERVICE","operation-dossier:dsh_cart_get","services/dsh/governance/operations/dsh_cart_get/OP_ACTIONS_CATALOG.csv","observed"
"dsh-census-0430","dsh","operation_api_map","dsh_cart_get::OP_API_MAP","services::dsh::governance::operations::dsh_cart_get::OP_API_MAP","services/dsh/governance/operations/dsh_cart_get/OP_API_MAP.csv","SERVICE","operation-dossier:dsh_cart_get","services/dsh/governance/operations/dsh_cart_get/OP_API_MAP.csv","observed"
"dsh-census-0431","dsh","operation_evidence_index","dsh_cart_get::OP_EVIDENCE_INDEX","services::dsh::governance::operations::dsh_cart_get::OP_EVIDENCE_INDEX","services/dsh/governance/operations/dsh_cart_get/OP_EVIDENCE_INDEX.json","SERVICE","operation-dossier:dsh_cart_get","services/dsh/governance/operations/dsh_cart_get/OP_EVIDENCE_INDEX.json","observed"
"dsh-census-0432","dsh","operation_gaps","dsh_cart_get::OP_GAPS","services::dsh::governance::operations::dsh_cart_get::OP_GAPS","services/dsh/governance/operations/dsh_cart_get/OP_GAPS.md","SERVICE","operation-dossier:dsh_cart_get","services/dsh/governance/operations/dsh_cart_get/OP_GAPS.md","observed"
"dsh-census-0433","dsh","operation_mcpw_map","dsh_cart_get::OP_MCPW_MAP","services::dsh::governance::operations::dsh_cart_get::OP_MCPW_MAP","services/dsh/governance/operations/dsh_cart_get/OP_MCPW_MAP.csv","SERVICE","operation-dossier:dsh_cart_get","services/dsh/governance/operations/dsh_cart_get/OP_MCPW_MAP.csv","observed"
"dsh-census-0434","dsh","operation_rbac_abac","dsh_cart_get::OP_RBAC_ABAC","services::dsh::governance::operations::dsh_cart_get::OP_RBAC_ABAC","services/dsh/governance/operations/dsh_cart_get/OP_RBAC_ABAC.csv","SERVICE","operation-dossier:dsh_cart_get","services/dsh/governance/operations/dsh_cart_get/OP_RBAC_ABAC.csv","observed"
"dsh-census-0435","dsh","operation_runtime_vars","dsh_cart_get::OP_RUNTIME_VARS","services::dsh::governance::operations::dsh_cart_get::OP_RUNTIME_VARS","services/dsh/governance/operations/dsh_cart_get/OP_RUNTIME_VARS.csv","SERVICE","operation-dossier:dsh_cart_get","services/dsh/governance/operations/dsh_cart_get/OP_RUNTIME_VARS.csv","observed"
"dsh-census-0436","dsh","operation_screens_map","dsh_cart_get::OP_SCREENS_MAP","services::dsh::governance::operations::dsh_cart_get::OP_SCREENS_MAP","services/dsh/governance/operations/dsh_cart_get/OP_SCREENS_MAP.csv","SERVICE","operation-dossier:dsh_cart_get","services/dsh/governance/operations/dsh_cart_get/OP_SCREENS_MAP.csv","observed"
"dsh-census-0437","dsh","operation_spec","dsh_cart_get::OP_SPEC","services::dsh::governance::operations::dsh_cart_get::OP_SPEC","services/dsh/governance/operations/dsh_cart_get/OP_SPEC.yaml","SERVICE","operation-dossier:dsh_cart_get","services/dsh/governance/operations/dsh_cart_get/OP_SPEC.yaml","observed"
"dsh-census-0438","dsh","operation_acceptance","dsh_cart_init::OP_ACCEPTANCE","services::dsh::governance::operations::dsh_cart_init::OP_ACCEPTANCE","services/dsh/governance/operations/dsh_cart_init/OP_ACCEPTANCE.md","SERVICE","operation-dossier:dsh_cart_init","services/dsh/governance/operations/dsh_cart_init/OP_ACCEPTANCE.md","observed"
"dsh-census-0439","dsh","operation_actions_catalog","dsh_cart_init::OP_ACTIONS_CATALOG","services::dsh::governance::operations::dsh_cart_init::OP_ACTIONS_CATALOG","services/dsh/governance/operations/dsh_cart_init/OP_ACTIONS_CATALOG.csv","SERVICE","operation-dossier:dsh_cart_init","services/dsh/governance/operations/dsh_cart_init/OP_ACTIONS_CATALOG.csv","observed"
"dsh-census-0440","dsh","operation_api_map","dsh_cart_init::OP_API_MAP","services::dsh::governance::operations::dsh_cart_init::OP_API_MAP","services/dsh/governance/operations/dsh_cart_init/OP_API_MAP.csv","SERVICE","operation-dossier:dsh_cart_init","services/dsh/governance/operations/dsh_cart_init/OP_API_MAP.csv","observed"
"dsh-census-0441","dsh","operation_evidence_index","dsh_cart_init::OP_EVIDENCE_INDEX","services::dsh::governance::operations::dsh_cart_init::OP_EVIDENCE_INDEX","services/dsh/governance/operations/dsh_cart_init/OP_EVIDENCE_INDEX.json","SERVICE","operation-dossier:dsh_cart_init","services/dsh/governance/operations/dsh_cart_init/OP_EVIDENCE_INDEX.json","observed"
"dsh-census-0442","dsh","operation_gaps","dsh_cart_init::OP_GAPS","services::dsh::governance::operations::dsh_cart_init::OP_GAPS","services/dsh/governance/operations/dsh_cart_init/OP_GAPS.md","SERVICE","operation-dossier:dsh_cart_init","services/dsh/governance/operations/dsh_cart_init/OP_GAPS.md","observed"
"dsh-census-0443","dsh","operation_mcpw_map","dsh_cart_init::OP_MCPW_MAP","services::dsh::governance::operations::dsh_cart_init::OP_MCPW_MAP","services/dsh/governance/operations/dsh_cart_init/OP_MCPW_MAP.csv","SERVICE","operation-dossier:dsh_cart_init","services/dsh/governance/operations/dsh_cart_init/OP_MCPW_MAP.csv","observed"
"dsh-census-0444","dsh","operation_rbac_abac","dsh_cart_init::OP_RBAC_ABAC","services::dsh::governance::operations::dsh_cart_init::OP_RBAC_ABAC","services/dsh/governance/operations/dsh_cart_init/OP_RBAC_ABAC.csv","SERVICE","operation-dossier:dsh_cart_init","services/dsh/governance/operations/dsh_cart_init/OP_RBAC_ABAC.csv","observed"
"dsh-census-0445","dsh","operation_runtime_vars","dsh_cart_init::OP_RUNTIME_VARS","services::dsh::governance::operations::dsh_cart_init::OP_RUNTIME_VARS","services/dsh/governance/operations/dsh_cart_init/OP_RUNTIME_VARS.csv","SERVICE","operation-dossier:dsh_cart_init","services/dsh/governance/operations/dsh_cart_init/OP_RUNTIME_VARS.csv","observed"
"dsh-census-0446","dsh","operation_screens_map","dsh_cart_init::OP_SCREENS_MAP","services::dsh::governance::operations::dsh_cart_init::OP_SCREENS_MAP","services/dsh/governance/operations/dsh_cart_init/OP_SCREENS_MAP.csv","SERVICE","operation-dossier:dsh_cart_init","services/dsh/governance/operations/dsh_cart_init/OP_SCREENS_MAP.csv","observed"
"dsh-census-0447","dsh","operation_spec","dsh_cart_init::OP_SPEC","services::dsh::governance::operations::dsh_cart_init::OP_SPEC","services/dsh/governance/operations/dsh_cart_init/OP_SPEC.yaml","SERVICE","operation-dossier:dsh_cart_init","services/dsh/governance/operations/dsh_cart_init/OP_SPEC.yaml","observed"
"dsh-census-0448","dsh","operation_acceptance","dsh_cart_item_add::OP_ACCEPTANCE","services::dsh::governance::operations::dsh_cart_item_add::OP_ACCEPTANCE","services/dsh/governance/operations/dsh_cart_item_add/OP_ACCEPTANCE.md","SERVICE","operation-dossier:dsh_cart_item_add","services/dsh/governance/operations/dsh_cart_item_add/OP_ACCEPTANCE.md","observed"
"dsh-census-0449","dsh","operation_actions_catalog","dsh_cart_item_add::OP_ACTIONS_CATALOG","services::dsh::governance::operations::dsh_cart_item_add::OP_ACTIONS_CATALOG","services/dsh/governance/operations/dsh_cart_item_add/OP_ACTIONS_CATALOG.csv","SERVICE","operation-dossier:dsh_cart_item_add","services/dsh/governance/operations/dsh_cart_item_add/OP_ACTIONS_CATALOG.csv","observed"
"dsh-census-0450","dsh","operation_api_map","dsh_cart_item_add::OP_API_MAP","services::dsh::governance::operations::dsh_cart_item_add::OP_API_MAP","services/dsh/governance/operations/dsh_cart_item_add/OP_API_MAP.csv","SERVICE","operation-dossier:dsh_cart_item_add","services/dsh/governance/operations/dsh_cart_item_add/OP_API_MAP.csv","observed"
"dsh-census-0451","dsh","operation_evidence_index","dsh_cart_item_add::OP_EVIDENCE_INDEX","services::dsh::governance::operations::dsh_cart_item_add::OP_EVIDENCE_INDEX","services/dsh/governance/operations/dsh_cart_item_add/OP_EVIDENCE_INDEX.json","SERVICE","operation-dossier:dsh_cart_item_add","services/dsh/governance/operations/dsh_cart_item_add/OP_EVIDENCE_INDEX.json","observed"
"dsh-census-0452","dsh","operation_gaps","dsh_cart_item_add::OP_GAPS","services::dsh::governance::operations::dsh_cart_item_add::OP_GAPS","services/dsh/governance/operations/dsh_cart_item_add/OP_GAPS.md","SERVICE","operation-dossier:dsh_cart_item_add","services/dsh/governance/operations/dsh_cart_item_add/OP_GAPS.md","observed"
"dsh-census-0453","dsh","operation_mcpw_map","dsh_cart_item_add::OP_MCPW_MAP","services::dsh::governance::operations::dsh_cart_item_add::OP_MCPW_MAP","services/dsh/governance/operations/dsh_cart_item_add/OP_MCPW_MAP.csv","SERVICE","operation-dossier:dsh_cart_item_add","services/dsh/governance/operations/dsh_cart_item_add/OP_MCPW_MAP.csv","observed"
"dsh-census-0454","dsh","operation_rbac_abac","dsh_cart_item_add::OP_RBAC_ABAC","services::dsh::governance::operations::dsh_cart_item_add::OP_RBAC_ABAC","services/dsh/governance/operations/dsh_cart_item_add/OP_RBAC_ABAC.csv","SERVICE","operation-dossier:dsh_cart_item_add","services/dsh/governance/operations/dsh_cart_item_add/OP_RBAC_ABAC.csv","observed"
"dsh-census-0455","dsh","operation_runtime_vars","dsh_cart_item_add::OP_RUNTIME_VARS","services::dsh::governance::operations::dsh_cart_item_add::OP_RUNTIME_VARS","services/dsh/governance/operations/dsh_cart_item_add/OP_RUNTIME_VARS.csv","SERVICE","operation-dossier:dsh_cart_item_add","services/dsh/governance/operations/dsh_cart_item_add/OP_RUNTIME_VARS.csv","observed"
"dsh-census-0456","dsh","operation_screens_map","dsh_cart_item_add::OP_SCREENS_MAP","services::dsh::governance::operations::dsh_cart_item_add::OP_SCREENS_MAP","services/dsh/governance/operations/dsh_cart_item_add/OP_SCREENS_MAP.csv","SERVICE","operation-dossier:dsh_cart_item_add","services/dsh/governance/operations/dsh_cart_item_add/OP_SCREENS_MAP.csv","observed"
"dsh-census-0457","dsh","operation_spec","dsh_cart_item_add::OP_SPEC","services::dsh::governance::operations::dsh_cart_item_add::OP_SPEC","services/dsh/governance/operations/dsh_cart_item_add/OP_SPEC.yaml","SERVICE","operation-dossier:dsh_cart_item_add","services/dsh/governance/operations/dsh_cart_item_add/OP_SPEC.yaml","observed"
"dsh-census-0458","dsh","operation_acceptance","dsh_cart_item_remove::OP_ACCEPTANCE","services::dsh::governance::operations::dsh_cart_item_remove::OP_ACCEPTANCE","services/dsh/governance/operations/dsh_cart_item_remove/OP_ACCEPTANCE.md","SERVICE","operation-dossier:dsh_cart_item_remove","services/dsh/governance/operations/dsh_cart_item_remove/OP_ACCEPTANCE.md","observed"
"dsh-census-0459","dsh","operation_actions_catalog","dsh_cart_item_remove::OP_ACTIONS_CATALOG","services::dsh::governance::operations::dsh_cart_item_remove::OP_ACTIONS_CATALOG","services/dsh/governance/operations/dsh_cart_item_remove/OP_ACTIONS_CATALOG.csv","SERVICE","operation-dossier:dsh_cart_item_remove","services/dsh/governance/operations/dsh_cart_item_remove/OP_ACTIONS_CATALOG.csv","observed"
"dsh-census-0460","dsh","operation_api_map","dsh_cart_item_remove::OP_API_MAP","services::dsh::governance::operations::dsh_cart_item_remove::OP_API_MAP","services/dsh/governance/operations/dsh_cart_item_remove/OP_API_MAP.csv","SERVICE","operation-dossier:dsh_cart_item_remove","services/dsh/governance/operations/dsh_cart_item_remove/OP_API_MAP.csv","observed"
"dsh-census-0461","dsh","operation_evidence_index","dsh_cart_item_remove::OP_EVIDENCE_INDEX","services::dsh::governance::operations::dsh_cart_item_remove::OP_EVIDENCE_INDEX","services/dsh/governance/operations/dsh_cart_item_remove/OP_EVIDENCE_INDEX.json","SERVICE","operation-dossier:dsh_cart_item_remove","services/dsh/governance/operations/dsh_cart_item_remove/OP_EVIDENCE_INDEX.json","observed"
"dsh-census-0462","dsh","operation_gaps","dsh_cart_item_remove::OP_GAPS","services::dsh::governance::operations::dsh_cart_item_remove::OP_GAPS","services/dsh/governance/operations/dsh_cart_item_remove/OP_GAPS.md","SERVICE","operation-dossier:dsh_cart_item_remove","services/dsh/governance/operations/dsh_cart_item_remove/OP_GAPS.md","observed"
"dsh-census-0463","dsh","operation_mcpw_map","dsh_cart_item_remove::OP_MCPW_MAP","services::dsh::governance::operations::dsh_cart_item_remove::OP_MCPW_MAP","services/dsh/governance/operations/dsh_cart_item_remove/OP_MCPW_MAP.csv","SERVICE","operation-dossier:dsh_cart_item_remove","services/dsh/governance/operations/dsh_cart_item_remove/OP_MCPW_MAP.csv","observed"
"dsh-census-0464","dsh","operation_rbac_abac","dsh_cart_item_remove::OP_RBAC_ABAC","services::dsh::governance::operations::dsh_cart_item_remove::OP_RBAC_ABAC","services/dsh/governance/operations/dsh_cart_item_remove/OP_RBAC_ABAC.csv","SERVICE","operation-dossier:dsh_cart_item_remove","services/dsh/governance/operations/dsh_cart_item_remove/OP_RBAC_ABAC.csv","observed"
"dsh-census-0465","dsh","operation_runtime_vars","dsh_cart_item_remove::OP_RUNTIME_VARS","services::dsh::governance::operations::dsh_cart_item_remove::OP_RUNTIME_VARS","services/dsh/governance/operations/dsh_cart_item_remove/OP_RUNTIME_VARS.csv","SERVICE","operation-dossier:dsh_cart_item_remove","services/dsh/governance/operations/dsh_cart_item_remove/OP_RUNTIME_VARS.csv","observed"
"dsh-census-0466","dsh","operation_screens_map","dsh_cart_item_remove::OP_SCREENS_MAP","services::dsh::governance::operations::dsh_cart_item_remove::OP_SCREENS_MAP","services/dsh/governance/operations/dsh_cart_item_remove/OP_SCREENS_MAP.csv","SERVICE","operation-dossier:dsh_cart_item_remove","services/dsh/governance/operations/dsh_cart_item_remove/OP_SCREENS_MAP.csv","observed"
"dsh-census-0467","dsh","operation_spec","dsh_cart_item_remove::OP_SPEC","services::dsh::governance::operations::dsh_cart_item_remove::OP_SPEC","services/dsh/governance/operations/dsh_cart_item_remove/OP_SPEC.yaml","SERVICE","operation-dossier:dsh_cart_item_remove","services/dsh/governance/operations/dsh_cart_item_remove/OP_SPEC.yaml","observed"
"dsh-census-0468","dsh","operation_acceptance","dsh_cart_item_update::OP_ACCEPTANCE","services::dsh::governance::operations::dsh_cart_item_update::OP_ACCEPTANCE","services/dsh/governance/operations/dsh_cart_item_update/OP_ACCEPTANCE.md","SERVICE","operation-dossier:dsh_cart_item_update","services/dsh/governance/operations/dsh_cart_item_update/OP_ACCEPTANCE.md","observed"
"dsh-census-0469","dsh","operation_actions_catalog","dsh_cart_item_update::OP_ACTIONS_CATALOG","services::dsh::governance::operations::dsh_cart_item_update::OP_ACTIONS_CATALOG","services/dsh/governance/operations/dsh_cart_item_update/OP_ACTIONS_CATALOG.csv","SERVICE","operation-dossier:dsh_cart_item_update","services/dsh/governance/operations/dsh_cart_item_update/OP_ACTIONS_CATALOG.csv","observed"
"dsh-census-0470","dsh","operation_api_map","dsh_cart_item_update::OP_API_MAP","services::dsh::governance::operations::dsh_cart_item_update::OP_API_MAP","services/dsh/governance/operations/dsh_cart_item_update/OP_API_MAP.csv","SERVICE","operation-dossier:dsh_cart_item_update","services/dsh/governance/operations/dsh_cart_item_update/OP_API_MAP.csv","observed"
"dsh-census-0471","dsh","operation_evidence_index","dsh_cart_item_update::OP_EVIDENCE_INDEX","services::dsh::governance::operations::dsh_cart_item_update::OP_EVIDENCE_INDEX","services/dsh/governance/operations/dsh_cart_item_update/OP_EVIDENCE_INDEX.json","SERVICE","operation-dossier:dsh_cart_item_update","services/dsh/governance/operations/dsh_cart_item_update/OP_EVIDENCE_INDEX.json","observed"
"dsh-census-0472","dsh","operation_gaps","dsh_cart_item_update::OP_GAPS","services::dsh::governance::operations::dsh_cart_item_update::OP_GAPS","services/dsh/governance/operations/dsh_cart_item_update/OP_GAPS.md","SERVICE","operation-dossier:dsh_cart_item_update","services/dsh/governance/operations/dsh_cart_item_update/OP_GAPS.md","observed"
"dsh-census-0473","dsh","operation_mcpw_map","dsh_cart_item_update::OP_MCPW_MAP","services::dsh::governance::operations::dsh_cart_item_update::OP_MCPW_MAP","services/dsh/governance/operations/dsh_cart_item_update/OP_MCPW_MAP.csv","SERVICE","operation-dossier:dsh_cart_item_update","services/dsh/governance/operations/dsh_cart_item_update/OP_MCPW_MAP.csv","observed"
"dsh-census-0474","dsh","operation_rbac_abac","dsh_cart_item_update::OP_RBAC_ABAC","services::dsh::governance::operations::dsh_cart_item_update::OP_RBAC_ABAC","services/dsh/governance/operations/dsh_cart_item_update/OP_RBAC_ABAC.csv","SERVICE","operation-dossier:dsh_cart_item_update","services/dsh/governance/operations/dsh_cart_item_update/OP_RBAC_ABAC.csv","observed"
"dsh-census-0475","dsh","operation_runtime_vars","dsh_cart_item_update::OP_RUNTIME_VARS","services::dsh::governance::operations::dsh_cart_item_update::OP_RUNTIME_VARS","services/dsh/governance/operations/dsh_cart_item_update/OP_RUNTIME_VARS.csv","SERVICE","operation-dossier:dsh_cart_item_update","services/dsh/governance/operations/dsh_cart_item_update/OP_RUNTIME_VARS.csv","observed"
"dsh-census-0476","dsh","operation_screens_map","dsh_cart_item_update::OP_SCREENS_MAP","services::dsh::governance::operations::dsh_cart_item_update::OP_SCREENS_MAP","services/dsh/governance/operations/dsh_cart_item_update/OP_SCREENS_MAP.csv","SERVICE","operation-dossier:dsh_cart_item_update","services/dsh/governance/operations/dsh_cart_item_update/OP_SCREENS_MAP.csv","observed"
"dsh-census-0477","dsh","operation_spec","dsh_cart_item_update::OP_SPEC","services::dsh::governance::operations::dsh_cart_item_update::OP_SPEC","services/dsh/governance/operations/dsh_cart_item_update/OP_SPEC.yaml","SERVICE","operation-dossier:dsh_cart_item_update","services/dsh/governance/operations/dsh_cart_item_update/OP_SPEC.yaml","observed"
"dsh-census-0478","dsh","operation_acceptance","dsh_chat_read_ack::OP_ACCEPTANCE","services::dsh::governance::operations::dsh_chat_read_ack::OP_ACCEPTANCE","services/dsh/governance/operations/dsh_chat_read_ack/OP_ACCEPTANCE.md","SERVICE","operation-dossier:dsh_chat_read_ack","services/dsh/governance/operations/dsh_chat_read_ack/OP_ACCEPTANCE.md","observed"
"dsh-census-0479","dsh","operation_actions_catalog","dsh_chat_read_ack::OP_ACTIONS_CATALOG","services::dsh::governance::operations::dsh_chat_read_ack::OP_ACTIONS_CATALOG","services/dsh/governance/operations/dsh_chat_read_ack/OP_ACTIONS_CATALOG.csv","SERVICE","operation-dossier:dsh_chat_read_ack","services/dsh/governance/operations/dsh_chat_read_ack/OP_ACTIONS_CATALOG.csv","observed"
"dsh-census-0480","dsh","operation_api_map","dsh_chat_read_ack::OP_API_MAP","services::dsh::governance::operations::dsh_chat_read_ack::OP_API_MAP","services/dsh/governance/operations/dsh_chat_read_ack/OP_API_MAP.csv","SERVICE","operation-dossier:dsh_chat_read_ack","services/dsh/governance/operations/dsh_chat_read_ack/OP_API_MAP.csv","observed"
"dsh-census-0481","dsh","operation_evidence_index","dsh_chat_read_ack::OP_EVIDENCE_INDEX","services::dsh::governance::operations::dsh_chat_read_ack::OP_EVIDENCE_INDEX","services/dsh/governance/operations/dsh_chat_read_ack/OP_EVIDENCE_INDEX.json","SERVICE","operation-dossier:dsh_chat_read_ack","services/dsh/governance/operations/dsh_chat_read_ack/OP_EVIDENCE_INDEX.json","observed"
"dsh-census-0482","dsh","operation_gaps","dsh_chat_read_ack::OP_GAPS","services::dsh::governance::operations::dsh_chat_read_ack::OP_GAPS","services/dsh/governance/operations/dsh_chat_read_ack/OP_GAPS.md","SERVICE","operation-dossier:dsh_chat_read_ack","services/dsh/governance/operations/dsh_chat_read_ack/OP_GAPS.md","observed"
"dsh-census-0483","dsh","operation_mcpw_map","dsh_chat_read_ack::OP_MCPW_MAP","services::dsh::governance::operations::dsh_chat_read_ack::OP_MCPW_MAP","services/dsh/governance/operations/dsh_chat_read_ack/OP_MCPW_MAP.csv","SERVICE","operation-dossier:dsh_chat_read_ack","services/dsh/governance/operations/dsh_chat_read_ack/OP_MCPW_MAP.csv","observed"
"dsh-census-0484","dsh","operation_rbac_abac","dsh_chat_read_ack::OP_RBAC_ABAC","services::dsh::governance::operations::dsh_chat_read_ack::OP_RBAC_ABAC","services/dsh/governance/operations/dsh_chat_read_ack/OP_RBAC_ABAC.csv","SERVICE","operation-dossier:dsh_chat_read_ack","services/dsh/governance/operations/dsh_chat_read_ack/OP_RBAC_ABAC.csv","observed"
"dsh-census-0485","dsh","operation_runtime_vars","dsh_chat_read_ack::OP_RUNTIME_VARS","services::dsh::governance::operations::dsh_chat_read_ack::OP_RUNTIME_VARS","services/dsh/governance/operations/dsh_chat_read_ack/OP_RUNTIME_VARS.csv","SERVICE","operation-dossier:dsh_chat_read_ack","services/dsh/governance/operations/dsh_chat_read_ack/OP_RUNTIME_VARS.csv","observed"
"dsh-census-0486","dsh","operation_screens_map","dsh_chat_read_ack::OP_SCREENS_MAP","services::dsh::governance::operations::dsh_chat_read_ack::OP_SCREENS_MAP","services/dsh/governance/operations/dsh_chat_read_ack/OP_SCREENS_MAP.csv","SERVICE","operation-dossier:dsh_chat_read_ack","services/dsh/governance/operations/dsh_chat_read_ack/OP_SCREENS_MAP.csv","observed"
"dsh-census-0487","dsh","operation_spec","dsh_chat_read_ack::OP_SPEC","services::dsh::governance::operations::dsh_chat_read_ack::OP_SPEC","services/dsh/governance/operations/dsh_chat_read_ack/OP_SPEC.yaml","SERVICE","operation-dossier:dsh_chat_read_ack","services/dsh/governance/operations/dsh_chat_read_ack/OP_SPEC.yaml","observed"
"dsh-census-0488","dsh","operation_acceptance","dsh_chat_send::OP_ACCEPTANCE","services::dsh::governance::operations::dsh_chat_send::OP_ACCEPTANCE","services/dsh/governance/operations/dsh_chat_send/OP_ACCEPTANCE.md","SERVICE","operation-dossier:dsh_chat_send","services/dsh/governance/operations/dsh_chat_send/OP_ACCEPTANCE.md","observed"
"dsh-census-0489","dsh","operation_actions_catalog","dsh_chat_send::OP_ACTIONS_CATALOG","services::dsh::governance::operations::dsh_chat_send::OP_ACTIONS_CATALOG","services/dsh/governance/operations/dsh_chat_send/OP_ACTIONS_CATALOG.csv","SERVICE","operation-dossier:dsh_chat_send","services/dsh/governance/operations/dsh_chat_send/OP_ACTIONS_CATALOG.csv","observed"
"dsh-census-0490","dsh","operation_api_map","dsh_chat_send::OP_API_MAP","services::dsh::governance::operations::dsh_chat_send::OP_API_MAP","services/dsh/governance/operations/dsh_chat_send/OP_API_MAP.csv","SERVICE","operation-dossier:dsh_chat_send","services/dsh/governance/operations/dsh_chat_send/OP_API_MAP.csv","observed"
"dsh-census-0491","dsh","operation_evidence_index","dsh_chat_send::OP_EVIDENCE_INDEX","services::dsh::governance::operations::dsh_chat_send::OP_EVIDENCE_INDEX","services/dsh/governance/operations/dsh_chat_send/OP_EVIDENCE_INDEX.json","SERVICE","operation-dossier:dsh_chat_send","services/dsh/governance/operations/dsh_chat_send/OP_EVIDENCE_INDEX.json","observed"
"dsh-census-0492","dsh","operation_gaps","dsh_chat_send::OP_GAPS","services::dsh::governance::operations::dsh_chat_send::OP_GAPS","services/dsh/governance/operations/dsh_chat_send/OP_GAPS.md","SERVICE","operation-dossier:dsh_chat_send","services/dsh/governance/operations/dsh_chat_send/OP_GAPS.md","observed"
"dsh-census-0493","dsh","operation_mcpw_map","dsh_chat_send::OP_MCPW_MAP","services::dsh::governance::operations::dsh_chat_send::OP_MCPW_MAP","services/dsh/governance/operations/dsh_chat_send/OP_MCPW_MAP.csv","SERVICE","operation-dossier:dsh_chat_send","services/dsh/governance/operations/dsh_chat_send/OP_MCPW_MAP.csv","observed"
"dsh-census-0494","dsh","operation_rbac_abac","dsh_chat_send::OP_RBAC_ABAC","services::dsh::governance::operations::dsh_chat_send::OP_RBAC_ABAC","services/dsh/governance/operations/dsh_chat_send/OP_RBAC_ABAC.csv","SERVICE","operation-dossier:dsh_chat_send","services/dsh/governance/operations/dsh_chat_send/OP_RBAC_ABAC.csv","observed"
"dsh-census-0495","dsh","operation_runtime_vars","dsh_chat_send::OP_RUNTIME_VARS","services::dsh::governance::operations::dsh_chat_send::OP_RUNTIME_VARS","services/dsh/governance/operations/dsh_chat_send/OP_RUNTIME_VARS.csv","SERVICE","operation-dossier:dsh_chat_send","services/dsh/governance/operations/dsh_chat_send/OP_RUNTIME_VARS.csv","observed"
"dsh-census-0496","dsh","operation_screens_map","dsh_chat_send::OP_SCREENS_MAP","services::dsh::governance::operations::dsh_chat_send::OP_SCREENS_MAP","services/dsh/governance/operations/dsh_chat_send/OP_SCREENS_MAP.csv","SERVICE","operation-dossier:dsh_chat_send","services/dsh/governance/operations/dsh_chat_send/OP_SCREENS_MAP.csv","observed"
"dsh-census-0497","dsh","operation_spec","dsh_chat_send::OP_SPEC","services::dsh::governance::operations::dsh_chat_send::OP_SPEC","services/dsh/governance/operations/dsh_chat_send/OP_SPEC.yaml","SERVICE","operation-dossier:dsh_chat_send","services/dsh/governance/operations/dsh_chat_send/OP_SPEC.yaml","observed"
"dsh-census-0498","dsh","operation_acceptance","dsh_checkout_gate::OP_ACCEPTANCE","services::dsh::governance::operations::dsh_checkout_gate::OP_ACCEPTANCE","services/dsh/governance/operations/dsh_checkout_gate/OP_ACCEPTANCE.md","SERVICE","operation-dossier:dsh_checkout_gate","services/dsh/governance/operations/dsh_checkout_gate/OP_ACCEPTANCE.md","observed"
"dsh-census-0499","dsh","operation_actions_catalog","dsh_checkout_gate::OP_ACTIONS_CATALOG","services::dsh::governance::operations::dsh_checkout_gate::OP_ACTIONS_CATALOG","services/dsh/governance/operations/dsh_checkout_gate/OP_ACTIONS_CATALOG.csv","SERVICE","operation-dossier:dsh_checkout_gate","services/dsh/governance/operations/dsh_checkout_gate/OP_ACTIONS_CATALOG.csv","observed"
"dsh-census-0500","dsh","operation_api_map","dsh_checkout_gate::OP_API_MAP","services::dsh::governance::operations::dsh_checkout_gate::OP_API_MAP","services/dsh/governance/operations/dsh_checkout_gate/OP_API_MAP.csv","SERVICE","operation-dossier:dsh_checkout_gate","services/dsh/governance/operations/dsh_checkout_gate/OP_API_MAP.csv","observed"
"dsh-census-0501","dsh","operation_evidence_index","dsh_checkout_gate::OP_EVIDENCE_INDEX","services::dsh::governance::operations::dsh_checkout_gate::OP_EVIDENCE_INDEX","services/dsh/governance/operations/dsh_checkout_gate/OP_EVIDENCE_INDEX.json","SERVICE","operation-dossier:dsh_checkout_gate","services/dsh/governance/operations/dsh_checkout_gate/OP_EVIDENCE_INDEX.json","observed"
"dsh-census-0502","dsh","operation_gaps","dsh_checkout_gate::OP_GAPS","services::dsh::governance::operations::dsh_checkout_gate::OP_GAPS","services/dsh/governance/operations/dsh_checkout_gate/OP_GAPS.md","SERVICE","operation-dossier:dsh_checkout_gate","services/dsh/governance/operations/dsh_checkout_gate/OP_GAPS.md","observed"
"dsh-census-0503","dsh","operation_mcpw_map","dsh_checkout_gate::OP_MCPW_MAP","services::dsh::governance::operations::dsh_checkout_gate::OP_MCPW_MAP","services/dsh/governance/operations/dsh_checkout_gate/OP_MCPW_MAP.csv","SERVICE","operation-dossier:dsh_checkout_gate","services/dsh/governance/operations/dsh_checkout_gate/OP_MCPW_MAP.csv","observed"
"dsh-census-0504","dsh","operation_rbac_abac","dsh_checkout_gate::OP_RBAC_ABAC","services::dsh::governance::operations::dsh_checkout_gate::OP_RBAC_ABAC","services/dsh/governance/operations/dsh_checkout_gate/OP_RBAC_ABAC.csv","SERVICE","operation-dossier:dsh_checkout_gate","services/dsh/governance/operations/dsh_checkout_gate/OP_RBAC_ABAC.csv","observed"
"dsh-census-0505","dsh","operation_runtime_vars","dsh_checkout_gate::OP_RUNTIME_VARS","services::dsh::governance::operations::dsh_checkout_gate::OP_RUNTIME_VARS","services/dsh/governance/operations/dsh_checkout_gate/OP_RUNTIME_VARS.csv","SERVICE","operation-dossier:dsh_checkout_gate","services/dsh/governance/operations/dsh_checkout_gate/OP_RUNTIME_VARS.csv","observed"
"dsh-census-0506","dsh","operation_screens_map","dsh_checkout_gate::OP_SCREENS_MAP","services::dsh::governance::operations::dsh_checkout_gate::OP_SCREENS_MAP","services/dsh/governance/operations/dsh_checkout_gate/OP_SCREENS_MAP.csv","SERVICE","operation-dossier:dsh_checkout_gate","services/dsh/governance/operations/dsh_checkout_gate/OP_SCREENS_MAP.csv","observed"
"dsh-census-0507","dsh","operation_spec","dsh_checkout_gate::OP_SPEC","services::dsh::governance::operations::dsh_checkout_gate::OP_SPEC","services/dsh/governance/operations/dsh_checkout_gate/OP_SPEC.yaml","SERVICE","operation-dossier:dsh_checkout_gate","services/dsh/governance/operations/dsh_checkout_gate/OP_SPEC.yaml","observed"
"dsh-census-0508","dsh","operation_acceptance","dsh_delivery_attempt_create::OP_ACCEPTANCE","services::dsh::governance::operations::dsh_delivery_attempt_create::OP_ACCEPTANCE","services/dsh/governance/operations/dsh_delivery_attempt_create/OP_ACCEPTANCE.md","SERVICE","operation-dossier:dsh_delivery_attempt_create","services/dsh/governance/operations/dsh_delivery_attempt_create/OP_ACCEPTANCE.md","observed"
"dsh-census-0509","dsh","operation_actions_catalog","dsh_delivery_attempt_create::OP_ACTIONS_CATALOG","services::dsh::governance::operations::dsh_delivery_attempt_create::OP_ACTIONS_CATALOG","services/dsh/governance/operations/dsh_delivery_attempt_create/OP_ACTIONS_CATALOG.csv","SERVICE","operation-dossier:dsh_delivery_attempt_create","services/dsh/governance/operations/dsh_delivery_attempt_create/OP_ACTIONS_CATALOG.csv","observed"
"dsh-census-0510","dsh","operation_api_map","dsh_delivery_attempt_create::OP_API_MAP","services::dsh::governance::operations::dsh_delivery_attempt_create::OP_API_MAP","services/dsh/governance/operations/dsh_delivery_attempt_create/OP_API_MAP.csv","SERVICE","operation-dossier:dsh_delivery_attempt_create","services/dsh/governance/operations/dsh_delivery_attempt_create/OP_API_MAP.csv","observed"
"dsh-census-0511","dsh","operation_evidence_index","dsh_delivery_attempt_create::OP_EVIDENCE_INDEX","services::dsh::governance::operations::dsh_delivery_attempt_create::OP_EVIDENCE_INDEX","services/dsh/governance/operations/dsh_delivery_attempt_create/OP_EVIDENCE_INDEX.json","SERVICE","operation-dossier:dsh_delivery_attempt_create","services/dsh/governance/operations/dsh_delivery_attempt_create/OP_EVIDENCE_INDEX.json","observed"
"dsh-census-0512","dsh","operation_gaps","dsh_delivery_attempt_create::OP_GAPS","services::dsh::governance::operations::dsh_delivery_attempt_create::OP_GAPS","services/dsh/governance/operations/dsh_delivery_attempt_create/OP_GAPS.md","SERVICE","operation-dossier:dsh_delivery_attempt_create","services/dsh/governance/operations/dsh_delivery_attempt_create/OP_GAPS.md","observed"
"dsh-census-0513","dsh","operation_mcpw_map","dsh_delivery_attempt_create::OP_MCPW_MAP","services::dsh::governance::operations::dsh_delivery_attempt_create::OP_MCPW_MAP","services/dsh/governance/operations/dsh_delivery_attempt_create/OP_MCPW_MAP.csv","SERVICE","operation-dossier:dsh_delivery_attempt_create","services/dsh/governance/operations/dsh_delivery_attempt_create/OP_MCPW_MAP.csv","observed"
"dsh-census-0514","dsh","operation_rbac_abac","dsh_delivery_attempt_create::OP_RBAC_ABAC","services::dsh::governance::operations::dsh_delivery_attempt_create::OP_RBAC_ABAC","services/dsh/governance/operations/dsh_delivery_attempt_create/OP_RBAC_ABAC.csv","SERVICE","operation-dossier:dsh_delivery_attempt_create","services/dsh/governance/operations/dsh_delivery_attempt_create/OP_RBAC_ABAC.csv","observed"
"dsh-census-0515","dsh","operation_runtime_vars","dsh_delivery_attempt_create::OP_RUNTIME_VARS","services::dsh::governance::operations::dsh_delivery_attempt_create::OP_RUNTIME_VARS","services/dsh/governance/operations/dsh_delivery_attempt_create/OP_RUNTIME_VARS.csv","SERVICE","operation-dossier:dsh_delivery_attempt_create","services/dsh/governance/operations/dsh_delivery_attempt_create/OP_RUNTIME_VARS.csv","observed"
"dsh-census-0516","dsh","operation_screens_map","dsh_delivery_attempt_create::OP_SCREENS_MAP","services::dsh::governance::operations::dsh_delivery_attempt_create::OP_SCREENS_MAP","services/dsh/governance/operations/dsh_delivery_attempt_create/OP_SCREENS_MAP.csv","SERVICE","operation-dossier:dsh_delivery_attempt_create","services/dsh/governance/operations/dsh_delivery_attempt_create/OP_SCREENS_MAP.csv","observed"
"dsh-census-0517","dsh","operation_spec","dsh_delivery_attempt_create::OP_SPEC","services::dsh::governance::operations::dsh_delivery_attempt_create::OP_SPEC","services/dsh/governance/operations/dsh_delivery_attempt_create/OP_SPEC.yaml","SERVICE","operation-dossier:dsh_delivery_attempt_create","services/dsh/governance/operations/dsh_delivery_attempt_create/OP_SPEC.yaml","observed"
"dsh-census-0518","dsh","operation_acceptance","dsh_delivery_eta_get::OP_ACCEPTANCE","services::dsh::governance::operations::dsh_delivery_eta_get::OP_ACCEPTANCE","services/dsh/governance/operations/dsh_delivery_eta_get/OP_ACCEPTANCE.md","SERVICE","operation-dossier:dsh_delivery_eta_get","services/dsh/governance/operations/dsh_delivery_eta_get/OP_ACCEPTANCE.md","observed"
"dsh-census-0519","dsh","operation_actions_catalog","dsh_delivery_eta_get::OP_ACTIONS_CATALOG","services::dsh::governance::operations::dsh_delivery_eta_get::OP_ACTIONS_CATALOG","services/dsh/governance/operations/dsh_delivery_eta_get/OP_ACTIONS_CATALOG.csv","SERVICE","operation-dossier:dsh_delivery_eta_get","services/dsh/governance/operations/dsh_delivery_eta_get/OP_ACTIONS_CATALOG.csv","observed"
"dsh-census-0520","dsh","operation_api_map","dsh_delivery_eta_get::OP_API_MAP","services::dsh::governance::operations::dsh_delivery_eta_get::OP_API_MAP","services/dsh/governance/operations/dsh_delivery_eta_get/OP_API_MAP.csv","SERVICE","operation-dossier:dsh_delivery_eta_get","services/dsh/governance/operations/dsh_delivery_eta_get/OP_API_MAP.csv","observed"
"dsh-census-0521","dsh","operation_evidence_index","dsh_delivery_eta_get::OP_EVIDENCE_INDEX","services::dsh::governance::operations::dsh_delivery_eta_get::OP_EVIDENCE_INDEX","services/dsh/governance/operations/dsh_delivery_eta_get/OP_EVIDENCE_INDEX.json","SERVICE","operation-dossier:dsh_delivery_eta_get","services/dsh/governance/operations/dsh_delivery_eta_get/OP_EVIDENCE_INDEX.json","observed"
"dsh-census-0522","dsh","operation_gaps","dsh_delivery_eta_get::OP_GAPS","services::dsh::governance::operations::dsh_delivery_eta_get::OP_GAPS","services/dsh/governance/operations/dsh_delivery_eta_get/OP_GAPS.md","SERVICE","operation-dossier:dsh_delivery_eta_get","services/dsh/governance/operations/dsh_delivery_eta_get/OP_GAPS.md","observed"
"dsh-census-0523","dsh","operation_mcpw_map","dsh_delivery_eta_get::OP_MCPW_MAP","services::dsh::governance::operations::dsh_delivery_eta_get::OP_MCPW_MAP","services/dsh/governance/operations/dsh_delivery_eta_get/OP_MCPW_MAP.csv","SERVICE","operation-dossier:dsh_delivery_eta_get","services/dsh/governance/operations/dsh_delivery_eta_get/OP_MCPW_MAP.csv","observed"
"dsh-census-0524","dsh","operation_rbac_abac","dsh_delivery_eta_get::OP_RBAC_ABAC","services::dsh::governance::operations::dsh_delivery_eta_get::OP_RBAC_ABAC","services/dsh/governance/operations/dsh_delivery_eta_get/OP_RBAC_ABAC.csv","SERVICE","operation-dossier:dsh_delivery_eta_get","services/dsh/governance/operations/dsh_delivery_eta_get/OP_RBAC_ABAC.csv","observed"
"dsh-census-0525","dsh","operation_runtime_vars","dsh_delivery_eta_get::OP_RUNTIME_VARS","services::dsh::governance::operations::dsh_delivery_eta_get::OP_RUNTIME_VARS","services/dsh/governance/operations/dsh_delivery_eta_get/OP_RUNTIME_VARS.csv","SERVICE","operation-dossier:dsh_delivery_eta_get","services/dsh/governance/operations/dsh_delivery_eta_get/OP_RUNTIME_VARS.csv","observed"
"dsh-census-0526","dsh","operation_screens_map","dsh_delivery_eta_get::OP_SCREENS_MAP","services::dsh::governance::operations::dsh_delivery_eta_get::OP_SCREENS_MAP","services/dsh/governance/operations/dsh_delivery_eta_get/OP_SCREENS_MAP.csv","SERVICE","operation-dossier:dsh_delivery_eta_get","services/dsh/governance/operations/dsh_delivery_eta_get/OP_SCREENS_MAP.csv","observed"
"dsh-census-0527","dsh","operation_spec","dsh_delivery_eta_get::OP_SPEC","services::dsh::governance::operations::dsh_delivery_eta_get::OP_SPEC","services/dsh/governance/operations/dsh_delivery_eta_get/OP_SPEC.yaml","SERVICE","operation-dossier:dsh_delivery_eta_get","services/dsh/governance/operations/dsh_delivery_eta_get/OP_SPEC.yaml","observed"
"dsh-census-0528","dsh","operation_acceptance","dsh_delivery_position_update::OP_ACCEPTANCE","services::dsh::governance::operations::dsh_delivery_position_update::OP_ACCEPTANCE","services/dsh/governance/operations/dsh_delivery_position_update/OP_ACCEPTANCE.md","SERVICE","operation-dossier:dsh_delivery_position_update","services/dsh/governance/operations/dsh_delivery_position_update/OP_ACCEPTANCE.md","observed"
"dsh-census-0529","dsh","operation_actions_catalog","dsh_delivery_position_update::OP_ACTIONS_CATALOG","services::dsh::governance::operations::dsh_delivery_position_update::OP_ACTIONS_CATALOG","services/dsh/governance/operations/dsh_delivery_position_update/OP_ACTIONS_CATALOG.csv","SERVICE","operation-dossier:dsh_delivery_position_update","services/dsh/governance/operations/dsh_delivery_position_update/OP_ACTIONS_CATALOG.csv","observed"
"dsh-census-0530","dsh","operation_api_map","dsh_delivery_position_update::OP_API_MAP","services::dsh::governance::operations::dsh_delivery_position_update::OP_API_MAP","services/dsh/governance/operations/dsh_delivery_position_update/OP_API_MAP.csv","SERVICE","operation-dossier:dsh_delivery_position_update","services/dsh/governance/operations/dsh_delivery_position_update/OP_API_MAP.csv","observed"
"dsh-census-0531","dsh","operation_evidence_index","dsh_delivery_position_update::OP_EVIDENCE_INDEX","services::dsh::governance::operations::dsh_delivery_position_update::OP_EVIDENCE_INDEX","services/dsh/governance/operations/dsh_delivery_position_update/OP_EVIDENCE_INDEX.json","SERVICE","operation-dossier:dsh_delivery_position_update","services/dsh/governance/operations/dsh_delivery_position_update/OP_EVIDENCE_INDEX.json","observed"
"dsh-census-0532","dsh","operation_gaps","dsh_delivery_position_update::OP_GAPS","services::dsh::governance::operations::dsh_delivery_position_update::OP_GAPS","services/dsh/governance/operations/dsh_delivery_position_update/OP_GAPS.md","SERVICE","operation-dossier:dsh_delivery_position_update","services/dsh/governance/operations/dsh_delivery_position_update/OP_GAPS.md","observed"
"dsh-census-0533","dsh","operation_mcpw_map","dsh_delivery_position_update::OP_MCPW_MAP","services::dsh::governance::operations::dsh_delivery_position_update::OP_MCPW_MAP","services/dsh/governance/operations/dsh_delivery_position_update/OP_MCPW_MAP.csv","SERVICE","operation-dossier:dsh_delivery_position_update","services/dsh/governance/operations/dsh_delivery_position_update/OP_MCPW_MAP.csv","observed"
"dsh-census-0534","dsh","operation_rbac_abac","dsh_delivery_position_update::OP_RBAC_ABAC","services::dsh::governance::operations::dsh_delivery_position_update::OP_RBAC_ABAC","services/dsh/governance/operations/dsh_delivery_position_update/OP_RBAC_ABAC.csv","SERVICE","operation-dossier:dsh_delivery_position_update","services/dsh/governance/operations/dsh_delivery_position_update/OP_RBAC_ABAC.csv","observed"
"dsh-census-0535","dsh","operation_runtime_vars","dsh_delivery_position_update::OP_RUNTIME_VARS","services::dsh::governance::operations::dsh_delivery_position_update::OP_RUNTIME_VARS","services/dsh/governance/operations/dsh_delivery_position_update/OP_RUNTIME_VARS.csv","SERVICE","operation-dossier:dsh_delivery_position_update","services/dsh/governance/operations/dsh_delivery_position_update/OP_RUNTIME_VARS.csv","observed"
"dsh-census-0536","dsh","operation_screens_map","dsh_delivery_position_update::OP_SCREENS_MAP","services::dsh::governance::operations::dsh_delivery_position_update::OP_SCREENS_MAP","services/dsh/governance/operations/dsh_delivery_position_update/OP_SCREENS_MAP.csv","SERVICE","operation-dossier:dsh_delivery_position_update","services/dsh/governance/operations/dsh_delivery_position_update/OP_SCREENS_MAP.csv","observed"
"dsh-census-0537","dsh","operation_spec","dsh_delivery_position_update::OP_SPEC","services::dsh::governance::operations::dsh_delivery_position_update::OP_SPEC","services/dsh/governance/operations/dsh_delivery_position_update/OP_SPEC.yaml","SERVICE","operation-dossier:dsh_delivery_position_update","services/dsh/governance/operations/dsh_delivery_position_update/OP_SPEC.yaml","observed"
"dsh-census-0538","dsh","operation_acceptance","dsh_delivery_reassign_request::OP_ACCEPTANCE","services::dsh::governance::operations::dsh_delivery_reassign_request::OP_ACCEPTANCE","services/dsh/governance/operations/dsh_delivery_reassign_request/OP_ACCEPTANCE.md","SERVICE","operation-dossier:dsh_delivery_reassign_request","services/dsh/governance/operations/dsh_delivery_reassign_request/OP_ACCEPTANCE.md","observed"
"dsh-census-0539","dsh","operation_actions_catalog","dsh_delivery_reassign_request::OP_ACTIONS_CATALOG","services::dsh::governance::operations::dsh_delivery_reassign_request::OP_ACTIONS_CATALOG","services/dsh/governance/operations/dsh_delivery_reassign_request/OP_ACTIONS_CATALOG.csv","SERVICE","operation-dossier:dsh_delivery_reassign_request","services/dsh/governance/operations/dsh_delivery_reassign_request/OP_ACTIONS_CATALOG.csv","observed"
"dsh-census-0540","dsh","operation_api_map","dsh_delivery_reassign_request::OP_API_MAP","services::dsh::governance::operations::dsh_delivery_reassign_request::OP_API_MAP","services/dsh/governance/operations/dsh_delivery_reassign_request/OP_API_MAP.csv","SERVICE","operation-dossier:dsh_delivery_reassign_request","services/dsh/governance/operations/dsh_delivery_reassign_request/OP_API_MAP.csv","observed"
"dsh-census-0541","dsh","operation_evidence_index","dsh_delivery_reassign_request::OP_EVIDENCE_INDEX","services::dsh::governance::operations::dsh_delivery_reassign_request::OP_EVIDENCE_INDEX","services/dsh/governance/operations/dsh_delivery_reassign_request/OP_EVIDENCE_INDEX.json","SERVICE","operation-dossier:dsh_delivery_reassign_request","services/dsh/governance/operations/dsh_delivery_reassign_request/OP_EVIDENCE_INDEX.json","observed"
"dsh-census-0542","dsh","operation_gaps","dsh_delivery_reassign_request::OP_GAPS","services::dsh::governance::operations::dsh_delivery_reassign_request::OP_GAPS","services/dsh/governance/operations/dsh_delivery_reassign_request/OP_GAPS.md","SERVICE","operation-dossier:dsh_delivery_reassign_request","services/dsh/governance/operations/dsh_delivery_reassign_request/OP_GAPS.md","observed"
"dsh-census-0543","dsh","operation_mcpw_map","dsh_delivery_reassign_request::OP_MCPW_MAP","services::dsh::governance::operations::dsh_delivery_reassign_request::OP_MCPW_MAP","services/dsh/governance/operations/dsh_delivery_reassign_request/OP_MCPW_MAP.csv","SERVICE","operation-dossier:dsh_delivery_reassign_request","services/dsh/governance/operations/dsh_delivery_reassign_request/OP_MCPW_MAP.csv","observed"
"dsh-census-0544","dsh","operation_rbac_abac","dsh_delivery_reassign_request::OP_RBAC_ABAC","services::dsh::governance::operations::dsh_delivery_reassign_request::OP_RBAC_ABAC","services/dsh/governance/operations/dsh_delivery_reassign_request/OP_RBAC_ABAC.csv","SERVICE","operation-dossier:dsh_delivery_reassign_request","services/dsh/governance/operations/dsh_delivery_reassign_request/OP_RBAC_ABAC.csv","observed"
"dsh-census-0545","dsh","operation_runtime_vars","dsh_delivery_reassign_request::OP_RUNTIME_VARS","services::dsh::governance::operations::dsh_delivery_reassign_request::OP_RUNTIME_VARS","services/dsh/governance/operations/dsh_delivery_reassign_request/OP_RUNTIME_VARS.csv","SERVICE","operation-dossier:dsh_delivery_reassign_request","services/dsh/governance/operations/dsh_delivery_reassign_request/OP_RUNTIME_VARS.csv","observed"
"dsh-census-0546","dsh","operation_screens_map","dsh_delivery_reassign_request::OP_SCREENS_MAP","services::dsh::governance::operations::dsh_delivery_reassign_request::OP_SCREENS_MAP","services/dsh/governance/operations/dsh_delivery_reassign_request/OP_SCREENS_MAP.csv","SERVICE","operation-dossier:dsh_delivery_reassign_request","services/dsh/governance/operations/dsh_delivery_reassign_request/OP_SCREENS_MAP.csv","observed"
"dsh-census-0547","dsh","operation_spec","dsh_delivery_reassign_request::OP_SPEC","services::dsh::governance::operations::dsh_delivery_reassign_request::OP_SPEC","services/dsh/governance/operations/dsh_delivery_reassign_request/OP_SPEC.yaml","SERVICE","operation-dossier:dsh_delivery_reassign_request","services/dsh/governance/operations/dsh_delivery_reassign_request/OP_SPEC.yaml","observed"
"dsh-census-0548","dsh","operation_acceptance","dsh_delivery_track_get::OP_ACCEPTANCE","services::dsh::governance::operations::dsh_delivery_track_get::OP_ACCEPTANCE","services/dsh/governance/operations/dsh_delivery_track_get/OP_ACCEPTANCE.md","SERVICE","operation-dossier:dsh_delivery_track_get","services/dsh/governance/operations/dsh_delivery_track_get/OP_ACCEPTANCE.md","observed"
"dsh-census-0549","dsh","operation_actions_catalog","dsh_delivery_track_get::OP_ACTIONS_CATALOG","services::dsh::governance::operations::dsh_delivery_track_get::OP_ACTIONS_CATALOG","services/dsh/governance/operations/dsh_delivery_track_get/OP_ACTIONS_CATALOG.csv","SERVICE","operation-dossier:dsh_delivery_track_get","services/dsh/governance/operations/dsh_delivery_track_get/OP_ACTIONS_CATALOG.csv","observed"
"dsh-census-0550","dsh","operation_api_map","dsh_delivery_track_get::OP_API_MAP","services::dsh::governance::operations::dsh_delivery_track_get::OP_API_MAP","services/dsh/governance/operations/dsh_delivery_track_get/OP_API_MAP.csv","SERVICE","operation-dossier:dsh_delivery_track_get","services/dsh/governance/operations/dsh_delivery_track_get/OP_API_MAP.csv","observed"
"dsh-census-0551","dsh","operation_evidence_index","dsh_delivery_track_get::OP_EVIDENCE_INDEX","services::dsh::governance::operations::dsh_delivery_track_get::OP_EVIDENCE_INDEX","services/dsh/governance/operations/dsh_delivery_track_get/OP_EVIDENCE_INDEX.json","SERVICE","operation-dossier:dsh_delivery_track_get","services/dsh/governance/operations/dsh_delivery_track_get/OP_EVIDENCE_INDEX.json","observed"
"dsh-census-0552","dsh","operation_gaps","dsh_delivery_track_get::OP_GAPS","services::dsh::governance::operations::dsh_delivery_track_get::OP_GAPS","services/dsh/governance/operations/dsh_delivery_track_get/OP_GAPS.md","SERVICE","operation-dossier:dsh_delivery_track_get","services/dsh/governance/operations/dsh_delivery_track_get/OP_GAPS.md","observed"
"dsh-census-0553","dsh","operation_mcpw_map","dsh_delivery_track_get::OP_MCPW_MAP","services::dsh::governance::operations::dsh_delivery_track_get::OP_MCPW_MAP","services/dsh/governance/operations/dsh_delivery_track_get/OP_MCPW_MAP.csv","SERVICE","operation-dossier:dsh_delivery_track_get","services/dsh/governance/operations/dsh_delivery_track_get/OP_MCPW_MAP.csv","observed"
"dsh-census-0554","dsh","operation_rbac_abac","dsh_delivery_track_get::OP_RBAC_ABAC","services::dsh::governance::operations::dsh_delivery_track_get::OP_RBAC_ABAC","services/dsh/governance/operations/dsh_delivery_track_get/OP_RBAC_ABAC.csv","SERVICE","operation-dossier:dsh_delivery_track_get","services/dsh/governance/operations/dsh_delivery_track_get/OP_RBAC_ABAC.csv","observed"
"dsh-census-0555","dsh","operation_runtime_vars","dsh_delivery_track_get::OP_RUNTIME_VARS","services::dsh::governance::operations::dsh_delivery_track_get::OP_RUNTIME_VARS","services/dsh/governance/operations/dsh_delivery_track_get/OP_RUNTIME_VARS.csv","SERVICE","operation-dossier:dsh_delivery_track_get","services/dsh/governance/operations/dsh_delivery_track_get/OP_RUNTIME_VARS.csv","observed"
"dsh-census-0556","dsh","operation_screens_map","dsh_delivery_track_get::OP_SCREENS_MAP","services::dsh::governance::operations::dsh_delivery_track_get::OP_SCREENS_MAP","services/dsh/governance/operations/dsh_delivery_track_get/OP_SCREENS_MAP.csv","SERVICE","operation-dossier:dsh_delivery_track_get","services/dsh/governance/operations/dsh_delivery_track_get/OP_SCREENS_MAP.csv","observed"
"dsh-census-0557","dsh","operation_spec","dsh_delivery_track_get::OP_SPEC","services::dsh::governance::operations::dsh_delivery_track_get::OP_SPEC","services/dsh/governance/operations/dsh_delivery_track_get/OP_SPEC.yaml","SERVICE","operation-dossier:dsh_delivery_track_get","services/dsh/governance/operations/dsh_delivery_track_get/OP_SPEC.yaml","observed"
"dsh-census-0558","dsh","operation_acceptance","dsh_entitlements_get::OP_ACCEPTANCE","services::dsh::governance::operations::dsh_entitlements_get::OP_ACCEPTANCE","services/dsh/governance/operations/dsh_entitlements_get/OP_ACCEPTANCE.md","SERVICE","operation-dossier:dsh_entitlements_get","services/dsh/governance/operations/dsh_entitlements_get/OP_ACCEPTANCE.md","observed"
"dsh-census-0559","dsh","operation_actions_catalog","dsh_entitlements_get::OP_ACTIONS_CATALOG","services::dsh::governance::operations::dsh_entitlements_get::OP_ACTIONS_CATALOG","services/dsh/governance/operations/dsh_entitlements_get/OP_ACTIONS_CATALOG.csv","SERVICE","operation-dossier:dsh_entitlements_get","services/dsh/governance/operations/dsh_entitlements_get/OP_ACTIONS_CATALOG.csv","observed"
"dsh-census-0560","dsh","operation_api_map","dsh_entitlements_get::OP_API_MAP","services::dsh::governance::operations::dsh_entitlements_get::OP_API_MAP","services/dsh/governance/operations/dsh_entitlements_get/OP_API_MAP.csv","SERVICE","operation-dossier:dsh_entitlements_get","services/dsh/governance/operations/dsh_entitlements_get/OP_API_MAP.csv","observed"
"dsh-census-0561","dsh","operation_evidence_index","dsh_entitlements_get::OP_EVIDENCE_INDEX","services::dsh::governance::operations::dsh_entitlements_get::OP_EVIDENCE_INDEX","services/dsh/governance/operations/dsh_entitlements_get/OP_EVIDENCE_INDEX.json","SERVICE","operation-dossier:dsh_entitlements_get","services/dsh/governance/operations/dsh_entitlements_get/OP_EVIDENCE_INDEX.json","observed"
"dsh-census-0562","dsh","operation_gaps","dsh_entitlements_get::OP_GAPS","services::dsh::governance::operations::dsh_entitlements_get::OP_GAPS","services/dsh/governance/operations/dsh_entitlements_get/OP_GAPS.md","SERVICE","operation-dossier:dsh_entitlements_get","services/dsh/governance/operations/dsh_entitlements_get/OP_GAPS.md","observed"
"dsh-census-0563","dsh","operation_mcpw_map","dsh_entitlements_get::OP_MCPW_MAP","services::dsh::governance::operations::dsh_entitlements_get::OP_MCPW_MAP","services/dsh/governance/operations/dsh_entitlements_get/OP_MCPW_MAP.csv","SERVICE","operation-dossier:dsh_entitlements_get","services/dsh/governance/operations/dsh_entitlements_get/OP_MCPW_MAP.csv","observed"
"dsh-census-0564","dsh","operation_rbac_abac","dsh_entitlements_get::OP_RBAC_ABAC","services::dsh::governance::operations::dsh_entitlements_get::OP_RBAC_ABAC","services/dsh/governance/operations/dsh_entitlements_get/OP_RBAC_ABAC.csv","SERVICE","operation-dossier:dsh_entitlements_get","services/dsh/governance/operations/dsh_entitlements_get/OP_RBAC_ABAC.csv","observed"
"dsh-census-0565","dsh","operation_runtime_vars","dsh_entitlements_get::OP_RUNTIME_VARS","services::dsh::governance::operations::dsh_entitlements_get::OP_RUNTIME_VARS","services/dsh/governance/operations/dsh_entitlements_get/OP_RUNTIME_VARS.csv","SERVICE","operation-dossier:dsh_entitlements_get","services/dsh/governance/operations/dsh_entitlements_get/OP_RUNTIME_VARS.csv","observed"
"dsh-census-0566","dsh","operation_screens_map","dsh_entitlements_get::OP_SCREENS_MAP","services::dsh::governance::operations::dsh_entitlements_get::OP_SCREENS_MAP","services/dsh/governance/operations/dsh_entitlements_get/OP_SCREENS_MAP.csv","SERVICE","operation-dossier:dsh_entitlements_get","services/dsh/governance/operations/dsh_entitlements_get/OP_SCREENS_MAP.csv","observed"
"dsh-census-0567","dsh","operation_spec","dsh_entitlements_get::OP_SPEC","services::dsh::governance::operations::dsh_entitlements_get::OP_SPEC","services/dsh/governance/operations/dsh_entitlements_get/OP_SPEC.yaml","SERVICE","operation-dossier:dsh_entitlements_get","services/dsh/governance/operations/dsh_entitlements_get/OP_SPEC.yaml","observed"
"dsh-census-0568","dsh","operation_acceptance","dsh_estimate_create::OP_ACCEPTANCE","services::dsh::governance::operations::dsh_estimate_create::OP_ACCEPTANCE","services/dsh/governance/operations/dsh_estimate_create/OP_ACCEPTANCE.md","SERVICE","operation-dossier:dsh_estimate_create","services/dsh/governance/operations/dsh_estimate_create/OP_ACCEPTANCE.md","observed"
"dsh-census-0569","dsh","operation_actions_catalog","dsh_estimate_create::OP_ACTIONS_CATALOG","services::dsh::governance::operations::dsh_estimate_create::OP_ACTIONS_CATALOG","services/dsh/governance/operations/dsh_estimate_create/OP_ACTIONS_CATALOG.csv","SERVICE","operation-dossier:dsh_estimate_create","services/dsh/governance/operations/dsh_estimate_create/OP_ACTIONS_CATALOG.csv","observed"
"dsh-census-0570","dsh","operation_api_map","dsh_estimate_create::OP_API_MAP","services::dsh::governance::operations::dsh_estimate_create::OP_API_MAP","services/dsh/governance/operations/dsh_estimate_create/OP_API_MAP.csv","SERVICE","operation-dossier:dsh_estimate_create","services/dsh/governance/operations/dsh_estimate_create/OP_API_MAP.csv","observed"
"dsh-census-0571","dsh","operation_evidence_index","dsh_estimate_create::OP_EVIDENCE_INDEX","services::dsh::governance::operations::dsh_estimate_create::OP_EVIDENCE_INDEX","services/dsh/governance/operations/dsh_estimate_create/OP_EVIDENCE_INDEX.json","SERVICE","operation-dossier:dsh_estimate_create","services/dsh/governance/operations/dsh_estimate_create/OP_EVIDENCE_INDEX.json","observed"
"dsh-census-0572","dsh","operation_gaps","dsh_estimate_create::OP_GAPS","services::dsh::governance::operations::dsh_estimate_create::OP_GAPS","services/dsh/governance/operations/dsh_estimate_create/OP_GAPS.md","SERVICE","operation-dossier:dsh_estimate_create","services/dsh/governance/operations/dsh_estimate_create/OP_GAPS.md","observed"
"dsh-census-0573","dsh","operation_mcpw_map","dsh_estimate_create::OP_MCPW_MAP","services::dsh::governance::operations::dsh_estimate_create::OP_MCPW_MAP","services/dsh/governance/operations/dsh_estimate_create/OP_MCPW_MAP.csv","SERVICE","operation-dossier:dsh_estimate_create","services/dsh/governance/operations/dsh_estimate_create/OP_MCPW_MAP.csv","observed"
"dsh-census-0574","dsh","operation_rbac_abac","dsh_estimate_create::OP_RBAC_ABAC","services::dsh::governance::operations::dsh_estimate_create::OP_RBAC_ABAC","services/dsh/governance/operations/dsh_estimate_create/OP_RBAC_ABAC.csv","SERVICE","operation-dossier:dsh_estimate_create","services/dsh/governance/operations/dsh_estimate_create/OP_RBAC_ABAC.csv","observed"
"dsh-census-0575","dsh","operation_runtime_vars","dsh_estimate_create::OP_RUNTIME_VARS","services::dsh::governance::operations::dsh_estimate_create::OP_RUNTIME_VARS","services/dsh/governance/operations/dsh_estimate_create/OP_RUNTIME_VARS.csv","SERVICE","operation-dossier:dsh_estimate_create","services/dsh/governance/operations/dsh_estimate_create/OP_RUNTIME_VARS.csv","observed"
"dsh-census-0576","dsh","operation_screens_map","dsh_estimate_create::OP_SCREENS_MAP","services::dsh::governance::operations::dsh_estimate_create::OP_SCREENS_MAP","services/dsh/governance/operations/dsh_estimate_create/OP_SCREENS_MAP.csv","SERVICE","operation-dossier:dsh_estimate_create","services/dsh/governance/operations/dsh_estimate_create/OP_SCREENS_MAP.csv","observed"
"dsh-census-0577","dsh","operation_spec","dsh_estimate_create::OP_SPEC","services::dsh::governance::operations::dsh_estimate_create::OP_SPEC","services/dsh/governance/operations/dsh_estimate_create/OP_SPEC.yaml","SERVICE","operation-dossier:dsh_estimate_create","services/dsh/governance/operations/dsh_estimate_create/OP_SPEC.yaml","observed"
"dsh-census-0578","dsh","operation_acceptance","dsh_estimate_get::OP_ACCEPTANCE","services::dsh::governance::operations::dsh_estimate_get::OP_ACCEPTANCE","services/dsh/governance/operations/dsh_estimate_get/OP_ACCEPTANCE.md","SERVICE","operation-dossier:dsh_estimate_get","services/dsh/governance/operations/dsh_estimate_get/OP_ACCEPTANCE.md","observed"
"dsh-census-0579","dsh","operation_actions_catalog","dsh_estimate_get::OP_ACTIONS_CATALOG","services::dsh::governance::operations::dsh_estimate_get::OP_ACTIONS_CATALOG","services/dsh/governance/operations/dsh_estimate_get/OP_ACTIONS_CATALOG.csv","SERVICE","operation-dossier:dsh_estimate_get","services/dsh/governance/operations/dsh_estimate_get/OP_ACTIONS_CATALOG.csv","observed"
"dsh-census-0580","dsh","operation_api_map","dsh_estimate_get::OP_API_MAP","services::dsh::governance::operations::dsh_estimate_get::OP_API_MAP","services/dsh/governance/operations/dsh_estimate_get/OP_API_MAP.csv","SERVICE","operation-dossier:dsh_estimate_get","services/dsh/governance/operations/dsh_estimate_get/OP_API_MAP.csv","observed"
"dsh-census-0581","dsh","operation_evidence_index","dsh_estimate_get::OP_EVIDENCE_INDEX","services::dsh::governance::operations::dsh_estimate_get::OP_EVIDENCE_INDEX","services/dsh/governance/operations/dsh_estimate_get/OP_EVIDENCE_INDEX.json","SERVICE","operation-dossier:dsh_estimate_get","services/dsh/governance/operations/dsh_estimate_get/OP_EVIDENCE_INDEX.json","observed"
"dsh-census-0582","dsh","operation_gaps","dsh_estimate_get::OP_GAPS","services::dsh::governance::operations::dsh_estimate_get::OP_GAPS","services/dsh/governance/operations/dsh_estimate_get/OP_GAPS.md","SERVICE","operation-dossier:dsh_estimate_get","services/dsh/governance/operations/dsh_estimate_get/OP_GAPS.md","observed"
"dsh-census-0583","dsh","operation_mcpw_map","dsh_estimate_get::OP_MCPW_MAP","services::dsh::governance::operations::dsh_estimate_get::OP_MCPW_MAP","services/dsh/governance/operations/dsh_estimate_get/OP_MCPW_MAP.csv","SERVICE","operation-dossier:dsh_estimate_get","services/dsh/governance/operations/dsh_estimate_get/OP_MCPW_MAP.csv","observed"
"dsh-census-0584","dsh","operation_rbac_abac","dsh_estimate_get::OP_RBAC_ABAC","services::dsh::governance::operations::dsh_estimate_get::OP_RBAC_ABAC","services/dsh/governance/operations/dsh_estimate_get/OP_RBAC_ABAC.csv","SERVICE","operation-dossier:dsh_estimate_get","services/dsh/governance/operations/dsh_estimate_get/OP_RBAC_ABAC.csv","observed"
"dsh-census-0585","dsh","operation_runtime_vars","dsh_estimate_get::OP_RUNTIME_VARS","services::dsh::governance::operations::dsh_estimate_get::OP_RUNTIME_VARS","services/dsh/governance/operations/dsh_estimate_get/OP_RUNTIME_VARS.csv","SERVICE","operation-dossier:dsh_estimate_get","services/dsh/governance/operations/dsh_estimate_get/OP_RUNTIME_VARS.csv","observed"
"dsh-census-0586","dsh","operation_screens_map","dsh_estimate_get::OP_SCREENS_MAP","services::dsh::governance::operations::dsh_estimate_get::OP_SCREENS_MAP","services/dsh/governance/operations/dsh_estimate_get/OP_SCREENS_MAP.csv","SERVICE","operation-dossier:dsh_estimate_get","services/dsh/governance/operations/dsh_estimate_get/OP_SCREENS_MAP.csv","observed"
"dsh-census-0587","dsh","operation_spec","dsh_estimate_get::OP_SPEC","services::dsh::governance::operations::dsh_estimate_get::OP_SPEC","services/dsh/governance/operations/dsh_estimate_get/OP_SPEC.yaml","SERVICE","operation-dossier:dsh_estimate_get","services/dsh/governance/operations/dsh_estimate_get/OP_SPEC.yaml","observed"
"dsh-census-0588","dsh","operation_acceptance","dsh_external_order_create::OP_ACCEPTANCE","services::dsh::governance::operations::dsh_external_order_create::OP_ACCEPTANCE","services/dsh/governance/operations/dsh_external_order_create/OP_ACCEPTANCE.md","SERVICE","operation-dossier:dsh_external_order_create","services/dsh/governance/operations/dsh_external_order_create/OP_ACCEPTANCE.md","observed"
"dsh-census-0589","dsh","operation_actions_catalog","dsh_external_order_create::OP_ACTIONS_CATALOG","services::dsh::governance::operations::dsh_external_order_create::OP_ACTIONS_CATALOG","services/dsh/governance/operations/dsh_external_order_create/OP_ACTIONS_CATALOG.csv","SERVICE","operation-dossier:dsh_external_order_create","services/dsh/governance/operations/dsh_external_order_create/OP_ACTIONS_CATALOG.csv","observed"
"dsh-census-0590","dsh","operation_api_map","dsh_external_order_create::OP_API_MAP","services::dsh::governance::operations::dsh_external_order_create::OP_API_MAP","services/dsh/governance/operations/dsh_external_order_create/OP_API_MAP.csv","SERVICE","operation-dossier:dsh_external_order_create","services/dsh/governance/operations/dsh_external_order_create/OP_API_MAP.csv","observed"
"dsh-census-0591","dsh","operation_evidence_index","dsh_external_order_create::OP_EVIDENCE_INDEX","services::dsh::governance::operations::dsh_external_order_create::OP_EVIDENCE_INDEX","services/dsh/governance/operations/dsh_external_order_create/OP_EVIDENCE_INDEX.json","SERVICE","operation-dossier:dsh_external_order_create","services/dsh/governance/operations/dsh_external_order_create/OP_EVIDENCE_INDEX.json","observed"
"dsh-census-0592","dsh","operation_gaps","dsh_external_order_create::OP_GAPS","services::dsh::governance::operations::dsh_external_order_create::OP_GAPS","services/dsh/governance/operations/dsh_external_order_create/OP_GAPS.md","SERVICE","operation-dossier:dsh_external_order_create","services/dsh/governance/operations/dsh_external_order_create/OP_GAPS.md","observed"
"dsh-census-0593","dsh","operation_mcpw_map","dsh_external_order_create::OP_MCPW_MAP","services::dsh::governance::operations::dsh_external_order_create::OP_MCPW_MAP","services/dsh/governance/operations/dsh_external_order_create/OP_MCPW_MAP.csv","SERVICE","operation-dossier:dsh_external_order_create","services/dsh/governance/operations/dsh_external_order_create/OP_MCPW_MAP.csv","observed"
"dsh-census-0594","dsh","operation_rbac_abac","dsh_external_order_create::OP_RBAC_ABAC","services::dsh::governance::operations::dsh_external_order_create::OP_RBAC_ABAC","services/dsh/governance/operations/dsh_external_order_create/OP_RBAC_ABAC.csv","SERVICE","operation-dossier:dsh_external_order_create","services/dsh/governance/operations/dsh_external_order_create/OP_RBAC_ABAC.csv","observed"
"dsh-census-0595","dsh","operation_runtime_vars","dsh_external_order_create::OP_RUNTIME_VARS","services::dsh::governance::operations::dsh_external_order_create::OP_RUNTIME_VARS","services/dsh/governance/operations/dsh_external_order_create/OP_RUNTIME_VARS.csv","SERVICE","operation-dossier:dsh_external_order_create","services/dsh/governance/operations/dsh_external_order_create/OP_RUNTIME_VARS.csv","observed"
"dsh-census-0596","dsh","operation_screens_map","dsh_external_order_create::OP_SCREENS_MAP","services::dsh::governance::operations::dsh_external_order_create::OP_SCREENS_MAP","services/dsh/governance/operations/dsh_external_order_create/OP_SCREENS_MAP.csv","SERVICE","operation-dossier:dsh_external_order_create","services/dsh/governance/operations/dsh_external_order_create/OP_SCREENS_MAP.csv","observed"
"dsh-census-0597","dsh","operation_spec","dsh_external_order_create::OP_SPEC","services::dsh::governance::operations::dsh_external_order_create::OP_SPEC","services/dsh/governance/operations/dsh_external_order_create/OP_SPEC.yaml","SERVICE","operation-dossier:dsh_external_order_create","services/dsh/governance/operations/dsh_external_order_create/OP_SPEC.yaml","observed"
"dsh-census-0598","dsh","operation_acceptance","dsh_field_store_activation_request::OP_ACCEPTANCE","services::dsh::governance::operations::dsh_field_store_activation_request::OP_ACCEPTANCE","services/dsh/governance/operations/dsh_field_store_activation_request/OP_ACCEPTANCE.md","SERVICE","operation-dossier:dsh_field_store_activation_request","services/dsh/governance/operations/dsh_field_store_activation_request/OP_ACCEPTANCE.md","observed"
"dsh-census-0599","dsh","operation_actions_catalog","dsh_field_store_activation_request::OP_ACTIONS_CATALOG","services::dsh::governance::operations::dsh_field_store_activation_request::OP_ACTIONS_CATALOG","services/dsh/governance/operations/dsh_field_store_activation_request/OP_ACTIONS_CATALOG.csv","SERVICE","operation-dossier:dsh_field_store_activation_request","services/dsh/governance/operations/dsh_field_store_activation_request/OP_ACTIONS_CATALOG.csv","observed"
"dsh-census-0600","dsh","operation_api_map","dsh_field_store_activation_request::OP_API_MAP","services::dsh::governance::operations::dsh_field_store_activation_request::OP_API_MAP","services/dsh/governance/operations/dsh_field_store_activation_request/OP_API_MAP.csv","SERVICE","operation-dossier:dsh_field_store_activation_request","services/dsh/governance/operations/dsh_field_store_activation_request/OP_API_MAP.csv","observed"
"dsh-census-0601","dsh","operation_evidence_index","dsh_field_store_activation_request::OP_EVIDENCE_INDEX","services::dsh::governance::operations::dsh_field_store_activation_request::OP_EVIDENCE_INDEX","services/dsh/governance/operations/dsh_field_store_activation_request/OP_EVIDENCE_INDEX.json","SERVICE","operation-dossier:dsh_field_store_activation_request","services/dsh/governance/operations/dsh_field_store_activation_request/OP_EVIDENCE_INDEX.json","observed"
"dsh-census-0602","dsh","operation_gaps","dsh_field_store_activation_request::OP_GAPS","services::dsh::governance::operations::dsh_field_store_activation_request::OP_GAPS","services/dsh/governance/operations/dsh_field_store_activation_request/OP_GAPS.md","SERVICE","operation-dossier:dsh_field_store_activation_request","services/dsh/governance/operations/dsh_field_store_activation_request/OP_GAPS.md","observed"
"dsh-census-0603","dsh","operation_mcpw_map","dsh_field_store_activation_request::OP_MCPW_MAP","services::dsh::governance::operations::dsh_field_store_activation_request::OP_MCPW_MAP","services/dsh/governance/operations/dsh_field_store_activation_request/OP_MCPW_MAP.csv","SERVICE","operation-dossier:dsh_field_store_activation_request","services/dsh/governance/operations/dsh_field_store_activation_request/OP_MCPW_MAP.csv","observed"
"dsh-census-0604","dsh","operation_rbac_abac","dsh_field_store_activation_request::OP_RBAC_ABAC","services::dsh::governance::operations::dsh_field_store_activation_request::OP_RBAC_ABAC","services/dsh/governance/operations/dsh_field_store_activation_request/OP_RBAC_ABAC.csv","SERVICE","operation-dossier:dsh_field_store_activation_request","services/dsh/governance/operations/dsh_field_store_activation_request/OP_RBAC_ABAC.csv","observed"
"dsh-census-0605","dsh","operation_runtime_vars","dsh_field_store_activation_request::OP_RUNTIME_VARS","services::dsh::governance::operations::dsh_field_store_activation_request::OP_RUNTIME_VARS","services/dsh/governance/operations/dsh_field_store_activation_request/OP_RUNTIME_VARS.csv","SERVICE","operation-dossier:dsh_field_store_activation_request","services/dsh/governance/operations/dsh_field_store_activation_request/OP_RUNTIME_VARS.csv","observed"
"dsh-census-0606","dsh","operation_screens_map","dsh_field_store_activation_request::OP_SCREENS_MAP","services::dsh::governance::operations::dsh_field_store_activation_request::OP_SCREENS_MAP","services/dsh/governance/operations/dsh_field_store_activation_request/OP_SCREENS_MAP.csv","SERVICE","operation-dossier:dsh_field_store_activation_request","services/dsh/governance/operations/dsh_field_store_activation_request/OP_SCREENS_MAP.csv","observed"
"dsh-census-0607","dsh","operation_spec","dsh_field_store_activation_request::OP_SPEC","services::dsh::governance::operations::dsh_field_store_activation_request::OP_SPEC","services/dsh/governance/operations/dsh_field_store_activation_request/OP_SPEC.yaml","SERVICE","operation-dossier:dsh_field_store_activation_request","services/dsh/governance/operations/dsh_field_store_activation_request/OP_SPEC.yaml","observed"
"dsh-census-0608","dsh","operation_acceptance","dsh_field_store_geo_pin::OP_ACCEPTANCE","services::dsh::governance::operations::dsh_field_store_geo_pin::OP_ACCEPTANCE","services/dsh/governance/operations/dsh_field_store_geo_pin/OP_ACCEPTANCE.md","SERVICE","operation-dossier:dsh_field_store_geo_pin","services/dsh/governance/operations/dsh_field_store_geo_pin/OP_ACCEPTANCE.md","observed"
"dsh-census-0609","dsh","operation_actions_catalog","dsh_field_store_geo_pin::OP_ACTIONS_CATALOG","services::dsh::governance::operations::dsh_field_store_geo_pin::OP_ACTIONS_CATALOG","services/dsh/governance/operations/dsh_field_store_geo_pin/OP_ACTIONS_CATALOG.csv","SERVICE","operation-dossier:dsh_field_store_geo_pin","services/dsh/governance/operations/dsh_field_store_geo_pin/OP_ACTIONS_CATALOG.csv","observed"
"dsh-census-0610","dsh","operation_api_map","dsh_field_store_geo_pin::OP_API_MAP","services::dsh::governance::operations::dsh_field_store_geo_pin::OP_API_MAP","services/dsh/governance/operations/dsh_field_store_geo_pin/OP_API_MAP.csv","SERVICE","operation-dossier:dsh_field_store_geo_pin","services/dsh/governance/operations/dsh_field_store_geo_pin/OP_API_MAP.csv","observed"
"dsh-census-0611","dsh","operation_evidence_index","dsh_field_store_geo_pin::OP_EVIDENCE_INDEX","services::dsh::governance::operations::dsh_field_store_geo_pin::OP_EVIDENCE_INDEX","services/dsh/governance/operations/dsh_field_store_geo_pin/OP_EVIDENCE_INDEX.json","SERVICE","operation-dossier:dsh_field_store_geo_pin","services/dsh/governance/operations/dsh_field_store_geo_pin/OP_EVIDENCE_INDEX.json","observed"
"dsh-census-0612","dsh","operation_gaps","dsh_field_store_geo_pin::OP_GAPS","services::dsh::governance::operations::dsh_field_store_geo_pin::OP_GAPS","services/dsh/governance/operations/dsh_field_store_geo_pin/OP_GAPS.md","SERVICE","operation-dossier:dsh_field_store_geo_pin","services/dsh/governance/operations/dsh_field_store_geo_pin/OP_GAPS.md","observed"
"dsh-census-0613","dsh","operation_mcpw_map","dsh_field_store_geo_pin::OP_MCPW_MAP","services::dsh::governance::operations::dsh_field_store_geo_pin::OP_MCPW_MAP","services/dsh/governance/operations/dsh_field_store_geo_pin/OP_MCPW_MAP.csv","SERVICE","operation-dossier:dsh_field_store_geo_pin","services/dsh/governance/operations/dsh_field_store_geo_pin/OP_MCPW_MAP.csv","observed"
"dsh-census-0614","dsh","operation_rbac_abac","dsh_field_store_geo_pin::OP_RBAC_ABAC","services::dsh::governance::operations::dsh_field_store_geo_pin::OP_RBAC_ABAC","services/dsh/governance/operations/dsh_field_store_geo_pin/OP_RBAC_ABAC.csv","SERVICE","operation-dossier:dsh_field_store_geo_pin","services/dsh/governance/operations/dsh_field_store_geo_pin/OP_RBAC_ABAC.csv","observed"
"dsh-census-0615","dsh","operation_runtime_vars","dsh_field_store_geo_pin::OP_RUNTIME_VARS","services::dsh::governance::operations::dsh_field_store_geo_pin::OP_RUNTIME_VARS","services/dsh/governance/operations/dsh_field_store_geo_pin/OP_RUNTIME_VARS.csv","SERVICE","operation-dossier:dsh_field_store_geo_pin","services/dsh/governance/operations/dsh_field_store_geo_pin/OP_RUNTIME_VARS.csv","observed"
"dsh-census-0616","dsh","operation_screens_map","dsh_field_store_geo_pin::OP_SCREENS_MAP","services::dsh::governance::operations::dsh_field_store_geo_pin::OP_SCREENS_MAP","services/dsh/governance/operations/dsh_field_store_geo_pin/OP_SCREENS_MAP.csv","SERVICE","operation-dossier:dsh_field_store_geo_pin","services/dsh/governance/operations/dsh_field_store_geo_pin/OP_SCREENS_MAP.csv","observed"
"dsh-census-0617","dsh","operation_spec","dsh_field_store_geo_pin::OP_SPEC","services::dsh::governance::operations::dsh_field_store_geo_pin::OP_SPEC","services/dsh/governance/operations/dsh_field_store_geo_pin/OP_SPEC.yaml","SERVICE","operation-dossier:dsh_field_store_geo_pin","services/dsh/governance/operations/dsh_field_store_geo_pin/OP_SPEC.yaml","observed"
"dsh-census-0618","dsh","operation_acceptance","dsh_field_store_visit_log::OP_ACCEPTANCE","services::dsh::governance::operations::dsh_field_store_visit_log::OP_ACCEPTANCE","services/dsh/governance/operations/dsh_field_store_visit_log/OP_ACCEPTANCE.md","SERVICE","operation-dossier:dsh_field_store_visit_log","services/dsh/governance/operations/dsh_field_store_visit_log/OP_ACCEPTANCE.md","observed"
"dsh-census-0619","dsh","operation_actions_catalog","dsh_field_store_visit_log::OP_ACTIONS_CATALOG","services::dsh::governance::operations::dsh_field_store_visit_log::OP_ACTIONS_CATALOG","services/dsh/governance/operations/dsh_field_store_visit_log/OP_ACTIONS_CATALOG.csv","SERVICE","operation-dossier:dsh_field_store_visit_log","services/dsh/governance/operations/dsh_field_store_visit_log/OP_ACTIONS_CATALOG.csv","observed"
"dsh-census-0620","dsh","operation_api_map","dsh_field_store_visit_log::OP_API_MAP","services::dsh::governance::operations::dsh_field_store_visit_log::OP_API_MAP","services/dsh/governance/operations/dsh_field_store_visit_log/OP_API_MAP.csv","SERVICE","operation-dossier:dsh_field_store_visit_log","services/dsh/governance/operations/dsh_field_store_visit_log/OP_API_MAP.csv","observed"
"dsh-census-0621","dsh","operation_evidence_index","dsh_field_store_visit_log::OP_EVIDENCE_INDEX","services::dsh::governance::operations::dsh_field_store_visit_log::OP_EVIDENCE_INDEX","services/dsh/governance/operations/dsh_field_store_visit_log/OP_EVIDENCE_INDEX.json","SERVICE","operation-dossier:dsh_field_store_visit_log","services/dsh/governance/operations/dsh_field_store_visit_log/OP_EVIDENCE_INDEX.json","observed"
"dsh-census-0622","dsh","operation_gaps","dsh_field_store_visit_log::OP_GAPS","services::dsh::governance::operations::dsh_field_store_visit_log::OP_GAPS","services/dsh/governance/operations/dsh_field_store_visit_log/OP_GAPS.md","SERVICE","operation-dossier:dsh_field_store_visit_log","services/dsh/governance/operations/dsh_field_store_visit_log/OP_GAPS.md","observed"
"dsh-census-0623","dsh","operation_mcpw_map","dsh_field_store_visit_log::OP_MCPW_MAP","services::dsh::governance::operations::dsh_field_store_visit_log::OP_MCPW_MAP","services/dsh/governance/operations/dsh_field_store_visit_log/OP_MCPW_MAP.csv","SERVICE","operation-dossier:dsh_field_store_visit_log","services/dsh/governance/operations/dsh_field_store_visit_log/OP_MCPW_MAP.csv","observed"
"dsh-census-0624","dsh","operation_rbac_abac","dsh_field_store_visit_log::OP_RBAC_ABAC","services::dsh::governance::operations::dsh_field_store_visit_log::OP_RBAC_ABAC","services/dsh/governance/operations/dsh_field_store_visit_log/OP_RBAC_ABAC.csv","SERVICE","operation-dossier:dsh_field_store_visit_log","services/dsh/governance/operations/dsh_field_store_visit_log/OP_RBAC_ABAC.csv","observed"
"dsh-census-0625","dsh","operation_runtime_vars","dsh_field_store_visit_log::OP_RUNTIME_VARS","services::dsh::governance::operations::dsh_field_store_visit_log::OP_RUNTIME_VARS","services/dsh/governance/operations/dsh_field_store_visit_log/OP_RUNTIME_VARS.csv","SERVICE","operation-dossier:dsh_field_store_visit_log","services/dsh/governance/operations/dsh_field_store_visit_log/OP_RUNTIME_VARS.csv","observed"
"dsh-census-0626","dsh","operation_screens_map","dsh_field_store_visit_log::OP_SCREENS_MAP","services::dsh::governance::operations::dsh_field_store_visit_log::OP_SCREENS_MAP","services/dsh/governance/operations/dsh_field_store_visit_log/OP_SCREENS_MAP.csv","SERVICE","operation-dossier:dsh_field_store_visit_log","services/dsh/governance/operations/dsh_field_store_visit_log/OP_SCREENS_MAP.csv","observed"
"dsh-census-0627","dsh","operation_spec","dsh_field_store_visit_log::OP_SPEC","services::dsh::governance::operations::dsh_field_store_visit_log::OP_SPEC","services/dsh/governance/operations/dsh_field_store_visit_log/OP_SPEC.yaml","SERVICE","operation-dossier:dsh_field_store_visit_log","services/dsh/governance/operations/dsh_field_store_visit_log/OP_SPEC.yaml","observed"
"dsh-census-0628","dsh","operation_acceptance","dsh_listing_status_update::OP_ACCEPTANCE","services::dsh::governance::operations::dsh_listing_status_update::OP_ACCEPTANCE","services/dsh/governance/operations/dsh_listing_status_update/OP_ACCEPTANCE.md","SERVICE","operation-dossier:dsh_listing_status_update","services/dsh/governance/operations/dsh_listing_status_update/OP_ACCEPTANCE.md","observed"
"dsh-census-0629","dsh","operation_actions_catalog","dsh_listing_status_update::OP_ACTIONS_CATALOG","services::dsh::governance::operations::dsh_listing_status_update::OP_ACTIONS_CATALOG","services/dsh/governance/operations/dsh_listing_status_update/OP_ACTIONS_CATALOG.csv","SERVICE","operation-dossier:dsh_listing_status_update","services/dsh/governance/operations/dsh_listing_status_update/OP_ACTIONS_CATALOG.csv","observed"
"dsh-census-0630","dsh","operation_api_map","dsh_listing_status_update::OP_API_MAP","services::dsh::governance::operations::dsh_listing_status_update::OP_API_MAP","services/dsh/governance/operations/dsh_listing_status_update/OP_API_MAP.csv","SERVICE","operation-dossier:dsh_listing_status_update","services/dsh/governance/operations/dsh_listing_status_update/OP_API_MAP.csv","observed"
"dsh-census-0631","dsh","operation_evidence_index","dsh_listing_status_update::OP_EVIDENCE_INDEX","services::dsh::governance::operations::dsh_listing_status_update::OP_EVIDENCE_INDEX","services/dsh/governance/operations/dsh_listing_status_update/OP_EVIDENCE_INDEX.json","SERVICE","operation-dossier:dsh_listing_status_update","services/dsh/governance/operations/dsh_listing_status_update/OP_EVIDENCE_INDEX.json","observed"
"dsh-census-0632","dsh","operation_gaps","dsh_listing_status_update::OP_GAPS","services::dsh::governance::operations::dsh_listing_status_update::OP_GAPS","services/dsh/governance/operations/dsh_listing_status_update/OP_GAPS.md","SERVICE","operation-dossier:dsh_listing_status_update","services/dsh/governance/operations/dsh_listing_status_update/OP_GAPS.md","observed"
"dsh-census-0633","dsh","operation_mcpw_map","dsh_listing_status_update::OP_MCPW_MAP","services::dsh::governance::operations::dsh_listing_status_update::OP_MCPW_MAP","services/dsh/governance/operations/dsh_listing_status_update/OP_MCPW_MAP.csv","SERVICE","operation-dossier:dsh_listing_status_update","services/dsh/governance/operations/dsh_listing_status_update/OP_MCPW_MAP.csv","observed"
"dsh-census-0634","dsh","operation_rbac_abac","dsh_listing_status_update::OP_RBAC_ABAC","services::dsh::governance::operations::dsh_listing_status_update::OP_RBAC_ABAC","services/dsh/governance/operations/dsh_listing_status_update/OP_RBAC_ABAC.csv","SERVICE","operation-dossier:dsh_listing_status_update","services/dsh/governance/operations/dsh_listing_status_update/OP_RBAC_ABAC.csv","observed"
"dsh-census-0635","dsh","operation_runtime_vars","dsh_listing_status_update::OP_RUNTIME_VARS","services::dsh::governance::operations::dsh_listing_status_update::OP_RUNTIME_VARS","services/dsh/governance/operations/dsh_listing_status_update/OP_RUNTIME_VARS.csv","SERVICE","operation-dossier:dsh_listing_status_update","services/dsh/governance/operations/dsh_listing_status_update/OP_RUNTIME_VARS.csv","observed"
"dsh-census-0636","dsh","operation_screens_map","dsh_listing_status_update::OP_SCREENS_MAP","services::dsh::governance::operations::dsh_listing_status_update::OP_SCREENS_MAP","services/dsh/governance/operations/dsh_listing_status_update/OP_SCREENS_MAP.csv","SERVICE","operation-dossier:dsh_listing_status_update","services/dsh/governance/operations/dsh_listing_status_update/OP_SCREENS_MAP.csv","observed"
"dsh-census-0637","dsh","operation_spec","dsh_listing_status_update::OP_SPEC","services::dsh::governance::operations::dsh_listing_status_update::OP_SPEC","services/dsh/governance/operations/dsh_listing_status_update/OP_SPEC.yaml","SERVICE","operation-dossier:dsh_listing_status_update","services/dsh/governance/operations/dsh_listing_status_update/OP_SPEC.yaml","observed"
"dsh-census-0638","dsh","operation_acceptance","dsh_loyalty_points_redeem::OP_ACCEPTANCE","services::dsh::governance::operations::dsh_loyalty_points_redeem::OP_ACCEPTANCE","services/dsh/governance/operations/dsh_loyalty_points_redeem/OP_ACCEPTANCE.md","SERVICE","operation-dossier:dsh_loyalty_points_redeem","services/dsh/governance/operations/dsh_loyalty_points_redeem/OP_ACCEPTANCE.md","observed"
"dsh-census-0639","dsh","operation_actions_catalog","dsh_loyalty_points_redeem::OP_ACTIONS_CATALOG","services::dsh::governance::operations::dsh_loyalty_points_redeem::OP_ACTIONS_CATALOG","services/dsh/governance/operations/dsh_loyalty_points_redeem/OP_ACTIONS_CATALOG.csv","SERVICE","operation-dossier:dsh_loyalty_points_redeem","services/dsh/governance/operations/dsh_loyalty_points_redeem/OP_ACTIONS_CATALOG.csv","observed"
"dsh-census-0640","dsh","operation_api_map","dsh_loyalty_points_redeem::OP_API_MAP","services::dsh::governance::operations::dsh_loyalty_points_redeem::OP_API_MAP","services/dsh/governance/operations/dsh_loyalty_points_redeem/OP_API_MAP.csv","SERVICE","operation-dossier:dsh_loyalty_points_redeem","services/dsh/governance/operations/dsh_loyalty_points_redeem/OP_API_MAP.csv","observed"
"dsh-census-0641","dsh","operation_evidence_index","dsh_loyalty_points_redeem::OP_EVIDENCE_INDEX","services::dsh::governance::operations::dsh_loyalty_points_redeem::OP_EVIDENCE_INDEX","services/dsh/governance/operations/dsh_loyalty_points_redeem/OP_EVIDENCE_INDEX.json","SERVICE","operation-dossier:dsh_loyalty_points_redeem","services/dsh/governance/operations/dsh_loyalty_points_redeem/OP_EVIDENCE_INDEX.json","observed"
"dsh-census-0642","dsh","operation_gaps","dsh_loyalty_points_redeem::OP_GAPS","services::dsh::governance::operations::dsh_loyalty_points_redeem::OP_GAPS","services/dsh/governance/operations/dsh_loyalty_points_redeem/OP_GAPS.md","SERVICE","operation-dossier:dsh_loyalty_points_redeem","services/dsh/governance/operations/dsh_loyalty_points_redeem/OP_GAPS.md","observed"
"dsh-census-0643","dsh","operation_mcpw_map","dsh_loyalty_points_redeem::OP_MCPW_MAP","services::dsh::governance::operations::dsh_loyalty_points_redeem::OP_MCPW_MAP","services/dsh/governance/operations/dsh_loyalty_points_redeem/OP_MCPW_MAP.csv","SERVICE","operation-dossier:dsh_loyalty_points_redeem","services/dsh/governance/operations/dsh_loyalty_points_redeem/OP_MCPW_MAP.csv","observed"
"dsh-census-0644","dsh","operation_rbac_abac","dsh_loyalty_points_redeem::OP_RBAC_ABAC","services::dsh::governance::operations::dsh_loyalty_points_redeem::OP_RBAC_ABAC","services/dsh/governance/operations/dsh_loyalty_points_redeem/OP_RBAC_ABAC.csv","SERVICE","operation-dossier:dsh_loyalty_points_redeem","services/dsh/governance/operations/dsh_loyalty_points_redeem/OP_RBAC_ABAC.csv","observed"
"dsh-census-0645","dsh","operation_runtime_vars","dsh_loyalty_points_redeem::OP_RUNTIME_VARS","services::dsh::governance::operations::dsh_loyalty_points_redeem::OP_RUNTIME_VARS","services/dsh/governance/operations/dsh_loyalty_points_redeem/OP_RUNTIME_VARS.csv","SERVICE","operation-dossier:dsh_loyalty_points_redeem","services/dsh/governance/operations/dsh_loyalty_points_redeem/OP_RUNTIME_VARS.csv","observed"
"dsh-census-0646","dsh","operation_screens_map","dsh_loyalty_points_redeem::OP_SCREENS_MAP","services::dsh::governance::operations::dsh_loyalty_points_redeem::OP_SCREENS_MAP","services/dsh/governance/operations/dsh_loyalty_points_redeem/OP_SCREENS_MAP.csv","SERVICE","operation-dossier:dsh_loyalty_points_redeem","services/dsh/governance/operations/dsh_loyalty_points_redeem/OP_SCREENS_MAP.csv","observed"
"dsh-census-0647","dsh","operation_spec","dsh_loyalty_points_redeem::OP_SPEC","services::dsh::governance::operations::dsh_loyalty_points_redeem::OP_SPEC","services/dsh/governance/operations/dsh_loyalty_points_redeem/OP_SPEC.yaml","SERVICE","operation-dossier:dsh_loyalty_points_redeem","services/dsh/governance/operations/dsh_loyalty_points_redeem/OP_SPEC.yaml","observed"
"dsh-census-0648","dsh","operation_acceptance","dsh_loyalty_points_user_balance::OP_ACCEPTANCE","services::dsh::governance::operations::dsh_loyalty_points_user_balance::OP_ACCEPTANCE","services/dsh/governance/operations/dsh_loyalty_points_user_balance/OP_ACCEPTANCE.md","SERVICE","operation-dossier:dsh_loyalty_points_user_balance","services/dsh/governance/operations/dsh_loyalty_points_user_balance/OP_ACCEPTANCE.md","observed"
"dsh-census-0649","dsh","operation_actions_catalog","dsh_loyalty_points_user_balance::OP_ACTIONS_CATALOG","services::dsh::governance::operations::dsh_loyalty_points_user_balance::OP_ACTIONS_CATALOG","services/dsh/governance/operations/dsh_loyalty_points_user_balance/OP_ACTIONS_CATALOG.csv","SERVICE","operation-dossier:dsh_loyalty_points_user_balance","services/dsh/governance/operations/dsh_loyalty_points_user_balance/OP_ACTIONS_CATALOG.csv","observed"
"dsh-census-0650","dsh","operation_api_map","dsh_loyalty_points_user_balance::OP_API_MAP","services::dsh::governance::operations::dsh_loyalty_points_user_balance::OP_API_MAP","services/dsh/governance/operations/dsh_loyalty_points_user_balance/OP_API_MAP.csv","SERVICE","operation-dossier:dsh_loyalty_points_user_balance","services/dsh/governance/operations/dsh_loyalty_points_user_balance/OP_API_MAP.csv","observed"
"dsh-census-0651","dsh","operation_evidence_index","dsh_loyalty_points_user_balance::OP_EVIDENCE_INDEX","services::dsh::governance::operations::dsh_loyalty_points_user_balance::OP_EVIDENCE_INDEX","services/dsh/governance/operations/dsh_loyalty_points_user_balance/OP_EVIDENCE_INDEX.json","SERVICE","operation-dossier:dsh_loyalty_points_user_balance","services/dsh/governance/operations/dsh_loyalty_points_user_balance/OP_EVIDENCE_INDEX.json","observed"
"dsh-census-0652","dsh","operation_gaps","dsh_loyalty_points_user_balance::OP_GAPS","services::dsh::governance::operations::dsh_loyalty_points_user_balance::OP_GAPS","services/dsh/governance/operations/dsh_loyalty_points_user_balance/OP_GAPS.md","SERVICE","operation-dossier:dsh_loyalty_points_user_balance","services/dsh/governance/operations/dsh_loyalty_points_user_balance/OP_GAPS.md","observed"
"dsh-census-0653","dsh","operation_mcpw_map","dsh_loyalty_points_user_balance::OP_MCPW_MAP","services::dsh::governance::operations::dsh_loyalty_points_user_balance::OP_MCPW_MAP","services/dsh/governance/operations/dsh_loyalty_points_user_balance/OP_MCPW_MAP.csv","SERVICE","operation-dossier:dsh_loyalty_points_user_balance","services/dsh/governance/operations/dsh_loyalty_points_user_balance/OP_MCPW_MAP.csv","observed"
"dsh-census-0654","dsh","operation_rbac_abac","dsh_loyalty_points_user_balance::OP_RBAC_ABAC","services::dsh::governance::operations::dsh_loyalty_points_user_balance::OP_RBAC_ABAC","services/dsh/governance/operations/dsh_loyalty_points_user_balance/OP_RBAC_ABAC.csv","SERVICE","operation-dossier:dsh_loyalty_points_user_balance","services/dsh/governance/operations/dsh_loyalty_points_user_balance/OP_RBAC_ABAC.csv","observed"
"dsh-census-0655","dsh","operation_runtime_vars","dsh_loyalty_points_user_balance::OP_RUNTIME_VARS","services::dsh::governance::operations::dsh_loyalty_points_user_balance::OP_RUNTIME_VARS","services/dsh/governance/operations/dsh_loyalty_points_user_balance/OP_RUNTIME_VARS.csv","SERVICE","operation-dossier:dsh_loyalty_points_user_balance","services/dsh/governance/operations/dsh_loyalty_points_user_balance/OP_RUNTIME_VARS.csv","observed"
"dsh-census-0656","dsh","operation_screens_map","dsh_loyalty_points_user_balance::OP_SCREENS_MAP","services::dsh::governance::operations::dsh_loyalty_points_user_balance::OP_SCREENS_MAP","services/dsh/governance/operations/dsh_loyalty_points_user_balance/OP_SCREENS_MAP.csv","SERVICE","operation-dossier:dsh_loyalty_points_user_balance","services/dsh/governance/operations/dsh_loyalty_points_user_balance/OP_SCREENS_MAP.csv","observed"
"dsh-census-0657","dsh","operation_spec","dsh_loyalty_points_user_balance::OP_SPEC","services::dsh::governance::operations::dsh_loyalty_points_user_balance::OP_SPEC","services/dsh/governance/operations/dsh_loyalty_points_user_balance/OP_SPEC.yaml","SERVICE","operation-dossier:dsh_loyalty_points_user_balance","services/dsh/governance/operations/dsh_loyalty_points_user_balance/OP_SPEC.yaml","observed"
"dsh-census-0658","dsh","operation_acceptance","dsh_loyalty_points_user_history::OP_ACCEPTANCE","services::dsh::governance::operations::dsh_loyalty_points_user_history::OP_ACCEPTANCE","services/dsh/governance/operations/dsh_loyalty_points_user_history/OP_ACCEPTANCE.md","SERVICE","operation-dossier:dsh_loyalty_points_user_history","services/dsh/governance/operations/dsh_loyalty_points_user_history/OP_ACCEPTANCE.md","observed"
"dsh-census-0659","dsh","operation_actions_catalog","dsh_loyalty_points_user_history::OP_ACTIONS_CATALOG","services::dsh::governance::operations::dsh_loyalty_points_user_history::OP_ACTIONS_CATALOG","services/dsh/governance/operations/dsh_loyalty_points_user_history/OP_ACTIONS_CATALOG.csv","SERVICE","operation-dossier:dsh_loyalty_points_user_history","services/dsh/governance/operations/dsh_loyalty_points_user_history/OP_ACTIONS_CATALOG.csv","observed"
"dsh-census-0660","dsh","operation_api_map","dsh_loyalty_points_user_history::OP_API_MAP","services::dsh::governance::operations::dsh_loyalty_points_user_history::OP_API_MAP","services/dsh/governance/operations/dsh_loyalty_points_user_history/OP_API_MAP.csv","SERVICE","operation-dossier:dsh_loyalty_points_user_history","services/dsh/governance/operations/dsh_loyalty_points_user_history/OP_API_MAP.csv","observed"
"dsh-census-0661","dsh","operation_evidence_index","dsh_loyalty_points_user_history::OP_EVIDENCE_INDEX","services::dsh::governance::operations::dsh_loyalty_points_user_history::OP_EVIDENCE_INDEX","services/dsh/governance/operations/dsh_loyalty_points_user_history/OP_EVIDENCE_INDEX.json","SERVICE","operation-dossier:dsh_loyalty_points_user_history","services/dsh/governance/operations/dsh_loyalty_points_user_history/OP_EVIDENCE_INDEX.json","observed"
"dsh-census-0662","dsh","operation_gaps","dsh_loyalty_points_user_history::OP_GAPS","services::dsh::governance::operations::dsh_loyalty_points_user_history::OP_GAPS","services/dsh/governance/operations/dsh_loyalty_points_user_history/OP_GAPS.md","SERVICE","operation-dossier:dsh_loyalty_points_user_history","services/dsh/governance/operations/dsh_loyalty_points_user_history/OP_GAPS.md","observed"
"dsh-census-0663","dsh","operation_mcpw_map","dsh_loyalty_points_user_history::OP_MCPW_MAP","services::dsh::governance::operations::dsh_loyalty_points_user_history::OP_MCPW_MAP","services/dsh/governance/operations/dsh_loyalty_points_user_history/OP_MCPW_MAP.csv","SERVICE","operation-dossier:dsh_loyalty_points_user_history","services/dsh/governance/operations/dsh_loyalty_points_user_history/OP_MCPW_MAP.csv","observed"
"dsh-census-0664","dsh","operation_rbac_abac","dsh_loyalty_points_user_history::OP_RBAC_ABAC","services::dsh::governance::operations::dsh_loyalty_points_user_history::OP_RBAC_ABAC","services/dsh/governance/operations/dsh_loyalty_points_user_history/OP_RBAC_ABAC.csv","SERVICE","operation-dossier:dsh_loyalty_points_user_history","services/dsh/governance/operations/dsh_loyalty_points_user_history/OP_RBAC_ABAC.csv","observed"
"dsh-census-0665","dsh","operation_runtime_vars","dsh_loyalty_points_user_history::OP_RUNTIME_VARS","services::dsh::governance::operations::dsh_loyalty_points_user_history::OP_RUNTIME_VARS","services/dsh/governance/operations/dsh_loyalty_points_user_history/OP_RUNTIME_VARS.csv","SERVICE","operation-dossier:dsh_loyalty_points_user_history","services/dsh/governance/operations/dsh_loyalty_points_user_history/OP_RUNTIME_VARS.csv","observed"
"dsh-census-0666","dsh","operation_screens_map","dsh_loyalty_points_user_history::OP_SCREENS_MAP","services::dsh::governance::operations::dsh_loyalty_points_user_history::OP_SCREENS_MAP","services/dsh/governance/operations/dsh_loyalty_points_user_history/OP_SCREENS_MAP.csv","SERVICE","operation-dossier:dsh_loyalty_points_user_history","services/dsh/governance/operations/dsh_loyalty_points_user_history/OP_SCREENS_MAP.csv","observed"
"dsh-census-0667","dsh","operation_spec","dsh_loyalty_points_user_history::OP_SPEC","services::dsh::governance::operations::dsh_loyalty_points_user_history::OP_SPEC","services/dsh/governance/operations/dsh_loyalty_points_user_history/OP_SPEC.yaml","SERVICE","operation-dossier:dsh_loyalty_points_user_history","services/dsh/governance/operations/dsh_loyalty_points_user_history/OP_SPEC.yaml","observed"
"dsh-census-0668","dsh","operation_acceptance","dsh_order_accept::OP_ACCEPTANCE","services::dsh::governance::operations::dsh_order_accept::OP_ACCEPTANCE","services/dsh/governance/operations/dsh_order_accept/OP_ACCEPTANCE.md","SERVICE","operation-dossier:dsh_order_accept","services/dsh/governance/operations/dsh_order_accept/OP_ACCEPTANCE.md","observed"
"dsh-census-0669","dsh","operation_actions_catalog","dsh_order_accept::OP_ACTIONS_CATALOG","services::dsh::governance::operations::dsh_order_accept::OP_ACTIONS_CATALOG","services/dsh/governance/operations/dsh_order_accept/OP_ACTIONS_CATALOG.csv","SERVICE","operation-dossier:dsh_order_accept","services/dsh/governance/operations/dsh_order_accept/OP_ACTIONS_CATALOG.csv","observed"
"dsh-census-0670","dsh","operation_api_map","dsh_order_accept::OP_API_MAP","services::dsh::governance::operations::dsh_order_accept::OP_API_MAP","services/dsh/governance/operations/dsh_order_accept/OP_API_MAP.csv","SERVICE","operation-dossier:dsh_order_accept","services/dsh/governance/operations/dsh_order_accept/OP_API_MAP.csv","observed"
"dsh-census-0671","dsh","operation_evidence_index","dsh_order_accept::OP_EVIDENCE_INDEX","services::dsh::governance::operations::dsh_order_accept::OP_EVIDENCE_INDEX","services/dsh/governance/operations/dsh_order_accept/OP_EVIDENCE_INDEX.json","SERVICE","operation-dossier:dsh_order_accept","services/dsh/governance/operations/dsh_order_accept/OP_EVIDENCE_INDEX.json","observed"
"dsh-census-0672","dsh","operation_gaps","dsh_order_accept::OP_GAPS","services::dsh::governance::operations::dsh_order_accept::OP_GAPS","services/dsh/governance/operations/dsh_order_accept/OP_GAPS.md","SERVICE","operation-dossier:dsh_order_accept","services/dsh/governance/operations/dsh_order_accept/OP_GAPS.md","observed"
"dsh-census-0673","dsh","operation_mcpw_map","dsh_order_accept::OP_MCPW_MAP","services::dsh::governance::operations::dsh_order_accept::OP_MCPW_MAP","services/dsh/governance/operations/dsh_order_accept/OP_MCPW_MAP.csv","SERVICE","operation-dossier:dsh_order_accept","services/dsh/governance/operations/dsh_order_accept/OP_MCPW_MAP.csv","observed"
"dsh-census-0674","dsh","operation_rbac_abac","dsh_order_accept::OP_RBAC_ABAC","services::dsh::governance::operations::dsh_order_accept::OP_RBAC_ABAC","services/dsh/governance/operations/dsh_order_accept/OP_RBAC_ABAC.csv","SERVICE","operation-dossier:dsh_order_accept","services/dsh/governance/operations/dsh_order_accept/OP_RBAC_ABAC.csv","observed"
"dsh-census-0675","dsh","operation_runtime_vars","dsh_order_accept::OP_RUNTIME_VARS","services::dsh::governance::operations::dsh_order_accept::OP_RUNTIME_VARS","services/dsh/governance/operations/dsh_order_accept/OP_RUNTIME_VARS.csv","SERVICE","operation-dossier:dsh_order_accept","services/dsh/governance/operations/dsh_order_accept/OP_RUNTIME_VARS.csv","observed"
"dsh-census-0676","dsh","operation_screens_map","dsh_order_accept::OP_SCREENS_MAP","services::dsh::governance::operations::dsh_order_accept::OP_SCREENS_MAP","services/dsh/governance/operations/dsh_order_accept/OP_SCREENS_MAP.csv","SERVICE","operation-dossier:dsh_order_accept","services/dsh/governance/operations/dsh_order_accept/OP_SCREENS_MAP.csv","observed"
"dsh-census-0677","dsh","operation_spec","dsh_order_accept::OP_SPEC","services::dsh::governance::operations::dsh_order_accept::OP_SPEC","services/dsh/governance/operations/dsh_order_accept/OP_SPEC.yaml","SERVICE","operation-dossier:dsh_order_accept","services/dsh/governance/operations/dsh_order_accept/OP_SPEC.yaml","observed"
"dsh-census-0678","dsh","operation_acceptance","dsh_order_complete::OP_ACCEPTANCE","services::dsh::governance::operations::dsh_order_complete::OP_ACCEPTANCE","services/dsh/governance/operations/dsh_order_complete/OP_ACCEPTANCE.md","SERVICE","operation-dossier:dsh_order_complete","services/dsh/governance/operations/dsh_order_complete/OP_ACCEPTANCE.md","observed"
"dsh-census-0679","dsh","operation_actions_catalog","dsh_order_complete::OP_ACTIONS_CATALOG","services::dsh::governance::operations::dsh_order_complete::OP_ACTIONS_CATALOG","services/dsh/governance/operations/dsh_order_complete/OP_ACTIONS_CATALOG.csv","SERVICE","operation-dossier:dsh_order_complete","services/dsh/governance/operations/dsh_order_complete/OP_ACTIONS_CATALOG.csv","observed"
"dsh-census-0680","dsh","operation_api_map","dsh_order_complete::OP_API_MAP","services::dsh::governance::operations::dsh_order_complete::OP_API_MAP","services/dsh/governance/operations/dsh_order_complete/OP_API_MAP.csv","SERVICE","operation-dossier:dsh_order_complete","services/dsh/governance/operations/dsh_order_complete/OP_API_MAP.csv","observed"
"dsh-census-0681","dsh","operation_evidence_index","dsh_order_complete::OP_EVIDENCE_INDEX","services::dsh::governance::operations::dsh_order_complete::OP_EVIDENCE_INDEX","services/dsh/governance/operations/dsh_order_complete/OP_EVIDENCE_INDEX.json","SERVICE","operation-dossier:dsh_order_complete","services/dsh/governance/operations/dsh_order_complete/OP_EVIDENCE_INDEX.json","observed"
"dsh-census-0682","dsh","operation_gaps","dsh_order_complete::OP_GAPS","services::dsh::governance::operations::dsh_order_complete::OP_GAPS","services/dsh/governance/operations/dsh_order_complete/OP_GAPS.md","SERVICE","operation-dossier:dsh_order_complete","services/dsh/governance/operations/dsh_order_complete/OP_GAPS.md","observed"
"dsh-census-0683","dsh","operation_mcpw_map","dsh_order_complete::OP_MCPW_MAP","services::dsh::governance::operations::dsh_order_complete::OP_MCPW_MAP","services/dsh/governance/operations/dsh_order_complete/OP_MCPW_MAP.csv","SERVICE","operation-dossier:dsh_order_complete","services/dsh/governance/operations/dsh_order_complete/OP_MCPW_MAP.csv","observed"
"dsh-census-0684","dsh","operation_rbac_abac","dsh_order_complete::OP_RBAC_ABAC","services::dsh::governance::operations::dsh_order_complete::OP_RBAC_ABAC","services/dsh/governance/operations/dsh_order_complete/OP_RBAC_ABAC.csv","SERVICE","operation-dossier:dsh_order_complete","services/dsh/governance/operations/dsh_order_complete/OP_RBAC_ABAC.csv","observed"
"dsh-census-0685","dsh","operation_runtime_vars","dsh_order_complete::OP_RUNTIME_VARS","services::dsh::governance::operations::dsh_order_complete::OP_RUNTIME_VARS","services/dsh/governance/operations/dsh_order_complete/OP_RUNTIME_VARS.csv","SERVICE","operation-dossier:dsh_order_complete","services/dsh/governance/operations/dsh_order_complete/OP_RUNTIME_VARS.csv","observed"
"dsh-census-0686","dsh","operation_screens_map","dsh_order_complete::OP_SCREENS_MAP","services::dsh::governance::operations::dsh_order_complete::OP_SCREENS_MAP","services/dsh/governance/operations/dsh_order_complete/OP_SCREENS_MAP.csv","SERVICE","operation-dossier:dsh_order_complete","services/dsh/governance/operations/dsh_order_complete/OP_SCREENS_MAP.csv","observed"
"dsh-census-0687","dsh","operation_spec","dsh_order_complete::OP_SPEC","services::dsh::governance::operations::dsh_order_complete::OP_SPEC","services/dsh/governance/operations/dsh_order_complete/OP_SPEC.yaml","SERVICE","operation-dossier:dsh_order_complete","services/dsh/governance/operations/dsh_order_complete/OP_SPEC.yaml","observed"
"dsh-census-0688","dsh","operation_acceptance","dsh_order_create::OP_ACCEPTANCE","services::dsh::governance::operations::dsh_order_create::OP_ACCEPTANCE","services/dsh/governance/operations/dsh_order_create/OP_ACCEPTANCE.md","SERVICE","operation-dossier:dsh_order_create","services/dsh/governance/operations/dsh_order_create/OP_ACCEPTANCE.md","observed"
"dsh-census-0689","dsh","operation_actions_catalog","dsh_order_create::OP_ACTIONS_CATALOG","services::dsh::governance::operations::dsh_order_create::OP_ACTIONS_CATALOG","services/dsh/governance/operations/dsh_order_create/OP_ACTIONS_CATALOG.csv","SERVICE","operation-dossier:dsh_order_create","services/dsh/governance/operations/dsh_order_create/OP_ACTIONS_CATALOG.csv","observed"
"dsh-census-0690","dsh","operation_api_map","dsh_order_create::OP_API_MAP","services::dsh::governance::operations::dsh_order_create::OP_API_MAP","services/dsh/governance/operations/dsh_order_create/OP_API_MAP.csv","SERVICE","operation-dossier:dsh_order_create","services/dsh/governance/operations/dsh_order_create/OP_API_MAP.csv","observed"
"dsh-census-0691","dsh","operation_evidence_index","dsh_order_create::OP_EVIDENCE_INDEX","services::dsh::governance::operations::dsh_order_create::OP_EVIDENCE_INDEX","services/dsh/governance/operations/dsh_order_create/OP_EVIDENCE_INDEX.json","SERVICE","operation-dossier:dsh_order_create","services/dsh/governance/operations/dsh_order_create/OP_EVIDENCE_INDEX.json","observed"
"dsh-census-0692","dsh","operation_gaps","dsh_order_create::OP_GAPS","services::dsh::governance::operations::dsh_order_create::OP_GAPS","services/dsh/governance/operations/dsh_order_create/OP_GAPS.md","SERVICE","operation-dossier:dsh_order_create","services/dsh/governance/operations/dsh_order_create/OP_GAPS.md","observed"
"dsh-census-0693","dsh","operation_mcpw_map","dsh_order_create::OP_MCPW_MAP","services::dsh::governance::operations::dsh_order_create::OP_MCPW_MAP","services/dsh/governance/operations/dsh_order_create/OP_MCPW_MAP.csv","SERVICE","operation-dossier:dsh_order_create","services/dsh/governance/operations/dsh_order_create/OP_MCPW_MAP.csv","observed"
"dsh-census-0694","dsh","operation_rbac_abac","dsh_order_create::OP_RBAC_ABAC","services::dsh::governance::operations::dsh_order_create::OP_RBAC_ABAC","services/dsh/governance/operations/dsh_order_create/OP_RBAC_ABAC.csv","SERVICE","operation-dossier:dsh_order_create","services/dsh/governance/operations/dsh_order_create/OP_RBAC_ABAC.csv","observed"
"dsh-census-0695","dsh","operation_runtime_vars","dsh_order_create::OP_RUNTIME_VARS","services::dsh::governance::operations::dsh_order_create::OP_RUNTIME_VARS","services/dsh/governance/operations/dsh_order_create/OP_RUNTIME_VARS.csv","SERVICE","operation-dossier:dsh_order_create","services/dsh/governance/operations/dsh_order_create/OP_RUNTIME_VARS.csv","observed"
"dsh-census-0696","dsh","operation_screens_map","dsh_order_create::OP_SCREENS_MAP","services::dsh::governance::operations::dsh_order_create::OP_SCREENS_MAP","services/dsh/governance/operations/dsh_order_create/OP_SCREENS_MAP.csv","SERVICE","operation-dossier:dsh_order_create","services/dsh/governance/operations/dsh_order_create/OP_SCREENS_MAP.csv","observed"
"dsh-census-0697","dsh","operation_spec","dsh_order_create::OP_SPEC","services::dsh::governance::operations::dsh_order_create::OP_SPEC","services/dsh/governance/operations/dsh_order_create/OP_SPEC.yaml","SERVICE","operation-dossier:dsh_order_create","services/dsh/governance/operations/dsh_order_create/OP_SPEC.yaml","observed"
"dsh-census-0698","dsh","operation_acceptance","dsh_order_escrow_hold::OP_ACCEPTANCE","services::dsh::governance::operations::dsh_order_escrow_hold::OP_ACCEPTANCE","services/dsh/governance/operations/dsh_order_escrow_hold/OP_ACCEPTANCE.md","SERVICE","operation-dossier:dsh_order_escrow_hold","services/dsh/governance/operations/dsh_order_escrow_hold/OP_ACCEPTANCE.md","observed"
"dsh-census-0699","dsh","operation_actions_catalog","dsh_order_escrow_hold::OP_ACTIONS_CATALOG","services::dsh::governance::operations::dsh_order_escrow_hold::OP_ACTIONS_CATALOG","services/dsh/governance/operations/dsh_order_escrow_hold/OP_ACTIONS_CATALOG.csv","SERVICE","operation-dossier:dsh_order_escrow_hold","services/dsh/governance/operations/dsh_order_escrow_hold/OP_ACTIONS_CATALOG.csv","observed"
"dsh-census-0700","dsh","operation_api_map","dsh_order_escrow_hold::OP_API_MAP","services::dsh::governance::operations::dsh_order_escrow_hold::OP_API_MAP","services/dsh/governance/operations/dsh_order_escrow_hold/OP_API_MAP.csv","SERVICE","operation-dossier:dsh_order_escrow_hold","services/dsh/governance/operations/dsh_order_escrow_hold/OP_API_MAP.csv","observed"
"dsh-census-0701","dsh","operation_evidence_index","dsh_order_escrow_hold::OP_EVIDENCE_INDEX","services::dsh::governance::operations::dsh_order_escrow_hold::OP_EVIDENCE_INDEX","services/dsh/governance/operations/dsh_order_escrow_hold/OP_EVIDENCE_INDEX.json","SERVICE","operation-dossier:dsh_order_escrow_hold","services/dsh/governance/operations/dsh_order_escrow_hold/OP_EVIDENCE_INDEX.json","observed"
"dsh-census-0702","dsh","operation_gaps","dsh_order_escrow_hold::OP_GAPS","services::dsh::governance::operations::dsh_order_escrow_hold::OP_GAPS","services/dsh/governance/operations/dsh_order_escrow_hold/OP_GAPS.md","SERVICE","operation-dossier:dsh_order_escrow_hold","services/dsh/governance/operations/dsh_order_escrow_hold/OP_GAPS.md","observed"
"dsh-census-0703","dsh","operation_mcpw_map","dsh_order_escrow_hold::OP_MCPW_MAP","services::dsh::governance::operations::dsh_order_escrow_hold::OP_MCPW_MAP","services/dsh/governance/operations/dsh_order_escrow_hold/OP_MCPW_MAP.csv","SERVICE","operation-dossier:dsh_order_escrow_hold","services/dsh/governance/operations/dsh_order_escrow_hold/OP_MCPW_MAP.csv","observed"
"dsh-census-0704","dsh","operation_rbac_abac","dsh_order_escrow_hold::OP_RBAC_ABAC","services::dsh::governance::operations::dsh_order_escrow_hold::OP_RBAC_ABAC","services/dsh/governance/operations/dsh_order_escrow_hold/OP_RBAC_ABAC.csv","SERVICE","operation-dossier:dsh_order_escrow_hold","services/dsh/governance/operations/dsh_order_escrow_hold/OP_RBAC_ABAC.csv","observed"
"dsh-census-0705","dsh","operation_runtime_vars","dsh_order_escrow_hold::OP_RUNTIME_VARS","services::dsh::governance::operations::dsh_order_escrow_hold::OP_RUNTIME_VARS","services/dsh/governance/operations/dsh_order_escrow_hold/OP_RUNTIME_VARS.csv","SERVICE","operation-dossier:dsh_order_escrow_hold","services/dsh/governance/operations/dsh_order_escrow_hold/OP_RUNTIME_VARS.csv","observed"
"dsh-census-0706","dsh","operation_screens_map","dsh_order_escrow_hold::OP_SCREENS_MAP","services::dsh::governance::operations::dsh_order_escrow_hold::OP_SCREENS_MAP","services/dsh/governance/operations/dsh_order_escrow_hold/OP_SCREENS_MAP.csv","SERVICE","operation-dossier:dsh_order_escrow_hold","services/dsh/governance/operations/dsh_order_escrow_hold/OP_SCREENS_MAP.csv","observed"
"dsh-census-0707","dsh","operation_spec","dsh_order_escrow_hold::OP_SPEC","services::dsh::governance::operations::dsh_order_escrow_hold::OP_SPEC","services/dsh/governance/operations/dsh_order_escrow_hold/OP_SPEC.yaml","SERVICE","operation-dossier:dsh_order_escrow_hold","services/dsh/governance/operations/dsh_order_escrow_hold/OP_SPEC.yaml","observed"
"dsh-census-0708","dsh","operation_acceptance","dsh_order_escrow_release::OP_ACCEPTANCE","services::dsh::governance::operations::dsh_order_escrow_release::OP_ACCEPTANCE","services/dsh/governance/operations/dsh_order_escrow_release/OP_ACCEPTANCE.md","SERVICE","operation-dossier:dsh_order_escrow_release","services/dsh/governance/operations/dsh_order_escrow_release/OP_ACCEPTANCE.md","observed"
"dsh-census-0709","dsh","operation_actions_catalog","dsh_order_escrow_release::OP_ACTIONS_CATALOG","services::dsh::governance::operations::dsh_order_escrow_release::OP_ACTIONS_CATALOG","services/dsh/governance/operations/dsh_order_escrow_release/OP_ACTIONS_CATALOG.csv","SERVICE","operation-dossier:dsh_order_escrow_release","services/dsh/governance/operations/dsh_order_escrow_release/OP_ACTIONS_CATALOG.csv","observed"
"dsh-census-0710","dsh","operation_api_map","dsh_order_escrow_release::OP_API_MAP","services::dsh::governance::operations::dsh_order_escrow_release::OP_API_MAP","services/dsh/governance/operations/dsh_order_escrow_release/OP_API_MAP.csv","SERVICE","operation-dossier:dsh_order_escrow_release","services/dsh/governance/operations/dsh_order_escrow_release/OP_API_MAP.csv","observed"
"dsh-census-0711","dsh","operation_evidence_index","dsh_order_escrow_release::OP_EVIDENCE_INDEX","services::dsh::governance::operations::dsh_order_escrow_release::OP_EVIDENCE_INDEX","services/dsh/governance/operations/dsh_order_escrow_release/OP_EVIDENCE_INDEX.json","SERVICE","operation-dossier:dsh_order_escrow_release","services/dsh/governance/operations/dsh_order_escrow_release/OP_EVIDENCE_INDEX.json","observed"
"dsh-census-0712","dsh","operation_gaps","dsh_order_escrow_release::OP_GAPS","services::dsh::governance::operations::dsh_order_escrow_release::OP_GAPS","services/dsh/governance/operations/dsh_order_escrow_release/OP_GAPS.md","SERVICE","operation-dossier:dsh_order_escrow_release","services/dsh/governance/operations/dsh_order_escrow_release/OP_GAPS.md","observed"
"dsh-census-0713","dsh","operation_mcpw_map","dsh_order_escrow_release::OP_MCPW_MAP","services::dsh::governance::operations::dsh_order_escrow_release::OP_MCPW_MAP","services/dsh/governance/operations/dsh_order_escrow_release/OP_MCPW_MAP.csv","SERVICE","operation-dossier:dsh_order_escrow_release","services/dsh/governance/operations/dsh_order_escrow_release/OP_MCPW_MAP.csv","observed"
"dsh-census-0714","dsh","operation_rbac_abac","dsh_order_escrow_release::OP_RBAC_ABAC","services::dsh::governance::operations::dsh_order_escrow_release::OP_RBAC_ABAC","services/dsh/governance/operations/dsh_order_escrow_release/OP_RBAC_ABAC.csv","SERVICE","operation-dossier:dsh_order_escrow_release","services/dsh/governance/operations/dsh_order_escrow_release/OP_RBAC_ABAC.csv","observed"
"dsh-census-0715","dsh","operation_runtime_vars","dsh_order_escrow_release::OP_RUNTIME_VARS","services::dsh::governance::operations::dsh_order_escrow_release::OP_RUNTIME_VARS","services/dsh/governance/operations/dsh_order_escrow_release/OP_RUNTIME_VARS.csv","SERVICE","operation-dossier:dsh_order_escrow_release","services/dsh/governance/operations/dsh_order_escrow_release/OP_RUNTIME_VARS.csv","observed"
"dsh-census-0716","dsh","operation_screens_map","dsh_order_escrow_release::OP_SCREENS_MAP","services::dsh::governance::operations::dsh_order_escrow_release::OP_SCREENS_MAP","services/dsh/governance/operations/dsh_order_escrow_release/OP_SCREENS_MAP.csv","SERVICE","operation-dossier:dsh_order_escrow_release","services/dsh/governance/operations/dsh_order_escrow_release/OP_SCREENS_MAP.csv","observed"
"dsh-census-0717","dsh","operation_spec","dsh_order_escrow_release::OP_SPEC","services::dsh::governance::operations::dsh_order_escrow_release::OP_SPEC","services/dsh/governance/operations/dsh_order_escrow_release/OP_SPEC.yaml","SERVICE","operation-dossier:dsh_order_escrow_release","services/dsh/governance/operations/dsh_order_escrow_release/OP_SPEC.yaml","observed"
"dsh-census-0718","dsh","operation_acceptance","dsh_order_issue_flag::OP_ACCEPTANCE","services::dsh::governance::operations::dsh_order_issue_flag::OP_ACCEPTANCE","services/dsh/governance/operations/dsh_order_issue_flag/OP_ACCEPTANCE.md","SERVICE","operation-dossier:dsh_order_issue_flag","services/dsh/governance/operations/dsh_order_issue_flag/OP_ACCEPTANCE.md","observed"
"dsh-census-0719","dsh","operation_actions_catalog","dsh_order_issue_flag::OP_ACTIONS_CATALOG","services::dsh::governance::operations::dsh_order_issue_flag::OP_ACTIONS_CATALOG","services/dsh/governance/operations/dsh_order_issue_flag/OP_ACTIONS_CATALOG.csv","SERVICE","operation-dossier:dsh_order_issue_flag","services/dsh/governance/operations/dsh_order_issue_flag/OP_ACTIONS_CATALOG.csv","observed"
"dsh-census-0720","dsh","operation_api_map","dsh_order_issue_flag::OP_API_MAP","services::dsh::governance::operations::dsh_order_issue_flag::OP_API_MAP","services/dsh/governance/operations/dsh_order_issue_flag/OP_API_MAP.csv","SERVICE","operation-dossier:dsh_order_issue_flag","services/dsh/governance/operations/dsh_order_issue_flag/OP_API_MAP.csv","observed"
"dsh-census-0721","dsh","operation_evidence_index","dsh_order_issue_flag::OP_EVIDENCE_INDEX","services::dsh::governance::operations::dsh_order_issue_flag::OP_EVIDENCE_INDEX","services/dsh/governance/operations/dsh_order_issue_flag/OP_EVIDENCE_INDEX.json","SERVICE","operation-dossier:dsh_order_issue_flag","services/dsh/governance/operations/dsh_order_issue_flag/OP_EVIDENCE_INDEX.json","observed"
"dsh-census-0722","dsh","operation_gaps","dsh_order_issue_flag::OP_GAPS","services::dsh::governance::operations::dsh_order_issue_flag::OP_GAPS","services/dsh/governance/operations/dsh_order_issue_flag/OP_GAPS.md","SERVICE","operation-dossier:dsh_order_issue_flag","services/dsh/governance/operations/dsh_order_issue_flag/OP_GAPS.md","observed"
"dsh-census-0723","dsh","operation_mcpw_map","dsh_order_issue_flag::OP_MCPW_MAP","services::dsh::governance::operations::dsh_order_issue_flag::OP_MCPW_MAP","services/dsh/governance/operations/dsh_order_issue_flag/OP_MCPW_MAP.csv","SERVICE","operation-dossier:dsh_order_issue_flag","services/dsh/governance/operations/dsh_order_issue_flag/OP_MCPW_MAP.csv","observed"
"dsh-census-0724","dsh","operation_rbac_abac","dsh_order_issue_flag::OP_RBAC_ABAC","services::dsh::governance::operations::dsh_order_issue_flag::OP_RBAC_ABAC","services/dsh/governance/operations/dsh_order_issue_flag/OP_RBAC_ABAC.csv","SERVICE","operation-dossier:dsh_order_issue_flag","services/dsh/governance/operations/dsh_order_issue_flag/OP_RBAC_ABAC.csv","observed"
"dsh-census-0725","dsh","operation_runtime_vars","dsh_order_issue_flag::OP_RUNTIME_VARS","services::dsh::governance::operations::dsh_order_issue_flag::OP_RUNTIME_VARS","services/dsh/governance/operations/dsh_order_issue_flag/OP_RUNTIME_VARS.csv","SERVICE","operation-dossier:dsh_order_issue_flag","services/dsh/governance/operations/dsh_order_issue_flag/OP_RUNTIME_VARS.csv","observed"
"dsh-census-0726","dsh","operation_screens_map","dsh_order_issue_flag::OP_SCREENS_MAP","services::dsh::governance::operations::dsh_order_issue_flag::OP_SCREENS_MAP","services/dsh/governance/operations/dsh_order_issue_flag/OP_SCREENS_MAP.csv","SERVICE","operation-dossier:dsh_order_issue_flag","services/dsh/governance/operations/dsh_order_issue_flag/OP_SCREENS_MAP.csv","observed"
"dsh-census-0727","dsh","operation_spec","dsh_order_issue_flag::OP_SPEC","services::dsh::governance::operations::dsh_order_issue_flag::OP_SPEC","services/dsh/governance/operations/dsh_order_issue_flag/OP_SPEC.yaml","SERVICE","operation-dossier:dsh_order_issue_flag","services/dsh/governance/operations/dsh_order_issue_flag/OP_SPEC.yaml","observed"
"dsh-census-0728","dsh","operation_acceptance","dsh_order_proof_code_generate::OP_ACCEPTANCE","services::dsh::governance::operations::dsh_order_proof_code_generate::OP_ACCEPTANCE","services/dsh/governance/operations/dsh_order_proof_code_generate/OP_ACCEPTANCE.md","SERVICE","operation-dossier:dsh_order_proof_code_generate","services/dsh/governance/operations/dsh_order_proof_code_generate/OP_ACCEPTANCE.md","observed"
"dsh-census-0729","dsh","operation_actions_catalog","dsh_order_proof_code_generate::OP_ACTIONS_CATALOG","services::dsh::governance::operations::dsh_order_proof_code_generate::OP_ACTIONS_CATALOG","services/dsh/governance/operations/dsh_order_proof_code_generate/OP_ACTIONS_CATALOG.csv","SERVICE","operation-dossier:dsh_order_proof_code_generate","services/dsh/governance/operations/dsh_order_proof_code_generate/OP_ACTIONS_CATALOG.csv","observed"
"dsh-census-0730","dsh","operation_api_map","dsh_order_proof_code_generate::OP_API_MAP","services::dsh::governance::operations::dsh_order_proof_code_generate::OP_API_MAP","services/dsh/governance/operations/dsh_order_proof_code_generate/OP_API_MAP.csv","SERVICE","operation-dossier:dsh_order_proof_code_generate","services/dsh/governance/operations/dsh_order_proof_code_generate/OP_API_MAP.csv","observed"
"dsh-census-0731","dsh","operation_evidence_index","dsh_order_proof_code_generate::OP_EVIDENCE_INDEX","services::dsh::governance::operations::dsh_order_proof_code_generate::OP_EVIDENCE_INDEX","services/dsh/governance/operations/dsh_order_proof_code_generate/OP_EVIDENCE_INDEX.json","SERVICE","operation-dossier:dsh_order_proof_code_generate","services/dsh/governance/operations/dsh_order_proof_code_generate/OP_EVIDENCE_INDEX.json","observed"
"dsh-census-0732","dsh","operation_gaps","dsh_order_proof_code_generate::OP_GAPS","services::dsh::governance::operations::dsh_order_proof_code_generate::OP_GAPS","services/dsh/governance/operations/dsh_order_proof_code_generate/OP_GAPS.md","SERVICE","operation-dossier:dsh_order_proof_code_generate","services/dsh/governance/operations/dsh_order_proof_code_generate/OP_GAPS.md","observed"
"dsh-census-0733","dsh","operation_mcpw_map","dsh_order_proof_code_generate::OP_MCPW_MAP","services::dsh::governance::operations::dsh_order_proof_code_generate::OP_MCPW_MAP","services/dsh/governance/operations/dsh_order_proof_code_generate/OP_MCPW_MAP.csv","SERVICE","operation-dossier:dsh_order_proof_code_generate","services/dsh/governance/operations/dsh_order_proof_code_generate/OP_MCPW_MAP.csv","observed"
"dsh-census-0734","dsh","operation_rbac_abac","dsh_order_proof_code_generate::OP_RBAC_ABAC","services::dsh::governance::operations::dsh_order_proof_code_generate::OP_RBAC_ABAC","services/dsh/governance/operations/dsh_order_proof_code_generate/OP_RBAC_ABAC.csv","SERVICE","operation-dossier:dsh_order_proof_code_generate","services/dsh/governance/operations/dsh_order_proof_code_generate/OP_RBAC_ABAC.csv","observed"
"dsh-census-0735","dsh","operation_runtime_vars","dsh_order_proof_code_generate::OP_RUNTIME_VARS","services::dsh::governance::operations::dsh_order_proof_code_generate::OP_RUNTIME_VARS","services/dsh/governance/operations/dsh_order_proof_code_generate/OP_RUNTIME_VARS.csv","SERVICE","operation-dossier:dsh_order_proof_code_generate","services/dsh/governance/operations/dsh_order_proof_code_generate/OP_RUNTIME_VARS.csv","observed"
"dsh-census-0736","dsh","operation_screens_map","dsh_order_proof_code_generate::OP_SCREENS_MAP","services::dsh::governance::operations::dsh_order_proof_code_generate::OP_SCREENS_MAP","services/dsh/governance/operations/dsh_order_proof_code_generate/OP_SCREENS_MAP.csv","SERVICE","operation-dossier:dsh_order_proof_code_generate","services/dsh/governance/operations/dsh_order_proof_code_generate/OP_SCREENS_MAP.csv","observed"
"dsh-census-0737","dsh","operation_spec","dsh_order_proof_code_generate::OP_SPEC","services::dsh::governance::operations::dsh_order_proof_code_generate::OP_SPEC","services/dsh/governance/operations/dsh_order_proof_code_generate/OP_SPEC.yaml","SERVICE","operation-dossier:dsh_order_proof_code_generate","services/dsh/governance/operations/dsh_order_proof_code_generate/OP_SPEC.yaml","observed"
"dsh-census-0738","dsh","operation_acceptance","dsh_order_proof_verify::OP_ACCEPTANCE","services::dsh::governance::operations::dsh_order_proof_verify::OP_ACCEPTANCE","services/dsh/governance/operations/dsh_order_proof_verify/OP_ACCEPTANCE.md","SERVICE","operation-dossier:dsh_order_proof_verify","services/dsh/governance/operations/dsh_order_proof_verify/OP_ACCEPTANCE.md","observed"
"dsh-census-0739","dsh","operation_actions_catalog","dsh_order_proof_verify::OP_ACTIONS_CATALOG","services::dsh::governance::operations::dsh_order_proof_verify::OP_ACTIONS_CATALOG","services/dsh/governance/operations/dsh_order_proof_verify/OP_ACTIONS_CATALOG.csv","SERVICE","operation-dossier:dsh_order_proof_verify","services/dsh/governance/operations/dsh_order_proof_verify/OP_ACTIONS_CATALOG.csv","observed"
"dsh-census-0740","dsh","operation_api_map","dsh_order_proof_verify::OP_API_MAP","services::dsh::governance::operations::dsh_order_proof_verify::OP_API_MAP","services/dsh/governance/operations/dsh_order_proof_verify/OP_API_MAP.csv","SERVICE","operation-dossier:dsh_order_proof_verify","services/dsh/governance/operations/dsh_order_proof_verify/OP_API_MAP.csv","observed"
"dsh-census-0741","dsh","operation_evidence_index","dsh_order_proof_verify::OP_EVIDENCE_INDEX","services::dsh::governance::operations::dsh_order_proof_verify::OP_EVIDENCE_INDEX","services/dsh/governance/operations/dsh_order_proof_verify/OP_EVIDENCE_INDEX.json","SERVICE","operation-dossier:dsh_order_proof_verify","services/dsh/governance/operations/dsh_order_proof_verify/OP_EVIDENCE_INDEX.json","observed"
"dsh-census-0742","dsh","operation_gaps","dsh_order_proof_verify::OP_GAPS","services::dsh::governance::operations::dsh_order_proof_verify::OP_GAPS","services/dsh/governance/operations/dsh_order_proof_verify/OP_GAPS.md","SERVICE","operation-dossier:dsh_order_proof_verify","services/dsh/governance/operations/dsh_order_proof_verify/OP_GAPS.md","observed"
"dsh-census-0743","dsh","operation_mcpw_map","dsh_order_proof_verify::OP_MCPW_MAP","services::dsh::governance::operations::dsh_order_proof_verify::OP_MCPW_MAP","services/dsh/governance/operations/dsh_order_proof_verify/OP_MCPW_MAP.csv","SERVICE","operation-dossier:dsh_order_proof_verify","services/dsh/governance/operations/dsh_order_proof_verify/OP_MCPW_MAP.csv","observed"
"dsh-census-0744","dsh","operation_rbac_abac","dsh_order_proof_verify::OP_RBAC_ABAC","services::dsh::governance::operations::dsh_order_proof_verify::OP_RBAC_ABAC","services/dsh/governance/operations/dsh_order_proof_verify/OP_RBAC_ABAC.csv","SERVICE","operation-dossier:dsh_order_proof_verify","services/dsh/governance/operations/dsh_order_proof_verify/OP_RBAC_ABAC.csv","observed"
"dsh-census-0745","dsh","operation_runtime_vars","dsh_order_proof_verify::OP_RUNTIME_VARS","services::dsh::governance::operations::dsh_order_proof_verify::OP_RUNTIME_VARS","services/dsh/governance/operations/dsh_order_proof_verify/OP_RUNTIME_VARS.csv","SERVICE","operation-dossier:dsh_order_proof_verify","services/dsh/governance/operations/dsh_order_proof_verify/OP_RUNTIME_VARS.csv","observed"
"dsh-census-0746","dsh","operation_screens_map","dsh_order_proof_verify::OP_SCREENS_MAP","services::dsh::governance::operations::dsh_order_proof_verify::OP_SCREENS_MAP","services/dsh/governance/operations/dsh_order_proof_verify/OP_SCREENS_MAP.csv","SERVICE","operation-dossier:dsh_order_proof_verify","services/dsh/governance/operations/dsh_order_proof_verify/OP_SCREENS_MAP.csv","observed"
"dsh-census-0747","dsh","operation_spec","dsh_order_proof_verify::OP_SPEC","services::dsh::governance::operations::dsh_order_proof_verify::OP_SPEC","services/dsh/governance/operations/dsh_order_proof_verify/OP_SPEC.yaml","SERVICE","operation-dossier:dsh_order_proof_verify","services/dsh/governance/operations/dsh_order_proof_verify/OP_SPEC.yaml","observed"
"dsh-census-0748","dsh","operation_acceptance","dsh_order_rate::OP_ACCEPTANCE","services::dsh::governance::operations::dsh_order_rate::OP_ACCEPTANCE","services/dsh/governance/operations/dsh_order_rate/OP_ACCEPTANCE.md","SERVICE","operation-dossier:dsh_order_rate","services/dsh/governance/operations/dsh_order_rate/OP_ACCEPTANCE.md","observed"
"dsh-census-0749","dsh","operation_actions_catalog","dsh_order_rate::OP_ACTIONS_CATALOG","services::dsh::governance::operations::dsh_order_rate::OP_ACTIONS_CATALOG","services/dsh/governance/operations/dsh_order_rate/OP_ACTIONS_CATALOG.csv","SERVICE","operation-dossier:dsh_order_rate","services/dsh/governance/operations/dsh_order_rate/OP_ACTIONS_CATALOG.csv","observed"
"dsh-census-0750","dsh","operation_api_map","dsh_order_rate::OP_API_MAP","services::dsh::governance::operations::dsh_order_rate::OP_API_MAP","services/dsh/governance/operations/dsh_order_rate/OP_API_MAP.csv","SERVICE","operation-dossier:dsh_order_rate","services/dsh/governance/operations/dsh_order_rate/OP_API_MAP.csv","observed"
"dsh-census-0751","dsh","operation_evidence_index","dsh_order_rate::OP_EVIDENCE_INDEX","services::dsh::governance::operations::dsh_order_rate::OP_EVIDENCE_INDEX","services/dsh/governance/operations/dsh_order_rate/OP_EVIDENCE_INDEX.json","SERVICE","operation-dossier:dsh_order_rate","services/dsh/governance/operations/dsh_order_rate/OP_EVIDENCE_INDEX.json","observed"
"dsh-census-0752","dsh","operation_gaps","dsh_order_rate::OP_GAPS","services::dsh::governance::operations::dsh_order_rate::OP_GAPS","services/dsh/governance/operations/dsh_order_rate/OP_GAPS.md","SERVICE","operation-dossier:dsh_order_rate","services/dsh/governance/operations/dsh_order_rate/OP_GAPS.md","observed"
"dsh-census-0753","dsh","operation_mcpw_map","dsh_order_rate::OP_MCPW_MAP","services::dsh::governance::operations::dsh_order_rate::OP_MCPW_MAP","services/dsh/governance/operations/dsh_order_rate/OP_MCPW_MAP.csv","SERVICE","operation-dossier:dsh_order_rate","services/dsh/governance/operations/dsh_order_rate/OP_MCPW_MAP.csv","observed"
"dsh-census-0754","dsh","operation_rbac_abac","dsh_order_rate::OP_RBAC_ABAC","services::dsh::governance::operations::dsh_order_rate::OP_RBAC_ABAC","services/dsh/governance/operations/dsh_order_rate/OP_RBAC_ABAC.csv","SERVICE","operation-dossier:dsh_order_rate","services/dsh/governance/operations/dsh_order_rate/OP_RBAC_ABAC.csv","observed"
"dsh-census-0755","dsh","operation_runtime_vars","dsh_order_rate::OP_RUNTIME_VARS","services::dsh::governance::operations::dsh_order_rate::OP_RUNTIME_VARS","services/dsh/governance/operations/dsh_order_rate/OP_RUNTIME_VARS.csv","SERVICE","operation-dossier:dsh_order_rate","services/dsh/governance/operations/dsh_order_rate/OP_RUNTIME_VARS.csv","observed"
"dsh-census-0756","dsh","operation_screens_map","dsh_order_rate::OP_SCREENS_MAP","services::dsh::governance::operations::dsh_order_rate::OP_SCREENS_MAP","services/dsh/governance/operations/dsh_order_rate/OP_SCREENS_MAP.csv","SERVICE","operation-dossier:dsh_order_rate","services/dsh/governance/operations/dsh_order_rate/OP_SCREENS_MAP.csv","observed"
"dsh-census-0757","dsh","operation_spec","dsh_order_rate::OP_SPEC","services::dsh::governance::operations::dsh_order_rate::OP_SPEC","services/dsh/governance/operations/dsh_order_rate/OP_SPEC.yaml","SERVICE","operation-dossier:dsh_order_rate","services/dsh/governance/operations/dsh_order_rate/OP_SPEC.yaml","observed"
"dsh-census-0758","dsh","operation_acceptance","dsh_order_receipt_get::OP_ACCEPTANCE","services::dsh::governance::operations::dsh_order_receipt_get::OP_ACCEPTANCE","services/dsh/governance/operations/dsh_order_receipt_get/OP_ACCEPTANCE.md","SERVICE","operation-dossier:dsh_order_receipt_get","services/dsh/governance/operations/dsh_order_receipt_get/OP_ACCEPTANCE.md","observed"
"dsh-census-0759","dsh","operation_actions_catalog","dsh_order_receipt_get::OP_ACTIONS_CATALOG","services::dsh::governance::operations::dsh_order_receipt_get::OP_ACTIONS_CATALOG","services/dsh/governance/operations/dsh_order_receipt_get/OP_ACTIONS_CATALOG.csv","SERVICE","operation-dossier:dsh_order_receipt_get","services/dsh/governance/operations/dsh_order_receipt_get/OP_ACTIONS_CATALOG.csv","observed"
"dsh-census-0760","dsh","operation_api_map","dsh_order_receipt_get::OP_API_MAP","services::dsh::governance::operations::dsh_order_receipt_get::OP_API_MAP","services/dsh/governance/operations/dsh_order_receipt_get/OP_API_MAP.csv","SERVICE","operation-dossier:dsh_order_receipt_get","services/dsh/governance/operations/dsh_order_receipt_get/OP_API_MAP.csv","observed"
"dsh-census-0761","dsh","operation_evidence_index","dsh_order_receipt_get::OP_EVIDENCE_INDEX","services::dsh::governance::operations::dsh_order_receipt_get::OP_EVIDENCE_INDEX","services/dsh/governance/operations/dsh_order_receipt_get/OP_EVIDENCE_INDEX.json","SERVICE","operation-dossier:dsh_order_receipt_get","services/dsh/governance/operations/dsh_order_receipt_get/OP_EVIDENCE_INDEX.json","observed"
"dsh-census-0762","dsh","operation_gaps","dsh_order_receipt_get::OP_GAPS","services::dsh::governance::operations::dsh_order_receipt_get::OP_GAPS","services/dsh/governance/operations/dsh_order_receipt_get/OP_GAPS.md","SERVICE","operation-dossier:dsh_order_receipt_get","services/dsh/governance/operations/dsh_order_receipt_get/OP_GAPS.md","observed"
"dsh-census-0763","dsh","operation_mcpw_map","dsh_order_receipt_get::OP_MCPW_MAP","services::dsh::governance::operations::dsh_order_receipt_get::OP_MCPW_MAP","services/dsh/governance/operations/dsh_order_receipt_get/OP_MCPW_MAP.csv","SERVICE","operation-dossier:dsh_order_receipt_get","services/dsh/governance/operations/dsh_order_receipt_get/OP_MCPW_MAP.csv","observed"
"dsh-census-0764","dsh","operation_rbac_abac","dsh_order_receipt_get::OP_RBAC_ABAC","services::dsh::governance::operations::dsh_order_receipt_get::OP_RBAC_ABAC","services/dsh/governance/operations/dsh_order_receipt_get/OP_RBAC_ABAC.csv","SERVICE","operation-dossier:dsh_order_receipt_get","services/dsh/governance/operations/dsh_order_receipt_get/OP_RBAC_ABAC.csv","observed"
"dsh-census-0765","dsh","operation_runtime_vars","dsh_order_receipt_get::OP_RUNTIME_VARS","services::dsh::governance::operations::dsh_order_receipt_get::OP_RUNTIME_VARS","services/dsh/governance/operations/dsh_order_receipt_get/OP_RUNTIME_VARS.csv","SERVICE","operation-dossier:dsh_order_receipt_get","services/dsh/governance/operations/dsh_order_receipt_get/OP_RUNTIME_VARS.csv","observed"
"dsh-census-0766","dsh","operation_screens_map","dsh_order_receipt_get::OP_SCREENS_MAP","services::dsh::governance::operations::dsh_order_receipt_get::OP_SCREENS_MAP","services/dsh/governance/operations/dsh_order_receipt_get/OP_SCREENS_MAP.csv","SERVICE","operation-dossier:dsh_order_receipt_get","services/dsh/governance/operations/dsh_order_receipt_get/OP_SCREENS_MAP.csv","observed"
"dsh-census-0767","dsh","operation_spec","dsh_order_receipt_get::OP_SPEC","services::dsh::governance::operations::dsh_order_receipt_get::OP_SPEC","services/dsh/governance/operations/dsh_order_receipt_get/OP_SPEC.yaml","SERVICE","operation-dossier:dsh_order_receipt_get","services/dsh/governance/operations/dsh_order_receipt_get/OP_SPEC.yaml","observed"
"dsh-census-0768","dsh","operation_acceptance","dsh_order_status_update::OP_ACCEPTANCE","services::dsh::governance::operations::dsh_order_status_update::OP_ACCEPTANCE","services/dsh/governance/operations/dsh_order_status_update/OP_ACCEPTANCE.md","SERVICE","operation-dossier:dsh_order_status_update","services/dsh/governance/operations/dsh_order_status_update/OP_ACCEPTANCE.md","observed"
"dsh-census-0769","dsh","operation_actions_catalog","dsh_order_status_update::OP_ACTIONS_CATALOG","services::dsh::governance::operations::dsh_order_status_update::OP_ACTIONS_CATALOG","services/dsh/governance/operations/dsh_order_status_update/OP_ACTIONS_CATALOG.csv","SERVICE","operation-dossier:dsh_order_status_update","services/dsh/governance/operations/dsh_order_status_update/OP_ACTIONS_CATALOG.csv","observed"
"dsh-census-0770","dsh","operation_api_map","dsh_order_status_update::OP_API_MAP","services::dsh::governance::operations::dsh_order_status_update::OP_API_MAP","services/dsh/governance/operations/dsh_order_status_update/OP_API_MAP.csv","SERVICE","operation-dossier:dsh_order_status_update","services/dsh/governance/operations/dsh_order_status_update/OP_API_MAP.csv","observed"
"dsh-census-0771","dsh","operation_evidence_index","dsh_order_status_update::OP_EVIDENCE_INDEX","services::dsh::governance::operations::dsh_order_status_update::OP_EVIDENCE_INDEX","services/dsh/governance/operations/dsh_order_status_update/OP_EVIDENCE_INDEX.json","SERVICE","operation-dossier:dsh_order_status_update","services/dsh/governance/operations/dsh_order_status_update/OP_EVIDENCE_INDEX.json","observed"
"dsh-census-0772","dsh","operation_gaps","dsh_order_status_update::OP_GAPS","services::dsh::governance::operations::dsh_order_status_update::OP_GAPS","services/dsh/governance/operations/dsh_order_status_update/OP_GAPS.md","SERVICE","operation-dossier:dsh_order_status_update","services/dsh/governance/operations/dsh_order_status_update/OP_GAPS.md","observed"
"dsh-census-0773","dsh","operation_mcpw_map","dsh_order_status_update::OP_MCPW_MAP","services::dsh::governance::operations::dsh_order_status_update::OP_MCPW_MAP","services/dsh/governance/operations/dsh_order_status_update/OP_MCPW_MAP.csv","SERVICE","operation-dossier:dsh_order_status_update","services/dsh/governance/operations/dsh_order_status_update/OP_MCPW_MAP.csv","observed"
"dsh-census-0774","dsh","operation_rbac_abac","dsh_order_status_update::OP_RBAC_ABAC","services::dsh::governance::operations::dsh_order_status_update::OP_RBAC_ABAC","services/dsh/governance/operations/dsh_order_status_update/OP_RBAC_ABAC.csv","SERVICE","operation-dossier:dsh_order_status_update","services/dsh/governance/operations/dsh_order_status_update/OP_RBAC_ABAC.csv","observed"
"dsh-census-0775","dsh","operation_runtime_vars","dsh_order_status_update::OP_RUNTIME_VARS","services::dsh::governance::operations::dsh_order_status_update::OP_RUNTIME_VARS","services/dsh/governance/operations/dsh_order_status_update/OP_RUNTIME_VARS.csv","SERVICE","operation-dossier:dsh_order_status_update","services/dsh/governance/operations/dsh_order_status_update/OP_RUNTIME_VARS.csv","observed"
"dsh-census-0776","dsh","operation_screens_map","dsh_order_status_update::OP_SCREENS_MAP","services::dsh::governance::operations::dsh_order_status_update::OP_SCREENS_MAP","services/dsh/governance/operations/dsh_order_status_update/OP_SCREENS_MAP.csv","SERVICE","operation-dossier:dsh_order_status_update","services/dsh/governance/operations/dsh_order_status_update/OP_SCREENS_MAP.csv","observed"
"dsh-census-0777","dsh","operation_spec","dsh_order_status_update::OP_SPEC","services::dsh::governance::operations::dsh_order_status_update::OP_SPEC","services/dsh/governance/operations/dsh_order_status_update/OP_SPEC.yaml","SERVICE","operation-dossier:dsh_order_status_update","services/dsh/governance/operations/dsh_order_status_update/OP_SPEC.yaml","observed"
"dsh-census-0778","dsh","operation_acceptance","dsh_orders_list::OP_ACCEPTANCE","services::dsh::governance::operations::dsh_orders_list::OP_ACCEPTANCE","services/dsh/governance/operations/dsh_orders_list/OP_ACCEPTANCE.md","SERVICE","operation-dossier:dsh_orders_list","services/dsh/governance/operations/dsh_orders_list/OP_ACCEPTANCE.md","observed"
"dsh-census-0779","dsh","operation_actions_catalog","dsh_orders_list::OP_ACTIONS_CATALOG","services::dsh::governance::operations::dsh_orders_list::OP_ACTIONS_CATALOG","services/dsh/governance/operations/dsh_orders_list/OP_ACTIONS_CATALOG.csv","SERVICE","operation-dossier:dsh_orders_list","services/dsh/governance/operations/dsh_orders_list/OP_ACTIONS_CATALOG.csv","observed"
"dsh-census-0780","dsh","operation_api_map","dsh_orders_list::OP_API_MAP","services::dsh::governance::operations::dsh_orders_list::OP_API_MAP","services/dsh/governance/operations/dsh_orders_list/OP_API_MAP.csv","SERVICE","operation-dossier:dsh_orders_list","services/dsh/governance/operations/dsh_orders_list/OP_API_MAP.csv","observed"
"dsh-census-0781","dsh","operation_evidence_index","dsh_orders_list::OP_EVIDENCE_INDEX","services::dsh::governance::operations::dsh_orders_list::OP_EVIDENCE_INDEX","services/dsh/governance/operations/dsh_orders_list/OP_EVIDENCE_INDEX.json","SERVICE","operation-dossier:dsh_orders_list","services/dsh/governance/operations/dsh_orders_list/OP_EVIDENCE_INDEX.json","observed"
"dsh-census-0782","dsh","operation_gaps","dsh_orders_list::OP_GAPS","services::dsh::governance::operations::dsh_orders_list::OP_GAPS","services/dsh/governance/operations/dsh_orders_list/OP_GAPS.md","SERVICE","operation-dossier:dsh_orders_list","services/dsh/governance/operations/dsh_orders_list/OP_GAPS.md","observed"
"dsh-census-0783","dsh","operation_mcpw_map","dsh_orders_list::OP_MCPW_MAP","services::dsh::governance::operations::dsh_orders_list::OP_MCPW_MAP","services/dsh/governance/operations/dsh_orders_list/OP_MCPW_MAP.csv","SERVICE","operation-dossier:dsh_orders_list","services/dsh/governance/operations/dsh_orders_list/OP_MCPW_MAP.csv","observed"
"dsh-census-0784","dsh","operation_rbac_abac","dsh_orders_list::OP_RBAC_ABAC","services::dsh::governance::operations::dsh_orders_list::OP_RBAC_ABAC","services/dsh/governance/operations/dsh_orders_list/OP_RBAC_ABAC.csv","SERVICE","operation-dossier:dsh_orders_list","services/dsh/governance/operations/dsh_orders_list/OP_RBAC_ABAC.csv","observed"
"dsh-census-0785","dsh","operation_runtime_vars","dsh_orders_list::OP_RUNTIME_VARS","services::dsh::governance::operations::dsh_orders_list::OP_RUNTIME_VARS","services/dsh/governance/operations/dsh_orders_list/OP_RUNTIME_VARS.csv","SERVICE","operation-dossier:dsh_orders_list","services/dsh/governance/operations/dsh_orders_list/OP_RUNTIME_VARS.csv","observed"
"dsh-census-0786","dsh","operation_screens_map","dsh_orders_list::OP_SCREENS_MAP","services::dsh::governance::operations::dsh_orders_list::OP_SCREENS_MAP","services/dsh/governance/operations/dsh_orders_list/OP_SCREENS_MAP.csv","SERVICE","operation-dossier:dsh_orders_list","services/dsh/governance/operations/dsh_orders_list/OP_SCREENS_MAP.csv","observed"
"dsh-census-0787","dsh","operation_spec","dsh_orders_list::OP_SPEC","services::dsh::governance::operations::dsh_orders_list::OP_SPEC","services/dsh/governance/operations/dsh_orders_list/OP_SPEC.yaml","SERVICE","operation-dossier:dsh_orders_list","services/dsh/governance/operations/dsh_orders_list/OP_SPEC.yaml","observed"
"dsh-census-0788","dsh","operation_acceptance","dsh_partner_chat_read_ack::OP_ACCEPTANCE","services::dsh::governance::operations::dsh_partner_chat_read_ack::OP_ACCEPTANCE","services/dsh/governance/operations/dsh_partner_chat_read_ack/OP_ACCEPTANCE.md","SERVICE","operation-dossier:dsh_partner_chat_read_ack","services/dsh/governance/operations/dsh_partner_chat_read_ack/OP_ACCEPTANCE.md","observed"
"dsh-census-0789","dsh","operation_actions_catalog","dsh_partner_chat_read_ack::OP_ACTIONS_CATALOG","services::dsh::governance::operations::dsh_partner_chat_read_ack::OP_ACTIONS_CATALOG","services/dsh/governance/operations/dsh_partner_chat_read_ack/OP_ACTIONS_CATALOG.csv","SERVICE","operation-dossier:dsh_partner_chat_read_ack","services/dsh/governance/operations/dsh_partner_chat_read_ack/OP_ACTIONS_CATALOG.csv","observed"
"dsh-census-0790","dsh","operation_api_map","dsh_partner_chat_read_ack::OP_API_MAP","services::dsh::governance::operations::dsh_partner_chat_read_ack::OP_API_MAP","services/dsh/governance/operations/dsh_partner_chat_read_ack/OP_API_MAP.csv","SERVICE","operation-dossier:dsh_partner_chat_read_ack","services/dsh/governance/operations/dsh_partner_chat_read_ack/OP_API_MAP.csv","observed"
"dsh-census-0791","dsh","operation_evidence_index","dsh_partner_chat_read_ack::OP_EVIDENCE_INDEX","services::dsh::governance::operations::dsh_partner_chat_read_ack::OP_EVIDENCE_INDEX","services/dsh/governance/operations/dsh_partner_chat_read_ack/OP_EVIDENCE_INDEX.json","SERVICE","operation-dossier:dsh_partner_chat_read_ack","services/dsh/governance/operations/dsh_partner_chat_read_ack/OP_EVIDENCE_INDEX.json","observed"
"dsh-census-0792","dsh","operation_gaps","dsh_partner_chat_read_ack::OP_GAPS","services::dsh::governance::operations::dsh_partner_chat_read_ack::OP_GAPS","services/dsh/governance/operations/dsh_partner_chat_read_ack/OP_GAPS.md","SERVICE","operation-dossier:dsh_partner_chat_read_ack","services/dsh/governance/operations/dsh_partner_chat_read_ack/OP_GAPS.md","observed"
"dsh-census-0793","dsh","operation_mcpw_map","dsh_partner_chat_read_ack::OP_MCPW_MAP","services::dsh::governance::operations::dsh_partner_chat_read_ack::OP_MCPW_MAP","services/dsh/governance/operations/dsh_partner_chat_read_ack/OP_MCPW_MAP.csv","SERVICE","operation-dossier:dsh_partner_chat_read_ack","services/dsh/governance/operations/dsh_partner_chat_read_ack/OP_MCPW_MAP.csv","observed"
"dsh-census-0794","dsh","operation_rbac_abac","dsh_partner_chat_read_ack::OP_RBAC_ABAC","services::dsh::governance::operations::dsh_partner_chat_read_ack::OP_RBAC_ABAC","services/dsh/governance/operations/dsh_partner_chat_read_ack/OP_RBAC_ABAC.csv","SERVICE","operation-dossier:dsh_partner_chat_read_ack","services/dsh/governance/operations/dsh_partner_chat_read_ack/OP_RBAC_ABAC.csv","observed"
"dsh-census-0795","dsh","operation_runtime_vars","dsh_partner_chat_read_ack::OP_RUNTIME_VARS","services::dsh::governance::operations::dsh_partner_chat_read_ack::OP_RUNTIME_VARS","services/dsh/governance/operations/dsh_partner_chat_read_ack/OP_RUNTIME_VARS.csv","SERVICE","operation-dossier:dsh_partner_chat_read_ack","services/dsh/governance/operations/dsh_partner_chat_read_ack/OP_RUNTIME_VARS.csv","observed"
"dsh-census-0796","dsh","operation_screens_map","dsh_partner_chat_read_ack::OP_SCREENS_MAP","services::dsh::governance::operations::dsh_partner_chat_read_ack::OP_SCREENS_MAP","services/dsh/governance/operations/dsh_partner_chat_read_ack/OP_SCREENS_MAP.csv","SERVICE","operation-dossier:dsh_partner_chat_read_ack","services/dsh/governance/operations/dsh_partner_chat_read_ack/OP_SCREENS_MAP.csv","observed"
"dsh-census-0797","dsh","operation_spec","dsh_partner_chat_read_ack::OP_SPEC","services::dsh::governance::operations::dsh_partner_chat_read_ack::OP_SPEC","services/dsh/governance/operations/dsh_partner_chat_read_ack/OP_SPEC.yaml","SERVICE","operation-dossier:dsh_partner_chat_read_ack","services/dsh/governance/operations/dsh_partner_chat_read_ack/OP_SPEC.yaml","observed"
"dsh-census-0798","dsh","operation_acceptance","dsh_partner_chat_send::OP_ACCEPTANCE","services::dsh::governance::operations::dsh_partner_chat_send::OP_ACCEPTANCE","services/dsh/governance/operations/dsh_partner_chat_send/OP_ACCEPTANCE.md","SERVICE","operation-dossier:dsh_partner_chat_send","services/dsh/governance/operations/dsh_partner_chat_send/OP_ACCEPTANCE.md","observed"
"dsh-census-0799","dsh","operation_actions_catalog","dsh_partner_chat_send::OP_ACTIONS_CATALOG","services::dsh::governance::operations::dsh_partner_chat_send::OP_ACTIONS_CATALOG","services/dsh/governance/operations/dsh_partner_chat_send/OP_ACTIONS_CATALOG.csv","SERVICE","operation-dossier:dsh_partner_chat_send","services/dsh/governance/operations/dsh_partner_chat_send/OP_ACTIONS_CATALOG.csv","observed"
"dsh-census-0800","dsh","operation_api_map","dsh_partner_chat_send::OP_API_MAP","services::dsh::governance::operations::dsh_partner_chat_send::OP_API_MAP","services/dsh/governance/operations/dsh_partner_chat_send/OP_API_MAP.csv","SERVICE","operation-dossier:dsh_partner_chat_send","services/dsh/governance/operations/dsh_partner_chat_send/OP_API_MAP.csv","observed"
"dsh-census-0801","dsh","operation_evidence_index","dsh_partner_chat_send::OP_EVIDENCE_INDEX","services::dsh::governance::operations::dsh_partner_chat_send::OP_EVIDENCE_INDEX","services/dsh/governance/operations/dsh_partner_chat_send/OP_EVIDENCE_INDEX.json","SERVICE","operation-dossier:dsh_partner_chat_send","services/dsh/governance/operations/dsh_partner_chat_send/OP_EVIDENCE_INDEX.json","observed"
"dsh-census-0802","dsh","operation_gaps","dsh_partner_chat_send::OP_GAPS","services::dsh::governance::operations::dsh_partner_chat_send::OP_GAPS","services/dsh/governance/operations/dsh_partner_chat_send/OP_GAPS.md","SERVICE","operation-dossier:dsh_partner_chat_send","services/dsh/governance/operations/dsh_partner_chat_send/OP_GAPS.md","observed"
"dsh-census-0803","dsh","operation_mcpw_map","dsh_partner_chat_send::OP_MCPW_MAP","services::dsh::governance::operations::dsh_partner_chat_send::OP_MCPW_MAP","services/dsh/governance/operations/dsh_partner_chat_send/OP_MCPW_MAP.csv","SERVICE","operation-dossier:dsh_partner_chat_send","services/dsh/governance/operations/dsh_partner_chat_send/OP_MCPW_MAP.csv","observed"
"dsh-census-0804","dsh","operation_rbac_abac","dsh_partner_chat_send::OP_RBAC_ABAC","services::dsh::governance::operations::dsh_partner_chat_send::OP_RBAC_ABAC","services/dsh/governance/operations/dsh_partner_chat_send/OP_RBAC_ABAC.csv","SERVICE","operation-dossier:dsh_partner_chat_send","services/dsh/governance/operations/dsh_partner_chat_send/OP_RBAC_ABAC.csv","observed"
"dsh-census-0805","dsh","operation_runtime_vars","dsh_partner_chat_send::OP_RUNTIME_VARS","services::dsh::governance::operations::dsh_partner_chat_send::OP_RUNTIME_VARS","services/dsh/governance/operations/dsh_partner_chat_send/OP_RUNTIME_VARS.csv","SERVICE","operation-dossier:dsh_partner_chat_send","services/dsh/governance/operations/dsh_partner_chat_send/OP_RUNTIME_VARS.csv","observed"
"dsh-census-0806","dsh","operation_screens_map","dsh_partner_chat_send::OP_SCREENS_MAP","services::dsh::governance::operations::dsh_partner_chat_send::OP_SCREENS_MAP","services/dsh/governance/operations/dsh_partner_chat_send/OP_SCREENS_MAP.csv","SERVICE","operation-dossier:dsh_partner_chat_send","services/dsh/governance/operations/dsh_partner_chat_send/OP_SCREENS_MAP.csv","observed"
"dsh-census-0807","dsh","operation_spec","dsh_partner_chat_send::OP_SPEC","services::dsh::governance::operations::dsh_partner_chat_send::OP_SPEC","services/dsh/governance/operations/dsh_partner_chat_send/OP_SPEC.yaml","SERVICE","operation-dossier:dsh_partner_chat_send","services/dsh/governance/operations/dsh_partner_chat_send/OP_SPEC.yaml","observed"
"dsh-census-0808","dsh","operation_acceptance","dsh_partner_delivery_zones_update::OP_ACCEPTANCE","services::dsh::governance::operations::dsh_partner_delivery_zones_update::OP_ACCEPTANCE","services/dsh/governance/operations/dsh_partner_delivery_zones_update/OP_ACCEPTANCE.md","SERVICE","operation-dossier:dsh_partner_delivery_zones_update","services/dsh/governance/operations/dsh_partner_delivery_zones_update/OP_ACCEPTANCE.md","observed"
"dsh-census-0809","dsh","operation_actions_catalog","dsh_partner_delivery_zones_update::OP_ACTIONS_CATALOG","services::dsh::governance::operations::dsh_partner_delivery_zones_update::OP_ACTIONS_CATALOG","services/dsh/governance/operations/dsh_partner_delivery_zones_update/OP_ACTIONS_CATALOG.csv","SERVICE","operation-dossier:dsh_partner_delivery_zones_update","services/dsh/governance/operations/dsh_partner_delivery_zones_update/OP_ACTIONS_CATALOG.csv","observed"
"dsh-census-0810","dsh","operation_api_map","dsh_partner_delivery_zones_update::OP_API_MAP","services::dsh::governance::operations::dsh_partner_delivery_zones_update::OP_API_MAP","services/dsh/governance/operations/dsh_partner_delivery_zones_update/OP_API_MAP.csv","SERVICE","operation-dossier:dsh_partner_delivery_zones_update","services/dsh/governance/operations/dsh_partner_delivery_zones_update/OP_API_MAP.csv","observed"
"dsh-census-0811","dsh","operation_evidence_index","dsh_partner_delivery_zones_update::OP_EVIDENCE_INDEX","services::dsh::governance::operations::dsh_partner_delivery_zones_update::OP_EVIDENCE_INDEX","services/dsh/governance/operations/dsh_partner_delivery_zones_update/OP_EVIDENCE_INDEX.json","SERVICE","operation-dossier:dsh_partner_delivery_zones_update","services/dsh/governance/operations/dsh_partner_delivery_zones_update/OP_EVIDENCE_INDEX.json","observed"
"dsh-census-0812","dsh","operation_gaps","dsh_partner_delivery_zones_update::OP_GAPS","services::dsh::governance::operations::dsh_partner_delivery_zones_update::OP_GAPS","services/dsh/governance/operations/dsh_partner_delivery_zones_update/OP_GAPS.md","SERVICE","operation-dossier:dsh_partner_delivery_zones_update","services/dsh/governance/operations/dsh_partner_delivery_zones_update/OP_GAPS.md","observed"
"dsh-census-0813","dsh","operation_mcpw_map","dsh_partner_delivery_zones_update::OP_MCPW_MAP","services::dsh::governance::operations::dsh_partner_delivery_zones_update::OP_MCPW_MAP","services/dsh/governance/operations/dsh_partner_delivery_zones_update/OP_MCPW_MAP.csv","SERVICE","operation-dossier:dsh_partner_delivery_zones_update","services/dsh/governance/operations/dsh_partner_delivery_zones_update/OP_MCPW_MAP.csv","observed"
"dsh-census-0814","dsh","operation_rbac_abac","dsh_partner_delivery_zones_update::OP_RBAC_ABAC","services::dsh::governance::operations::dsh_partner_delivery_zones_update::OP_RBAC_ABAC","services/dsh/governance/operations/dsh_partner_delivery_zones_update/OP_RBAC_ABAC.csv","SERVICE","operation-dossier:dsh_partner_delivery_zones_update","services/dsh/governance/operations/dsh_partner_delivery_zones_update/OP_RBAC_ABAC.csv","observed"
"dsh-census-0815","dsh","operation_runtime_vars","dsh_partner_delivery_zones_update::OP_RUNTIME_VARS","services::dsh::governance::operations::dsh_partner_delivery_zones_update::OP_RUNTIME_VARS","services/dsh/governance/operations/dsh_partner_delivery_zones_update/OP_RUNTIME_VARS.csv","SERVICE","operation-dossier:dsh_partner_delivery_zones_update","services/dsh/governance/operations/dsh_partner_delivery_zones_update/OP_RUNTIME_VARS.csv","observed"
"dsh-census-0816","dsh","operation_screens_map","dsh_partner_delivery_zones_update::OP_SCREENS_MAP","services::dsh::governance::operations::dsh_partner_delivery_zones_update::OP_SCREENS_MAP","services/dsh/governance/operations/dsh_partner_delivery_zones_update/OP_SCREENS_MAP.csv","SERVICE","operation-dossier:dsh_partner_delivery_zones_update","services/dsh/governance/operations/dsh_partner_delivery_zones_update/OP_SCREENS_MAP.csv","observed"
"dsh-census-0817","dsh","operation_spec","dsh_partner_delivery_zones_update::OP_SPEC","services::dsh::governance::operations::dsh_partner_delivery_zones_update::OP_SPEC","services/dsh/governance/operations/dsh_partner_delivery_zones_update/OP_SPEC.yaml","SERVICE","operation-dossier:dsh_partner_delivery_zones_update","services/dsh/governance/operations/dsh_partner_delivery_zones_update/OP_SPEC.yaml","observed"
"dsh-census-0818","dsh","operation_acceptance","dsh_partner_doc_upload::OP_ACCEPTANCE","services::dsh::governance::operations::dsh_partner_doc_upload::OP_ACCEPTANCE","services/dsh/governance/operations/dsh_partner_doc_upload/OP_ACCEPTANCE.md","SERVICE","operation-dossier:dsh_partner_doc_upload","services/dsh/governance/operations/dsh_partner_doc_upload/OP_ACCEPTANCE.md","observed"
"dsh-census-0819","dsh","operation_actions_catalog","dsh_partner_doc_upload::OP_ACTIONS_CATALOG","services::dsh::governance::operations::dsh_partner_doc_upload::OP_ACTIONS_CATALOG","services/dsh/governance/operations/dsh_partner_doc_upload/OP_ACTIONS_CATALOG.csv","SERVICE","operation-dossier:dsh_partner_doc_upload","services/dsh/governance/operations/dsh_partner_doc_upload/OP_ACTIONS_CATALOG.csv","observed"
"dsh-census-0820","dsh","operation_api_map","dsh_partner_doc_upload::OP_API_MAP","services::dsh::governance::operations::dsh_partner_doc_upload::OP_API_MAP","services/dsh/governance/operations/dsh_partner_doc_upload/OP_API_MAP.csv","SERVICE","operation-dossier:dsh_partner_doc_upload","services/dsh/governance/operations/dsh_partner_doc_upload/OP_API_MAP.csv","observed"
"dsh-census-0821","dsh","operation_evidence_index","dsh_partner_doc_upload::OP_EVIDENCE_INDEX","services::dsh::governance::operations::dsh_partner_doc_upload::OP_EVIDENCE_INDEX","services/dsh/governance/operations/dsh_partner_doc_upload/OP_EVIDENCE_INDEX.json","SERVICE","operation-dossier:dsh_partner_doc_upload","services/dsh/governance/operations/dsh_partner_doc_upload/OP_EVIDENCE_INDEX.json","observed"
"dsh-census-0822","dsh","operation_gaps","dsh_partner_doc_upload::OP_GAPS","services::dsh::governance::operations::dsh_partner_doc_upload::OP_GAPS","services/dsh/governance/operations/dsh_partner_doc_upload/OP_GAPS.md","SERVICE","operation-dossier:dsh_partner_doc_upload","services/dsh/governance/operations/dsh_partner_doc_upload/OP_GAPS.md","observed"
"dsh-census-0823","dsh","operation_mcpw_map","dsh_partner_doc_upload::OP_MCPW_MAP","services::dsh::governance::operations::dsh_partner_doc_upload::OP_MCPW_MAP","services/dsh/governance/operations/dsh_partner_doc_upload/OP_MCPW_MAP.csv","SERVICE","operation-dossier:dsh_partner_doc_upload","services/dsh/governance/operations/dsh_partner_doc_upload/OP_MCPW_MAP.csv","observed"
"dsh-census-0824","dsh","operation_rbac_abac","dsh_partner_doc_upload::OP_RBAC_ABAC","services::dsh::governance::operations::dsh_partner_doc_upload::OP_RBAC_ABAC","services/dsh/governance/operations/dsh_partner_doc_upload/OP_RBAC_ABAC.csv","SERVICE","operation-dossier:dsh_partner_doc_upload","services/dsh/governance/operations/dsh_partner_doc_upload/OP_RBAC_ABAC.csv","observed"
"dsh-census-0825","dsh","operation_runtime_vars","dsh_partner_doc_upload::OP_RUNTIME_VARS","services::dsh::governance::operations::dsh_partner_doc_upload::OP_RUNTIME_VARS","services/dsh/governance/operations/dsh_partner_doc_upload/OP_RUNTIME_VARS.csv","SERVICE","operation-dossier:dsh_partner_doc_upload","services/dsh/governance/operations/dsh_partner_doc_upload/OP_RUNTIME_VARS.csv","observed"
"dsh-census-0826","dsh","operation_screens_map","dsh_partner_doc_upload::OP_SCREENS_MAP","services::dsh::governance::operations::dsh_partner_doc_upload::OP_SCREENS_MAP","services/dsh/governance/operations/dsh_partner_doc_upload/OP_SCREENS_MAP.csv","SERVICE","operation-dossier:dsh_partner_doc_upload","services/dsh/governance/operations/dsh_partner_doc_upload/OP_SCREENS_MAP.csv","observed"
"dsh-census-0827","dsh","operation_spec","dsh_partner_doc_upload::OP_SPEC","services::dsh::governance::operations::dsh_partner_doc_upload::OP_SPEC","services/dsh/governance/operations/dsh_partner_doc_upload/OP_SPEC.yaml","SERVICE","operation-dossier:dsh_partner_doc_upload","services/dsh/governance/operations/dsh_partner_doc_upload/OP_SPEC.yaml","observed"
"dsh-census-0828","dsh","operation_acceptance","dsh_partner_hours_update::OP_ACCEPTANCE","services::dsh::governance::operations::dsh_partner_hours_update::OP_ACCEPTANCE","services/dsh/governance/operations/dsh_partner_hours_update/OP_ACCEPTANCE.md","SERVICE","operation-dossier:dsh_partner_hours_update","services/dsh/governance/operations/dsh_partner_hours_update/OP_ACCEPTANCE.md","observed"
"dsh-census-0829","dsh","operation_actions_catalog","dsh_partner_hours_update::OP_ACTIONS_CATALOG","services::dsh::governance::operations::dsh_partner_hours_update::OP_ACTIONS_CATALOG","services/dsh/governance/operations/dsh_partner_hours_update/OP_ACTIONS_CATALOG.csv","SERVICE","operation-dossier:dsh_partner_hours_update","services/dsh/governance/operations/dsh_partner_hours_update/OP_ACTIONS_CATALOG.csv","observed"
"dsh-census-0830","dsh","operation_api_map","dsh_partner_hours_update::OP_API_MAP","services::dsh::governance::operations::dsh_partner_hours_update::OP_API_MAP","services/dsh/governance/operations/dsh_partner_hours_update/OP_API_MAP.csv","SERVICE","operation-dossier:dsh_partner_hours_update","services/dsh/governance/operations/dsh_partner_hours_update/OP_API_MAP.csv","observed"
"dsh-census-0831","dsh","operation_evidence_index","dsh_partner_hours_update::OP_EVIDENCE_INDEX","services::dsh::governance::operations::dsh_partner_hours_update::OP_EVIDENCE_INDEX","services/dsh/governance/operations/dsh_partner_hours_update/OP_EVIDENCE_INDEX.json","SERVICE","operation-dossier:dsh_partner_hours_update","services/dsh/governance/operations/dsh_partner_hours_update/OP_EVIDENCE_INDEX.json","observed"
"dsh-census-0832","dsh","operation_gaps","dsh_partner_hours_update::OP_GAPS","services::dsh::governance::operations::dsh_partner_hours_update::OP_GAPS","services/dsh/governance/operations/dsh_partner_hours_update/OP_GAPS.md","SERVICE","operation-dossier:dsh_partner_hours_update","services/dsh/governance/operations/dsh_partner_hours_update/OP_GAPS.md","observed"
"dsh-census-0833","dsh","operation_mcpw_map","dsh_partner_hours_update::OP_MCPW_MAP","services::dsh::governance::operations::dsh_partner_hours_update::OP_MCPW_MAP","services/dsh/governance/operations/dsh_partner_hours_update/OP_MCPW_MAP.csv","SERVICE","operation-dossier:dsh_partner_hours_update","services/dsh/governance/operations/dsh_partner_hours_update/OP_MCPW_MAP.csv","observed"
"dsh-census-0834","dsh","operation_rbac_abac","dsh_partner_hours_update::OP_RBAC_ABAC","services::dsh::governance::operations::dsh_partner_hours_update::OP_RBAC_ABAC","services/dsh/governance/operations/dsh_partner_hours_update/OP_RBAC_ABAC.csv","SERVICE","operation-dossier:dsh_partner_hours_update","services/dsh/governance/operations/dsh_partner_hours_update/OP_RBAC_ABAC.csv","observed"
"dsh-census-0835","dsh","operation_runtime_vars","dsh_partner_hours_update::OP_RUNTIME_VARS","services::dsh::governance::operations::dsh_partner_hours_update::OP_RUNTIME_VARS","services/dsh/governance/operations/dsh_partner_hours_update/OP_RUNTIME_VARS.csv","SERVICE","operation-dossier:dsh_partner_hours_update","services/dsh/governance/operations/dsh_partner_hours_update/OP_RUNTIME_VARS.csv","observed"
"dsh-census-0836","dsh","operation_screens_map","dsh_partner_hours_update::OP_SCREENS_MAP","services::dsh::governance::operations::dsh_partner_hours_update::OP_SCREENS_MAP","services/dsh/governance/operations/dsh_partner_hours_update/OP_SCREENS_MAP.csv","SERVICE","operation-dossier:dsh_partner_hours_update","services/dsh/governance/operations/dsh_partner_hours_update/OP_SCREENS_MAP.csv","observed"
"dsh-census-0837","dsh","operation_spec","dsh_partner_hours_update::OP_SPEC","services::dsh::governance::operations::dsh_partner_hours_update::OP_SPEC","services/dsh/governance/operations/dsh_partner_hours_update/OP_SPEC.yaml","SERVICE","operation-dossier:dsh_partner_hours_update","services/dsh/governance/operations/dsh_partner_hours_update/OP_SPEC.yaml","observed"
"dsh-census-0838","dsh","operation_acceptance","dsh_partner_identity_submit::OP_ACCEPTANCE","services::dsh::governance::operations::dsh_partner_identity_submit::OP_ACCEPTANCE","services/dsh/governance/operations/dsh_partner_identity_submit/OP_ACCEPTANCE.md","SERVICE","operation-dossier:dsh_partner_identity_submit","services/dsh/governance/operations/dsh_partner_identity_submit/OP_ACCEPTANCE.md","observed"
"dsh-census-0839","dsh","operation_actions_catalog","dsh_partner_identity_submit::OP_ACTIONS_CATALOG","services::dsh::governance::operations::dsh_partner_identity_submit::OP_ACTIONS_CATALOG","services/dsh/governance/operations/dsh_partner_identity_submit/OP_ACTIONS_CATALOG.csv","SERVICE","operation-dossier:dsh_partner_identity_submit","services/dsh/governance/operations/dsh_partner_identity_submit/OP_ACTIONS_CATALOG.csv","observed"
"dsh-census-0840","dsh","operation_api_map","dsh_partner_identity_submit::OP_API_MAP","services::dsh::governance::operations::dsh_partner_identity_submit::OP_API_MAP","services/dsh/governance/operations/dsh_partner_identity_submit/OP_API_MAP.csv","SERVICE","operation-dossier:dsh_partner_identity_submit","services/dsh/governance/operations/dsh_partner_identity_submit/OP_API_MAP.csv","observed"
"dsh-census-0841","dsh","operation_evidence_index","dsh_partner_identity_submit::OP_EVIDENCE_INDEX","services::dsh::governance::operations::dsh_partner_identity_submit::OP_EVIDENCE_INDEX","services/dsh/governance/operations/dsh_partner_identity_submit/OP_EVIDENCE_INDEX.json","SERVICE","operation-dossier:dsh_partner_identity_submit","services/dsh/governance/operations/dsh_partner_identity_submit/OP_EVIDENCE_INDEX.json","observed"
"dsh-census-0842","dsh","operation_gaps","dsh_partner_identity_submit::OP_GAPS","services::dsh::governance::operations::dsh_partner_identity_submit::OP_GAPS","services/dsh/governance/operations/dsh_partner_identity_submit/OP_GAPS.md","SERVICE","operation-dossier:dsh_partner_identity_submit","services/dsh/governance/operations/dsh_partner_identity_submit/OP_GAPS.md","observed"
"dsh-census-0843","dsh","operation_mcpw_map","dsh_partner_identity_submit::OP_MCPW_MAP","services::dsh::governance::operations::dsh_partner_identity_submit::OP_MCPW_MAP","services/dsh/governance/operations/dsh_partner_identity_submit/OP_MCPW_MAP.csv","SERVICE","operation-dossier:dsh_partner_identity_submit","services/dsh/governance/operations/dsh_partner_identity_submit/OP_MCPW_MAP.csv","observed"
"dsh-census-0844","dsh","operation_rbac_abac","dsh_partner_identity_submit::OP_RBAC_ABAC","services::dsh::governance::operations::dsh_partner_identity_submit::OP_RBAC_ABAC","services/dsh/governance/operations/dsh_partner_identity_submit/OP_RBAC_ABAC.csv","SERVICE","operation-dossier:dsh_partner_identity_submit","services/dsh/governance/operations/dsh_partner_identity_submit/OP_RBAC_ABAC.csv","observed"
"dsh-census-0845","dsh","operation_runtime_vars","dsh_partner_identity_submit::OP_RUNTIME_VARS","services::dsh::governance::operations::dsh_partner_identity_submit::OP_RUNTIME_VARS","services/dsh/governance/operations/dsh_partner_identity_submit/OP_RUNTIME_VARS.csv","SERVICE","operation-dossier:dsh_partner_identity_submit","services/dsh/governance/operations/dsh_partner_identity_submit/OP_RUNTIME_VARS.csv","observed"
"dsh-census-0846","dsh","operation_screens_map","dsh_partner_identity_submit::OP_SCREENS_MAP","services::dsh::governance::operations::dsh_partner_identity_submit::OP_SCREENS_MAP","services/dsh/governance/operations/dsh_partner_identity_submit/OP_SCREENS_MAP.csv","SERVICE","operation-dossier:dsh_partner_identity_submit","services/dsh/governance/operations/dsh_partner_identity_submit/OP_SCREENS_MAP.csv","observed"
"dsh-census-0847","dsh","operation_spec","dsh_partner_identity_submit::OP_SPEC","services::dsh::governance::operations::dsh_partner_identity_submit::OP_SPEC","services/dsh/governance/operations/dsh_partner_identity_submit/OP_SPEC.yaml","SERVICE","operation-dossier:dsh_partner_identity_submit","services/dsh/governance/operations/dsh_partner_identity_submit/OP_SPEC.yaml","observed"
"dsh-census-0848","dsh","operation_acceptance","dsh_partner_intake_start::OP_ACCEPTANCE","services::dsh::governance::operations::dsh_partner_intake_start::OP_ACCEPTANCE","services/dsh/governance/operations/dsh_partner_intake_start/OP_ACCEPTANCE.md","SERVICE","operation-dossier:dsh_partner_intake_start","services/dsh/governance/operations/dsh_partner_intake_start/OP_ACCEPTANCE.md","observed"
"dsh-census-0849","dsh","operation_actions_catalog","dsh_partner_intake_start::OP_ACTIONS_CATALOG","services::dsh::governance::operations::dsh_partner_intake_start::OP_ACTIONS_CATALOG","services/dsh/governance/operations/dsh_partner_intake_start/OP_ACTIONS_CATALOG.csv","SERVICE","operation-dossier:dsh_partner_intake_start","services/dsh/governance/operations/dsh_partner_intake_start/OP_ACTIONS_CATALOG.csv","observed"
"dsh-census-0850","dsh","operation_api_map","dsh_partner_intake_start::OP_API_MAP","services::dsh::governance::operations::dsh_partner_intake_start::OP_API_MAP","services/dsh/governance/operations/dsh_partner_intake_start/OP_API_MAP.csv","SERVICE","operation-dossier:dsh_partner_intake_start","services/dsh/governance/operations/dsh_partner_intake_start/OP_API_MAP.csv","observed"
"dsh-census-0851","dsh","operation_evidence_index","dsh_partner_intake_start::OP_EVIDENCE_INDEX","services::dsh::governance::operations::dsh_partner_intake_start::OP_EVIDENCE_INDEX","services/dsh/governance/operations/dsh_partner_intake_start/OP_EVIDENCE_INDEX.json","SERVICE","operation-dossier:dsh_partner_intake_start","services/dsh/governance/operations/dsh_partner_intake_start/OP_EVIDENCE_INDEX.json","observed"
"dsh-census-0852","dsh","operation_gaps","dsh_partner_intake_start::OP_GAPS","services::dsh::governance::operations::dsh_partner_intake_start::OP_GAPS","services/dsh/governance/operations/dsh_partner_intake_start/OP_GAPS.md","SERVICE","operation-dossier:dsh_partner_intake_start","services/dsh/governance/operations/dsh_partner_intake_start/OP_GAPS.md","observed"
"dsh-census-0853","dsh","operation_mcpw_map","dsh_partner_intake_start::OP_MCPW_MAP","services::dsh::governance::operations::dsh_partner_intake_start::OP_MCPW_MAP","services/dsh/governance/operations/dsh_partner_intake_start/OP_MCPW_MAP.csv","SERVICE","operation-dossier:dsh_partner_intake_start","services/dsh/governance/operations/dsh_partner_intake_start/OP_MCPW_MAP.csv","observed"
"dsh-census-0854","dsh","operation_rbac_abac","dsh_partner_intake_start::OP_RBAC_ABAC","services::dsh::governance::operations::dsh_partner_intake_start::OP_RBAC_ABAC","services/dsh/governance/operations/dsh_partner_intake_start/OP_RBAC_ABAC.csv","SERVICE","operation-dossier:dsh_partner_intake_start","services/dsh/governance/operations/dsh_partner_intake_start/OP_RBAC_ABAC.csv","observed"
"dsh-census-0855","dsh","operation_runtime_vars","dsh_partner_intake_start::OP_RUNTIME_VARS","services::dsh::governance::operations::dsh_partner_intake_start::OP_RUNTIME_VARS","services/dsh/governance/operations/dsh_partner_intake_start/OP_RUNTIME_VARS.csv","SERVICE","operation-dossier:dsh_partner_intake_start","services/dsh/governance/operations/dsh_partner_intake_start/OP_RUNTIME_VARS.csv","observed"
"dsh-census-0856","dsh","operation_screens_map","dsh_partner_intake_start::OP_SCREENS_MAP","services::dsh::governance::operations::dsh_partner_intake_start::OP_SCREENS_MAP","services/dsh/governance/operations/dsh_partner_intake_start/OP_SCREENS_MAP.csv","SERVICE","operation-dossier:dsh_partner_intake_start","services/dsh/governance/operations/dsh_partner_intake_start/OP_SCREENS_MAP.csv","observed"
"dsh-census-0857","dsh","operation_spec","dsh_partner_intake_start::OP_SPEC","services::dsh::governance::operations::dsh_partner_intake_start::OP_SPEC","services/dsh/governance/operations/dsh_partner_intake_start/OP_SPEC.yaml","SERVICE","operation-dossier:dsh_partner_intake_start","services/dsh/governance/operations/dsh_partner_intake_start/OP_SPEC.yaml","observed"
"dsh-census-0858","dsh","operation_acceptance","dsh_partner_inventory_adjust::OP_ACCEPTANCE","services::dsh::governance::operations::dsh_partner_inventory_adjust::OP_ACCEPTANCE","services/dsh/governance/operations/dsh_partner_inventory_adjust/OP_ACCEPTANCE.md","SERVICE","operation-dossier:dsh_partner_inventory_adjust","services/dsh/governance/operations/dsh_partner_inventory_adjust/OP_ACCEPTANCE.md","observed"
"dsh-census-0859","dsh","operation_actions_catalog","dsh_partner_inventory_adjust::OP_ACTIONS_CATALOG","services::dsh::governance::operations::dsh_partner_inventory_adjust::OP_ACTIONS_CATALOG","services/dsh/governance/operations/dsh_partner_inventory_adjust/OP_ACTIONS_CATALOG.csv","SERVICE","operation-dossier:dsh_partner_inventory_adjust","services/dsh/governance/operations/dsh_partner_inventory_adjust/OP_ACTIONS_CATALOG.csv","observed"
"dsh-census-0860","dsh","operation_api_map","dsh_partner_inventory_adjust::OP_API_MAP","services::dsh::governance::operations::dsh_partner_inventory_adjust::OP_API_MAP","services/dsh/governance/operations/dsh_partner_inventory_adjust/OP_API_MAP.csv","SERVICE","operation-dossier:dsh_partner_inventory_adjust","services/dsh/governance/operations/dsh_partner_inventory_adjust/OP_API_MAP.csv","observed"
"dsh-census-0861","dsh","operation_evidence_index","dsh_partner_inventory_adjust::OP_EVIDENCE_INDEX","services::dsh::governance::operations::dsh_partner_inventory_adjust::OP_EVIDENCE_INDEX","services/dsh/governance/operations/dsh_partner_inventory_adjust/OP_EVIDENCE_INDEX.json","SERVICE","operation-dossier:dsh_partner_inventory_adjust","services/dsh/governance/operations/dsh_partner_inventory_adjust/OP_EVIDENCE_INDEX.json","observed"
"dsh-census-0862","dsh","operation_gaps","dsh_partner_inventory_adjust::OP_GAPS","services::dsh::governance::operations::dsh_partner_inventory_adjust::OP_GAPS","services/dsh/governance/operations/dsh_partner_inventory_adjust/OP_GAPS.md","SERVICE","operation-dossier:dsh_partner_inventory_adjust","services/dsh/governance/operations/dsh_partner_inventory_adjust/OP_GAPS.md","observed"
"dsh-census-0863","dsh","operation_mcpw_map","dsh_partner_inventory_adjust::OP_MCPW_MAP","services::dsh::governance::operations::dsh_partner_inventory_adjust::OP_MCPW_MAP","services/dsh/governance/operations/dsh_partner_inventory_adjust/OP_MCPW_MAP.csv","SERVICE","operation-dossier:dsh_partner_inventory_adjust","services/dsh/governance/operations/dsh_partner_inventory_adjust/OP_MCPW_MAP.csv","observed"
"dsh-census-0864","dsh","operation_rbac_abac","dsh_partner_inventory_adjust::OP_RBAC_ABAC","services::dsh::governance::operations::dsh_partner_inventory_adjust::OP_RBAC_ABAC","services/dsh/governance/operations/dsh_partner_inventory_adjust/OP_RBAC_ABAC.csv","SERVICE","operation-dossier:dsh_partner_inventory_adjust","services/dsh/governance/operations/dsh_partner_inventory_adjust/OP_RBAC_ABAC.csv","observed"
"dsh-census-0865","dsh","operation_runtime_vars","dsh_partner_inventory_adjust::OP_RUNTIME_VARS","services::dsh::governance::operations::dsh_partner_inventory_adjust::OP_RUNTIME_VARS","services/dsh/governance/operations/dsh_partner_inventory_adjust/OP_RUNTIME_VARS.csv","SERVICE","operation-dossier:dsh_partner_inventory_adjust","services/dsh/governance/operations/dsh_partner_inventory_adjust/OP_RUNTIME_VARS.csv","observed"
"dsh-census-0866","dsh","operation_screens_map","dsh_partner_inventory_adjust::OP_SCREENS_MAP","services::dsh::governance::operations::dsh_partner_inventory_adjust::OP_SCREENS_MAP","services/dsh/governance/operations/dsh_partner_inventory_adjust/OP_SCREENS_MAP.csv","SERVICE","operation-dossier:dsh_partner_inventory_adjust","services/dsh/governance/operations/dsh_partner_inventory_adjust/OP_SCREENS_MAP.csv","observed"
"dsh-census-0867","dsh","operation_spec","dsh_partner_inventory_adjust::OP_SPEC","services::dsh::governance::operations::dsh_partner_inventory_adjust::OP_SPEC","services/dsh/governance/operations/dsh_partner_inventory_adjust/OP_SPEC.yaml","SERVICE","operation-dossier:dsh_partner_inventory_adjust","services/dsh/governance/operations/dsh_partner_inventory_adjust/OP_SPEC.yaml","observed"
"dsh-census-0868","dsh","operation_acceptance","dsh_partner_inventory_update::OP_ACCEPTANCE","services::dsh::governance::operations::dsh_partner_inventory_update::OP_ACCEPTANCE","services/dsh/governance/operations/dsh_partner_inventory_update/OP_ACCEPTANCE.md","SERVICE","operation-dossier:dsh_partner_inventory_update","services/dsh/governance/operations/dsh_partner_inventory_update/OP_ACCEPTANCE.md","observed"
"dsh-census-0869","dsh","operation_actions_catalog","dsh_partner_inventory_update::OP_ACTIONS_CATALOG","services::dsh::governance::operations::dsh_partner_inventory_update::OP_ACTIONS_CATALOG","services/dsh/governance/operations/dsh_partner_inventory_update/OP_ACTIONS_CATALOG.csv","SERVICE","operation-dossier:dsh_partner_inventory_update","services/dsh/governance/operations/dsh_partner_inventory_update/OP_ACTIONS_CATALOG.csv","observed"
"dsh-census-0870","dsh","operation_api_map","dsh_partner_inventory_update::OP_API_MAP","services::dsh::governance::operations::dsh_partner_inventory_update::OP_API_MAP","services/dsh/governance/operations/dsh_partner_inventory_update/OP_API_MAP.csv","SERVICE","operation-dossier:dsh_partner_inventory_update","services/dsh/governance/operations/dsh_partner_inventory_update/OP_API_MAP.csv","observed"
"dsh-census-0871","dsh","operation_evidence_index","dsh_partner_inventory_update::OP_EVIDENCE_INDEX","services::dsh::governance::operations::dsh_partner_inventory_update::OP_EVIDENCE_INDEX","services/dsh/governance/operations/dsh_partner_inventory_update/OP_EVIDENCE_INDEX.json","SERVICE","operation-dossier:dsh_partner_inventory_update","services/dsh/governance/operations/dsh_partner_inventory_update/OP_EVIDENCE_INDEX.json","observed"
"dsh-census-0872","dsh","operation_gaps","dsh_partner_inventory_update::OP_GAPS","services::dsh::governance::operations::dsh_partner_inventory_update::OP_GAPS","services/dsh/governance/operations/dsh_partner_inventory_update/OP_GAPS.md","SERVICE","operation-dossier:dsh_partner_inventory_update","services/dsh/governance/operations/dsh_partner_inventory_update/OP_GAPS.md","observed"
"dsh-census-0873","dsh","operation_mcpw_map","dsh_partner_inventory_update::OP_MCPW_MAP","services::dsh::governance::operations::dsh_partner_inventory_update::OP_MCPW_MAP","services/dsh/governance/operations/dsh_partner_inventory_update/OP_MCPW_MAP.csv","SERVICE","operation-dossier:dsh_partner_inventory_update","services/dsh/governance/operations/dsh_partner_inventory_update/OP_MCPW_MAP.csv","observed"
"dsh-census-0874","dsh","operation_rbac_abac","dsh_partner_inventory_update::OP_RBAC_ABAC","services::dsh::governance::operations::dsh_partner_inventory_update::OP_RBAC_ABAC","services/dsh/governance/operations/dsh_partner_inventory_update/OP_RBAC_ABAC.csv","SERVICE","operation-dossier:dsh_partner_inventory_update","services/dsh/governance/operations/dsh_partner_inventory_update/OP_RBAC_ABAC.csv","observed"
"dsh-census-0875","dsh","operation_runtime_vars","dsh_partner_inventory_update::OP_RUNTIME_VARS","services::dsh::governance::operations::dsh_partner_inventory_update::OP_RUNTIME_VARS","services/dsh/governance/operations/dsh_partner_inventory_update/OP_RUNTIME_VARS.csv","SERVICE","operation-dossier:dsh_partner_inventory_update","services/dsh/governance/operations/dsh_partner_inventory_update/OP_RUNTIME_VARS.csv","observed"
"dsh-census-0876","dsh","operation_screens_map","dsh_partner_inventory_update::OP_SCREENS_MAP","services::dsh::governance::operations::dsh_partner_inventory_update::OP_SCREENS_MAP","services/dsh/governance/operations/dsh_partner_inventory_update/OP_SCREENS_MAP.csv","SERVICE","operation-dossier:dsh_partner_inventory_update","services/dsh/governance/operations/dsh_partner_inventory_update/OP_SCREENS_MAP.csv","observed"
"dsh-census-0877","dsh","operation_spec","dsh_partner_inventory_update::OP_SPEC","services::dsh::governance::operations::dsh_partner_inventory_update::OP_SPEC","services/dsh/governance/operations/dsh_partner_inventory_update/OP_SPEC.yaml","SERVICE","operation-dossier:dsh_partner_inventory_update","services/dsh/governance/operations/dsh_partner_inventory_update/OP_SPEC.yaml","observed"
"dsh-census-0878","dsh","operation_acceptance","dsh_partner_items_upsert::OP_ACCEPTANCE","services::dsh::governance::operations::dsh_partner_items_upsert::OP_ACCEPTANCE","services/dsh/governance/operations/dsh_partner_items_upsert/OP_ACCEPTANCE.md","SERVICE","operation-dossier:dsh_partner_items_upsert","services/dsh/governance/operations/dsh_partner_items_upsert/OP_ACCEPTANCE.md","observed"
"dsh-census-0879","dsh","operation_actions_catalog","dsh_partner_items_upsert::OP_ACTIONS_CATALOG","services::dsh::governance::operations::dsh_partner_items_upsert::OP_ACTIONS_CATALOG","services/dsh/governance/operations/dsh_partner_items_upsert/OP_ACTIONS_CATALOG.csv","SERVICE","operation-dossier:dsh_partner_items_upsert","services/dsh/governance/operations/dsh_partner_items_upsert/OP_ACTIONS_CATALOG.csv","observed"
"dsh-census-0880","dsh","operation_api_map","dsh_partner_items_upsert::OP_API_MAP","services::dsh::governance::operations::dsh_partner_items_upsert::OP_API_MAP","services/dsh/governance/operations/dsh_partner_items_upsert/OP_API_MAP.csv","SERVICE","operation-dossier:dsh_partner_items_upsert","services/dsh/governance/operations/dsh_partner_items_upsert/OP_API_MAP.csv","observed"
"dsh-census-0881","dsh","operation_evidence_index","dsh_partner_items_upsert::OP_EVIDENCE_INDEX","services::dsh::governance::operations::dsh_partner_items_upsert::OP_EVIDENCE_INDEX","services/dsh/governance/operations/dsh_partner_items_upsert/OP_EVIDENCE_INDEX.json","SERVICE","operation-dossier:dsh_partner_items_upsert","services/dsh/governance/operations/dsh_partner_items_upsert/OP_EVIDENCE_INDEX.json","observed"
"dsh-census-0882","dsh","operation_gaps","dsh_partner_items_upsert::OP_GAPS","services::dsh::governance::operations::dsh_partner_items_upsert::OP_GAPS","services/dsh/governance/operations/dsh_partner_items_upsert/OP_GAPS.md","SERVICE","operation-dossier:dsh_partner_items_upsert","services/dsh/governance/operations/dsh_partner_items_upsert/OP_GAPS.md","observed"
"dsh-census-0883","dsh","operation_mcpw_map","dsh_partner_items_upsert::OP_MCPW_MAP","services::dsh::governance::operations::dsh_partner_items_upsert::OP_MCPW_MAP","services/dsh/governance/operations/dsh_partner_items_upsert/OP_MCPW_MAP.csv","SERVICE","operation-dossier:dsh_partner_items_upsert","services/dsh/governance/operations/dsh_partner_items_upsert/OP_MCPW_MAP.csv","observed"
"dsh-census-0884","dsh","operation_rbac_abac","dsh_partner_items_upsert::OP_RBAC_ABAC","services::dsh::governance::operations::dsh_partner_items_upsert::OP_RBAC_ABAC","services/dsh/governance/operations/dsh_partner_items_upsert/OP_RBAC_ABAC.csv","SERVICE","operation-dossier:dsh_partner_items_upsert","services/dsh/governance/operations/dsh_partner_items_upsert/OP_RBAC_ABAC.csv","observed"
"dsh-census-0885","dsh","operation_runtime_vars","dsh_partner_items_upsert::OP_RUNTIME_VARS","services::dsh::governance::operations::dsh_partner_items_upsert::OP_RUNTIME_VARS","services/dsh/governance/operations/dsh_partner_items_upsert/OP_RUNTIME_VARS.csv","SERVICE","operation-dossier:dsh_partner_items_upsert","services/dsh/governance/operations/dsh_partner_items_upsert/OP_RUNTIME_VARS.csv","observed"
"dsh-census-0886","dsh","operation_screens_map","dsh_partner_items_upsert::OP_SCREENS_MAP","services::dsh::governance::operations::dsh_partner_items_upsert::OP_SCREENS_MAP","services/dsh/governance/operations/dsh_partner_items_upsert/OP_SCREENS_MAP.csv","SERVICE","operation-dossier:dsh_partner_items_upsert","services/dsh/governance/operations/dsh_partner_items_upsert/OP_SCREENS_MAP.csv","observed"
"dsh-census-0887","dsh","operation_spec","dsh_partner_items_upsert::OP_SPEC","services::dsh::governance::operations::dsh_partner_items_upsert::OP_SPEC","services/dsh/governance/operations/dsh_partner_items_upsert/OP_SPEC.yaml","SERVICE","operation-dossier:dsh_partner_items_upsert","services/dsh/governance/operations/dsh_partner_items_upsert/OP_SPEC.yaml","observed"
"dsh-census-0888","dsh","operation_acceptance","dsh_partner_manager_invite::OP_ACCEPTANCE","services::dsh::governance::operations::dsh_partner_manager_invite::OP_ACCEPTANCE","services/dsh/governance/operations/dsh_partner_manager_invite/OP_ACCEPTANCE.md","SERVICE","operation-dossier:dsh_partner_manager_invite","services/dsh/governance/operations/dsh_partner_manager_invite/OP_ACCEPTANCE.md","observed"
"dsh-census-0889","dsh","operation_actions_catalog","dsh_partner_manager_invite::OP_ACTIONS_CATALOG","services::dsh::governance::operations::dsh_partner_manager_invite::OP_ACTIONS_CATALOG","services/dsh/governance/operations/dsh_partner_manager_invite/OP_ACTIONS_CATALOG.csv","SERVICE","operation-dossier:dsh_partner_manager_invite","services/dsh/governance/operations/dsh_partner_manager_invite/OP_ACTIONS_CATALOG.csv","observed"
"dsh-census-0890","dsh","operation_api_map","dsh_partner_manager_invite::OP_API_MAP","services::dsh::governance::operations::dsh_partner_manager_invite::OP_API_MAP","services/dsh/governance/operations/dsh_partner_manager_invite/OP_API_MAP.csv","SERVICE","operation-dossier:dsh_partner_manager_invite","services/dsh/governance/operations/dsh_partner_manager_invite/OP_API_MAP.csv","observed"
"dsh-census-0891","dsh","operation_evidence_index","dsh_partner_manager_invite::OP_EVIDENCE_INDEX","services::dsh::governance::operations::dsh_partner_manager_invite::OP_EVIDENCE_INDEX","services/dsh/governance/operations/dsh_partner_manager_invite/OP_EVIDENCE_INDEX.json","SERVICE","operation-dossier:dsh_partner_manager_invite","services/dsh/governance/operations/dsh_partner_manager_invite/OP_EVIDENCE_INDEX.json","observed"
"dsh-census-0892","dsh","operation_gaps","dsh_partner_manager_invite::OP_GAPS","services::dsh::governance::operations::dsh_partner_manager_invite::OP_GAPS","services/dsh/governance/operations/dsh_partner_manager_invite/OP_GAPS.md","SERVICE","operation-dossier:dsh_partner_manager_invite","services/dsh/governance/operations/dsh_partner_manager_invite/OP_GAPS.md","observed"
"dsh-census-0893","dsh","operation_mcpw_map","dsh_partner_manager_invite::OP_MCPW_MAP","services::dsh::governance::operations::dsh_partner_manager_invite::OP_MCPW_MAP","services/dsh/governance/operations/dsh_partner_manager_invite/OP_MCPW_MAP.csv","SERVICE","operation-dossier:dsh_partner_manager_invite","services/dsh/governance/operations/dsh_partner_manager_invite/OP_MCPW_MAP.csv","observed"
"dsh-census-0894","dsh","operation_rbac_abac","dsh_partner_manager_invite::OP_RBAC_ABAC","services::dsh::governance::operations::dsh_partner_manager_invite::OP_RBAC_ABAC","services/dsh/governance/operations/dsh_partner_manager_invite/OP_RBAC_ABAC.csv","SERVICE","operation-dossier:dsh_partner_manager_invite","services/dsh/governance/operations/dsh_partner_manager_invite/OP_RBAC_ABAC.csv","observed"
"dsh-census-0895","dsh","operation_runtime_vars","dsh_partner_manager_invite::OP_RUNTIME_VARS","services::dsh::governance::operations::dsh_partner_manager_invite::OP_RUNTIME_VARS","services/dsh/governance/operations/dsh_partner_manager_invite/OP_RUNTIME_VARS.csv","SERVICE","operation-dossier:dsh_partner_manager_invite","services/dsh/governance/operations/dsh_partner_manager_invite/OP_RUNTIME_VARS.csv","observed"
"dsh-census-0896","dsh","operation_screens_map","dsh_partner_manager_invite::OP_SCREENS_MAP","services::dsh::governance::operations::dsh_partner_manager_invite::OP_SCREENS_MAP","services/dsh/governance/operations/dsh_partner_manager_invite/OP_SCREENS_MAP.csv","SERVICE","operation-dossier:dsh_partner_manager_invite","services/dsh/governance/operations/dsh_partner_manager_invite/OP_SCREENS_MAP.csv","observed"
"dsh-census-0897","dsh","operation_spec","dsh_partner_manager_invite::OP_SPEC","services::dsh::governance::operations::dsh_partner_manager_invite::OP_SPEC","services/dsh/governance/operations/dsh_partner_manager_invite/OP_SPEC.yaml","SERVICE","operation-dossier:dsh_partner_manager_invite","services/dsh/governance/operations/dsh_partner_manager_invite/OP_SPEC.yaml","observed"
"dsh-census-0898","dsh","operation_acceptance","dsh_partner_order_handoff::OP_ACCEPTANCE","services::dsh::governance::operations::dsh_partner_order_handoff::OP_ACCEPTANCE","services/dsh/governance/operations/dsh_partner_order_handoff/OP_ACCEPTANCE.md","SERVICE","operation-dossier:dsh_partner_order_handoff","services/dsh/governance/operations/dsh_partner_order_handoff/OP_ACCEPTANCE.md","observed"
"dsh-census-0899","dsh","operation_actions_catalog","dsh_partner_order_handoff::OP_ACTIONS_CATALOG","services::dsh::governance::operations::dsh_partner_order_handoff::OP_ACTIONS_CATALOG","services/dsh/governance/operations/dsh_partner_order_handoff/OP_ACTIONS_CATALOG.csv","SERVICE","operation-dossier:dsh_partner_order_handoff","services/dsh/governance/operations/dsh_partner_order_handoff/OP_ACTIONS_CATALOG.csv","observed"
"dsh-census-0900","dsh","operation_api_map","dsh_partner_order_handoff::OP_API_MAP","services::dsh::governance::operations::dsh_partner_order_handoff::OP_API_MAP","services/dsh/governance/operations/dsh_partner_order_handoff/OP_API_MAP.csv","SERVICE","operation-dossier:dsh_partner_order_handoff","services/dsh/governance/operations/dsh_partner_order_handoff/OP_API_MAP.csv","observed"
"dsh-census-0901","dsh","operation_evidence_index","dsh_partner_order_handoff::OP_EVIDENCE_INDEX","services::dsh::governance::operations::dsh_partner_order_handoff::OP_EVIDENCE_INDEX","services/dsh/governance/operations/dsh_partner_order_handoff/OP_EVIDENCE_INDEX.json","SERVICE","operation-dossier:dsh_partner_order_handoff","services/dsh/governance/operations/dsh_partner_order_handoff/OP_EVIDENCE_INDEX.json","observed"
"dsh-census-0902","dsh","operation_gaps","dsh_partner_order_handoff::OP_GAPS","services::dsh::governance::operations::dsh_partner_order_handoff::OP_GAPS","services/dsh/governance/operations/dsh_partner_order_handoff/OP_GAPS.md","SERVICE","operation-dossier:dsh_partner_order_handoff","services/dsh/governance/operations/dsh_partner_order_handoff/OP_GAPS.md","observed"
"dsh-census-0903","dsh","operation_mcpw_map","dsh_partner_order_handoff::OP_MCPW_MAP","services::dsh::governance::operations::dsh_partner_order_handoff::OP_MCPW_MAP","services/dsh/governance/operations/dsh_partner_order_handoff/OP_MCPW_MAP.csv","SERVICE","operation-dossier:dsh_partner_order_handoff","services/dsh/governance/operations/dsh_partner_order_handoff/OP_MCPW_MAP.csv","observed"
"dsh-census-0904","dsh","operation_rbac_abac","dsh_partner_order_handoff::OP_RBAC_ABAC","services::dsh::governance::operations::dsh_partner_order_handoff::OP_RBAC_ABAC","services/dsh/governance/operations/dsh_partner_order_handoff/OP_RBAC_ABAC.csv","SERVICE","operation-dossier:dsh_partner_order_handoff","services/dsh/governance/operations/dsh_partner_order_handoff/OP_RBAC_ABAC.csv","observed"
"dsh-census-0905","dsh","operation_runtime_vars","dsh_partner_order_handoff::OP_RUNTIME_VARS","services::dsh::governance::operations::dsh_partner_order_handoff::OP_RUNTIME_VARS","services/dsh/governance/operations/dsh_partner_order_handoff/OP_RUNTIME_VARS.csv","SERVICE","operation-dossier:dsh_partner_order_handoff","services/dsh/governance/operations/dsh_partner_order_handoff/OP_RUNTIME_VARS.csv","observed"
"dsh-census-0906","dsh","operation_screens_map","dsh_partner_order_handoff::OP_SCREENS_MAP","services::dsh::governance::operations::dsh_partner_order_handoff::OP_SCREENS_MAP","services/dsh/governance/operations/dsh_partner_order_handoff/OP_SCREENS_MAP.csv","SERVICE","operation-dossier:dsh_partner_order_handoff","services/dsh/governance/operations/dsh_partner_order_handoff/OP_SCREENS_MAP.csv","observed"
"dsh-census-0907","dsh","operation_spec","dsh_partner_order_handoff::OP_SPEC","services::dsh::governance::operations::dsh_partner_order_handoff::OP_SPEC","services/dsh/governance/operations/dsh_partner_order_handoff/OP_SPEC.yaml","SERVICE","operation-dossier:dsh_partner_order_handoff","services/dsh/governance/operations/dsh_partner_order_handoff/OP_SPEC.yaml","observed"
"dsh-census-0908","dsh","operation_acceptance","dsh_partner_quick_reply_config_get::OP_ACCEPTANCE","services::dsh::governance::operations::dsh_partner_quick_reply_config_get::OP_ACCEPTANCE","services/dsh/governance/operations/dsh_partner_quick_reply_config_get/OP_ACCEPTANCE.md","SERVICE","operation-dossier:dsh_partner_quick_reply_config_get","services/dsh/governance/operations/dsh_partner_quick_reply_config_get/OP_ACCEPTANCE.md","observed"
"dsh-census-0909","dsh","operation_actions_catalog","dsh_partner_quick_reply_config_get::OP_ACTIONS_CATALOG","services::dsh::governance::operations::dsh_partner_quick_reply_config_get::OP_ACTIONS_CATALOG","services/dsh/governance/operations/dsh_partner_quick_reply_config_get/OP_ACTIONS_CATALOG.csv","SERVICE","operation-dossier:dsh_partner_quick_reply_config_get","services/dsh/governance/operations/dsh_partner_quick_reply_config_get/OP_ACTIONS_CATALOG.csv","observed"
"dsh-census-0910","dsh","operation_api_map","dsh_partner_quick_reply_config_get::OP_API_MAP","services::dsh::governance::operations::dsh_partner_quick_reply_config_get::OP_API_MAP","services/dsh/governance/operations/dsh_partner_quick_reply_config_get/OP_API_MAP.csv","SERVICE","operation-dossier:dsh_partner_quick_reply_config_get","services/dsh/governance/operations/dsh_partner_quick_reply_config_get/OP_API_MAP.csv","observed"
"dsh-census-0911","dsh","operation_evidence_index","dsh_partner_quick_reply_config_get::OP_EVIDENCE_INDEX","services::dsh::governance::operations::dsh_partner_quick_reply_config_get::OP_EVIDENCE_INDEX","services/dsh/governance/operations/dsh_partner_quick_reply_config_get/OP_EVIDENCE_INDEX.json","SERVICE","operation-dossier:dsh_partner_quick_reply_config_get","services/dsh/governance/operations/dsh_partner_quick_reply_config_get/OP_EVIDENCE_INDEX.json","observed"
"dsh-census-0912","dsh","operation_gaps","dsh_partner_quick_reply_config_get::OP_GAPS","services::dsh::governance::operations::dsh_partner_quick_reply_config_get::OP_GAPS","services/dsh/governance/operations/dsh_partner_quick_reply_config_get/OP_GAPS.md","SERVICE","operation-dossier:dsh_partner_quick_reply_config_get","services/dsh/governance/operations/dsh_partner_quick_reply_config_get/OP_GAPS.md","observed"
"dsh-census-0913","dsh","operation_mcpw_map","dsh_partner_quick_reply_config_get::OP_MCPW_MAP","services::dsh::governance::operations::dsh_partner_quick_reply_config_get::OP_MCPW_MAP","services/dsh/governance/operations/dsh_partner_quick_reply_config_get/OP_MCPW_MAP.csv","SERVICE","operation-dossier:dsh_partner_quick_reply_config_get","services/dsh/governance/operations/dsh_partner_quick_reply_config_get/OP_MCPW_MAP.csv","observed"
"dsh-census-0914","dsh","operation_rbac_abac","dsh_partner_quick_reply_config_get::OP_RBAC_ABAC","services::dsh::governance::operations::dsh_partner_quick_reply_config_get::OP_RBAC_ABAC","services/dsh/governance/operations/dsh_partner_quick_reply_config_get/OP_RBAC_ABAC.csv","SERVICE","operation-dossier:dsh_partner_quick_reply_config_get","services/dsh/governance/operations/dsh_partner_quick_reply_config_get/OP_RBAC_ABAC.csv","observed"
"dsh-census-0915","dsh","operation_runtime_vars","dsh_partner_quick_reply_config_get::OP_RUNTIME_VARS","services::dsh::governance::operations::dsh_partner_quick_reply_config_get::OP_RUNTIME_VARS","services/dsh/governance/operations/dsh_partner_quick_reply_config_get/OP_RUNTIME_VARS.csv","SERVICE","operation-dossier:dsh_partner_quick_reply_config_get","services/dsh/governance/operations/dsh_partner_quick_reply_config_get/OP_RUNTIME_VARS.csv","observed"
"dsh-census-0916","dsh","operation_screens_map","dsh_partner_quick_reply_config_get::OP_SCREENS_MAP","services::dsh::governance::operations::dsh_partner_quick_reply_config_get::OP_SCREENS_MAP","services/dsh/governance/operations/dsh_partner_quick_reply_config_get/OP_SCREENS_MAP.csv","SERVICE","operation-dossier:dsh_partner_quick_reply_config_get","services/dsh/governance/operations/dsh_partner_quick_reply_config_get/OP_SCREENS_MAP.csv","observed"
"dsh-census-0917","dsh","operation_spec","dsh_partner_quick_reply_config_get::OP_SPEC","services::dsh::governance::operations::dsh_partner_quick_reply_config_get::OP_SPEC","services/dsh/governance/operations/dsh_partner_quick_reply_config_get/OP_SPEC.yaml","SERVICE","operation-dossier:dsh_partner_quick_reply_config_get","services/dsh/governance/operations/dsh_partner_quick_reply_config_get/OP_SPEC.yaml","observed"
"dsh-census-0918","dsh","operation_acceptance","dsh_partner_quick_reply_post::OP_ACCEPTANCE","services::dsh::governance::operations::dsh_partner_quick_reply_post::OP_ACCEPTANCE","services/dsh/governance/operations/dsh_partner_quick_reply_post/OP_ACCEPTANCE.md","SERVICE","operation-dossier:dsh_partner_quick_reply_post","services/dsh/governance/operations/dsh_partner_quick_reply_post/OP_ACCEPTANCE.md","observed"
"dsh-census-0919","dsh","operation_actions_catalog","dsh_partner_quick_reply_post::OP_ACTIONS_CATALOG","services::dsh::governance::operations::dsh_partner_quick_reply_post::OP_ACTIONS_CATALOG","services/dsh/governance/operations/dsh_partner_quick_reply_post/OP_ACTIONS_CATALOG.csv","SERVICE","operation-dossier:dsh_partner_quick_reply_post","services/dsh/governance/operations/dsh_partner_quick_reply_post/OP_ACTIONS_CATALOG.csv","observed"
"dsh-census-0920","dsh","operation_api_map","dsh_partner_quick_reply_post::OP_API_MAP","services::dsh::governance::operations::dsh_partner_quick_reply_post::OP_API_MAP","services/dsh/governance/operations/dsh_partner_quick_reply_post/OP_API_MAP.csv","SERVICE","operation-dossier:dsh_partner_quick_reply_post","services/dsh/governance/operations/dsh_partner_quick_reply_post/OP_API_MAP.csv","observed"
"dsh-census-0921","dsh","operation_evidence_index","dsh_partner_quick_reply_post::OP_EVIDENCE_INDEX","services::dsh::governance::operations::dsh_partner_quick_reply_post::OP_EVIDENCE_INDEX","services/dsh/governance/operations/dsh_partner_quick_reply_post/OP_EVIDENCE_INDEX.json","SERVICE","operation-dossier:dsh_partner_quick_reply_post","services/dsh/governance/operations/dsh_partner_quick_reply_post/OP_EVIDENCE_INDEX.json","observed"
"dsh-census-0922","dsh","operation_gaps","dsh_partner_quick_reply_post::OP_GAPS","services::dsh::governance::operations::dsh_partner_quick_reply_post::OP_GAPS","services/dsh/governance/operations/dsh_partner_quick_reply_post/OP_GAPS.md","SERVICE","operation-dossier:dsh_partner_quick_reply_post","services/dsh/governance/operations/dsh_partner_quick_reply_post/OP_GAPS.md","observed"
"dsh-census-0923","dsh","operation_mcpw_map","dsh_partner_quick_reply_post::OP_MCPW_MAP","services::dsh::governance::operations::dsh_partner_quick_reply_post::OP_MCPW_MAP","services/dsh/governance/operations/dsh_partner_quick_reply_post/OP_MCPW_MAP.csv","SERVICE","operation-dossier:dsh_partner_quick_reply_post","services/dsh/governance/operations/dsh_partner_quick_reply_post/OP_MCPW_MAP.csv","observed"
"dsh-census-0924","dsh","operation_rbac_abac","dsh_partner_quick_reply_post::OP_RBAC_ABAC","services::dsh::governance::operations::dsh_partner_quick_reply_post::OP_RBAC_ABAC","services/dsh/governance/operations/dsh_partner_quick_reply_post/OP_RBAC_ABAC.csv","SERVICE","operation-dossier:dsh_partner_quick_reply_post","services/dsh/governance/operations/dsh_partner_quick_reply_post/OP_RBAC_ABAC.csv","observed"
"dsh-census-0925","dsh","operation_runtime_vars","dsh_partner_quick_reply_post::OP_RUNTIME_VARS","services::dsh::governance::operations::dsh_partner_quick_reply_post::OP_RUNTIME_VARS","services/dsh/governance/operations/dsh_partner_quick_reply_post/OP_RUNTIME_VARS.csv","SERVICE","operation-dossier:dsh_partner_quick_reply_post","services/dsh/governance/operations/dsh_partner_quick_reply_post/OP_RUNTIME_VARS.csv","observed"
"dsh-census-0926","dsh","operation_screens_map","dsh_partner_quick_reply_post::OP_SCREENS_MAP","services::dsh::governance::operations::dsh_partner_quick_reply_post::OP_SCREENS_MAP","services/dsh/governance/operations/dsh_partner_quick_reply_post/OP_SCREENS_MAP.csv","SERVICE","operation-dossier:dsh_partner_quick_reply_post","services/dsh/governance/operations/dsh_partner_quick_reply_post/OP_SCREENS_MAP.csv","observed"
"dsh-census-0927","dsh","operation_spec","dsh_partner_quick_reply_post::OP_SPEC","services::dsh::governance::operations::dsh_partner_quick_reply_post::OP_SPEC","services/dsh/governance/operations/dsh_partner_quick_reply_post/OP_SPEC.yaml","SERVICE","operation-dossier:dsh_partner_quick_reply_post","services/dsh/governance/operations/dsh_partner_quick_reply_post/OP_SPEC.yaml","observed"
"dsh-census-0928","dsh","operation_acceptance","dsh_partner_quick_reply_setup::OP_ACCEPTANCE","services::dsh::governance::operations::dsh_partner_quick_reply_setup::OP_ACCEPTANCE","services/dsh/governance/operations/dsh_partner_quick_reply_setup/OP_ACCEPTANCE.md","SERVICE","operation-dossier:dsh_partner_quick_reply_setup","services/dsh/governance/operations/dsh_partner_quick_reply_setup/OP_ACCEPTANCE.md","observed"
"dsh-census-0929","dsh","operation_actions_catalog","dsh_partner_quick_reply_setup::OP_ACTIONS_CATALOG","services::dsh::governance::operations::dsh_partner_quick_reply_setup::OP_ACTIONS_CATALOG","services/dsh/governance/operations/dsh_partner_quick_reply_setup/OP_ACTIONS_CATALOG.csv","SERVICE","operation-dossier:dsh_partner_quick_reply_setup","services/dsh/governance/operations/dsh_partner_quick_reply_setup/OP_ACTIONS_CATALOG.csv","observed"
"dsh-census-0930","dsh","operation_api_map","dsh_partner_quick_reply_setup::OP_API_MAP","services::dsh::governance::operations::dsh_partner_quick_reply_setup::OP_API_MAP","services/dsh/governance/operations/dsh_partner_quick_reply_setup/OP_API_MAP.csv","SERVICE","operation-dossier:dsh_partner_quick_reply_setup","services/dsh/governance/operations/dsh_partner_quick_reply_setup/OP_API_MAP.csv","observed"
"dsh-census-0931","dsh","operation_evidence_index","dsh_partner_quick_reply_setup::OP_EVIDENCE_INDEX","services::dsh::governance::operations::dsh_partner_quick_reply_setup::OP_EVIDENCE_INDEX","services/dsh/governance/operations/dsh_partner_quick_reply_setup/OP_EVIDENCE_INDEX.json","SERVICE","operation-dossier:dsh_partner_quick_reply_setup","services/dsh/governance/operations/dsh_partner_quick_reply_setup/OP_EVIDENCE_INDEX.json","observed"
"dsh-census-0932","dsh","operation_gaps","dsh_partner_quick_reply_setup::OP_GAPS","services::dsh::governance::operations::dsh_partner_quick_reply_setup::OP_GAPS","services/dsh/governance/operations/dsh_partner_quick_reply_setup/OP_GAPS.md","SERVICE","operation-dossier:dsh_partner_quick_reply_setup","services/dsh/governance/operations/dsh_partner_quick_reply_setup/OP_GAPS.md","observed"
"dsh-census-0933","dsh","operation_mcpw_map","dsh_partner_quick_reply_setup::OP_MCPW_MAP","services::dsh::governance::operations::dsh_partner_quick_reply_setup::OP_MCPW_MAP","services/dsh/governance/operations/dsh_partner_quick_reply_setup/OP_MCPW_MAP.csv","SERVICE","operation-dossier:dsh_partner_quick_reply_setup","services/dsh/governance/operations/dsh_partner_quick_reply_setup/OP_MCPW_MAP.csv","observed"
"dsh-census-0934","dsh","operation_rbac_abac","dsh_partner_quick_reply_setup::OP_RBAC_ABAC","services::dsh::governance::operations::dsh_partner_quick_reply_setup::OP_RBAC_ABAC","services/dsh/governance/operations/dsh_partner_quick_reply_setup/OP_RBAC_ABAC.csv","SERVICE","operation-dossier:dsh_partner_quick_reply_setup","services/dsh/governance/operations/dsh_partner_quick_reply_setup/OP_RBAC_ABAC.csv","observed"
"dsh-census-0935","dsh","operation_runtime_vars","dsh_partner_quick_reply_setup::OP_RUNTIME_VARS","services::dsh::governance::operations::dsh_partner_quick_reply_setup::OP_RUNTIME_VARS","services/dsh/governance/operations/dsh_partner_quick_reply_setup/OP_RUNTIME_VARS.csv","SERVICE","operation-dossier:dsh_partner_quick_reply_setup","services/dsh/governance/operations/dsh_partner_quick_reply_setup/OP_RUNTIME_VARS.csv","observed"
"dsh-census-0936","dsh","operation_screens_map","dsh_partner_quick_reply_setup::OP_SCREENS_MAP","services::dsh::governance::operations::dsh_partner_quick_reply_setup::OP_SCREENS_MAP","services/dsh/governance/operations/dsh_partner_quick_reply_setup/OP_SCREENS_MAP.csv","SERVICE","operation-dossier:dsh_partner_quick_reply_setup","services/dsh/governance/operations/dsh_partner_quick_reply_setup/OP_SCREENS_MAP.csv","observed"
"dsh-census-0937","dsh","operation_spec","dsh_partner_quick_reply_setup::OP_SPEC","services::dsh::governance::operations::dsh_partner_quick_reply_setup::OP_SPEC","services/dsh/governance/operations/dsh_partner_quick_reply_setup/OP_SPEC.yaml","SERVICE","operation-dossier:dsh_partner_quick_reply_setup","services/dsh/governance/operations/dsh_partner_quick_reply_setup/OP_SPEC.yaml","observed"
"dsh-census-0938","dsh","operation_acceptance","dsh_partner_quick_reply_webhook_post::OP_ACCEPTANCE","services::dsh::governance::operations::dsh_partner_quick_reply_webhook_post::OP_ACCEPTANCE","services/dsh/governance/operations/dsh_partner_quick_reply_webhook_post/OP_ACCEPTANCE.md","SERVICE","operation-dossier:dsh_partner_quick_reply_webhook_post","services/dsh/governance/operations/dsh_partner_quick_reply_webhook_post/OP_ACCEPTANCE.md","observed"
"dsh-census-0939","dsh","operation_actions_catalog","dsh_partner_quick_reply_webhook_post::OP_ACTIONS_CATALOG","services::dsh::governance::operations::dsh_partner_quick_reply_webhook_post::OP_ACTIONS_CATALOG","services/dsh/governance/operations/dsh_partner_quick_reply_webhook_post/OP_ACTIONS_CATALOG.csv","SERVICE","operation-dossier:dsh_partner_quick_reply_webhook_post","services/dsh/governance/operations/dsh_partner_quick_reply_webhook_post/OP_ACTIONS_CATALOG.csv","observed"
"dsh-census-0940","dsh","operation_api_map","dsh_partner_quick_reply_webhook_post::OP_API_MAP","services::dsh::governance::operations::dsh_partner_quick_reply_webhook_post::OP_API_MAP","services/dsh/governance/operations/dsh_partner_quick_reply_webhook_post/OP_API_MAP.csv","SERVICE","operation-dossier:dsh_partner_quick_reply_webhook_post","services/dsh/governance/operations/dsh_partner_quick_reply_webhook_post/OP_API_MAP.csv","observed"
"dsh-census-0941","dsh","operation_evidence_index","dsh_partner_quick_reply_webhook_post::OP_EVIDENCE_INDEX","services::dsh::governance::operations::dsh_partner_quick_reply_webhook_post::OP_EVIDENCE_INDEX","services/dsh/governance/operations/dsh_partner_quick_reply_webhook_post/OP_EVIDENCE_INDEX.json","SERVICE","operation-dossier:dsh_partner_quick_reply_webhook_post","services/dsh/governance/operations/dsh_partner_quick_reply_webhook_post/OP_EVIDENCE_INDEX.json","observed"
"dsh-census-0942","dsh","operation_gaps","dsh_partner_quick_reply_webhook_post::OP_GAPS","services::dsh::governance::operations::dsh_partner_quick_reply_webhook_post::OP_GAPS","services/dsh/governance/operations/dsh_partner_quick_reply_webhook_post/OP_GAPS.md","SERVICE","operation-dossier:dsh_partner_quick_reply_webhook_post","services/dsh/governance/operations/dsh_partner_quick_reply_webhook_post/OP_GAPS.md","observed"
"dsh-census-0943","dsh","operation_mcpw_map","dsh_partner_quick_reply_webhook_post::OP_MCPW_MAP","services::dsh::governance::operations::dsh_partner_quick_reply_webhook_post::OP_MCPW_MAP","services/dsh/governance/operations/dsh_partner_quick_reply_webhook_post/OP_MCPW_MAP.csv","SERVICE","operation-dossier:dsh_partner_quick_reply_webhook_post","services/dsh/governance/operations/dsh_partner_quick_reply_webhook_post/OP_MCPW_MAP.csv","observed"
"dsh-census-0944","dsh","operation_rbac_abac","dsh_partner_quick_reply_webhook_post::OP_RBAC_ABAC","services::dsh::governance::operations::dsh_partner_quick_reply_webhook_post::OP_RBAC_ABAC","services/dsh/governance/operations/dsh_partner_quick_reply_webhook_post/OP_RBAC_ABAC.csv","SERVICE","operation-dossier:dsh_partner_quick_reply_webhook_post","services/dsh/governance/operations/dsh_partner_quick_reply_webhook_post/OP_RBAC_ABAC.csv","observed"
"dsh-census-0945","dsh","operation_runtime_vars","dsh_partner_quick_reply_webhook_post::OP_RUNTIME_VARS","services::dsh::governance::operations::dsh_partner_quick_reply_webhook_post::OP_RUNTIME_VARS","services/dsh/governance/operations/dsh_partner_quick_reply_webhook_post/OP_RUNTIME_VARS.csv","SERVICE","operation-dossier:dsh_partner_quick_reply_webhook_post","services/dsh/governance/operations/dsh_partner_quick_reply_webhook_post/OP_RUNTIME_VARS.csv","observed"
"dsh-census-0946","dsh","operation_screens_map","dsh_partner_quick_reply_webhook_post::OP_SCREENS_MAP","services::dsh::governance::operations::dsh_partner_quick_reply_webhook_post::OP_SCREENS_MAP","services/dsh/governance/operations/dsh_partner_quick_reply_webhook_post/OP_SCREENS_MAP.csv","SERVICE","operation-dossier:dsh_partner_quick_reply_webhook_post","services/dsh/governance/operations/dsh_partner_quick_reply_webhook_post/OP_SCREENS_MAP.csv","observed"
"dsh-census-0947","dsh","operation_spec","dsh_partner_quick_reply_webhook_post::OP_SPEC","services::dsh::governance::operations::dsh_partner_quick_reply_webhook_post::OP_SPEC","services/dsh/governance/operations/dsh_partner_quick_reply_webhook_post/OP_SPEC.yaml","SERVICE","operation-dossier:dsh_partner_quick_reply_webhook_post","services/dsh/governance/operations/dsh_partner_quick_reply_webhook_post/OP_SPEC.yaml","observed"
"dsh-census-0948","dsh","operation_acceptance","dsh_partner_store_create::OP_ACCEPTANCE","services::dsh::governance::operations::dsh_partner_store_create::OP_ACCEPTANCE","services/dsh/governance/operations/dsh_partner_store_create/OP_ACCEPTANCE.md","SERVICE","operation-dossier:dsh_partner_store_create","services/dsh/governance/operations/dsh_partner_store_create/OP_ACCEPTANCE.md","observed"
"dsh-census-0949","dsh","operation_actions_catalog","dsh_partner_store_create::OP_ACTIONS_CATALOG","services::dsh::governance::operations::dsh_partner_store_create::OP_ACTIONS_CATALOG","services/dsh/governance/operations/dsh_partner_store_create/OP_ACTIONS_CATALOG.csv","SERVICE","operation-dossier:dsh_partner_store_create","services/dsh/governance/operations/dsh_partner_store_create/OP_ACTIONS_CATALOG.csv","observed"
"dsh-census-0950","dsh","operation_api_map","dsh_partner_store_create::OP_API_MAP","services::dsh::governance::operations::dsh_partner_store_create::OP_API_MAP","services/dsh/governance/operations/dsh_partner_store_create/OP_API_MAP.csv","SERVICE","operation-dossier:dsh_partner_store_create","services/dsh/governance/operations/dsh_partner_store_create/OP_API_MAP.csv","observed"
"dsh-census-0951","dsh","operation_evidence_index","dsh_partner_store_create::OP_EVIDENCE_INDEX","services::dsh::governance::operations::dsh_partner_store_create::OP_EVIDENCE_INDEX","services/dsh/governance/operations/dsh_partner_store_create/OP_EVIDENCE_INDEX.json","SERVICE","operation-dossier:dsh_partner_store_create","services/dsh/governance/operations/dsh_partner_store_create/OP_EVIDENCE_INDEX.json","observed"
"dsh-census-0952","dsh","operation_gaps","dsh_partner_store_create::OP_GAPS","services::dsh::governance::operations::dsh_partner_store_create::OP_GAPS","services/dsh/governance/operations/dsh_partner_store_create/OP_GAPS.md","SERVICE","operation-dossier:dsh_partner_store_create","services/dsh/governance/operations/dsh_partner_store_create/OP_GAPS.md","observed"
"dsh-census-0953","dsh","operation_mcpw_map","dsh_partner_store_create::OP_MCPW_MAP","services::dsh::governance::operations::dsh_partner_store_create::OP_MCPW_MAP","services/dsh/governance/operations/dsh_partner_store_create/OP_MCPW_MAP.csv","SERVICE","operation-dossier:dsh_partner_store_create","services/dsh/governance/operations/dsh_partner_store_create/OP_MCPW_MAP.csv","observed"
"dsh-census-0954","dsh","operation_rbac_abac","dsh_partner_store_create::OP_RBAC_ABAC","services::dsh::governance::operations::dsh_partner_store_create::OP_RBAC_ABAC","services/dsh/governance/operations/dsh_partner_store_create/OP_RBAC_ABAC.csv","SERVICE","operation-dossier:dsh_partner_store_create","services/dsh/governance/operations/dsh_partner_store_create/OP_RBAC_ABAC.csv","observed"
"dsh-census-0955","dsh","operation_runtime_vars","dsh_partner_store_create::OP_RUNTIME_VARS","services::dsh::governance::operations::dsh_partner_store_create::OP_RUNTIME_VARS","services/dsh/governance/operations/dsh_partner_store_create/OP_RUNTIME_VARS.csv","SERVICE","operation-dossier:dsh_partner_store_create","services/dsh/governance/operations/dsh_partner_store_create/OP_RUNTIME_VARS.csv","observed"
"dsh-census-0956","dsh","operation_screens_map","dsh_partner_store_create::OP_SCREENS_MAP","services::dsh::governance::operations::dsh_partner_store_create::OP_SCREENS_MAP","services/dsh/governance/operations/dsh_partner_store_create/OP_SCREENS_MAP.csv","SERVICE","operation-dossier:dsh_partner_store_create","services/dsh/governance/operations/dsh_partner_store_create/OP_SCREENS_MAP.csv","observed"
"dsh-census-0957","dsh","operation_spec","dsh_partner_store_create::OP_SPEC","services::dsh::governance::operations::dsh_partner_store_create::OP_SPEC","services/dsh/governance/operations/dsh_partner_store_create/OP_SPEC.yaml","SERVICE","operation-dossier:dsh_partner_store_create","services/dsh/governance/operations/dsh_partner_store_create/OP_SPEC.yaml","observed"
"dsh-census-0958","dsh","operation_acceptance","dsh_partner_store_get::OP_ACCEPTANCE","services::dsh::governance::operations::dsh_partner_store_get::OP_ACCEPTANCE","services/dsh/governance/operations/dsh_partner_store_get/OP_ACCEPTANCE.md","SERVICE","operation-dossier:dsh_partner_store_get","services/dsh/governance/operations/dsh_partner_store_get/OP_ACCEPTANCE.md","observed"
"dsh-census-0959","dsh","operation_actions_catalog","dsh_partner_store_get::OP_ACTIONS_CATALOG","services::dsh::governance::operations::dsh_partner_store_get::OP_ACTIONS_CATALOG","services/dsh/governance/operations/dsh_partner_store_get/OP_ACTIONS_CATALOG.csv","SERVICE","operation-dossier:dsh_partner_store_get","services/dsh/governance/operations/dsh_partner_store_get/OP_ACTIONS_CATALOG.csv","observed"
"dsh-census-0960","dsh","operation_api_map","dsh_partner_store_get::OP_API_MAP","services::dsh::governance::operations::dsh_partner_store_get::OP_API_MAP","services/dsh/governance/operations/dsh_partner_store_get/OP_API_MAP.csv","SERVICE","operation-dossier:dsh_partner_store_get","services/dsh/governance/operations/dsh_partner_store_get/OP_API_MAP.csv","observed"
"dsh-census-0961","dsh","operation_evidence_index","dsh_partner_store_get::OP_EVIDENCE_INDEX","services::dsh::governance::operations::dsh_partner_store_get::OP_EVIDENCE_INDEX","services/dsh/governance/operations/dsh_partner_store_get/OP_EVIDENCE_INDEX.json","SERVICE","operation-dossier:dsh_partner_store_get","services/dsh/governance/operations/dsh_partner_store_get/OP_EVIDENCE_INDEX.json","observed"
"dsh-census-0962","dsh","operation_gaps","dsh_partner_store_get::OP_GAPS","services::dsh::governance::operations::dsh_partner_store_get::OP_GAPS","services/dsh/governance/operations/dsh_partner_store_get/OP_GAPS.md","SERVICE","operation-dossier:dsh_partner_store_get","services/dsh/governance/operations/dsh_partner_store_get/OP_GAPS.md","observed"
"dsh-census-0963","dsh","operation_mcpw_map","dsh_partner_store_get::OP_MCPW_MAP","services::dsh::governance::operations::dsh_partner_store_get::OP_MCPW_MAP","services/dsh/governance/operations/dsh_partner_store_get/OP_MCPW_MAP.csv","SERVICE","operation-dossier:dsh_partner_store_get","services/dsh/governance/operations/dsh_partner_store_get/OP_MCPW_MAP.csv","observed"
"dsh-census-0964","dsh","operation_rbac_abac","dsh_partner_store_get::OP_RBAC_ABAC","services::dsh::governance::operations::dsh_partner_store_get::OP_RBAC_ABAC","services/dsh/governance/operations/dsh_partner_store_get/OP_RBAC_ABAC.csv","SERVICE","operation-dossier:dsh_partner_store_get","services/dsh/governance/operations/dsh_partner_store_get/OP_RBAC_ABAC.csv","observed"
"dsh-census-0965","dsh","operation_runtime_vars","dsh_partner_store_get::OP_RUNTIME_VARS","services::dsh::governance::operations::dsh_partner_store_get::OP_RUNTIME_VARS","services/dsh/governance/operations/dsh_partner_store_get/OP_RUNTIME_VARS.csv","SERVICE","operation-dossier:dsh_partner_store_get","services/dsh/governance/operations/dsh_partner_store_get/OP_RUNTIME_VARS.csv","observed"
"dsh-census-0966","dsh","operation_screens_map","dsh_partner_store_get::OP_SCREENS_MAP","services::dsh::governance::operations::dsh_partner_store_get::OP_SCREENS_MAP","services/dsh/governance/operations/dsh_partner_store_get/OP_SCREENS_MAP.csv","SERVICE","operation-dossier:dsh_partner_store_get","services/dsh/governance/operations/dsh_partner_store_get/OP_SCREENS_MAP.csv","observed"
"dsh-census-0967","dsh","operation_spec","dsh_partner_store_get::OP_SPEC","services::dsh::governance::operations::dsh_partner_store_get::OP_SPEC","services/dsh/governance/operations/dsh_partner_store_get/OP_SPEC.yaml","SERVICE","operation-dossier:dsh_partner_store_get","services/dsh/governance/operations/dsh_partner_store_get/OP_SPEC.yaml","observed"
"dsh-census-0968","dsh","operation_acceptance","dsh_partner_store_service_modes_update::OP_ACCEPTANCE","services::dsh::governance::operations::dsh_partner_store_service_modes_update::OP_ACCEPTANCE","services/dsh/governance/operations/dsh_partner_store_service_modes_update/OP_ACCEPTANCE.md","SERVICE","operation-dossier:dsh_partner_store_service_modes_update","services/dsh/governance/operations/dsh_partner_store_service_modes_update/OP_ACCEPTANCE.md","observed"
"dsh-census-0969","dsh","operation_actions_catalog","dsh_partner_store_service_modes_update::OP_ACTIONS_CATALOG","services::dsh::governance::operations::dsh_partner_store_service_modes_update::OP_ACTIONS_CATALOG","services/dsh/governance/operations/dsh_partner_store_service_modes_update/OP_ACTIONS_CATALOG.csv","SERVICE","operation-dossier:dsh_partner_store_service_modes_update","services/dsh/governance/operations/dsh_partner_store_service_modes_update/OP_ACTIONS_CATALOG.csv","observed"
"dsh-census-0970","dsh","operation_api_map","dsh_partner_store_service_modes_update::OP_API_MAP","services::dsh::governance::operations::dsh_partner_store_service_modes_update::OP_API_MAP","services/dsh/governance/operations/dsh_partner_store_service_modes_update/OP_API_MAP.csv","SERVICE","operation-dossier:dsh_partner_store_service_modes_update","services/dsh/governance/operations/dsh_partner_store_service_modes_update/OP_API_MAP.csv","observed"
"dsh-census-0971","dsh","operation_evidence_index","dsh_partner_store_service_modes_update::OP_EVIDENCE_INDEX","services::dsh::governance::operations::dsh_partner_store_service_modes_update::OP_EVIDENCE_INDEX","services/dsh/governance/operations/dsh_partner_store_service_modes_update/OP_EVIDENCE_INDEX.json","SERVICE","operation-dossier:dsh_partner_store_service_modes_update","services/dsh/governance/operations/dsh_partner_store_service_modes_update/OP_EVIDENCE_INDEX.json","observed"
"dsh-census-0972","dsh","operation_gaps","dsh_partner_store_service_modes_update::OP_GAPS","services::dsh::governance::operations::dsh_partner_store_service_modes_update::OP_GAPS","services/dsh/governance/operations/dsh_partner_store_service_modes_update/OP_GAPS.md","SERVICE","operation-dossier:dsh_partner_store_service_modes_update","services/dsh/governance/operations/dsh_partner_store_service_modes_update/OP_GAPS.md","observed"
"dsh-census-0973","dsh","operation_mcpw_map","dsh_partner_store_service_modes_update::OP_MCPW_MAP","services::dsh::governance::operations::dsh_partner_store_service_modes_update::OP_MCPW_MAP","services/dsh/governance/operations/dsh_partner_store_service_modes_update/OP_MCPW_MAP.csv","SERVICE","operation-dossier:dsh_partner_store_service_modes_update","services/dsh/governance/operations/dsh_partner_store_service_modes_update/OP_MCPW_MAP.csv","observed"
"dsh-census-0974","dsh","operation_rbac_abac","dsh_partner_store_service_modes_update::OP_RBAC_ABAC","services::dsh::governance::operations::dsh_partner_store_service_modes_update::OP_RBAC_ABAC","services/dsh/governance/operations/dsh_partner_store_service_modes_update/OP_RBAC_ABAC.csv","SERVICE","operation-dossier:dsh_partner_store_service_modes_update","services/dsh/governance/operations/dsh_partner_store_service_modes_update/OP_RBAC_ABAC.csv","observed"
"dsh-census-0975","dsh","operation_runtime_vars","dsh_partner_store_service_modes_update::OP_RUNTIME_VARS","services::dsh::governance::operations::dsh_partner_store_service_modes_update::OP_RUNTIME_VARS","services/dsh/governance/operations/dsh_partner_store_service_modes_update/OP_RUNTIME_VARS.csv","SERVICE","operation-dossier:dsh_partner_store_service_modes_update","services/dsh/governance/operations/dsh_partner_store_service_modes_update/OP_RUNTIME_VARS.csv","observed"
"dsh-census-0976","dsh","operation_screens_map","dsh_partner_store_service_modes_update::OP_SCREENS_MAP","services::dsh::governance::operations::dsh_partner_store_service_modes_update::OP_SCREENS_MAP","services/dsh/governance/operations/dsh_partner_store_service_modes_update/OP_SCREENS_MAP.csv","SERVICE","operation-dossier:dsh_partner_store_service_modes_update","services/dsh/governance/operations/dsh_partner_store_service_modes_update/OP_SCREENS_MAP.csv","observed"
"dsh-census-0977","dsh","operation_spec","dsh_partner_store_service_modes_update::OP_SPEC","services::dsh::governance::operations::dsh_partner_store_service_modes_update::OP_SPEC","services/dsh/governance/operations/dsh_partner_store_service_modes_update/OP_SPEC.yaml","SERVICE","operation-dossier:dsh_partner_store_service_modes_update","services/dsh/governance/operations/dsh_partner_store_service_modes_update/OP_SPEC.yaml","observed"
"dsh-census-0978","dsh","operation_acceptance","dsh_partner_store_status_update::OP_ACCEPTANCE","services::dsh::governance::operations::dsh_partner_store_status_update::OP_ACCEPTANCE","services/dsh/governance/operations/dsh_partner_store_status_update/OP_ACCEPTANCE.md","SERVICE","operation-dossier:dsh_partner_store_status_update","services/dsh/governance/operations/dsh_partner_store_status_update/OP_ACCEPTANCE.md","observed"
"dsh-census-0979","dsh","operation_actions_catalog","dsh_partner_store_status_update::OP_ACTIONS_CATALOG","services::dsh::governance::operations::dsh_partner_store_status_update::OP_ACTIONS_CATALOG","services/dsh/governance/operations/dsh_partner_store_status_update/OP_ACTIONS_CATALOG.csv","SERVICE","operation-dossier:dsh_partner_store_status_update","services/dsh/governance/operations/dsh_partner_store_status_update/OP_ACTIONS_CATALOG.csv","observed"
"dsh-census-0980","dsh","operation_api_map","dsh_partner_store_status_update::OP_API_MAP","services::dsh::governance::operations::dsh_partner_store_status_update::OP_API_MAP","services/dsh/governance/operations/dsh_partner_store_status_update/OP_API_MAP.csv","SERVICE","operation-dossier:dsh_partner_store_status_update","services/dsh/governance/operations/dsh_partner_store_status_update/OP_API_MAP.csv","observed"
"dsh-census-0981","dsh","operation_evidence_index","dsh_partner_store_status_update::OP_EVIDENCE_INDEX","services::dsh::governance::operations::dsh_partner_store_status_update::OP_EVIDENCE_INDEX","services/dsh/governance/operations/dsh_partner_store_status_update/OP_EVIDENCE_INDEX.json","SERVICE","operation-dossier:dsh_partner_store_status_update","services/dsh/governance/operations/dsh_partner_store_status_update/OP_EVIDENCE_INDEX.json","observed"
"dsh-census-0982","dsh","operation_gaps","dsh_partner_store_status_update::OP_GAPS","services::dsh::governance::operations::dsh_partner_store_status_update::OP_GAPS","services/dsh/governance/operations/dsh_partner_store_status_update/OP_GAPS.md","SERVICE","operation-dossier:dsh_partner_store_status_update","services/dsh/governance/operations/dsh_partner_store_status_update/OP_GAPS.md","observed"
"dsh-census-0983","dsh","operation_mcpw_map","dsh_partner_store_status_update::OP_MCPW_MAP","services::dsh::governance::operations::dsh_partner_store_status_update::OP_MCPW_MAP","services/dsh/governance/operations/dsh_partner_store_status_update/OP_MCPW_MAP.csv","SERVICE","operation-dossier:dsh_partner_store_status_update","services/dsh/governance/operations/dsh_partner_store_status_update/OP_MCPW_MAP.csv","observed"
"dsh-census-0984","dsh","operation_rbac_abac","dsh_partner_store_status_update::OP_RBAC_ABAC","services::dsh::governance::operations::dsh_partner_store_status_update::OP_RBAC_ABAC","services/dsh/governance/operations/dsh_partner_store_status_update/OP_RBAC_ABAC.csv","SERVICE","operation-dossier:dsh_partner_store_status_update","services/dsh/governance/operations/dsh_partner_store_status_update/OP_RBAC_ABAC.csv","observed"
"dsh-census-0985","dsh","operation_runtime_vars","dsh_partner_store_status_update::OP_RUNTIME_VARS","services::dsh::governance::operations::dsh_partner_store_status_update::OP_RUNTIME_VARS","services/dsh/governance/operations/dsh_partner_store_status_update/OP_RUNTIME_VARS.csv","SERVICE","operation-dossier:dsh_partner_store_status_update","services/dsh/governance/operations/dsh_partner_store_status_update/OP_RUNTIME_VARS.csv","observed"
"dsh-census-0986","dsh","operation_screens_map","dsh_partner_store_status_update::OP_SCREENS_MAP","services::dsh::governance::operations::dsh_partner_store_status_update::OP_SCREENS_MAP","services/dsh/governance/operations/dsh_partner_store_status_update/OP_SCREENS_MAP.csv","SERVICE","operation-dossier:dsh_partner_store_status_update","services/dsh/governance/operations/dsh_partner_store_status_update/OP_SCREENS_MAP.csv","observed"
"dsh-census-0987","dsh","operation_spec","dsh_partner_store_status_update::OP_SPEC","services::dsh::governance::operations::dsh_partner_store_status_update::OP_SPEC","services/dsh/governance/operations/dsh_partner_store_status_update/OP_SPEC.yaml","SERVICE","operation-dossier:dsh_partner_store_status_update","services/dsh/governance/operations/dsh_partner_store_status_update/OP_SPEC.yaml","observed"
"dsh-census-0988","dsh","operation_acceptance","dsh_partner_store_update::OP_ACCEPTANCE","services::dsh::governance::operations::dsh_partner_store_update::OP_ACCEPTANCE","services/dsh/governance/operations/dsh_partner_store_update/OP_ACCEPTANCE.md","SERVICE","operation-dossier:dsh_partner_store_update","services/dsh/governance/operations/dsh_partner_store_update/OP_ACCEPTANCE.md","observed"
"dsh-census-0989","dsh","operation_actions_catalog","dsh_partner_store_update::OP_ACTIONS_CATALOG","services::dsh::governance::operations::dsh_partner_store_update::OP_ACTIONS_CATALOG","services/dsh/governance/operations/dsh_partner_store_update/OP_ACTIONS_CATALOG.csv","SERVICE","operation-dossier:dsh_partner_store_update","services/dsh/governance/operations/dsh_partner_store_update/OP_ACTIONS_CATALOG.csv","observed"
"dsh-census-0990","dsh","operation_api_map","dsh_partner_store_update::OP_API_MAP","services::dsh::governance::operations::dsh_partner_store_update::OP_API_MAP","services/dsh/governance/operations/dsh_partner_store_update/OP_API_MAP.csv","SERVICE","operation-dossier:dsh_partner_store_update","services/dsh/governance/operations/dsh_partner_store_update/OP_API_MAP.csv","observed"
"dsh-census-0991","dsh","operation_evidence_index","dsh_partner_store_update::OP_EVIDENCE_INDEX","services::dsh::governance::operations::dsh_partner_store_update::OP_EVIDENCE_INDEX","services/dsh/governance/operations/dsh_partner_store_update/OP_EVIDENCE_INDEX.json","SERVICE","operation-dossier:dsh_partner_store_update","services/dsh/governance/operations/dsh_partner_store_update/OP_EVIDENCE_INDEX.json","observed"
"dsh-census-0992","dsh","operation_gaps","dsh_partner_store_update::OP_GAPS","services::dsh::governance::operations::dsh_partner_store_update::OP_GAPS","services/dsh/governance/operations/dsh_partner_store_update/OP_GAPS.md","SERVICE","operation-dossier:dsh_partner_store_update","services/dsh/governance/operations/dsh_partner_store_update/OP_GAPS.md","observed"
"dsh-census-0993","dsh","operation_mcpw_map","dsh_partner_store_update::OP_MCPW_MAP","services::dsh::governance::operations::dsh_partner_store_update::OP_MCPW_MAP","services/dsh/governance/operations/dsh_partner_store_update/OP_MCPW_MAP.csv","SERVICE","operation-dossier:dsh_partner_store_update","services/dsh/governance/operations/dsh_partner_store_update/OP_MCPW_MAP.csv","observed"
"dsh-census-0994","dsh","operation_rbac_abac","dsh_partner_store_update::OP_RBAC_ABAC","services::dsh::governance::operations::dsh_partner_store_update::OP_RBAC_ABAC","services/dsh/governance/operations/dsh_partner_store_update/OP_RBAC_ABAC.csv","SERVICE","operation-dossier:dsh_partner_store_update","services/dsh/governance/operations/dsh_partner_store_update/OP_RBAC_ABAC.csv","observed"
"dsh-census-0995","dsh","operation_runtime_vars","dsh_partner_store_update::OP_RUNTIME_VARS","services::dsh::governance::operations::dsh_partner_store_update::OP_RUNTIME_VARS","services/dsh/governance/operations/dsh_partner_store_update/OP_RUNTIME_VARS.csv","SERVICE","operation-dossier:dsh_partner_store_update","services/dsh/governance/operations/dsh_partner_store_update/OP_RUNTIME_VARS.csv","observed"
"dsh-census-0996","dsh","operation_screens_map","dsh_partner_store_update::OP_SCREENS_MAP","services::dsh::governance::operations::dsh_partner_store_update::OP_SCREENS_MAP","services/dsh/governance/operations/dsh_partner_store_update/OP_SCREENS_MAP.csv","SERVICE","operation-dossier:dsh_partner_store_update","services/dsh/governance/operations/dsh_partner_store_update/OP_SCREENS_MAP.csv","observed"
"dsh-census-0997","dsh","operation_spec","dsh_partner_store_update::OP_SPEC","services::dsh::governance::operations::dsh_partner_store_update::OP_SPEC","services/dsh/governance/operations/dsh_partner_store_update/OP_SPEC.yaml","SERVICE","operation-dossier:dsh_partner_store_update","services/dsh/governance/operations/dsh_partner_store_update/OP_SPEC.yaml","observed"
"dsh-census-0998","dsh","operation_acceptance","dsh_partner_subscription_analytics_get::OP_ACCEPTANCE","services::dsh::governance::operations::dsh_partner_subscription_analytics_get::OP_ACCEPTANCE","services/dsh/governance/operations/dsh_partner_subscription_analytics_get/OP_ACCEPTANCE.md","SERVICE","operation-dossier:dsh_partner_subscription_analytics_get","services/dsh/governance/operations/dsh_partner_subscription_analytics_get/OP_ACCEPTANCE.md","observed"
"dsh-census-0999","dsh","operation_actions_catalog","dsh_partner_subscription_analytics_get::OP_ACTIONS_CATALOG","services::dsh::governance::operations::dsh_partner_subscription_analytics_get::OP_ACTIONS_CATALOG","services/dsh/governance/operations/dsh_partner_subscription_analytics_get/OP_ACTIONS_CATALOG.csv","SERVICE","operation-dossier:dsh_partner_subscription_analytics_get","services/dsh/governance/operations/dsh_partner_subscription_analytics_get/OP_ACTIONS_CATALOG.csv","observed"
"dsh-census-1000","dsh","operation_api_map","dsh_partner_subscription_analytics_get::OP_API_MAP","services::dsh::governance::operations::dsh_partner_subscription_analytics_get::OP_API_MAP","services/dsh/governance/operations/dsh_partner_subscription_analytics_get/OP_API_MAP.csv","SERVICE","operation-dossier:dsh_partner_subscription_analytics_get","services/dsh/governance/operations/dsh_partner_subscription_analytics_get/OP_API_MAP.csv","observed"
"dsh-census-1001","dsh","operation_evidence_index","dsh_partner_subscription_analytics_get::OP_EVIDENCE_INDEX","services::dsh::governance::operations::dsh_partner_subscription_analytics_get::OP_EVIDENCE_INDEX","services/dsh/governance/operations/dsh_partner_subscription_analytics_get/OP_EVIDENCE_INDEX.json","SERVICE","operation-dossier:dsh_partner_subscription_analytics_get","services/dsh/governance/operations/dsh_partner_subscription_analytics_get/OP_EVIDENCE_INDEX.json","observed"
"dsh-census-1002","dsh","operation_gaps","dsh_partner_subscription_analytics_get::OP_GAPS","services::dsh::governance::operations::dsh_partner_subscription_analytics_get::OP_GAPS","services/dsh/governance/operations/dsh_partner_subscription_analytics_get/OP_GAPS.md","SERVICE","operation-dossier:dsh_partner_subscription_analytics_get","services/dsh/governance/operations/dsh_partner_subscription_analytics_get/OP_GAPS.md","observed"
"dsh-census-1003","dsh","operation_mcpw_map","dsh_partner_subscription_analytics_get::OP_MCPW_MAP","services::dsh::governance::operations::dsh_partner_subscription_analytics_get::OP_MCPW_MAP","services/dsh/governance/operations/dsh_partner_subscription_analytics_get/OP_MCPW_MAP.csv","SERVICE","operation-dossier:dsh_partner_subscription_analytics_get","services/dsh/governance/operations/dsh_partner_subscription_analytics_get/OP_MCPW_MAP.csv","observed"
"dsh-census-1004","dsh","operation_rbac_abac","dsh_partner_subscription_analytics_get::OP_RBAC_ABAC","services::dsh::governance::operations::dsh_partner_subscription_analytics_get::OP_RBAC_ABAC","services/dsh/governance/operations/dsh_partner_subscription_analytics_get/OP_RBAC_ABAC.csv","SERVICE","operation-dossier:dsh_partner_subscription_analytics_get","services/dsh/governance/operations/dsh_partner_subscription_analytics_get/OP_RBAC_ABAC.csv","observed"
"dsh-census-1005","dsh","operation_runtime_vars","dsh_partner_subscription_analytics_get::OP_RUNTIME_VARS","services::dsh::governance::operations::dsh_partner_subscription_analytics_get::OP_RUNTIME_VARS","services/dsh/governance/operations/dsh_partner_subscription_analytics_get/OP_RUNTIME_VARS.csv","SERVICE","operation-dossier:dsh_partner_subscription_analytics_get","services/dsh/governance/operations/dsh_partner_subscription_analytics_get/OP_RUNTIME_VARS.csv","observed"
"dsh-census-1006","dsh","operation_screens_map","dsh_partner_subscription_analytics_get::OP_SCREENS_MAP","services::dsh::governance::operations::dsh_partner_subscription_analytics_get::OP_SCREENS_MAP","services/dsh/governance/operations/dsh_partner_subscription_analytics_get/OP_SCREENS_MAP.csv","SERVICE","operation-dossier:dsh_partner_subscription_analytics_get","services/dsh/governance/operations/dsh_partner_subscription_analytics_get/OP_SCREENS_MAP.csv","observed"
"dsh-census-1007","dsh","operation_spec","dsh_partner_subscription_analytics_get::OP_SPEC","services::dsh::governance::operations::dsh_partner_subscription_analytics_get::OP_SPEC","services/dsh/governance/operations/dsh_partner_subscription_analytics_get/OP_SPEC.yaml","SERVICE","operation-dossier:dsh_partner_subscription_analytics_get","services/dsh/governance/operations/dsh_partner_subscription_analytics_get/OP_SPEC.yaml","observed"
"dsh-census-1008","dsh","operation_acceptance","dsh_partner_subscription_get::OP_ACCEPTANCE","services::dsh::governance::operations::dsh_partner_subscription_get::OP_ACCEPTANCE","services/dsh/governance/operations/dsh_partner_subscription_get/OP_ACCEPTANCE.md","SERVICE","operation-dossier:dsh_partner_subscription_get","services/dsh/governance/operations/dsh_partner_subscription_get/OP_ACCEPTANCE.md","observed"
"dsh-census-1009","dsh","operation_actions_catalog","dsh_partner_subscription_get::OP_ACTIONS_CATALOG","services::dsh::governance::operations::dsh_partner_subscription_get::OP_ACTIONS_CATALOG","services/dsh/governance/operations/dsh_partner_subscription_get/OP_ACTIONS_CATALOG.csv","SERVICE","operation-dossier:dsh_partner_subscription_get","services/dsh/governance/operations/dsh_partner_subscription_get/OP_ACTIONS_CATALOG.csv","observed"
"dsh-census-1010","dsh","operation_api_map","dsh_partner_subscription_get::OP_API_MAP","services::dsh::governance::operations::dsh_partner_subscription_get::OP_API_MAP","services/dsh/governance/operations/dsh_partner_subscription_get/OP_API_MAP.csv","SERVICE","operation-dossier:dsh_partner_subscription_get","services/dsh/governance/operations/dsh_partner_subscription_get/OP_API_MAP.csv","observed"
"dsh-census-1011","dsh","operation_evidence_index","dsh_partner_subscription_get::OP_EVIDENCE_INDEX","services::dsh::governance::operations::dsh_partner_subscription_get::OP_EVIDENCE_INDEX","services/dsh/governance/operations/dsh_partner_subscription_get/OP_EVIDENCE_INDEX.json","SERVICE","operation-dossier:dsh_partner_subscription_get","services/dsh/governance/operations/dsh_partner_subscription_get/OP_EVIDENCE_INDEX.json","observed"
"dsh-census-1012","dsh","operation_gaps","dsh_partner_subscription_get::OP_GAPS","services::dsh::governance::operations::dsh_partner_subscription_get::OP_GAPS","services/dsh/governance/operations/dsh_partner_subscription_get/OP_GAPS.md","SERVICE","operation-dossier:dsh_partner_subscription_get","services/dsh/governance/operations/dsh_partner_subscription_get/OP_GAPS.md","observed"
"dsh-census-1013","dsh","operation_mcpw_map","dsh_partner_subscription_get::OP_MCPW_MAP","services::dsh::governance::operations::dsh_partner_subscription_get::OP_MCPW_MAP","services/dsh/governance/operations/dsh_partner_subscription_get/OP_MCPW_MAP.csv","SERVICE","operation-dossier:dsh_partner_subscription_get","services/dsh/governance/operations/dsh_partner_subscription_get/OP_MCPW_MAP.csv","observed"
"dsh-census-1014","dsh","operation_rbac_abac","dsh_partner_subscription_get::OP_RBAC_ABAC","services::dsh::governance::operations::dsh_partner_subscription_get::OP_RBAC_ABAC","services/dsh/governance/operations/dsh_partner_subscription_get/OP_RBAC_ABAC.csv","SERVICE","operation-dossier:dsh_partner_subscription_get","services/dsh/governance/operations/dsh_partner_subscription_get/OP_RBAC_ABAC.csv","observed"
"dsh-census-1015","dsh","operation_runtime_vars","dsh_partner_subscription_get::OP_RUNTIME_VARS","services::dsh::governance::operations::dsh_partner_subscription_get::OP_RUNTIME_VARS","services/dsh/governance/operations/dsh_partner_subscription_get/OP_RUNTIME_VARS.csv","SERVICE","operation-dossier:dsh_partner_subscription_get","services/dsh/governance/operations/dsh_partner_subscription_get/OP_RUNTIME_VARS.csv","observed"
"dsh-census-1016","dsh","operation_screens_map","dsh_partner_subscription_get::OP_SCREENS_MAP","services::dsh::governance::operations::dsh_partner_subscription_get::OP_SCREENS_MAP","services/dsh/governance/operations/dsh_partner_subscription_get/OP_SCREENS_MAP.csv","SERVICE","operation-dossier:dsh_partner_subscription_get","services/dsh/governance/operations/dsh_partner_subscription_get/OP_SCREENS_MAP.csv","observed"
"dsh-census-1017","dsh","operation_spec","dsh_partner_subscription_get::OP_SPEC","services::dsh::governance::operations::dsh_partner_subscription_get::OP_SPEC","services/dsh/governance/operations/dsh_partner_subscription_get/OP_SPEC.yaml","SERVICE","operation-dossier:dsh_partner_subscription_get","services/dsh/governance/operations/dsh_partner_subscription_get/OP_SPEC.yaml","observed"
"dsh-census-1018","dsh","operation_acceptance","dsh_partner_subscription_upgrade_post::OP_ACCEPTANCE","services::dsh::governance::operations::dsh_partner_subscription_upgrade_post::OP_ACCEPTANCE","services/dsh/governance/operations/dsh_partner_subscription_upgrade_post/OP_ACCEPTANCE.md","SERVICE","operation-dossier:dsh_partner_subscription_upgrade_post","services/dsh/governance/operations/dsh_partner_subscription_upgrade_post/OP_ACCEPTANCE.md","observed"
"dsh-census-1019","dsh","operation_actions_catalog","dsh_partner_subscription_upgrade_post::OP_ACTIONS_CATALOG","services::dsh::governance::operations::dsh_partner_subscription_upgrade_post::OP_ACTIONS_CATALOG","services/dsh/governance/operations/dsh_partner_subscription_upgrade_post/OP_ACTIONS_CATALOG.csv","SERVICE","operation-dossier:dsh_partner_subscription_upgrade_post","services/dsh/governance/operations/dsh_partner_subscription_upgrade_post/OP_ACTIONS_CATALOG.csv","observed"
"dsh-census-1020","dsh","operation_api_map","dsh_partner_subscription_upgrade_post::OP_API_MAP","services::dsh::governance::operations::dsh_partner_subscription_upgrade_post::OP_API_MAP","services/dsh/governance/operations/dsh_partner_subscription_upgrade_post/OP_API_MAP.csv","SERVICE","operation-dossier:dsh_partner_subscription_upgrade_post","services/dsh/governance/operations/dsh_partner_subscription_upgrade_post/OP_API_MAP.csv","observed"
"dsh-census-1021","dsh","operation_evidence_index","dsh_partner_subscription_upgrade_post::OP_EVIDENCE_INDEX","services::dsh::governance::operations::dsh_partner_subscription_upgrade_post::OP_EVIDENCE_INDEX","services/dsh/governance/operations/dsh_partner_subscription_upgrade_post/OP_EVIDENCE_INDEX.json","SERVICE","operation-dossier:dsh_partner_subscription_upgrade_post","services/dsh/governance/operations/dsh_partner_subscription_upgrade_post/OP_EVIDENCE_INDEX.json","observed"
"dsh-census-1022","dsh","operation_gaps","dsh_partner_subscription_upgrade_post::OP_GAPS","services::dsh::governance::operations::dsh_partner_subscription_upgrade_post::OP_GAPS","services/dsh/governance/operations/dsh_partner_subscription_upgrade_post/OP_GAPS.md","SERVICE","operation-dossier:dsh_partner_subscription_upgrade_post","services/dsh/governance/operations/dsh_partner_subscription_upgrade_post/OP_GAPS.md","observed"
"dsh-census-1023","dsh","operation_mcpw_map","dsh_partner_subscription_upgrade_post::OP_MCPW_MAP","services::dsh::governance::operations::dsh_partner_subscription_upgrade_post::OP_MCPW_MAP","services/dsh/governance/operations/dsh_partner_subscription_upgrade_post/OP_MCPW_MAP.csv","SERVICE","operation-dossier:dsh_partner_subscription_upgrade_post","services/dsh/governance/operations/dsh_partner_subscription_upgrade_post/OP_MCPW_MAP.csv","observed"
"dsh-census-1024","dsh","operation_rbac_abac","dsh_partner_subscription_upgrade_post::OP_RBAC_ABAC","services::dsh::governance::operations::dsh_partner_subscription_upgrade_post::OP_RBAC_ABAC","services/dsh/governance/operations/dsh_partner_subscription_upgrade_post/OP_RBAC_ABAC.csv","SERVICE","operation-dossier:dsh_partner_subscription_upgrade_post","services/dsh/governance/operations/dsh_partner_subscription_upgrade_post/OP_RBAC_ABAC.csv","observed"
"dsh-census-1025","dsh","operation_runtime_vars","dsh_partner_subscription_upgrade_post::OP_RUNTIME_VARS","services::dsh::governance::operations::dsh_partner_subscription_upgrade_post::OP_RUNTIME_VARS","services/dsh/governance/operations/dsh_partner_subscription_upgrade_post/OP_RUNTIME_VARS.csv","SERVICE","operation-dossier:dsh_partner_subscription_upgrade_post","services/dsh/governance/operations/dsh_partner_subscription_upgrade_post/OP_RUNTIME_VARS.csv","observed"
"dsh-census-1026","dsh","operation_screens_map","dsh_partner_subscription_upgrade_post::OP_SCREENS_MAP","services::dsh::governance::operations::dsh_partner_subscription_upgrade_post::OP_SCREENS_MAP","services/dsh/governance/operations/dsh_partner_subscription_upgrade_post/OP_SCREENS_MAP.csv","SERVICE","operation-dossier:dsh_partner_subscription_upgrade_post","services/dsh/governance/operations/dsh_partner_subscription_upgrade_post/OP_SCREENS_MAP.csv","observed"
"dsh-census-1027","dsh","operation_spec","dsh_partner_subscription_upgrade_post::OP_SPEC","services::dsh::governance::operations::dsh_partner_subscription_upgrade_post::OP_SPEC","services/dsh/governance/operations/dsh_partner_subscription_upgrade_post/OP_SPEC.yaml","SERVICE","operation-dossier:dsh_partner_subscription_upgrade_post","services/dsh/governance/operations/dsh_partner_subscription_upgrade_post/OP_SPEC.yaml","observed"
"dsh-census-1028","dsh","operation_acceptance","dsh_pricing_preview::OP_ACCEPTANCE","services::dsh::governance::operations::dsh_pricing_preview::OP_ACCEPTANCE","services/dsh/governance/operations/dsh_pricing_preview/OP_ACCEPTANCE.md","SERVICE","operation-dossier:dsh_pricing_preview","services/dsh/governance/operations/dsh_pricing_preview/OP_ACCEPTANCE.md","observed"
"dsh-census-1029","dsh","operation_actions_catalog","dsh_pricing_preview::OP_ACTIONS_CATALOG","services::dsh::governance::operations::dsh_pricing_preview::OP_ACTIONS_CATALOG","services/dsh/governance/operations/dsh_pricing_preview/OP_ACTIONS_CATALOG.csv","SERVICE","operation-dossier:dsh_pricing_preview","services/dsh/governance/operations/dsh_pricing_preview/OP_ACTIONS_CATALOG.csv","observed"
"dsh-census-1030","dsh","operation_api_map","dsh_pricing_preview::OP_API_MAP","services::dsh::governance::operations::dsh_pricing_preview::OP_API_MAP","services/dsh/governance/operations/dsh_pricing_preview/OP_API_MAP.csv","SERVICE","operation-dossier:dsh_pricing_preview","services/dsh/governance/operations/dsh_pricing_preview/OP_API_MAP.csv","observed"
"dsh-census-1031","dsh","operation_evidence_index","dsh_pricing_preview::OP_EVIDENCE_INDEX","services::dsh::governance::operations::dsh_pricing_preview::OP_EVIDENCE_INDEX","services/dsh/governance/operations/dsh_pricing_preview/OP_EVIDENCE_INDEX.json","SERVICE","operation-dossier:dsh_pricing_preview","services/dsh/governance/operations/dsh_pricing_preview/OP_EVIDENCE_INDEX.json","observed"
"dsh-census-1032","dsh","operation_gaps","dsh_pricing_preview::OP_GAPS","services::dsh::governance::operations::dsh_pricing_preview::OP_GAPS","services/dsh/governance/operations/dsh_pricing_preview/OP_GAPS.md","SERVICE","operation-dossier:dsh_pricing_preview","services/dsh/governance/operations/dsh_pricing_preview/OP_GAPS.md","observed"
"dsh-census-1033","dsh","operation_mcpw_map","dsh_pricing_preview::OP_MCPW_MAP","services::dsh::governance::operations::dsh_pricing_preview::OP_MCPW_MAP","services/dsh/governance/operations/dsh_pricing_preview/OP_MCPW_MAP.csv","SERVICE","operation-dossier:dsh_pricing_preview","services/dsh/governance/operations/dsh_pricing_preview/OP_MCPW_MAP.csv","observed"
"dsh-census-1034","dsh","operation_rbac_abac","dsh_pricing_preview::OP_RBAC_ABAC","services::dsh::governance::operations::dsh_pricing_preview::OP_RBAC_ABAC","services/dsh/governance/operations/dsh_pricing_preview/OP_RBAC_ABAC.csv","SERVICE","operation-dossier:dsh_pricing_preview","services/dsh/governance/operations/dsh_pricing_preview/OP_RBAC_ABAC.csv","observed"
"dsh-census-1035","dsh","operation_runtime_vars","dsh_pricing_preview::OP_RUNTIME_VARS","services::dsh::governance::operations::dsh_pricing_preview::OP_RUNTIME_VARS","services/dsh/governance/operations/dsh_pricing_preview/OP_RUNTIME_VARS.csv","SERVICE","operation-dossier:dsh_pricing_preview","services/dsh/governance/operations/dsh_pricing_preview/OP_RUNTIME_VARS.csv","observed"
"dsh-census-1036","dsh","operation_screens_map","dsh_pricing_preview::OP_SCREENS_MAP","services::dsh::governance::operations::dsh_pricing_preview::OP_SCREENS_MAP","services/dsh/governance/operations/dsh_pricing_preview/OP_SCREENS_MAP.csv","SERVICE","operation-dossier:dsh_pricing_preview","services/dsh/governance/operations/dsh_pricing_preview/OP_SCREENS_MAP.csv","observed"
"dsh-census-1037","dsh","operation_spec","dsh_pricing_preview::OP_SPEC","services::dsh::governance::operations::dsh_pricing_preview::OP_SPEC","services/dsh/governance/operations/dsh_pricing_preview/OP_SPEC.yaml","SERVICE","operation-dossier:dsh_pricing_preview","services/dsh/governance/operations/dsh_pricing_preview/OP_SPEC.yaml","observed"
"dsh-census-1038","dsh","operation_acceptance","dsh_pricing_snapshot_get::OP_ACCEPTANCE","services::dsh::governance::operations::dsh_pricing_snapshot_get::OP_ACCEPTANCE","services/dsh/governance/operations/dsh_pricing_snapshot_get/OP_ACCEPTANCE.md","SERVICE","operation-dossier:dsh_pricing_snapshot_get","services/dsh/governance/operations/dsh_pricing_snapshot_get/OP_ACCEPTANCE.md","observed"
"dsh-census-1039","dsh","operation_actions_catalog","dsh_pricing_snapshot_get::OP_ACTIONS_CATALOG","services::dsh::governance::operations::dsh_pricing_snapshot_get::OP_ACTIONS_CATALOG","services/dsh/governance/operations/dsh_pricing_snapshot_get/OP_ACTIONS_CATALOG.csv","SERVICE","operation-dossier:dsh_pricing_snapshot_get","services/dsh/governance/operations/dsh_pricing_snapshot_get/OP_ACTIONS_CATALOG.csv","observed"
"dsh-census-1040","dsh","operation_api_map","dsh_pricing_snapshot_get::OP_API_MAP","services::dsh::governance::operations::dsh_pricing_snapshot_get::OP_API_MAP","services/dsh/governance/operations/dsh_pricing_snapshot_get/OP_API_MAP.csv","SERVICE","operation-dossier:dsh_pricing_snapshot_get","services/dsh/governance/operations/dsh_pricing_snapshot_get/OP_API_MAP.csv","observed"
"dsh-census-1041","dsh","operation_evidence_index","dsh_pricing_snapshot_get::OP_EVIDENCE_INDEX","services::dsh::governance::operations::dsh_pricing_snapshot_get::OP_EVIDENCE_INDEX","services/dsh/governance/operations/dsh_pricing_snapshot_get/OP_EVIDENCE_INDEX.json","SERVICE","operation-dossier:dsh_pricing_snapshot_get","services/dsh/governance/operations/dsh_pricing_snapshot_get/OP_EVIDENCE_INDEX.json","observed"
"dsh-census-1042","dsh","operation_gaps","dsh_pricing_snapshot_get::OP_GAPS","services::dsh::governance::operations::dsh_pricing_snapshot_get::OP_GAPS","services/dsh/governance/operations/dsh_pricing_snapshot_get/OP_GAPS.md","SERVICE","operation-dossier:dsh_pricing_snapshot_get","services/dsh/governance/operations/dsh_pricing_snapshot_get/OP_GAPS.md","observed"
"dsh-census-1043","dsh","operation_mcpw_map","dsh_pricing_snapshot_get::OP_MCPW_MAP","services::dsh::governance::operations::dsh_pricing_snapshot_get::OP_MCPW_MAP","services/dsh/governance/operations/dsh_pricing_snapshot_get/OP_MCPW_MAP.csv","SERVICE","operation-dossier:dsh_pricing_snapshot_get","services/dsh/governance/operations/dsh_pricing_snapshot_get/OP_MCPW_MAP.csv","observed"
"dsh-census-1044","dsh","operation_rbac_abac","dsh_pricing_snapshot_get::OP_RBAC_ABAC","services::dsh::governance::operations::dsh_pricing_snapshot_get::OP_RBAC_ABAC","services/dsh/governance/operations/dsh_pricing_snapshot_get/OP_RBAC_ABAC.csv","SERVICE","operation-dossier:dsh_pricing_snapshot_get","services/dsh/governance/operations/dsh_pricing_snapshot_get/OP_RBAC_ABAC.csv","observed"
"dsh-census-1045","dsh","operation_runtime_vars","dsh_pricing_snapshot_get::OP_RUNTIME_VARS","services::dsh::governance::operations::dsh_pricing_snapshot_get::OP_RUNTIME_VARS","services/dsh/governance/operations/dsh_pricing_snapshot_get/OP_RUNTIME_VARS.csv","SERVICE","operation-dossier:dsh_pricing_snapshot_get","services/dsh/governance/operations/dsh_pricing_snapshot_get/OP_RUNTIME_VARS.csv","observed"
"dsh-census-1046","dsh","operation_screens_map","dsh_pricing_snapshot_get::OP_SCREENS_MAP","services::dsh::governance::operations::dsh_pricing_snapshot_get::OP_SCREENS_MAP","services/dsh/governance/operations/dsh_pricing_snapshot_get/OP_SCREENS_MAP.csv","SERVICE","operation-dossier:dsh_pricing_snapshot_get","services/dsh/governance/operations/dsh_pricing_snapshot_get/OP_SCREENS_MAP.csv","observed"
"dsh-census-1047","dsh","operation_spec","dsh_pricing_snapshot_get::OP_SPEC","services::dsh::governance::operations::dsh_pricing_snapshot_get::OP_SPEC","services/dsh/governance/operations/dsh_pricing_snapshot_get/OP_SPEC.yaml","SERVICE","operation-dossier:dsh_pricing_snapshot_get","services/dsh/governance/operations/dsh_pricing_snapshot_get/OP_SPEC.yaml","observed"
"dsh-census-1048","dsh","operation_acceptance","dsh_promo_apply::OP_ACCEPTANCE","services::dsh::governance::operations::dsh_promo_apply::OP_ACCEPTANCE","services/dsh/governance/operations/dsh_promo_apply/OP_ACCEPTANCE.md","SERVICE","operation-dossier:dsh_promo_apply","services/dsh/governance/operations/dsh_promo_apply/OP_ACCEPTANCE.md","observed"
"dsh-census-1049","dsh","operation_actions_catalog","dsh_promo_apply::OP_ACTIONS_CATALOG","services::dsh::governance::operations::dsh_promo_apply::OP_ACTIONS_CATALOG","services/dsh/governance/operations/dsh_promo_apply/OP_ACTIONS_CATALOG.csv","SERVICE","operation-dossier:dsh_promo_apply","services/dsh/governance/operations/dsh_promo_apply/OP_ACTIONS_CATALOG.csv","observed"
"dsh-census-1050","dsh","operation_api_map","dsh_promo_apply::OP_API_MAP","services::dsh::governance::operations::dsh_promo_apply::OP_API_MAP","services/dsh/governance/operations/dsh_promo_apply/OP_API_MAP.csv","SERVICE","operation-dossier:dsh_promo_apply","services/dsh/governance/operations/dsh_promo_apply/OP_API_MAP.csv","observed"
"dsh-census-1051","dsh","operation_evidence_index","dsh_promo_apply::OP_EVIDENCE_INDEX","services::dsh::governance::operations::dsh_promo_apply::OP_EVIDENCE_INDEX","services/dsh/governance/operations/dsh_promo_apply/OP_EVIDENCE_INDEX.json","SERVICE","operation-dossier:dsh_promo_apply","services/dsh/governance/operations/dsh_promo_apply/OP_EVIDENCE_INDEX.json","observed"
"dsh-census-1052","dsh","operation_gaps","dsh_promo_apply::OP_GAPS","services::dsh::governance::operations::dsh_promo_apply::OP_GAPS","services/dsh/governance/operations/dsh_promo_apply/OP_GAPS.md","SERVICE","operation-dossier:dsh_promo_apply","services/dsh/governance/operations/dsh_promo_apply/OP_GAPS.md","observed"
"dsh-census-1053","dsh","operation_mcpw_map","dsh_promo_apply::OP_MCPW_MAP","services::dsh::governance::operations::dsh_promo_apply::OP_MCPW_MAP","services/dsh/governance/operations/dsh_promo_apply/OP_MCPW_MAP.csv","SERVICE","operation-dossier:dsh_promo_apply","services/dsh/governance/operations/dsh_promo_apply/OP_MCPW_MAP.csv","observed"
"dsh-census-1054","dsh","operation_rbac_abac","dsh_promo_apply::OP_RBAC_ABAC","services::dsh::governance::operations::dsh_promo_apply::OP_RBAC_ABAC","services/dsh/governance/operations/dsh_promo_apply/OP_RBAC_ABAC.csv","SERVICE","operation-dossier:dsh_promo_apply","services/dsh/governance/operations/dsh_promo_apply/OP_RBAC_ABAC.csv","observed"
"dsh-census-1055","dsh","operation_runtime_vars","dsh_promo_apply::OP_RUNTIME_VARS","services::dsh::governance::operations::dsh_promo_apply::OP_RUNTIME_VARS","services/dsh/governance/operations/dsh_promo_apply/OP_RUNTIME_VARS.csv","SERVICE","operation-dossier:dsh_promo_apply","services/dsh/governance/operations/dsh_promo_apply/OP_RUNTIME_VARS.csv","observed"
"dsh-census-1056","dsh","operation_screens_map","dsh_promo_apply::OP_SCREENS_MAP","services::dsh::governance::operations::dsh_promo_apply::OP_SCREENS_MAP","services/dsh/governance/operations/dsh_promo_apply/OP_SCREENS_MAP.csv","SERVICE","operation-dossier:dsh_promo_apply","services/dsh/governance/operations/dsh_promo_apply/OP_SCREENS_MAP.csv","observed"
"dsh-census-1057","dsh","operation_spec","dsh_promo_apply::OP_SPEC","services::dsh::governance::operations::dsh_promo_apply::OP_SPEC","services/dsh/governance/operations/dsh_promo_apply/OP_SPEC.yaml","SERVICE","operation-dossier:dsh_promo_apply","services/dsh/governance/operations/dsh_promo_apply/OP_SPEC.yaml","observed"
"dsh-census-1058","dsh","operation_acceptance","dsh_proxy_request_approve::OP_ACCEPTANCE","services::dsh::governance::operations::dsh_proxy_request_approve::OP_ACCEPTANCE","services/dsh/governance/operations/dsh_proxy_request_approve/OP_ACCEPTANCE.md","SERVICE","operation-dossier:dsh_proxy_request_approve","services/dsh/governance/operations/dsh_proxy_request_approve/OP_ACCEPTANCE.md","observed"
"dsh-census-1059","dsh","operation_actions_catalog","dsh_proxy_request_approve::OP_ACTIONS_CATALOG","services::dsh::governance::operations::dsh_proxy_request_approve::OP_ACTIONS_CATALOG","services/dsh/governance/operations/dsh_proxy_request_approve/OP_ACTIONS_CATALOG.csv","SERVICE","operation-dossier:dsh_proxy_request_approve","services/dsh/governance/operations/dsh_proxy_request_approve/OP_ACTIONS_CATALOG.csv","observed"
"dsh-census-1060","dsh","operation_api_map","dsh_proxy_request_approve::OP_API_MAP","services::dsh::governance::operations::dsh_proxy_request_approve::OP_API_MAP","services/dsh/governance/operations/dsh_proxy_request_approve/OP_API_MAP.csv","SERVICE","operation-dossier:dsh_proxy_request_approve","services/dsh/governance/operations/dsh_proxy_request_approve/OP_API_MAP.csv","observed"
"dsh-census-1061","dsh","operation_evidence_index","dsh_proxy_request_approve::OP_EVIDENCE_INDEX","services::dsh::governance::operations::dsh_proxy_request_approve::OP_EVIDENCE_INDEX","services/dsh/governance/operations/dsh_proxy_request_approve/OP_EVIDENCE_INDEX.json","SERVICE","operation-dossier:dsh_proxy_request_approve","services/dsh/governance/operations/dsh_proxy_request_approve/OP_EVIDENCE_INDEX.json","observed"
"dsh-census-1062","dsh","operation_gaps","dsh_proxy_request_approve::OP_GAPS","services::dsh::governance::operations::dsh_proxy_request_approve::OP_GAPS","services/dsh/governance/operations/dsh_proxy_request_approve/OP_GAPS.md","SERVICE","operation-dossier:dsh_proxy_request_approve","services/dsh/governance/operations/dsh_proxy_request_approve/OP_GAPS.md","observed"
"dsh-census-1063","dsh","operation_mcpw_map","dsh_proxy_request_approve::OP_MCPW_MAP","services::dsh::governance::operations::dsh_proxy_request_approve::OP_MCPW_MAP","services/dsh/governance/operations/dsh_proxy_request_approve/OP_MCPW_MAP.csv","SERVICE","operation-dossier:dsh_proxy_request_approve","services/dsh/governance/operations/dsh_proxy_request_approve/OP_MCPW_MAP.csv","observed"
"dsh-census-1064","dsh","operation_rbac_abac","dsh_proxy_request_approve::OP_RBAC_ABAC","services::dsh::governance::operations::dsh_proxy_request_approve::OP_RBAC_ABAC","services/dsh/governance/operations/dsh_proxy_request_approve/OP_RBAC_ABAC.csv","SERVICE","operation-dossier:dsh_proxy_request_approve","services/dsh/governance/operations/dsh_proxy_request_approve/OP_RBAC_ABAC.csv","observed"
"dsh-census-1065","dsh","operation_runtime_vars","dsh_proxy_request_approve::OP_RUNTIME_VARS","services::dsh::governance::operations::dsh_proxy_request_approve::OP_RUNTIME_VARS","services/dsh/governance/operations/dsh_proxy_request_approve/OP_RUNTIME_VARS.csv","SERVICE","operation-dossier:dsh_proxy_request_approve","services/dsh/governance/operations/dsh_proxy_request_approve/OP_RUNTIME_VARS.csv","observed"
"dsh-census-1066","dsh","operation_screens_map","dsh_proxy_request_approve::OP_SCREENS_MAP","services::dsh::governance::operations::dsh_proxy_request_approve::OP_SCREENS_MAP","services/dsh/governance/operations/dsh_proxy_request_approve/OP_SCREENS_MAP.csv","SERVICE","operation-dossier:dsh_proxy_request_approve","services/dsh/governance/operations/dsh_proxy_request_approve/OP_SCREENS_MAP.csv","observed"
"dsh-census-1067","dsh","operation_spec","dsh_proxy_request_approve::OP_SPEC","services::dsh::governance::operations::dsh_proxy_request_approve::OP_SPEC","services/dsh/governance/operations/dsh_proxy_request_approve/OP_SPEC.yaml","SERVICE","operation-dossier:dsh_proxy_request_approve","services/dsh/governance/operations/dsh_proxy_request_approve/OP_SPEC.yaml","observed"
"dsh-census-1068","dsh","operation_acceptance","dsh_proxy_request_create::OP_ACCEPTANCE","services::dsh::governance::operations::dsh_proxy_request_create::OP_ACCEPTANCE","services/dsh/governance/operations/dsh_proxy_request_create/OP_ACCEPTANCE.md","SERVICE","operation-dossier:dsh_proxy_request_create","services/dsh/governance/operations/dsh_proxy_request_create/OP_ACCEPTANCE.md","observed"
"dsh-census-1069","dsh","operation_actions_catalog","dsh_proxy_request_create::OP_ACTIONS_CATALOG","services::dsh::governance::operations::dsh_proxy_request_create::OP_ACTIONS_CATALOG","services/dsh/governance/operations/dsh_proxy_request_create/OP_ACTIONS_CATALOG.csv","SERVICE","operation-dossier:dsh_proxy_request_create","services/dsh/governance/operations/dsh_proxy_request_create/OP_ACTIONS_CATALOG.csv","observed"
"dsh-census-1070","dsh","operation_api_map","dsh_proxy_request_create::OP_API_MAP","services::dsh::governance::operations::dsh_proxy_request_create::OP_API_MAP","services/dsh/governance/operations/dsh_proxy_request_create/OP_API_MAP.csv","SERVICE","operation-dossier:dsh_proxy_request_create","services/dsh/governance/operations/dsh_proxy_request_create/OP_API_MAP.csv","observed"
"dsh-census-1071","dsh","operation_evidence_index","dsh_proxy_request_create::OP_EVIDENCE_INDEX","services::dsh::governance::operations::dsh_proxy_request_create::OP_EVIDENCE_INDEX","services/dsh/governance/operations/dsh_proxy_request_create/OP_EVIDENCE_INDEX.json","SERVICE","operation-dossier:dsh_proxy_request_create","services/dsh/governance/operations/dsh_proxy_request_create/OP_EVIDENCE_INDEX.json","observed"
"dsh-census-1072","dsh","operation_gaps","dsh_proxy_request_create::OP_GAPS","services::dsh::governance::operations::dsh_proxy_request_create::OP_GAPS","services/dsh/governance/operations/dsh_proxy_request_create/OP_GAPS.md","SERVICE","operation-dossier:dsh_proxy_request_create","services/dsh/governance/operations/dsh_proxy_request_create/OP_GAPS.md","observed"
"dsh-census-1073","dsh","operation_mcpw_map","dsh_proxy_request_create::OP_MCPW_MAP","services::dsh::governance::operations::dsh_proxy_request_create::OP_MCPW_MAP","services/dsh/governance/operations/dsh_proxy_request_create/OP_MCPW_MAP.csv","SERVICE","operation-dossier:dsh_proxy_request_create","services/dsh/governance/operations/dsh_proxy_request_create/OP_MCPW_MAP.csv","observed"
"dsh-census-1074","dsh","operation_rbac_abac","dsh_proxy_request_create::OP_RBAC_ABAC","services::dsh::governance::operations::dsh_proxy_request_create::OP_RBAC_ABAC","services/dsh/governance/operations/dsh_proxy_request_create/OP_RBAC_ABAC.csv","SERVICE","operation-dossier:dsh_proxy_request_create","services/dsh/governance/operations/dsh_proxy_request_create/OP_RBAC_ABAC.csv","observed"
"dsh-census-1075","dsh","operation_runtime_vars","dsh_proxy_request_create::OP_RUNTIME_VARS","services::dsh::governance::operations::dsh_proxy_request_create::OP_RUNTIME_VARS","services/dsh/governance/operations/dsh_proxy_request_create/OP_RUNTIME_VARS.csv","SERVICE","operation-dossier:dsh_proxy_request_create","services/dsh/governance/operations/dsh_proxy_request_create/OP_RUNTIME_VARS.csv","observed"
"dsh-census-1076","dsh","operation_screens_map","dsh_proxy_request_create::OP_SCREENS_MAP","services::dsh::governance::operations::dsh_proxy_request_create::OP_SCREENS_MAP","services/dsh/governance/operations/dsh_proxy_request_create/OP_SCREENS_MAP.csv","SERVICE","operation-dossier:dsh_proxy_request_create","services/dsh/governance/operations/dsh_proxy_request_create/OP_SCREENS_MAP.csv","observed"
"dsh-census-1077","dsh","operation_spec","dsh_proxy_request_create::OP_SPEC","services::dsh::governance::operations::dsh_proxy_request_create::OP_SPEC","services/dsh/governance/operations/dsh_proxy_request_create/OP_SPEC.yaml","SERVICE","operation-dossier:dsh_proxy_request_create","services/dsh/governance/operations/dsh_proxy_request_create/OP_SPEC.yaml","observed"
"dsh-census-1078","dsh","operation_acceptance","dsh_proxy_request_estimate::OP_ACCEPTANCE","services::dsh::governance::operations::dsh_proxy_request_estimate::OP_ACCEPTANCE","services/dsh/governance/operations/dsh_proxy_request_estimate/OP_ACCEPTANCE.md","SERVICE","operation-dossier:dsh_proxy_request_estimate","services/dsh/governance/operations/dsh_proxy_request_estimate/OP_ACCEPTANCE.md","observed"
"dsh-census-1079","dsh","operation_actions_catalog","dsh_proxy_request_estimate::OP_ACTIONS_CATALOG","services::dsh::governance::operations::dsh_proxy_request_estimate::OP_ACTIONS_CATALOG","services/dsh/governance/operations/dsh_proxy_request_estimate/OP_ACTIONS_CATALOG.csv","SERVICE","operation-dossier:dsh_proxy_request_estimate","services/dsh/governance/operations/dsh_proxy_request_estimate/OP_ACTIONS_CATALOG.csv","observed"
"dsh-census-1080","dsh","operation_api_map","dsh_proxy_request_estimate::OP_API_MAP","services::dsh::governance::operations::dsh_proxy_request_estimate::OP_API_MAP","services/dsh/governance/operations/dsh_proxy_request_estimate/OP_API_MAP.csv","SERVICE","operation-dossier:dsh_proxy_request_estimate","services/dsh/governance/operations/dsh_proxy_request_estimate/OP_API_MAP.csv","observed"
"dsh-census-1081","dsh","operation_evidence_index","dsh_proxy_request_estimate::OP_EVIDENCE_INDEX","services::dsh::governance::operations::dsh_proxy_request_estimate::OP_EVIDENCE_INDEX","services/dsh/governance/operations/dsh_proxy_request_estimate/OP_EVIDENCE_INDEX.json","SERVICE","operation-dossier:dsh_proxy_request_estimate","services/dsh/governance/operations/dsh_proxy_request_estimate/OP_EVIDENCE_INDEX.json","observed"
"dsh-census-1082","dsh","operation_gaps","dsh_proxy_request_estimate::OP_GAPS","services::dsh::governance::operations::dsh_proxy_request_estimate::OP_GAPS","services/dsh/governance/operations/dsh_proxy_request_estimate/OP_GAPS.md","SERVICE","operation-dossier:dsh_proxy_request_estimate","services/dsh/governance/operations/dsh_proxy_request_estimate/OP_GAPS.md","observed"
"dsh-census-1083","dsh","operation_mcpw_map","dsh_proxy_request_estimate::OP_MCPW_MAP","services::dsh::governance::operations::dsh_proxy_request_estimate::OP_MCPW_MAP","services/dsh/governance/operations/dsh_proxy_request_estimate/OP_MCPW_MAP.csv","SERVICE","operation-dossier:dsh_proxy_request_estimate","services/dsh/governance/operations/dsh_proxy_request_estimate/OP_MCPW_MAP.csv","observed"
"dsh-census-1084","dsh","operation_rbac_abac","dsh_proxy_request_estimate::OP_RBAC_ABAC","services::dsh::governance::operations::dsh_proxy_request_estimate::OP_RBAC_ABAC","services/dsh/governance/operations/dsh_proxy_request_estimate/OP_RBAC_ABAC.csv","SERVICE","operation-dossier:dsh_proxy_request_estimate","services/dsh/governance/operations/dsh_proxy_request_estimate/OP_RBAC_ABAC.csv","observed"
"dsh-census-1085","dsh","operation_runtime_vars","dsh_proxy_request_estimate::OP_RUNTIME_VARS","services::dsh::governance::operations::dsh_proxy_request_estimate::OP_RUNTIME_VARS","services/dsh/governance/operations/dsh_proxy_request_estimate/OP_RUNTIME_VARS.csv","SERVICE","operation-dossier:dsh_proxy_request_estimate","services/dsh/governance/operations/dsh_proxy_request_estimate/OP_RUNTIME_VARS.csv","observed"
"dsh-census-1086","dsh","operation_screens_map","dsh_proxy_request_estimate::OP_SCREENS_MAP","services::dsh::governance::operations::dsh_proxy_request_estimate::OP_SCREENS_MAP","services/dsh/governance/operations/dsh_proxy_request_estimate/OP_SCREENS_MAP.csv","SERVICE","operation-dossier:dsh_proxy_request_estimate","services/dsh/governance/operations/dsh_proxy_request_estimate/OP_SCREENS_MAP.csv","observed"
"dsh-census-1087","dsh","operation_spec","dsh_proxy_request_estimate::OP_SPEC","services::dsh::governance::operations::dsh_proxy_request_estimate::OP_SPEC","services/dsh/governance/operations/dsh_proxy_request_estimate/OP_SPEC.yaml","SERVICE","operation-dossier:dsh_proxy_request_estimate","services/dsh/governance/operations/dsh_proxy_request_estimate/OP_SPEC.yaml","observed"
"dsh-census-1088","dsh","operation_acceptance","dsh_proxy_request_offer::OP_ACCEPTANCE","services::dsh::governance::operations::dsh_proxy_request_offer::OP_ACCEPTANCE","services/dsh/governance/operations/dsh_proxy_request_offer/OP_ACCEPTANCE.md","SERVICE","operation-dossier:dsh_proxy_request_offer","services/dsh/governance/operations/dsh_proxy_request_offer/OP_ACCEPTANCE.md","observed"
"dsh-census-1089","dsh","operation_actions_catalog","dsh_proxy_request_offer::OP_ACTIONS_CATALOG","services::dsh::governance::operations::dsh_proxy_request_offer::OP_ACTIONS_CATALOG","services/dsh/governance/operations/dsh_proxy_request_offer/OP_ACTIONS_CATALOG.csv","SERVICE","operation-dossier:dsh_proxy_request_offer","services/dsh/governance/operations/dsh_proxy_request_offer/OP_ACTIONS_CATALOG.csv","observed"
"dsh-census-1090","dsh","operation_api_map","dsh_proxy_request_offer::OP_API_MAP","services::dsh::governance::operations::dsh_proxy_request_offer::OP_API_MAP","services/dsh/governance/operations/dsh_proxy_request_offer/OP_API_MAP.csv","SERVICE","operation-dossier:dsh_proxy_request_offer","services/dsh/governance/operations/dsh_proxy_request_offer/OP_API_MAP.csv","observed"
"dsh-census-1091","dsh","operation_evidence_index","dsh_proxy_request_offer::OP_EVIDENCE_INDEX","services::dsh::governance::operations::dsh_proxy_request_offer::OP_EVIDENCE_INDEX","services/dsh/governance/operations/dsh_proxy_request_offer/OP_EVIDENCE_INDEX.json","SERVICE","operation-dossier:dsh_proxy_request_offer","services/dsh/governance/operations/dsh_proxy_request_offer/OP_EVIDENCE_INDEX.json","observed"
"dsh-census-1092","dsh","operation_gaps","dsh_proxy_request_offer::OP_GAPS","services::dsh::governance::operations::dsh_proxy_request_offer::OP_GAPS","services/dsh/governance/operations/dsh_proxy_request_offer/OP_GAPS.md","SERVICE","operation-dossier:dsh_proxy_request_offer","services/dsh/governance/operations/dsh_proxy_request_offer/OP_GAPS.md","observed"
"dsh-census-1093","dsh","operation_mcpw_map","dsh_proxy_request_offer::OP_MCPW_MAP","services::dsh::governance::operations::dsh_proxy_request_offer::OP_MCPW_MAP","services/dsh/governance/operations/dsh_proxy_request_offer/OP_MCPW_MAP.csv","SERVICE","operation-dossier:dsh_proxy_request_offer","services/dsh/governance/operations/dsh_proxy_request_offer/OP_MCPW_MAP.csv","observed"
"dsh-census-1094","dsh","operation_rbac_abac","dsh_proxy_request_offer::OP_RBAC_ABAC","services::dsh::governance::operations::dsh_proxy_request_offer::OP_RBAC_ABAC","services/dsh/governance/operations/dsh_proxy_request_offer/OP_RBAC_ABAC.csv","SERVICE","operation-dossier:dsh_proxy_request_offer","services/dsh/governance/operations/dsh_proxy_request_offer/OP_RBAC_ABAC.csv","observed"
"dsh-census-1095","dsh","operation_runtime_vars","dsh_proxy_request_offer::OP_RUNTIME_VARS","services::dsh::governance::operations::dsh_proxy_request_offer::OP_RUNTIME_VARS","services/dsh/governance/operations/dsh_proxy_request_offer/OP_RUNTIME_VARS.csv","SERVICE","operation-dossier:dsh_proxy_request_offer","services/dsh/governance/operations/dsh_proxy_request_offer/OP_RUNTIME_VARS.csv","observed"
"dsh-census-1096","dsh","operation_screens_map","dsh_proxy_request_offer::OP_SCREENS_MAP","services::dsh::governance::operations::dsh_proxy_request_offer::OP_SCREENS_MAP","services/dsh/governance/operations/dsh_proxy_request_offer/OP_SCREENS_MAP.csv","SERVICE","operation-dossier:dsh_proxy_request_offer","services/dsh/governance/operations/dsh_proxy_request_offer/OP_SCREENS_MAP.csv","observed"
"dsh-census-1097","dsh","operation_spec","dsh_proxy_request_offer::OP_SPEC","services::dsh::governance::operations::dsh_proxy_request_offer::OP_SPEC","services/dsh/governance/operations/dsh_proxy_request_offer/OP_SPEC.yaml","SERVICE","operation-dossier:dsh_proxy_request_offer","services/dsh/governance/operations/dsh_proxy_request_offer/OP_SPEC.yaml","observed"
"dsh-census-1098","dsh","operation_acceptance","dsh_proxy_request_reject::OP_ACCEPTANCE","services::dsh::governance::operations::dsh_proxy_request_reject::OP_ACCEPTANCE","services/dsh/governance/operations/dsh_proxy_request_reject/OP_ACCEPTANCE.md","SERVICE","operation-dossier:dsh_proxy_request_reject","services/dsh/governance/operations/dsh_proxy_request_reject/OP_ACCEPTANCE.md","observed"
"dsh-census-1099","dsh","operation_actions_catalog","dsh_proxy_request_reject::OP_ACTIONS_CATALOG","services::dsh::governance::operations::dsh_proxy_request_reject::OP_ACTIONS_CATALOG","services/dsh/governance/operations/dsh_proxy_request_reject/OP_ACTIONS_CATALOG.csv","SERVICE","operation-dossier:dsh_proxy_request_reject","services/dsh/governance/operations/dsh_proxy_request_reject/OP_ACTIONS_CATALOG.csv","observed"
"dsh-census-1100","dsh","operation_api_map","dsh_proxy_request_reject::OP_API_MAP","services::dsh::governance::operations::dsh_proxy_request_reject::OP_API_MAP","services/dsh/governance/operations/dsh_proxy_request_reject/OP_API_MAP.csv","SERVICE","operation-dossier:dsh_proxy_request_reject","services/dsh/governance/operations/dsh_proxy_request_reject/OP_API_MAP.csv","observed"
"dsh-census-1101","dsh","operation_evidence_index","dsh_proxy_request_reject::OP_EVIDENCE_INDEX","services::dsh::governance::operations::dsh_proxy_request_reject::OP_EVIDENCE_INDEX","services/dsh/governance/operations/dsh_proxy_request_reject/OP_EVIDENCE_INDEX.json","SERVICE","operation-dossier:dsh_proxy_request_reject","services/dsh/governance/operations/dsh_proxy_request_reject/OP_EVIDENCE_INDEX.json","observed"
"dsh-census-1102","dsh","operation_gaps","dsh_proxy_request_reject::OP_GAPS","services::dsh::governance::operations::dsh_proxy_request_reject::OP_GAPS","services/dsh/governance/operations/dsh_proxy_request_reject/OP_GAPS.md","SERVICE","operation-dossier:dsh_proxy_request_reject","services/dsh/governance/operations/dsh_proxy_request_reject/OP_GAPS.md","observed"
"dsh-census-1103","dsh","operation_mcpw_map","dsh_proxy_request_reject::OP_MCPW_MAP","services::dsh::governance::operations::dsh_proxy_request_reject::OP_MCPW_MAP","services/dsh/governance/operations/dsh_proxy_request_reject/OP_MCPW_MAP.csv","SERVICE","operation-dossier:dsh_proxy_request_reject","services/dsh/governance/operations/dsh_proxy_request_reject/OP_MCPW_MAP.csv","observed"
"dsh-census-1104","dsh","operation_rbac_abac","dsh_proxy_request_reject::OP_RBAC_ABAC","services::dsh::governance::operations::dsh_proxy_request_reject::OP_RBAC_ABAC","services/dsh/governance/operations/dsh_proxy_request_reject/OP_RBAC_ABAC.csv","SERVICE","operation-dossier:dsh_proxy_request_reject","services/dsh/governance/operations/dsh_proxy_request_reject/OP_RBAC_ABAC.csv","observed"
"dsh-census-1105","dsh","operation_runtime_vars","dsh_proxy_request_reject::OP_RUNTIME_VARS","services::dsh::governance::operations::dsh_proxy_request_reject::OP_RUNTIME_VARS","services/dsh/governance/operations/dsh_proxy_request_reject/OP_RUNTIME_VARS.csv","SERVICE","operation-dossier:dsh_proxy_request_reject","services/dsh/governance/operations/dsh_proxy_request_reject/OP_RUNTIME_VARS.csv","observed"
"dsh-census-1106","dsh","operation_screens_map","dsh_proxy_request_reject::OP_SCREENS_MAP","services::dsh::governance::operations::dsh_proxy_request_reject::OP_SCREENS_MAP","services/dsh/governance/operations/dsh_proxy_request_reject/OP_SCREENS_MAP.csv","SERVICE","operation-dossier:dsh_proxy_request_reject","services/dsh/governance/operations/dsh_proxy_request_reject/OP_SCREENS_MAP.csv","observed"
"dsh-census-1107","dsh","operation_spec","dsh_proxy_request_reject::OP_SPEC","services::dsh::governance::operations::dsh_proxy_request_reject::OP_SPEC","services/dsh/governance/operations/dsh_proxy_request_reject/OP_SPEC.yaml","SERVICE","operation-dossier:dsh_proxy_request_reject","services/dsh/governance/operations/dsh_proxy_request_reject/OP_SPEC.yaml","observed"
"dsh-census-1108","dsh","operation_acceptance","dsh_proxy_request_schedule::OP_ACCEPTANCE","services::dsh::governance::operations::dsh_proxy_request_schedule::OP_ACCEPTANCE","services/dsh/governance/operations/dsh_proxy_request_schedule/OP_ACCEPTANCE.md","SERVICE","operation-dossier:dsh_proxy_request_schedule","services/dsh/governance/operations/dsh_proxy_request_schedule/OP_ACCEPTANCE.md","observed"
"dsh-census-1109","dsh","operation_actions_catalog","dsh_proxy_request_schedule::OP_ACTIONS_CATALOG","services::dsh::governance::operations::dsh_proxy_request_schedule::OP_ACTIONS_CATALOG","services/dsh/governance/operations/dsh_proxy_request_schedule/OP_ACTIONS_CATALOG.csv","SERVICE","operation-dossier:dsh_proxy_request_schedule","services/dsh/governance/operations/dsh_proxy_request_schedule/OP_ACTIONS_CATALOG.csv","observed"
"dsh-census-1110","dsh","operation_api_map","dsh_proxy_request_schedule::OP_API_MAP","services::dsh::governance::operations::dsh_proxy_request_schedule::OP_API_MAP","services/dsh/governance/operations/dsh_proxy_request_schedule/OP_API_MAP.csv","SERVICE","operation-dossier:dsh_proxy_request_schedule","services/dsh/governance/operations/dsh_proxy_request_schedule/OP_API_MAP.csv","observed"
"dsh-census-1111","dsh","operation_evidence_index","dsh_proxy_request_schedule::OP_EVIDENCE_INDEX","services::dsh::governance::operations::dsh_proxy_request_schedule::OP_EVIDENCE_INDEX","services/dsh/governance/operations/dsh_proxy_request_schedule/OP_EVIDENCE_INDEX.json","SERVICE","operation-dossier:dsh_proxy_request_schedule","services/dsh/governance/operations/dsh_proxy_request_schedule/OP_EVIDENCE_INDEX.json","observed"
"dsh-census-1112","dsh","operation_gaps","dsh_proxy_request_schedule::OP_GAPS","services::dsh::governance::operations::dsh_proxy_request_schedule::OP_GAPS","services/dsh/governance/operations/dsh_proxy_request_schedule/OP_GAPS.md","SERVICE","operation-dossier:dsh_proxy_request_schedule","services/dsh/governance/operations/dsh_proxy_request_schedule/OP_GAPS.md","observed"
"dsh-census-1113","dsh","operation_mcpw_map","dsh_proxy_request_schedule::OP_MCPW_MAP","services::dsh::governance::operations::dsh_proxy_request_schedule::OP_MCPW_MAP","services/dsh/governance/operations/dsh_proxy_request_schedule/OP_MCPW_MAP.csv","SERVICE","operation-dossier:dsh_proxy_request_schedule","services/dsh/governance/operations/dsh_proxy_request_schedule/OP_MCPW_MAP.csv","observed"
"dsh-census-1114","dsh","operation_rbac_abac","dsh_proxy_request_schedule::OP_RBAC_ABAC","services::dsh::governance::operations::dsh_proxy_request_schedule::OP_RBAC_ABAC","services/dsh/governance/operations/dsh_proxy_request_schedule/OP_RBAC_ABAC.csv","SERVICE","operation-dossier:dsh_proxy_request_schedule","services/dsh/governance/operations/dsh_proxy_request_schedule/OP_RBAC_ABAC.csv","observed"
"dsh-census-1115","dsh","operation_runtime_vars","dsh_proxy_request_schedule::OP_RUNTIME_VARS","services::dsh::governance::operations::dsh_proxy_request_schedule::OP_RUNTIME_VARS","services/dsh/governance/operations/dsh_proxy_request_schedule/OP_RUNTIME_VARS.csv","SERVICE","operation-dossier:dsh_proxy_request_schedule","services/dsh/governance/operations/dsh_proxy_request_schedule/OP_RUNTIME_VARS.csv","observed"
"dsh-census-1116","dsh","operation_screens_map","dsh_proxy_request_schedule::OP_SCREENS_MAP","services::dsh::governance::operations::dsh_proxy_request_schedule::OP_SCREENS_MAP","services/dsh/governance/operations/dsh_proxy_request_schedule/OP_SCREENS_MAP.csv","SERVICE","operation-dossier:dsh_proxy_request_schedule","services/dsh/governance/operations/dsh_proxy_request_schedule/OP_SCREENS_MAP.csv","observed"
"dsh-census-1117","dsh","operation_spec","dsh_proxy_request_schedule::OP_SPEC","services::dsh::governance::operations::dsh_proxy_request_schedule::OP_SPEC","services/dsh/governance/operations/dsh_proxy_request_schedule/OP_SPEC.yaml","SERVICE","operation-dossier:dsh_proxy_request_schedule","services/dsh/governance/operations/dsh_proxy_request_schedule/OP_SPEC.yaml","observed"
"dsh-census-1118","dsh","operation_acceptance","dsh_review_create::OP_ACCEPTANCE","services::dsh::governance::operations::dsh_review_create::OP_ACCEPTANCE","services/dsh/governance/operations/dsh_review_create/OP_ACCEPTANCE.md","SERVICE","operation-dossier:dsh_review_create","services/dsh/governance/operations/dsh_review_create/OP_ACCEPTANCE.md","observed"
"dsh-census-1119","dsh","operation_actions_catalog","dsh_review_create::OP_ACTIONS_CATALOG","services::dsh::governance::operations::dsh_review_create::OP_ACTIONS_CATALOG","services/dsh/governance/operations/dsh_review_create/OP_ACTIONS_CATALOG.csv","SERVICE","operation-dossier:dsh_review_create","services/dsh/governance/operations/dsh_review_create/OP_ACTIONS_CATALOG.csv","observed"
"dsh-census-1120","dsh","operation_api_map","dsh_review_create::OP_API_MAP","services::dsh::governance::operations::dsh_review_create::OP_API_MAP","services/dsh/governance/operations/dsh_review_create/OP_API_MAP.csv","SERVICE","operation-dossier:dsh_review_create","services/dsh/governance/operations/dsh_review_create/OP_API_MAP.csv","observed"
"dsh-census-1121","dsh","operation_evidence_index","dsh_review_create::OP_EVIDENCE_INDEX","services::dsh::governance::operations::dsh_review_create::OP_EVIDENCE_INDEX","services/dsh/governance/operations/dsh_review_create/OP_EVIDENCE_INDEX.json","SERVICE","operation-dossier:dsh_review_create","services/dsh/governance/operations/dsh_review_create/OP_EVIDENCE_INDEX.json","observed"
"dsh-census-1122","dsh","operation_gaps","dsh_review_create::OP_GAPS","services::dsh::governance::operations::dsh_review_create::OP_GAPS","services/dsh/governance/operations/dsh_review_create/OP_GAPS.md","SERVICE","operation-dossier:dsh_review_create","services/dsh/governance/operations/dsh_review_create/OP_GAPS.md","observed"
"dsh-census-1123","dsh","operation_mcpw_map","dsh_review_create::OP_MCPW_MAP","services::dsh::governance::operations::dsh_review_create::OP_MCPW_MAP","services/dsh/governance/operations/dsh_review_create/OP_MCPW_MAP.csv","SERVICE","operation-dossier:dsh_review_create","services/dsh/governance/operations/dsh_review_create/OP_MCPW_MAP.csv","observed"
"dsh-census-1124","dsh","operation_rbac_abac","dsh_review_create::OP_RBAC_ABAC","services::dsh::governance::operations::dsh_review_create::OP_RBAC_ABAC","services/dsh/governance/operations/dsh_review_create/OP_RBAC_ABAC.csv","SERVICE","operation-dossier:dsh_review_create","services/dsh/governance/operations/dsh_review_create/OP_RBAC_ABAC.csv","observed"
"dsh-census-1125","dsh","operation_runtime_vars","dsh_review_create::OP_RUNTIME_VARS","services::dsh::governance::operations::dsh_review_create::OP_RUNTIME_VARS","services/dsh/governance/operations/dsh_review_create/OP_RUNTIME_VARS.csv","SERVICE","operation-dossier:dsh_review_create","services/dsh/governance/operations/dsh_review_create/OP_RUNTIME_VARS.csv","observed"
"dsh-census-1126","dsh","operation_screens_map","dsh_review_create::OP_SCREENS_MAP","services::dsh::governance::operations::dsh_review_create::OP_SCREENS_MAP","services/dsh/governance/operations/dsh_review_create/OP_SCREENS_MAP.csv","SERVICE","operation-dossier:dsh_review_create","services/dsh/governance/operations/dsh_review_create/OP_SCREENS_MAP.csv","observed"
"dsh-census-1127","dsh","operation_spec","dsh_review_create::OP_SPEC","services::dsh::governance::operations::dsh_review_create::OP_SPEC","services/dsh/governance/operations/dsh_review_create/OP_SPEC.yaml","SERVICE","operation-dossier:dsh_review_create","services/dsh/governance/operations/dsh_review_create/OP_SPEC.yaml","observed"
"dsh-census-1128","dsh","operation_acceptance","dsh_service_modes_resolve::OP_ACCEPTANCE","services::dsh::governance::operations::dsh_service_modes_resolve::OP_ACCEPTANCE","services/dsh/governance/operations/dsh_service_modes_resolve/OP_ACCEPTANCE.md","SERVICE","operation-dossier:dsh_service_modes_resolve","services/dsh/governance/operations/dsh_service_modes_resolve/OP_ACCEPTANCE.md","observed"
"dsh-census-1129","dsh","operation_actions_catalog","dsh_service_modes_resolve::OP_ACTIONS_CATALOG","services::dsh::governance::operations::dsh_service_modes_resolve::OP_ACTIONS_CATALOG","services/dsh/governance/operations/dsh_service_modes_resolve/OP_ACTIONS_CATALOG.csv","SERVICE","operation-dossier:dsh_service_modes_resolve","services/dsh/governance/operations/dsh_service_modes_resolve/OP_ACTIONS_CATALOG.csv","observed"
"dsh-census-1130","dsh","operation_api_map","dsh_service_modes_resolve::OP_API_MAP","services::dsh::governance::operations::dsh_service_modes_resolve::OP_API_MAP","services/dsh/governance/operations/dsh_service_modes_resolve/OP_API_MAP.csv","SERVICE","operation-dossier:dsh_service_modes_resolve","services/dsh/governance/operations/dsh_service_modes_resolve/OP_API_MAP.csv","observed"
"dsh-census-1131","dsh","operation_evidence_index","dsh_service_modes_resolve::OP_EVIDENCE_INDEX","services::dsh::governance::operations::dsh_service_modes_resolve::OP_EVIDENCE_INDEX","services/dsh/governance/operations/dsh_service_modes_resolve/OP_EVIDENCE_INDEX.json","SERVICE","operation-dossier:dsh_service_modes_resolve","services/dsh/governance/operations/dsh_service_modes_resolve/OP_EVIDENCE_INDEX.json","observed"
"dsh-census-1132","dsh","operation_gaps","dsh_service_modes_resolve::OP_GAPS","services::dsh::governance::operations::dsh_service_modes_resolve::OP_GAPS","services/dsh/governance/operations/dsh_service_modes_resolve/OP_GAPS.md","SERVICE","operation-dossier:dsh_service_modes_resolve","services/dsh/governance/operations/dsh_service_modes_resolve/OP_GAPS.md","observed"
"dsh-census-1133","dsh","operation_mcpw_map","dsh_service_modes_resolve::OP_MCPW_MAP","services::dsh::governance::operations::dsh_service_modes_resolve::OP_MCPW_MAP","services/dsh/governance/operations/dsh_service_modes_resolve/OP_MCPW_MAP.csv","SERVICE","operation-dossier:dsh_service_modes_resolve","services/dsh/governance/operations/dsh_service_modes_resolve/OP_MCPW_MAP.csv","observed"
"dsh-census-1134","dsh","operation_rbac_abac","dsh_service_modes_resolve::OP_RBAC_ABAC","services::dsh::governance::operations::dsh_service_modes_resolve::OP_RBAC_ABAC","services/dsh/governance/operations/dsh_service_modes_resolve/OP_RBAC_ABAC.csv","SERVICE","operation-dossier:dsh_service_modes_resolve","services/dsh/governance/operations/dsh_service_modes_resolve/OP_RBAC_ABAC.csv","observed"
"dsh-census-1135","dsh","operation_runtime_vars","dsh_service_modes_resolve::OP_RUNTIME_VARS","services::dsh::governance::operations::dsh_service_modes_resolve::OP_RUNTIME_VARS","services/dsh/governance/operations/dsh_service_modes_resolve/OP_RUNTIME_VARS.csv","SERVICE","operation-dossier:dsh_service_modes_resolve","services/dsh/governance/operations/dsh_service_modes_resolve/OP_RUNTIME_VARS.csv","observed"
"dsh-census-1136","dsh","operation_screens_map","dsh_service_modes_resolve::OP_SCREENS_MAP","services::dsh::governance::operations::dsh_service_modes_resolve::OP_SCREENS_MAP","services/dsh/governance/operations/dsh_service_modes_resolve/OP_SCREENS_MAP.csv","SERVICE","operation-dossier:dsh_service_modes_resolve","services/dsh/governance/operations/dsh_service_modes_resolve/OP_SCREENS_MAP.csv","observed"
"dsh-census-1137","dsh","operation_spec","dsh_service_modes_resolve::OP_SPEC","services::dsh::governance::operations::dsh_service_modes_resolve::OP_SPEC","services/dsh/governance/operations/dsh_service_modes_resolve/OP_SPEC.yaml","SERVICE","operation-dossier:dsh_service_modes_resolve","services/dsh/governance/operations/dsh_service_modes_resolve/OP_SPEC.yaml","observed"
"dsh-census-1138","dsh","operation_acceptance","dsh_store_commission_set::OP_ACCEPTANCE","services::dsh::governance::operations::dsh_store_commission_set::OP_ACCEPTANCE","services/dsh/governance/operations/dsh_store_commission_set/OP_ACCEPTANCE.md","SERVICE","operation-dossier:dsh_store_commission_set","services/dsh/governance/operations/dsh_store_commission_set/OP_ACCEPTANCE.md","observed"
"dsh-census-1139","dsh","operation_actions_catalog","dsh_store_commission_set::OP_ACTIONS_CATALOG","services::dsh::governance::operations::dsh_store_commission_set::OP_ACTIONS_CATALOG","services/dsh/governance/operations/dsh_store_commission_set/OP_ACTIONS_CATALOG.csv","SERVICE","operation-dossier:dsh_store_commission_set","services/dsh/governance/operations/dsh_store_commission_set/OP_ACTIONS_CATALOG.csv","observed"
"dsh-census-1140","dsh","operation_api_map","dsh_store_commission_set::OP_API_MAP","services::dsh::governance::operations::dsh_store_commission_set::OP_API_MAP","services/dsh/governance/operations/dsh_store_commission_set/OP_API_MAP.csv","SERVICE","operation-dossier:dsh_store_commission_set","services/dsh/governance/operations/dsh_store_commission_set/OP_API_MAP.csv","observed"
"dsh-census-1141","dsh","operation_evidence_index","dsh_store_commission_set::OP_EVIDENCE_INDEX","services::dsh::governance::operations::dsh_store_commission_set::OP_EVIDENCE_INDEX","services/dsh/governance/operations/dsh_store_commission_set/OP_EVIDENCE_INDEX.json","SERVICE","operation-dossier:dsh_store_commission_set","services/dsh/governance/operations/dsh_store_commission_set/OP_EVIDENCE_INDEX.json","observed"
"dsh-census-1142","dsh","operation_gaps","dsh_store_commission_set::OP_GAPS","services::dsh::governance::operations::dsh_store_commission_set::OP_GAPS","services/dsh/governance/operations/dsh_store_commission_set/OP_GAPS.md","SERVICE","operation-dossier:dsh_store_commission_set","services/dsh/governance/operations/dsh_store_commission_set/OP_GAPS.md","observed"
"dsh-census-1143","dsh","operation_mcpw_map","dsh_store_commission_set::OP_MCPW_MAP","services::dsh::governance::operations::dsh_store_commission_set::OP_MCPW_MAP","services/dsh/governance/operations/dsh_store_commission_set/OP_MCPW_MAP.csv","SERVICE","operation-dossier:dsh_store_commission_set","services/dsh/governance/operations/dsh_store_commission_set/OP_MCPW_MAP.csv","observed"
"dsh-census-1144","dsh","operation_rbac_abac","dsh_store_commission_set::OP_RBAC_ABAC","services::dsh::governance::operations::dsh_store_commission_set::OP_RBAC_ABAC","services/dsh/governance/operations/dsh_store_commission_set/OP_RBAC_ABAC.csv","SERVICE","operation-dossier:dsh_store_commission_set","services/dsh/governance/operations/dsh_store_commission_set/OP_RBAC_ABAC.csv","observed"
"dsh-census-1145","dsh","operation_runtime_vars","dsh_store_commission_set::OP_RUNTIME_VARS","services::dsh::governance::operations::dsh_store_commission_set::OP_RUNTIME_VARS","services/dsh/governance/operations/dsh_store_commission_set/OP_RUNTIME_VARS.csv","SERVICE","operation-dossier:dsh_store_commission_set","services/dsh/governance/operations/dsh_store_commission_set/OP_RUNTIME_VARS.csv","observed"
"dsh-census-1146","dsh","operation_screens_map","dsh_store_commission_set::OP_SCREENS_MAP","services::dsh::governance::operations::dsh_store_commission_set::OP_SCREENS_MAP","services/dsh/governance/operations/dsh_store_commission_set/OP_SCREENS_MAP.csv","SERVICE","operation-dossier:dsh_store_commission_set","services/dsh/governance/operations/dsh_store_commission_set/OP_SCREENS_MAP.csv","observed"
"dsh-census-1147","dsh","operation_spec","dsh_store_commission_set::OP_SPEC","services::dsh::governance::operations::dsh_store_commission_set::OP_SPEC","services/dsh/governance/operations/dsh_store_commission_set/OP_SPEC.yaml","SERVICE","operation-dossier:dsh_store_commission_set","services/dsh/governance/operations/dsh_store_commission_set/OP_SPEC.yaml","observed"
"dsh-census-1148","dsh","operation_acceptance","dsh_store_fulfillment_profile_update::OP_ACCEPTANCE","services::dsh::governance::operations::dsh_store_fulfillment_profile_update::OP_ACCEPTANCE","services/dsh/governance/operations/dsh_store_fulfillment_profile_update/OP_ACCEPTANCE.md","SERVICE","operation-dossier:dsh_store_fulfillment_profile_update","services/dsh/governance/operations/dsh_store_fulfillment_profile_update/OP_ACCEPTANCE.md","observed"
"dsh-census-1149","dsh","operation_actions_catalog","dsh_store_fulfillment_profile_update::OP_ACTIONS_CATALOG","services::dsh::governance::operations::dsh_store_fulfillment_profile_update::OP_ACTIONS_CATALOG","services/dsh/governance/operations/dsh_store_fulfillment_profile_update/OP_ACTIONS_CATALOG.csv","SERVICE","operation-dossier:dsh_store_fulfillment_profile_update","services/dsh/governance/operations/dsh_store_fulfillment_profile_update/OP_ACTIONS_CATALOG.csv","observed"
"dsh-census-1150","dsh","operation_api_map","dsh_store_fulfillment_profile_update::OP_API_MAP","services::dsh::governance::operations::dsh_store_fulfillment_profile_update::OP_API_MAP","services/dsh/governance/operations/dsh_store_fulfillment_profile_update/OP_API_MAP.csv","SERVICE","operation-dossier:dsh_store_fulfillment_profile_update","services/dsh/governance/operations/dsh_store_fulfillment_profile_update/OP_API_MAP.csv","observed"
"dsh-census-1151","dsh","operation_evidence_index","dsh_store_fulfillment_profile_update::OP_EVIDENCE_INDEX","services::dsh::governance::operations::dsh_store_fulfillment_profile_update::OP_EVIDENCE_INDEX","services/dsh/governance/operations/dsh_store_fulfillment_profile_update/OP_EVIDENCE_INDEX.json","SERVICE","operation-dossier:dsh_store_fulfillment_profile_update","services/dsh/governance/operations/dsh_store_fulfillment_profile_update/OP_EVIDENCE_INDEX.json","observed"
"dsh-census-1152","dsh","operation_gaps","dsh_store_fulfillment_profile_update::OP_GAPS","services::dsh::governance::operations::dsh_store_fulfillment_profile_update::OP_GAPS","services/dsh/governance/operations/dsh_store_fulfillment_profile_update/OP_GAPS.md","SERVICE","operation-dossier:dsh_store_fulfillment_profile_update","services/dsh/governance/operations/dsh_store_fulfillment_profile_update/OP_GAPS.md","observed"
"dsh-census-1153","dsh","operation_mcpw_map","dsh_store_fulfillment_profile_update::OP_MCPW_MAP","services::dsh::governance::operations::dsh_store_fulfillment_profile_update::OP_MCPW_MAP","services/dsh/governance/operations/dsh_store_fulfillment_profile_update/OP_MCPW_MAP.csv","SERVICE","operation-dossier:dsh_store_fulfillment_profile_update","services/dsh/governance/operations/dsh_store_fulfillment_profile_update/OP_MCPW_MAP.csv","observed"
"dsh-census-1154","dsh","operation_rbac_abac","dsh_store_fulfillment_profile_update::OP_RBAC_ABAC","services::dsh::governance::operations::dsh_store_fulfillment_profile_update::OP_RBAC_ABAC","services/dsh/governance/operations/dsh_store_fulfillment_profile_update/OP_RBAC_ABAC.csv","SERVICE","operation-dossier:dsh_store_fulfillment_profile_update","services/dsh/governance/operations/dsh_store_fulfillment_profile_update/OP_RBAC_ABAC.csv","observed"
"dsh-census-1155","dsh","operation_runtime_vars","dsh_store_fulfillment_profile_update::OP_RUNTIME_VARS","services::dsh::governance::operations::dsh_store_fulfillment_profile_update::OP_RUNTIME_VARS","services/dsh/governance/operations/dsh_store_fulfillment_profile_update/OP_RUNTIME_VARS.csv","SERVICE","operation-dossier:dsh_store_fulfillment_profile_update","services/dsh/governance/operations/dsh_store_fulfillment_profile_update/OP_RUNTIME_VARS.csv","observed"
"dsh-census-1156","dsh","operation_screens_map","dsh_store_fulfillment_profile_update::OP_SCREENS_MAP","services::dsh::governance::operations::dsh_store_fulfillment_profile_update::OP_SCREENS_MAP","services/dsh/governance/operations/dsh_store_fulfillment_profile_update/OP_SCREENS_MAP.csv","SERVICE","operation-dossier:dsh_store_fulfillment_profile_update","services/dsh/governance/operations/dsh_store_fulfillment_profile_update/OP_SCREENS_MAP.csv","observed"
"dsh-census-1157","dsh","operation_spec","dsh_store_fulfillment_profile_update::OP_SPEC","services::dsh::governance::operations::dsh_store_fulfillment_profile_update::OP_SPEC","services/dsh/governance/operations/dsh_store_fulfillment_profile_update/OP_SPEC.yaml","SERVICE","operation-dossier:dsh_store_fulfillment_profile_update","services/dsh/governance/operations/dsh_store_fulfillment_profile_update/OP_SPEC.yaml","observed"
"dsh-census-1158","dsh","operation_acceptance","dsh_store_modes_set::OP_ACCEPTANCE","services::dsh::governance::operations::dsh_store_modes_set::OP_ACCEPTANCE","services/dsh/governance/operations/dsh_store_modes_set/OP_ACCEPTANCE.md","SERVICE","operation-dossier:dsh_store_modes_set","services/dsh/governance/operations/dsh_store_modes_set/OP_ACCEPTANCE.md","observed"
"dsh-census-1159","dsh","operation_actions_catalog","dsh_store_modes_set::OP_ACTIONS_CATALOG","services::dsh::governance::operations::dsh_store_modes_set::OP_ACTIONS_CATALOG","services/dsh/governance/operations/dsh_store_modes_set/OP_ACTIONS_CATALOG.csv","SERVICE","operation-dossier:dsh_store_modes_set","services/dsh/governance/operations/dsh_store_modes_set/OP_ACTIONS_CATALOG.csv","observed"
"dsh-census-1160","dsh","operation_api_map","dsh_store_modes_set::OP_API_MAP","services::dsh::governance::operations::dsh_store_modes_set::OP_API_MAP","services/dsh/governance/operations/dsh_store_modes_set/OP_API_MAP.csv","SERVICE","operation-dossier:dsh_store_modes_set","services/dsh/governance/operations/dsh_store_modes_set/OP_API_MAP.csv","observed"
"dsh-census-1161","dsh","operation_evidence_index","dsh_store_modes_set::OP_EVIDENCE_INDEX","services::dsh::governance::operations::dsh_store_modes_set::OP_EVIDENCE_INDEX","services/dsh/governance/operations/dsh_store_modes_set/OP_EVIDENCE_INDEX.json","SERVICE","operation-dossier:dsh_store_modes_set","services/dsh/governance/operations/dsh_store_modes_set/OP_EVIDENCE_INDEX.json","observed"
"dsh-census-1162","dsh","operation_gaps","dsh_store_modes_set::OP_GAPS","services::dsh::governance::operations::dsh_store_modes_set::OP_GAPS","services/dsh/governance/operations/dsh_store_modes_set/OP_GAPS.md","SERVICE","operation-dossier:dsh_store_modes_set","services/dsh/governance/operations/dsh_store_modes_set/OP_GAPS.md","observed"
"dsh-census-1163","dsh","operation_mcpw_map","dsh_store_modes_set::OP_MCPW_MAP","services::dsh::governance::operations::dsh_store_modes_set::OP_MCPW_MAP","services/dsh/governance/operations/dsh_store_modes_set/OP_MCPW_MAP.csv","SERVICE","operation-dossier:dsh_store_modes_set","services/dsh/governance/operations/dsh_store_modes_set/OP_MCPW_MAP.csv","observed"
"dsh-census-1164","dsh","operation_rbac_abac","dsh_store_modes_set::OP_RBAC_ABAC","services::dsh::governance::operations::dsh_store_modes_set::OP_RBAC_ABAC","services/dsh/governance/operations/dsh_store_modes_set/OP_RBAC_ABAC.csv","SERVICE","operation-dossier:dsh_store_modes_set","services/dsh/governance/operations/dsh_store_modes_set/OP_RBAC_ABAC.csv","observed"
"dsh-census-1165","dsh","operation_runtime_vars","dsh_store_modes_set::OP_RUNTIME_VARS","services::dsh::governance::operations::dsh_store_modes_set::OP_RUNTIME_VARS","services/dsh/governance/operations/dsh_store_modes_set/OP_RUNTIME_VARS.csv","SERVICE","operation-dossier:dsh_store_modes_set","services/dsh/governance/operations/dsh_store_modes_set/OP_RUNTIME_VARS.csv","observed"
"dsh-census-1166","dsh","operation_screens_map","dsh_store_modes_set::OP_SCREENS_MAP","services::dsh::governance::operations::dsh_store_modes_set::OP_SCREENS_MAP","services/dsh/governance/operations/dsh_store_modes_set/OP_SCREENS_MAP.csv","SERVICE","operation-dossier:dsh_store_modes_set","services/dsh/governance/operations/dsh_store_modes_set/OP_SCREENS_MAP.csv","observed"
"dsh-census-1167","dsh","operation_spec","dsh_store_modes_set::OP_SPEC","services::dsh::governance::operations::dsh_store_modes_set::OP_SPEC","services/dsh/governance/operations/dsh_store_modes_set/OP_SPEC.yaml","SERVICE","operation-dossier:dsh_store_modes_set","services/dsh/governance/operations/dsh_store_modes_set/OP_SPEC.yaml","observed"
"dsh-census-1168","dsh","operation_acceptance","dsh_store_products::OP_ACCEPTANCE","services::dsh::governance::operations::dsh_store_products::OP_ACCEPTANCE","services/dsh/governance/operations/dsh_store_products/OP_ACCEPTANCE.md","SERVICE","operation-dossier:dsh_store_products","services/dsh/governance/operations/dsh_store_products/OP_ACCEPTANCE.md","observed"
"dsh-census-1169","dsh","operation_actions_catalog","dsh_store_products::OP_ACTIONS_CATALOG","services::dsh::governance::operations::dsh_store_products::OP_ACTIONS_CATALOG","services/dsh/governance/operations/dsh_store_products/OP_ACTIONS_CATALOG.csv","SERVICE","operation-dossier:dsh_store_products","services/dsh/governance/operations/dsh_store_products/OP_ACTIONS_CATALOG.csv","observed"
"dsh-census-1170","dsh","operation_api_map","dsh_store_products::OP_API_MAP","services::dsh::governance::operations::dsh_store_products::OP_API_MAP","services/dsh/governance/operations/dsh_store_products/OP_API_MAP.csv","SERVICE","operation-dossier:dsh_store_products","services/dsh/governance/operations/dsh_store_products/OP_API_MAP.csv","observed"
"dsh-census-1171","dsh","operation_evidence_index","dsh_store_products::OP_EVIDENCE_INDEX","services::dsh::governance::operations::dsh_store_products::OP_EVIDENCE_INDEX","services/dsh/governance/operations/dsh_store_products/OP_EVIDENCE_INDEX.json","SERVICE","operation-dossier:dsh_store_products","services/dsh/governance/operations/dsh_store_products/OP_EVIDENCE_INDEX.json","observed"
"dsh-census-1172","dsh","operation_gaps","dsh_store_products::OP_GAPS","services::dsh::governance::operations::dsh_store_products::OP_GAPS","services/dsh/governance/operations/dsh_store_products/OP_GAPS.md","SERVICE","operation-dossier:dsh_store_products","services/dsh/governance/operations/dsh_store_products/OP_GAPS.md","observed"
"dsh-census-1173","dsh","operation_mcpw_map","dsh_store_products::OP_MCPW_MAP","services::dsh::governance::operations::dsh_store_products::OP_MCPW_MAP","services/dsh/governance/operations/dsh_store_products/OP_MCPW_MAP.csv","SERVICE","operation-dossier:dsh_store_products","services/dsh/governance/operations/dsh_store_products/OP_MCPW_MAP.csv","observed"
"dsh-census-1174","dsh","operation_rbac_abac","dsh_store_products::OP_RBAC_ABAC","services::dsh::governance::operations::dsh_store_products::OP_RBAC_ABAC","services/dsh/governance/operations/dsh_store_products/OP_RBAC_ABAC.csv","SERVICE","operation-dossier:dsh_store_products","services/dsh/governance/operations/dsh_store_products/OP_RBAC_ABAC.csv","observed"
"dsh-census-1175","dsh","operation_runtime_vars","dsh_store_products::OP_RUNTIME_VARS","services::dsh::governance::operations::dsh_store_products::OP_RUNTIME_VARS","services/dsh/governance/operations/dsh_store_products/OP_RUNTIME_VARS.csv","SERVICE","operation-dossier:dsh_store_products","services/dsh/governance/operations/dsh_store_products/OP_RUNTIME_VARS.csv","observed"
"dsh-census-1176","dsh","operation_screens_map","dsh_store_products::OP_SCREENS_MAP","services::dsh::governance::operations::dsh_store_products::OP_SCREENS_MAP","services/dsh/governance/operations/dsh_store_products/OP_SCREENS_MAP.csv","SERVICE","operation-dossier:dsh_store_products","services/dsh/governance/operations/dsh_store_products/OP_SCREENS_MAP.csv","observed"
"dsh-census-1177","dsh","operation_spec","dsh_store_products::OP_SPEC","services::dsh::governance::operations::dsh_store_products::OP_SPEC","services/dsh/governance/operations/dsh_store_products/OP_SPEC.yaml","SERVICE","operation-dossier:dsh_store_products","services/dsh/governance/operations/dsh_store_products/OP_SPEC.yaml","observed"
"dsh-census-1178","dsh","operation_acceptance","dsh_store_service_modes_get::OP_ACCEPTANCE","services::dsh::governance::operations::dsh_store_service_modes_get::OP_ACCEPTANCE","services/dsh/governance/operations/dsh_store_service_modes_get/OP_ACCEPTANCE.md","SERVICE","operation-dossier:dsh_store_service_modes_get","services/dsh/governance/operations/dsh_store_service_modes_get/OP_ACCEPTANCE.md","observed"
"dsh-census-1179","dsh","operation_actions_catalog","dsh_store_service_modes_get::OP_ACTIONS_CATALOG","services::dsh::governance::operations::dsh_store_service_modes_get::OP_ACTIONS_CATALOG","services/dsh/governance/operations/dsh_store_service_modes_get/OP_ACTIONS_CATALOG.csv","SERVICE","operation-dossier:dsh_store_service_modes_get","services/dsh/governance/operations/dsh_store_service_modes_get/OP_ACTIONS_CATALOG.csv","observed"
"dsh-census-1180","dsh","operation_api_map","dsh_store_service_modes_get::OP_API_MAP","services::dsh::governance::operations::dsh_store_service_modes_get::OP_API_MAP","services/dsh/governance/operations/dsh_store_service_modes_get/OP_API_MAP.csv","SERVICE","operation-dossier:dsh_store_service_modes_get","services/dsh/governance/operations/dsh_store_service_modes_get/OP_API_MAP.csv","observed"
"dsh-census-1181","dsh","operation_evidence_index","dsh_store_service_modes_get::OP_EVIDENCE_INDEX","services::dsh::governance::operations::dsh_store_service_modes_get::OP_EVIDENCE_INDEX","services/dsh/governance/operations/dsh_store_service_modes_get/OP_EVIDENCE_INDEX.json","SERVICE","operation-dossier:dsh_store_service_modes_get","services/dsh/governance/operations/dsh_store_service_modes_get/OP_EVIDENCE_INDEX.json","observed"
"dsh-census-1182","dsh","operation_gaps","dsh_store_service_modes_get::OP_GAPS","services::dsh::governance::operations::dsh_store_service_modes_get::OP_GAPS","services/dsh/governance/operations/dsh_store_service_modes_get/OP_GAPS.md","SERVICE","operation-dossier:dsh_store_service_modes_get","services/dsh/governance/operations/dsh_store_service_modes_get/OP_GAPS.md","observed"
"dsh-census-1183","dsh","operation_mcpw_map","dsh_store_service_modes_get::OP_MCPW_MAP","services::dsh::governance::operations::dsh_store_service_modes_get::OP_MCPW_MAP","services/dsh/governance/operations/dsh_store_service_modes_get/OP_MCPW_MAP.csv","SERVICE","operation-dossier:dsh_store_service_modes_get","services/dsh/governance/operations/dsh_store_service_modes_get/OP_MCPW_MAP.csv","observed"
"dsh-census-1184","dsh","operation_rbac_abac","dsh_store_service_modes_get::OP_RBAC_ABAC","services::dsh::governance::operations::dsh_store_service_modes_get::OP_RBAC_ABAC","services/dsh/governance/operations/dsh_store_service_modes_get/OP_RBAC_ABAC.csv","SERVICE","operation-dossier:dsh_store_service_modes_get","services/dsh/governance/operations/dsh_store_service_modes_get/OP_RBAC_ABAC.csv","observed"
"dsh-census-1185","dsh","operation_runtime_vars","dsh_store_service_modes_get::OP_RUNTIME_VARS","services::dsh::governance::operations::dsh_store_service_modes_get::OP_RUNTIME_VARS","services/dsh/governance/operations/dsh_store_service_modes_get/OP_RUNTIME_VARS.csv","SERVICE","operation-dossier:dsh_store_service_modes_get","services/dsh/governance/operations/dsh_store_service_modes_get/OP_RUNTIME_VARS.csv","observed"
"dsh-census-1186","dsh","operation_screens_map","dsh_store_service_modes_get::OP_SCREENS_MAP","services::dsh::governance::operations::dsh_store_service_modes_get::OP_SCREENS_MAP","services/dsh/governance/operations/dsh_store_service_modes_get/OP_SCREENS_MAP.csv","SERVICE","operation-dossier:dsh_store_service_modes_get","services/dsh/governance/operations/dsh_store_service_modes_get/OP_SCREENS_MAP.csv","observed"
"dsh-census-1187","dsh","operation_spec","dsh_store_service_modes_get::OP_SPEC","services::dsh::governance::operations::dsh_store_service_modes_get::OP_SPEC","services/dsh/governance/operations/dsh_store_service_modes_get/OP_SPEC.yaml","SERVICE","operation-dossier:dsh_store_service_modes_get","services/dsh/governance/operations/dsh_store_service_modes_get/OP_SPEC.yaml","observed"
"dsh-census-1188","dsh","operation_acceptance","dsh_store_zones_set::OP_ACCEPTANCE","services::dsh::governance::operations::dsh_store_zones_set::OP_ACCEPTANCE","services/dsh/governance/operations/dsh_store_zones_set/OP_ACCEPTANCE.md","SERVICE","operation-dossier:dsh_store_zones_set","services/dsh/governance/operations/dsh_store_zones_set/OP_ACCEPTANCE.md","observed"
"dsh-census-1189","dsh","operation_actions_catalog","dsh_store_zones_set::OP_ACTIONS_CATALOG","services::dsh::governance::operations::dsh_store_zones_set::OP_ACTIONS_CATALOG","services/dsh/governance/operations/dsh_store_zones_set/OP_ACTIONS_CATALOG.csv","SERVICE","operation-dossier:dsh_store_zones_set","services/dsh/governance/operations/dsh_store_zones_set/OP_ACTIONS_CATALOG.csv","observed"
"dsh-census-1190","dsh","operation_api_map","dsh_store_zones_set::OP_API_MAP","services::dsh::governance::operations::dsh_store_zones_set::OP_API_MAP","services/dsh/governance/operations/dsh_store_zones_set/OP_API_MAP.csv","SERVICE","operation-dossier:dsh_store_zones_set","services/dsh/governance/operations/dsh_store_zones_set/OP_API_MAP.csv","observed"
"dsh-census-1191","dsh","operation_evidence_index","dsh_store_zones_set::OP_EVIDENCE_INDEX","services::dsh::governance::operations::dsh_store_zones_set::OP_EVIDENCE_INDEX","services/dsh/governance/operations/dsh_store_zones_set/OP_EVIDENCE_INDEX.json","SERVICE","operation-dossier:dsh_store_zones_set","services/dsh/governance/operations/dsh_store_zones_set/OP_EVIDENCE_INDEX.json","observed"
"dsh-census-1192","dsh","operation_gaps","dsh_store_zones_set::OP_GAPS","services::dsh::governance::operations::dsh_store_zones_set::OP_GAPS","services/dsh/governance/operations/dsh_store_zones_set/OP_GAPS.md","SERVICE","operation-dossier:dsh_store_zones_set","services/dsh/governance/operations/dsh_store_zones_set/OP_GAPS.md","observed"
"dsh-census-1193","dsh","operation_mcpw_map","dsh_store_zones_set::OP_MCPW_MAP","services::dsh::governance::operations::dsh_store_zones_set::OP_MCPW_MAP","services/dsh/governance/operations/dsh_store_zones_set/OP_MCPW_MAP.csv","SERVICE","operation-dossier:dsh_store_zones_set","services/dsh/governance/operations/dsh_store_zones_set/OP_MCPW_MAP.csv","observed"
"dsh-census-1194","dsh","operation_rbac_abac","dsh_store_zones_set::OP_RBAC_ABAC","services::dsh::governance::operations::dsh_store_zones_set::OP_RBAC_ABAC","services/dsh/governance/operations/dsh_store_zones_set/OP_RBAC_ABAC.csv","SERVICE","operation-dossier:dsh_store_zones_set","services/dsh/governance/operations/dsh_store_zones_set/OP_RBAC_ABAC.csv","observed"
"dsh-census-1195","dsh","operation_runtime_vars","dsh_store_zones_set::OP_RUNTIME_VARS","services::dsh::governance::operations::dsh_store_zones_set::OP_RUNTIME_VARS","services/dsh/governance/operations/dsh_store_zones_set/OP_RUNTIME_VARS.csv","SERVICE","operation-dossier:dsh_store_zones_set","services/dsh/governance/operations/dsh_store_zones_set/OP_RUNTIME_VARS.csv","observed"
"dsh-census-1196","dsh","operation_screens_map","dsh_store_zones_set::OP_SCREENS_MAP","services::dsh::governance::operations::dsh_store_zones_set::OP_SCREENS_MAP","services/dsh/governance/operations/dsh_store_zones_set/OP_SCREENS_MAP.csv","SERVICE","operation-dossier:dsh_store_zones_set","services/dsh/governance/operations/dsh_store_zones_set/OP_SCREENS_MAP.csv","observed"
"dsh-census-1197","dsh","operation_spec","dsh_store_zones_set::OP_SPEC","services::dsh::governance::operations::dsh_store_zones_set::OP_SPEC","services/dsh/governance/operations/dsh_store_zones_set/OP_SPEC.yaml","SERVICE","operation-dossier:dsh_store_zones_set","services/dsh/governance/operations/dsh_store_zones_set/OP_SPEC.yaml","observed"
"dsh-census-1198","dsh","operation_rbac_abac","dsh_subscription_bundles_list::OP_RBAC_ABAC","services::dsh::governance::operations::dsh_subscription_bundles_list::OP_RBAC_ABAC","services/dsh/governance/operations/dsh_subscription_bundles_list/OP_RBAC_ABAC.csv","SERVICE","operation-dossier:dsh_subscription_bundles_list","services/dsh/governance/operations/dsh_subscription_bundles_list/OP_RBAC_ABAC.csv","observed"
"dsh-census-1199","dsh","operation_spec","dsh_subscription_bundles_list::OP_SPEC","services::dsh::governance::operations::dsh_subscription_bundles_list::OP_SPEC","services/dsh/governance/operations/dsh_subscription_bundles_list/OP_SPEC.yaml","SERVICE","operation-dossier:dsh_subscription_bundles_list","services/dsh/governance/operations/dsh_subscription_bundles_list/OP_SPEC.yaml","observed"
"dsh-census-1200","dsh","operation_rbac_abac","dsh_subscription_categories_get::OP_RBAC_ABAC","services::dsh::governance::operations::dsh_subscription_categories_get::OP_RBAC_ABAC","services/dsh/governance/operations/dsh_subscription_categories_get/OP_RBAC_ABAC.csv","SERVICE","operation-dossier:dsh_subscription_categories_get","services/dsh/governance/operations/dsh_subscription_categories_get/OP_RBAC_ABAC.csv","observed"
"dsh-census-1201","dsh","operation_spec","dsh_subscription_categories_get::OP_SPEC","services::dsh::governance::operations::dsh_subscription_categories_get::OP_SPEC","services/dsh/governance/operations/dsh_subscription_categories_get/OP_SPEC.yaml","SERVICE","operation-dossier:dsh_subscription_categories_get","services/dsh/governance/operations/dsh_subscription_categories_get/OP_SPEC.yaml","observed"
"dsh-census-1202","dsh","operation_acceptance","dsh_subscription_family_get::OP_ACCEPTANCE","services::dsh::governance::operations::dsh_subscription_family_get::OP_ACCEPTANCE","services/dsh/governance/operations/dsh_subscription_family_get/OP_ACCEPTANCE.md","SERVICE","operation-dossier:dsh_subscription_family_get","services/dsh/governance/operations/dsh_subscription_family_get/OP_ACCEPTANCE.md","observed"
"dsh-census-1203","dsh","operation_actions_catalog","dsh_subscription_family_get::OP_ACTIONS_CATALOG","services::dsh::governance::operations::dsh_subscription_family_get::OP_ACTIONS_CATALOG","services/dsh/governance/operations/dsh_subscription_family_get/OP_ACTIONS_CATALOG.csv","SERVICE","operation-dossier:dsh_subscription_family_get","services/dsh/governance/operations/dsh_subscription_family_get/OP_ACTIONS_CATALOG.csv","observed"
"dsh-census-1204","dsh","operation_api_map","dsh_subscription_family_get::OP_API_MAP","services::dsh::governance::operations::dsh_subscription_family_get::OP_API_MAP","services/dsh/governance/operations/dsh_subscription_family_get/OP_API_MAP.csv","SERVICE","operation-dossier:dsh_subscription_family_get","services/dsh/governance/operations/dsh_subscription_family_get/OP_API_MAP.csv","observed"
"dsh-census-1205","dsh","operation_evidence_index","dsh_subscription_family_get::OP_EVIDENCE_INDEX","services::dsh::governance::operations::dsh_subscription_family_get::OP_EVIDENCE_INDEX","services/dsh/governance/operations/dsh_subscription_family_get/OP_EVIDENCE_INDEX.json","SERVICE","operation-dossier:dsh_subscription_family_get","services/dsh/governance/operations/dsh_subscription_family_get/OP_EVIDENCE_INDEX.json","observed"
"dsh-census-1206","dsh","operation_gaps","dsh_subscription_family_get::OP_GAPS","services::dsh::governance::operations::dsh_subscription_family_get::OP_GAPS","services/dsh/governance/operations/dsh_subscription_family_get/OP_GAPS.md","SERVICE","operation-dossier:dsh_subscription_family_get","services/dsh/governance/operations/dsh_subscription_family_get/OP_GAPS.md","observed"
"dsh-census-1207","dsh","operation_mcpw_map","dsh_subscription_family_get::OP_MCPW_MAP","services::dsh::governance::operations::dsh_subscription_family_get::OP_MCPW_MAP","services/dsh/governance/operations/dsh_subscription_family_get/OP_MCPW_MAP.csv","SERVICE","operation-dossier:dsh_subscription_family_get","services/dsh/governance/operations/dsh_subscription_family_get/OP_MCPW_MAP.csv","observed"
"dsh-census-1208","dsh","operation_rbac_abac","dsh_subscription_family_get::OP_RBAC_ABAC","services::dsh::governance::operations::dsh_subscription_family_get::OP_RBAC_ABAC","services/dsh/governance/operations/dsh_subscription_family_get/OP_RBAC_ABAC.csv","SERVICE","operation-dossier:dsh_subscription_family_get","services/dsh/governance/operations/dsh_subscription_family_get/OP_RBAC_ABAC.csv","observed"
"dsh-census-1209","dsh","operation_runtime_vars","dsh_subscription_family_get::OP_RUNTIME_VARS","services::dsh::governance::operations::dsh_subscription_family_get::OP_RUNTIME_VARS","services/dsh/governance/operations/dsh_subscription_family_get/OP_RUNTIME_VARS.csv","SERVICE","operation-dossier:dsh_subscription_family_get","services/dsh/governance/operations/dsh_subscription_family_get/OP_RUNTIME_VARS.csv","observed"
"dsh-census-1210","dsh","operation_screens_map","dsh_subscription_family_get::OP_SCREENS_MAP","services::dsh::governance::operations::dsh_subscription_family_get::OP_SCREENS_MAP","services/dsh/governance/operations/dsh_subscription_family_get/OP_SCREENS_MAP.csv","SERVICE","operation-dossier:dsh_subscription_family_get","services/dsh/governance/operations/dsh_subscription_family_get/OP_SCREENS_MAP.csv","observed"
"dsh-census-1211","dsh","operation_spec","dsh_subscription_family_get::OP_SPEC","services::dsh::governance::operations::dsh_subscription_family_get::OP_SPEC","services/dsh/governance/operations/dsh_subscription_family_get/OP_SPEC.yaml","SERVICE","operation-dossier:dsh_subscription_family_get","services/dsh/governance/operations/dsh_subscription_family_get/OP_SPEC.yaml","observed"
"dsh-census-1212","dsh","operation_acceptance","dsh_subscription_family_members_get::OP_ACCEPTANCE","services::dsh::governance::operations::dsh_subscription_family_members_get::OP_ACCEPTANCE","services/dsh/governance/operations/dsh_subscription_family_members_get/OP_ACCEPTANCE.md","SERVICE","operation-dossier:dsh_subscription_family_members_get","services/dsh/governance/operations/dsh_subscription_family_members_get/OP_ACCEPTANCE.md","observed"
"dsh-census-1213","dsh","operation_actions_catalog","dsh_subscription_family_members_get::OP_ACTIONS_CATALOG","services::dsh::governance::operations::dsh_subscription_family_members_get::OP_ACTIONS_CATALOG","services/dsh/governance/operations/dsh_subscription_family_members_get/OP_ACTIONS_CATALOG.csv","SERVICE","operation-dossier:dsh_subscription_family_members_get","services/dsh/governance/operations/dsh_subscription_family_members_get/OP_ACTIONS_CATALOG.csv","observed"
"dsh-census-1214","dsh","operation_api_map","dsh_subscription_family_members_get::OP_API_MAP","services::dsh::governance::operations::dsh_subscription_family_members_get::OP_API_MAP","services/dsh/governance/operations/dsh_subscription_family_members_get/OP_API_MAP.csv","SERVICE","operation-dossier:dsh_subscription_family_members_get","services/dsh/governance/operations/dsh_subscription_family_members_get/OP_API_MAP.csv","observed"
"dsh-census-1215","dsh","operation_evidence_index","dsh_subscription_family_members_get::OP_EVIDENCE_INDEX","services::dsh::governance::operations::dsh_subscription_family_members_get::OP_EVIDENCE_INDEX","services/dsh/governance/operations/dsh_subscription_family_members_get/OP_EVIDENCE_INDEX.json","SERVICE","operation-dossier:dsh_subscription_family_members_get","services/dsh/governance/operations/dsh_subscription_family_members_get/OP_EVIDENCE_INDEX.json","observed"
"dsh-census-1216","dsh","operation_gaps","dsh_subscription_family_members_get::OP_GAPS","services::dsh::governance::operations::dsh_subscription_family_members_get::OP_GAPS","services/dsh/governance/operations/dsh_subscription_family_members_get/OP_GAPS.md","SERVICE","operation-dossier:dsh_subscription_family_members_get","services/dsh/governance/operations/dsh_subscription_family_members_get/OP_GAPS.md","observed"
"dsh-census-1217","dsh","operation_mcpw_map","dsh_subscription_family_members_get::OP_MCPW_MAP","services::dsh::governance::operations::dsh_subscription_family_members_get::OP_MCPW_MAP","services/dsh/governance/operations/dsh_subscription_family_members_get/OP_MCPW_MAP.csv","SERVICE","operation-dossier:dsh_subscription_family_members_get","services/dsh/governance/operations/dsh_subscription_family_members_get/OP_MCPW_MAP.csv","observed"
"dsh-census-1218","dsh","operation_rbac_abac","dsh_subscription_family_members_get::OP_RBAC_ABAC","services::dsh::governance::operations::dsh_subscription_family_members_get::OP_RBAC_ABAC","services/dsh/governance/operations/dsh_subscription_family_members_get/OP_RBAC_ABAC.csv","SERVICE","operation-dossier:dsh_subscription_family_members_get","services/dsh/governance/operations/dsh_subscription_family_members_get/OP_RBAC_ABAC.csv","observed"
"dsh-census-1219","dsh","operation_runtime_vars","dsh_subscription_family_members_get::OP_RUNTIME_VARS","services::dsh::governance::operations::dsh_subscription_family_members_get::OP_RUNTIME_VARS","services/dsh/governance/operations/dsh_subscription_family_members_get/OP_RUNTIME_VARS.csv","SERVICE","operation-dossier:dsh_subscription_family_members_get","services/dsh/governance/operations/dsh_subscription_family_members_get/OP_RUNTIME_VARS.csv","observed"
"dsh-census-1220","dsh","operation_screens_map","dsh_subscription_family_members_get::OP_SCREENS_MAP","services::dsh::governance::operations::dsh_subscription_family_members_get::OP_SCREENS_MAP","services/dsh/governance/operations/dsh_subscription_family_members_get/OP_SCREENS_MAP.csv","SERVICE","operation-dossier:dsh_subscription_family_members_get","services/dsh/governance/operations/dsh_subscription_family_members_get/OP_SCREENS_MAP.csv","observed"
"dsh-census-1221","dsh","operation_spec","dsh_subscription_family_members_get::OP_SPEC","services::dsh::governance::operations::dsh_subscription_family_members_get::OP_SPEC","services/dsh/governance/operations/dsh_subscription_family_members_get/OP_SPEC.yaml","SERVICE","operation-dossier:dsh_subscription_family_members_get","services/dsh/governance/operations/dsh_subscription_family_members_get/OP_SPEC.yaml","observed"
"dsh-census-1222","dsh","operation_acceptance","dsh_subscription_family_members_post::OP_ACCEPTANCE","services::dsh::governance::operations::dsh_subscription_family_members_post::OP_ACCEPTANCE","services/dsh/governance/operations/dsh_subscription_family_members_post/OP_ACCEPTANCE.md","SERVICE","operation-dossier:dsh_subscription_family_members_post","services/dsh/governance/operations/dsh_subscription_family_members_post/OP_ACCEPTANCE.md","observed"
"dsh-census-1223","dsh","operation_actions_catalog","dsh_subscription_family_members_post::OP_ACTIONS_CATALOG","services::dsh::governance::operations::dsh_subscription_family_members_post::OP_ACTIONS_CATALOG","services/dsh/governance/operations/dsh_subscription_family_members_post/OP_ACTIONS_CATALOG.csv","SERVICE","operation-dossier:dsh_subscription_family_members_post","services/dsh/governance/operations/dsh_subscription_family_members_post/OP_ACTIONS_CATALOG.csv","observed"
"dsh-census-1224","dsh","operation_api_map","dsh_subscription_family_members_post::OP_API_MAP","services::dsh::governance::operations::dsh_subscription_family_members_post::OP_API_MAP","services/dsh/governance/operations/dsh_subscription_family_members_post/OP_API_MAP.csv","SERVICE","operation-dossier:dsh_subscription_family_members_post","services/dsh/governance/operations/dsh_subscription_family_members_post/OP_API_MAP.csv","observed"
"dsh-census-1225","dsh","operation_evidence_index","dsh_subscription_family_members_post::OP_EVIDENCE_INDEX","services::dsh::governance::operations::dsh_subscription_family_members_post::OP_EVIDENCE_INDEX","services/dsh/governance/operations/dsh_subscription_family_members_post/OP_EVIDENCE_INDEX.json","SERVICE","operation-dossier:dsh_subscription_family_members_post","services/dsh/governance/operations/dsh_subscription_family_members_post/OP_EVIDENCE_INDEX.json","observed"
"dsh-census-1226","dsh","operation_gaps","dsh_subscription_family_members_post::OP_GAPS","services::dsh::governance::operations::dsh_subscription_family_members_post::OP_GAPS","services/dsh/governance/operations/dsh_subscription_family_members_post/OP_GAPS.md","SERVICE","operation-dossier:dsh_subscription_family_members_post","services/dsh/governance/operations/dsh_subscription_family_members_post/OP_GAPS.md","observed"
"dsh-census-1227","dsh","operation_mcpw_map","dsh_subscription_family_members_post::OP_MCPW_MAP","services::dsh::governance::operations::dsh_subscription_family_members_post::OP_MCPW_MAP","services/dsh/governance/operations/dsh_subscription_family_members_post/OP_MCPW_MAP.csv","SERVICE","operation-dossier:dsh_subscription_family_members_post","services/dsh/governance/operations/dsh_subscription_family_members_post/OP_MCPW_MAP.csv","observed"
"dsh-census-1228","dsh","operation_rbac_abac","dsh_subscription_family_members_post::OP_RBAC_ABAC","services::dsh::governance::operations::dsh_subscription_family_members_post::OP_RBAC_ABAC","services/dsh/governance/operations/dsh_subscription_family_members_post/OP_RBAC_ABAC.csv","SERVICE","operation-dossier:dsh_subscription_family_members_post","services/dsh/governance/operations/dsh_subscription_family_members_post/OP_RBAC_ABAC.csv","observed"
"dsh-census-1229","dsh","operation_runtime_vars","dsh_subscription_family_members_post::OP_RUNTIME_VARS","services::dsh::governance::operations::dsh_subscription_family_members_post::OP_RUNTIME_VARS","services/dsh/governance/operations/dsh_subscription_family_members_post/OP_RUNTIME_VARS.csv","SERVICE","operation-dossier:dsh_subscription_family_members_post","services/dsh/governance/operations/dsh_subscription_family_members_post/OP_RUNTIME_VARS.csv","observed"
"dsh-census-1230","dsh","operation_screens_map","dsh_subscription_family_members_post::OP_SCREENS_MAP","services::dsh::governance::operations::dsh_subscription_family_members_post::OP_SCREENS_MAP","services/dsh/governance/operations/dsh_subscription_family_members_post/OP_SCREENS_MAP.csv","SERVICE","operation-dossier:dsh_subscription_family_members_post","services/dsh/governance/operations/dsh_subscription_family_members_post/OP_SCREENS_MAP.csv","observed"
"dsh-census-1231","dsh","operation_spec","dsh_subscription_family_members_post::OP_SPEC","services::dsh::governance::operations::dsh_subscription_family_members_post::OP_SPEC","services/dsh/governance/operations/dsh_subscription_family_members_post/OP_SPEC.yaml","SERVICE","operation-dossier:dsh_subscription_family_members_post","services/dsh/governance/operations/dsh_subscription_family_members_post/OP_SPEC.yaml","observed"
"dsh-census-1232","dsh","operation_acceptance","dsh_subscription_sync::OP_ACCEPTANCE","services::dsh::governance::operations::dsh_subscription_sync::OP_ACCEPTANCE","services/dsh/governance/operations/dsh_subscription_sync/OP_ACCEPTANCE.md","SERVICE","operation-dossier:dsh_subscription_sync","services/dsh/governance/operations/dsh_subscription_sync/OP_ACCEPTANCE.md","observed"
"dsh-census-1233","dsh","operation_actions_catalog","dsh_subscription_sync::OP_ACTIONS_CATALOG","services::dsh::governance::operations::dsh_subscription_sync::OP_ACTIONS_CATALOG","services/dsh/governance/operations/dsh_subscription_sync/OP_ACTIONS_CATALOG.csv","SERVICE","operation-dossier:dsh_subscription_sync","services/dsh/governance/operations/dsh_subscription_sync/OP_ACTIONS_CATALOG.csv","observed"
"dsh-census-1234","dsh","operation_api_map","dsh_subscription_sync::OP_API_MAP","services::dsh::governance::operations::dsh_subscription_sync::OP_API_MAP","services/dsh/governance/operations/dsh_subscription_sync/OP_API_MAP.csv","SERVICE","operation-dossier:dsh_subscription_sync","services/dsh/governance/operations/dsh_subscription_sync/OP_API_MAP.csv","observed"
"dsh-census-1235","dsh","operation_evidence_index","dsh_subscription_sync::OP_EVIDENCE_INDEX","services::dsh::governance::operations::dsh_subscription_sync::OP_EVIDENCE_INDEX","services/dsh/governance/operations/dsh_subscription_sync/OP_EVIDENCE_INDEX.json","SERVICE","operation-dossier:dsh_subscription_sync","services/dsh/governance/operations/dsh_subscription_sync/OP_EVIDENCE_INDEX.json","observed"
"dsh-census-1236","dsh","operation_gaps","dsh_subscription_sync::OP_GAPS","services::dsh::governance::operations::dsh_subscription_sync::OP_GAPS","services/dsh/governance/operations/dsh_subscription_sync/OP_GAPS.md","SERVICE","operation-dossier:dsh_subscription_sync","services/dsh/governance/operations/dsh_subscription_sync/OP_GAPS.md","observed"
"dsh-census-1237","dsh","operation_mcpw_map","dsh_subscription_sync::OP_MCPW_MAP","services::dsh::governance::operations::dsh_subscription_sync::OP_MCPW_MAP","services/dsh/governance/operations/dsh_subscription_sync/OP_MCPW_MAP.csv","SERVICE","operation-dossier:dsh_subscription_sync","services/dsh/governance/operations/dsh_subscription_sync/OP_MCPW_MAP.csv","observed"
"dsh-census-1238","dsh","operation_rbac_abac","dsh_subscription_sync::OP_RBAC_ABAC","services::dsh::governance::operations::dsh_subscription_sync::OP_RBAC_ABAC","services/dsh/governance/operations/dsh_subscription_sync/OP_RBAC_ABAC.csv","SERVICE","operation-dossier:dsh_subscription_sync","services/dsh/governance/operations/dsh_subscription_sync/OP_RBAC_ABAC.csv","observed"
"dsh-census-1239","dsh","operation_runtime_vars","dsh_subscription_sync::OP_RUNTIME_VARS","services::dsh::governance::operations::dsh_subscription_sync::OP_RUNTIME_VARS","services/dsh/governance/operations/dsh_subscription_sync/OP_RUNTIME_VARS.csv","SERVICE","operation-dossier:dsh_subscription_sync","services/dsh/governance/operations/dsh_subscription_sync/OP_RUNTIME_VARS.csv","observed"
"dsh-census-1240","dsh","operation_screens_map","dsh_subscription_sync::OP_SCREENS_MAP","services::dsh::governance::operations::dsh_subscription_sync::OP_SCREENS_MAP","services/dsh/governance/operations/dsh_subscription_sync/OP_SCREENS_MAP.csv","SERVICE","operation-dossier:dsh_subscription_sync","services/dsh/governance/operations/dsh_subscription_sync/OP_SCREENS_MAP.csv","observed"
"dsh-census-1241","dsh","operation_spec","dsh_subscription_sync::OP_SPEC","services::dsh::governance::operations::dsh_subscription_sync::OP_SPEC","services/dsh/governance/operations/dsh_subscription_sync/OP_SPEC.yaml","SERVICE","operation-dossier:dsh_subscription_sync","services/dsh/governance/operations/dsh_subscription_sync/OP_SPEC.yaml","observed"
"dsh-census-1242","dsh","operation_acceptance","dsh_subscription_tier_get::OP_ACCEPTANCE","services::dsh::governance::operations::dsh_subscription_tier_get::OP_ACCEPTANCE","services/dsh/governance/operations/dsh_subscription_tier_get/OP_ACCEPTANCE.md","SERVICE","operation-dossier:dsh_subscription_tier_get","services/dsh/governance/operations/dsh_subscription_tier_get/OP_ACCEPTANCE.md","observed"
"dsh-census-1243","dsh","operation_actions_catalog","dsh_subscription_tier_get::OP_ACTIONS_CATALOG","services::dsh::governance::operations::dsh_subscription_tier_get::OP_ACTIONS_CATALOG","services/dsh/governance/operations/dsh_subscription_tier_get/OP_ACTIONS_CATALOG.csv","SERVICE","operation-dossier:dsh_subscription_tier_get","services/dsh/governance/operations/dsh_subscription_tier_get/OP_ACTIONS_CATALOG.csv","observed"
"dsh-census-1244","dsh","operation_api_map","dsh_subscription_tier_get::OP_API_MAP","services::dsh::governance::operations::dsh_subscription_tier_get::OP_API_MAP","services/dsh/governance/operations/dsh_subscription_tier_get/OP_API_MAP.csv","SERVICE","operation-dossier:dsh_subscription_tier_get","services/dsh/governance/operations/dsh_subscription_tier_get/OP_API_MAP.csv","observed"
"dsh-census-1245","dsh","operation_evidence_index","dsh_subscription_tier_get::OP_EVIDENCE_INDEX","services::dsh::governance::operations::dsh_subscription_tier_get::OP_EVIDENCE_INDEX","services/dsh/governance/operations/dsh_subscription_tier_get/OP_EVIDENCE_INDEX.json","SERVICE","operation-dossier:dsh_subscription_tier_get","services/dsh/governance/operations/dsh_subscription_tier_get/OP_EVIDENCE_INDEX.json","observed"
"dsh-census-1246","dsh","operation_gaps","dsh_subscription_tier_get::OP_GAPS","services::dsh::governance::operations::dsh_subscription_tier_get::OP_GAPS","services/dsh/governance/operations/dsh_subscription_tier_get/OP_GAPS.md","SERVICE","operation-dossier:dsh_subscription_tier_get","services/dsh/governance/operations/dsh_subscription_tier_get/OP_GAPS.md","observed"
"dsh-census-1247","dsh","operation_mcpw_map","dsh_subscription_tier_get::OP_MCPW_MAP","services::dsh::governance::operations::dsh_subscription_tier_get::OP_MCPW_MAP","services/dsh/governance/operations/dsh_subscription_tier_get/OP_MCPW_MAP.csv","SERVICE","operation-dossier:dsh_subscription_tier_get","services/dsh/governance/operations/dsh_subscription_tier_get/OP_MCPW_MAP.csv","observed"
"dsh-census-1248","dsh","operation_rbac_abac","dsh_subscription_tier_get::OP_RBAC_ABAC","services::dsh::governance::operations::dsh_subscription_tier_get::OP_RBAC_ABAC","services/dsh/governance/operations/dsh_subscription_tier_get/OP_RBAC_ABAC.csv","SERVICE","operation-dossier:dsh_subscription_tier_get","services/dsh/governance/operations/dsh_subscription_tier_get/OP_RBAC_ABAC.csv","observed"
"dsh-census-1249","dsh","operation_runtime_vars","dsh_subscription_tier_get::OP_RUNTIME_VARS","services::dsh::governance::operations::dsh_subscription_tier_get::OP_RUNTIME_VARS","services/dsh/governance/operations/dsh_subscription_tier_get/OP_RUNTIME_VARS.csv","SERVICE","operation-dossier:dsh_subscription_tier_get","services/dsh/governance/operations/dsh_subscription_tier_get/OP_RUNTIME_VARS.csv","observed"
"dsh-census-1250","dsh","operation_screens_map","dsh_subscription_tier_get::OP_SCREENS_MAP","services::dsh::governance::operations::dsh_subscription_tier_get::OP_SCREENS_MAP","services/dsh/governance/operations/dsh_subscription_tier_get/OP_SCREENS_MAP.csv","SERVICE","operation-dossier:dsh_subscription_tier_get","services/dsh/governance/operations/dsh_subscription_tier_get/OP_SCREENS_MAP.csv","observed"
"dsh-census-1251","dsh","operation_spec","dsh_subscription_tier_get::OP_SPEC","services::dsh::governance::operations::dsh_subscription_tier_get::OP_SPEC","services/dsh/governance/operations/dsh_subscription_tier_get/OP_SPEC.yaml","SERVICE","operation-dossier:dsh_subscription_tier_get","services/dsh/governance/operations/dsh_subscription_tier_get/OP_SPEC.yaml","observed"
"dsh-census-1252","dsh","operation_acceptance","dsh_subscription_upgrade_post::OP_ACCEPTANCE","services::dsh::governance::operations::dsh_subscription_upgrade_post::OP_ACCEPTANCE","services/dsh/governance/operations/dsh_subscription_upgrade_post/OP_ACCEPTANCE.md","SERVICE","operation-dossier:dsh_subscription_upgrade_post","services/dsh/governance/operations/dsh_subscription_upgrade_post/OP_ACCEPTANCE.md","observed"
"dsh-census-1253","dsh","operation_actions_catalog","dsh_subscription_upgrade_post::OP_ACTIONS_CATALOG","services::dsh::governance::operations::dsh_subscription_upgrade_post::OP_ACTIONS_CATALOG","services/dsh/governance/operations/dsh_subscription_upgrade_post/OP_ACTIONS_CATALOG.csv","SERVICE","operation-dossier:dsh_subscription_upgrade_post","services/dsh/governance/operations/dsh_subscription_upgrade_post/OP_ACTIONS_CATALOG.csv","observed"
"dsh-census-1254","dsh","operation_api_map","dsh_subscription_upgrade_post::OP_API_MAP","services::dsh::governance::operations::dsh_subscription_upgrade_post::OP_API_MAP","services/dsh/governance/operations/dsh_subscription_upgrade_post/OP_API_MAP.csv","SERVICE","operation-dossier:dsh_subscription_upgrade_post","services/dsh/governance/operations/dsh_subscription_upgrade_post/OP_API_MAP.csv","observed"
"dsh-census-1255","dsh","operation_evidence_index","dsh_subscription_upgrade_post::OP_EVIDENCE_INDEX","services::dsh::governance::operations::dsh_subscription_upgrade_post::OP_EVIDENCE_INDEX","services/dsh/governance/operations/dsh_subscription_upgrade_post/OP_EVIDENCE_INDEX.json","SERVICE","operation-dossier:dsh_subscription_upgrade_post","services/dsh/governance/operations/dsh_subscription_upgrade_post/OP_EVIDENCE_INDEX.json","observed"
"dsh-census-1256","dsh","operation_gaps","dsh_subscription_upgrade_post::OP_GAPS","services::dsh::governance::operations::dsh_subscription_upgrade_post::OP_GAPS","services/dsh/governance/operations/dsh_subscription_upgrade_post/OP_GAPS.md","SERVICE","operation-dossier:dsh_subscription_upgrade_post","services/dsh/governance/operations/dsh_subscription_upgrade_post/OP_GAPS.md","observed"
"dsh-census-1257","dsh","operation_mcpw_map","dsh_subscription_upgrade_post::OP_MCPW_MAP","services::dsh::governance::operations::dsh_subscription_upgrade_post::OP_MCPW_MAP","services/dsh/governance/operations/dsh_subscription_upgrade_post/OP_MCPW_MAP.csv","SERVICE","operation-dossier:dsh_subscription_upgrade_post","services/dsh/governance/operations/dsh_subscription_upgrade_post/OP_MCPW_MAP.csv","observed"
"dsh-census-1258","dsh","operation_rbac_abac","dsh_subscription_upgrade_post::OP_RBAC_ABAC","services::dsh::governance::operations::dsh_subscription_upgrade_post::OP_RBAC_ABAC","services/dsh/governance/operations/dsh_subscription_upgrade_post/OP_RBAC_ABAC.csv","SERVICE","operation-dossier:dsh_subscription_upgrade_post","services/dsh/governance/operations/dsh_subscription_upgrade_post/OP_RBAC_ABAC.csv","observed"
"dsh-census-1259","dsh","operation_runtime_vars","dsh_subscription_upgrade_post::OP_RUNTIME_VARS","services::dsh::governance::operations::dsh_subscription_upgrade_post::OP_RUNTIME_VARS","services/dsh/governance/operations/dsh_subscription_upgrade_post/OP_RUNTIME_VARS.csv","SERVICE","operation-dossier:dsh_subscription_upgrade_post","services/dsh/governance/operations/dsh_subscription_upgrade_post/OP_RUNTIME_VARS.csv","observed"
"dsh-census-1260","dsh","operation_screens_map","dsh_subscription_upgrade_post::OP_SCREENS_MAP","services::dsh::governance::operations::dsh_subscription_upgrade_post::OP_SCREENS_MAP","services/dsh/governance/operations/dsh_subscription_upgrade_post/OP_SCREENS_MAP.csv","SERVICE","operation-dossier:dsh_subscription_upgrade_post","services/dsh/governance/operations/dsh_subscription_upgrade_post/OP_SCREENS_MAP.csv","observed"
"dsh-census-1261","dsh","operation_spec","dsh_subscription_upgrade_post::OP_SPEC","services::dsh::governance::operations::dsh_subscription_upgrade_post::OP_SPEC","services/dsh/governance/operations/dsh_subscription_upgrade_post/OP_SPEC.yaml","SERVICE","operation-dossier:dsh_subscription_upgrade_post","services/dsh/governance/operations/dsh_subscription_upgrade_post/OP_SPEC.yaml","observed"
"dsh-census-1262","dsh","operation_acceptance","dsh_zone_set::OP_ACCEPTANCE","services::dsh::governance::operations::dsh_zone_set::OP_ACCEPTANCE","services/dsh/governance/operations/dsh_zone_set/OP_ACCEPTANCE.md","SERVICE","operation-dossier:dsh_zone_set","services/dsh/governance/operations/dsh_zone_set/OP_ACCEPTANCE.md","observed"
"dsh-census-1263","dsh","operation_actions_catalog","dsh_zone_set::OP_ACTIONS_CATALOG","services::dsh::governance::operations::dsh_zone_set::OP_ACTIONS_CATALOG","services/dsh/governance/operations/dsh_zone_set/OP_ACTIONS_CATALOG.csv","SERVICE","operation-dossier:dsh_zone_set","services/dsh/governance/operations/dsh_zone_set/OP_ACTIONS_CATALOG.csv","observed"
"dsh-census-1264","dsh","operation_api_map","dsh_zone_set::OP_API_MAP","services::dsh::governance::operations::dsh_zone_set::OP_API_MAP","services/dsh/governance/operations/dsh_zone_set/OP_API_MAP.csv","SERVICE","operation-dossier:dsh_zone_set","services/dsh/governance/operations/dsh_zone_set/OP_API_MAP.csv","observed"
"dsh-census-1265","dsh","operation_evidence_index","dsh_zone_set::OP_EVIDENCE_INDEX","services::dsh::governance::operations::dsh_zone_set::OP_EVIDENCE_INDEX","services/dsh/governance/operations/dsh_zone_set/OP_EVIDENCE_INDEX.json","SERVICE","operation-dossier:dsh_zone_set","services/dsh/governance/operations/dsh_zone_set/OP_EVIDENCE_INDEX.json","observed"
"dsh-census-1266","dsh","operation_gaps","dsh_zone_set::OP_GAPS","services::dsh::governance::operations::dsh_zone_set::OP_GAPS","services/dsh/governance/operations/dsh_zone_set/OP_GAPS.md","SERVICE","operation-dossier:dsh_zone_set","services/dsh/governance/operations/dsh_zone_set/OP_GAPS.md","observed"
"dsh-census-1267","dsh","operation_mcpw_map","dsh_zone_set::OP_MCPW_MAP","services::dsh::governance::operations::dsh_zone_set::OP_MCPW_MAP","services/dsh/governance/operations/dsh_zone_set/OP_MCPW_MAP.csv","SERVICE","operation-dossier:dsh_zone_set","services/dsh/governance/operations/dsh_zone_set/OP_MCPW_MAP.csv","observed"
"dsh-census-1268","dsh","operation_rbac_abac","dsh_zone_set::OP_RBAC_ABAC","services::dsh::governance::operations::dsh_zone_set::OP_RBAC_ABAC","services/dsh/governance/operations/dsh_zone_set/OP_RBAC_ABAC.csv","SERVICE","operation-dossier:dsh_zone_set","services/dsh/governance/operations/dsh_zone_set/OP_RBAC_ABAC.csv","observed"
"dsh-census-1269","dsh","operation_runtime_vars","dsh_zone_set::OP_RUNTIME_VARS","services::dsh::governance::operations::dsh_zone_set::OP_RUNTIME_VARS","services/dsh/governance/operations/dsh_zone_set/OP_RUNTIME_VARS.csv","SERVICE","operation-dossier:dsh_zone_set","services/dsh/governance/operations/dsh_zone_set/OP_RUNTIME_VARS.csv","observed"
"dsh-census-1270","dsh","operation_screens_map","dsh_zone_set::OP_SCREENS_MAP","services::dsh::governance::operations::dsh_zone_set::OP_SCREENS_MAP","services/dsh/governance/operations/dsh_zone_set/OP_SCREENS_MAP.csv","SERVICE","operation-dossier:dsh_zone_set","services/dsh/governance/operations/dsh_zone_set/OP_SCREENS_MAP.csv","observed"
"dsh-census-1271","dsh","operation_spec","dsh_zone_set::OP_SPEC","services::dsh::governance::operations::dsh_zone_set::OP_SPEC","services/dsh/governance/operations/dsh_zone_set/OP_SPEC.yaml","SERVICE","operation-dossier:dsh_zone_set","services/dsh/governance/operations/dsh_zone_set/OP_SPEC.yaml","observed"
"dsh-census-1272","dsh","governance_script","scaffold-92-ops.cjs","services::dsh::governance::scripts::scaffold-92-ops","services/dsh/governance/scripts/scaffold-92-ops.cjs","SERVICE","","services/dsh/governance/scripts/scaffold-92-ops.cjs","observed"
"dsh-census-1273","dsh","governance_shadow_doc","DSH_COVERAGE_MATRIX.csv","services::dsh::governance::service-level::DSH_COVERAGE_MATRIX","services/dsh/governance/service-level/DSH_COVERAGE_MATRIX.csv","SERVICE","","services/dsh/governance/service-level/DSH_COVERAGE_MATRIX.csv","observed_shadow"
"dsh-census-1274","dsh","governance_shadow_doc","DSH_MCPW_SECTION_MAP.csv","services::dsh::governance::service-level::DSH_MCPW_SECTION_MAP","services/dsh/governance/service-level/DSH_MCPW_SECTION_MAP.csv","SERVICE","","services/dsh/governance/service-level/DSH_MCPW_SECTION_MAP.csv","observed_shadow"
"dsh-census-1275","dsh","governance_shadow_doc","DSH_OPERATION_CATALOG.csv","services::dsh::governance::service-level::DSH_OPERATION_CATALOG","services/dsh/governance/service-level/DSH_OPERATION_CATALOG.csv","SERVICE","","services/dsh/governance/service-level/DSH_OPERATION_CATALOG.csv","observed_shadow"
"dsh-census-1276","dsh","governance_shadow_doc","DSH_RBAC_MATRIX.csv","services::dsh::governance::service-level::DSH_RBAC_MATRIX","services/dsh/governance/service-level/DSH_RBAC_MATRIX.csv","SERVICE","","services/dsh/governance/service-level/DSH_RBAC_MATRIX.csv","observed_shadow"
"dsh-census-1277","dsh","governance_shadow_doc","DSH_RUNTIME_VARS.csv","services::dsh::governance::service-level::DSH_RUNTIME_VARS","services/dsh/governance/service-level/DSH_RUNTIME_VARS.csv","SERVICE","","services/dsh/governance/service-level/DSH_RUNTIME_VARS.csv","observed_shadow"
"dsh-census-1278","dsh","governance_shadow_doc","DSH_SEAL_STATUS.yaml","services::dsh::governance::service-level::DSH_SEAL_STATUS","services/dsh/governance/service-level/DSH_SEAL_STATUS.yaml","SERVICE","","services/dsh/governance/service-level/DSH_SEAL_STATUS.yaml","observed_shadow"
"dsh-census-1279","dsh","governance_shadow_doc","DSH_SERVICE_SCOPE.md","services::dsh::governance::service-level::DSH_SERVICE_SCOPE","services/dsh/governance/service-level/DSH_SERVICE_SCOPE.md","SERVICE","","services/dsh/governance/service-level/DSH_SERVICE_SCOPE.md","observed_shadow"
"dsh-census-1280","dsh","service_config","index.js","services::dsh::index","services/dsh/index.js","SERVICE","","services/dsh/index.js","observed"
"dsh-census-1281","dsh","service_config","jest.config.js","services::dsh::jest.config","services/dsh/jest.config.js","SERVICE","","services/dsh/jest.config.js","observed"
"dsh-census-1282","dsh","service_config","package.json","services::dsh::package","services/dsh/package.json","SERVICE","","services/dsh/package.json","observed"
"dsh-census-1283","dsh","service_config","project.json","services::dsh::project","services/dsh/project.json","SERVICE","","services/dsh/project.json","observed"
"dsh-census-1284","dsh","backend_test","setup.ts","services::dsh::src::__tests__::setup","services/dsh/src/__tests__/setup.ts","SERVICE","","services/dsh/src/__tests__/setup.ts","observed"
"dsh-census-1285","dsh","backend_controller","dsh.controller.ts","services::dsh::src::controllers::dsh.controller","services/dsh/src/controllers/dsh.controller.ts","SERVICE","","services/dsh/src/controllers/dsh.controller.ts","observed"
"dsh-census-1286","dsh","backend_service_source","dsh-shein.service.ts","services::dsh::src::dsh-shein.service","services/dsh/src/dsh-shein.service.ts","SERVICE","","services/dsh/src/dsh-shein.service.ts","observed"
"dsh-census-1287","dsh","backend_service_source","dsh.module.ts","services::dsh::src::dsh.module","services/dsh/src/dsh.module.ts","SERVICE","","services/dsh/src/dsh.module.ts","observed"
"dsh-census-1288","dsh","backend_test","dsh.service.test.ts","services::dsh::src::dsh.service.test","services/dsh/src/dsh.service.test.ts","SERVICE","","services/dsh/src/dsh.service.test.ts","observed"
"dsh-census-1289","dsh","backend_entity","shein-proxy-request.entity.ts","services::dsh::src::entities::shein-proxy-request.entity","services/dsh/src/entities/shein-proxy-request.entity.ts","SERVICE","","services/dsh/src/entities/shein-proxy-request.entity.ts","observed"
"dsh-census-1290","dsh","backend_service_source","index.ts","services::dsh::src::index","services/dsh/src/index.ts","SERVICE","","services/dsh/src/index.ts","observed"
"dsh-census-1291","dsh","service_config","tsconfig.json","services::dsh::tsconfig","services/dsh/tsconfig.json","SERVICE","","services/dsh/tsconfig.json","observed"
"dsh-census-1292","dsh","service_config","tsconfig.spec.json","services::dsh::tsconfig.spec","services/dsh/tsconfig.spec.json","SERVICE","","services/dsh/tsconfig.spec.json","observed"
